/*
SQLyog Enterprise - MySQL GUI v7.15 
MySQL - 5.5.25a : Database - k3lh
*********************************************************************
*/

/*!40101 SET NAMES utf8 */;

/*!40101 SET SQL_MODE=''*/;

/*!40014 SET @OLD_FOREIGN_KEY_CHECKS=@@FOREIGN_KEY_CHECKS, FOREIGN_KEY_CHECKS=0 */;
/*!40101 SET @OLD_SQL_MODE=@@SQL_MODE, SQL_MODE='NO_AUTO_VALUE_ON_ZERO' */;

/*Table structure for table `attachment` */

DROP TABLE IF EXISTS `attachment`;

CREATE TABLE `attachment` (
  `id` int(11) NOT NULL AUTO_INCREMENT,
  `atf_filename` varchar(255) NOT NULL,
  `atf_filesize` int(11) DEFAULT NULL,
  `atf_filetype` varchar(50) NOT NULL,
  `atf_location` varchar(255) NOT NULL,
  `created_by` smallint(5) unsigned NOT NULL,
  `created_at` int(11) NOT NULL,
  `updated_by` smallint(5) unsigned NOT NULL,
  `updated_at` int(11) NOT NULL,
  PRIMARY KEY (`id`)
) ENGINE=InnoDB AUTO_INCREMENT=98 DEFAULT CHARSET=latin1;

/*Data for the table `attachment` */

insert  into `attachment`(`id`,`atf_filename`,`atf_filesize`,`atf_filetype`,`atf_location`,`created_by`,`created_at`,`updated_by`,`updated_at`) values (1,'1485318881_eTicket_GNLREQ.pdf',NULL,'pdf','WORKPLAN',8,1485318881,8,1485318881),(2,'1485318881_eTicket_KEGBAF.pdf',NULL,'pdf','WORKPLAN',8,1485318881,8,1485318881),(3,'1485318881_eTicket_DVWQIV_165908.pdf',NULL,'pdf','WORKPLAN',8,1485318881,8,1485318881),(9,'1486839310_Monitoring_Anggaran_LK2.xlsx',NULL,'xlsx','WORKPLAN',8,1486839310,8,1486839310),(19,'1487435691_Monitoring_Anggaran_LK2.xlsx',NULL,'xlsx','PPU_EMS_SRC',8,1487435691,8,1487435691),(21,'1488016931_Monitoring_Anggaran_LK2.xlsx',NULL,'xlsx','PPU_EMS_SRC',8,1488016931,8,1488016931),(28,'1488831200_160328125755Form_SA-Izin_Lingkungan_2016_15-01-26.xls',NULL,'xls','PPU_EMS_SRC',8,1488831200,8,1488831200),(34,'1488991628_160328125755Form_SA-Izin_Lingkungan_2016_15-01-26.xls',NULL,'xls','PPU_TECH_PROV',8,1488991628,8,1488991628),(35,'1488991704_160328125755Form_SA-Izin_Lingkungan_2016_15-01-26.xls',NULL,'xls','PPU_TECH_PROV',8,1488991704,8,1488991704),(40,'1488992001_160328125755Form_SA-Izin_Lingkungan_2016_15-01-26.xls',NULL,'xls','PPU_TECH_PROV',8,1488992001,8,1488992001),(56,'1493058301_PROSENTASE_NERACA_LB3.xls',NULL,'xls','PPA_SETUP_CERT_NUM',8,1493058302,8,1493058302),(77,'1493203461_Attachment1.xls',NULL,'xls','ENV_PERM_DSTRCT',8,1493203462,8,1493203462),(78,'1493203462_Attachment2.xls',NULL,'xls','ENV_PERM_PRVNCE',8,1493203463,8,1493203463),(79,'1493203463_Attachment3.xls',NULL,'xls','ENV_PERM_MNSTRY',8,1493203464,8,1493203464),(80,'1493203499_Attachment2.xls',NULL,'xls','ENV_PERM_DSTRCT',8,1493203500,8,1493203500),(81,'1493203500_Attachment3.xls',NULL,'xls','ENV_PERM_PRVNCE',8,1493203501,8,1493203501),(82,'1493203501_Attachment4.xls',NULL,'xls','ENV_PERM_MNSTRY',8,1493203502,8,1493203502),(83,'1493203531_Attachment3.xls',NULL,'xls','ENV_PERM_DSTRCT',8,1493203532,8,1493203532),(84,'1493203533_Attachment4.xls',NULL,'xls','ENV_PERM_PRVNCE',8,1493203534,8,1493203534),(85,'1493203534_Attachment5.xls',NULL,'xls','ENV_PERM_MNSTRY',8,1493203535,8,1493203535),(86,'1493203567_Attachment4.xls',NULL,'xls','ENV_PERM_DSTRCT',8,1493203568,8,1493203568),(87,'1493203568_Attachment5.xls',NULL,'xls','ENV_PERM_PRVNCE',8,1493203569,8,1493203569),(88,'1493203569_Attachment1.xls',NULL,'xls','ENV_PERM_MNSTRY',8,1493203570,8,1493203570),(89,'1493203597_Attachment5.xls',NULL,'xls','ENV_PERM_DSTRCT',8,1493203598,8,1493203598),(90,'1493203598_Attachment1.xls',NULL,'xls','ENV_PERM_PRVNCE',8,1493203599,8,1493203599),(91,'1493203599_Attachment2.xls',NULL,'xls','ENV_PERM_MNSTRY',8,1493203600,8,1493203600),(92,'1493203627_Attachment1.xls',NULL,'xls','ENV_PERM_DTL',8,1493203628,8,1493203628),(93,'1493203652_Attachment2.xls',NULL,'xls','ENV_PERM_DTL',8,1493203653,8,1493203653),(94,'1493203675_Attachment3.xls',NULL,'xls','ENV_PERM_DTL',8,1493203676,8,1493203676),(95,'1493203904_Attachment1.xls',NULL,'xls','SKKO_DOCUMENT',8,1493203905,8,1493203905),(96,'1493203905_Attachment2.xls',NULL,'xls','SKKO_DOCUMENT',8,1493203906,8,1493203906),(97,'1493203907_Attachment3.xls',NULL,'xls','SKKO_DOCUMENT',8,1493203908,8,1493203908);

/*Table structure for table `attachment_owner` */

DROP TABLE IF EXISTS `attachment_owner`;

CREATE TABLE `attachment_owner` (
  `id` int(11) NOT NULL AUTO_INCREMENT,
  `attachment_id` int(11) NOT NULL,
  `atfo_module_code` varchar(50) NOT NULL,
  `atfo_module_pk` int(11) NOT NULL,
  `created_by` smallint(5) unsigned NOT NULL,
  `created_at` int(11) NOT NULL,
  `updated_by` smallint(5) unsigned NOT NULL,
  `updated_at` int(11) NOT NULL,
  PRIMARY KEY (`id`),
  KEY `FK_attachment_owner_attachment` (`attachment_id`),
  CONSTRAINT `FK_attachment_owner_attachment` FOREIGN KEY (`attachment_id`) REFERENCES `attachment` (`id`) ON DELETE CASCADE ON UPDATE CASCADE
) ENGINE=InnoDB AUTO_INCREMENT=99 DEFAULT CHARSET=latin1;

/*Data for the table `attachment_owner` */

insert  into `attachment_owner`(`id`,`attachment_id`,`atfo_module_code`,`atfo_module_pk`,`created_by`,`created_at`,`updated_by`,`updated_at`) values (7,1,'WORKPLAN',1,8,1485318881,8,1485318881),(8,2,'WORKPLAN',2,8,1485318881,8,1485318881),(9,3,'WORKPLAN',6,8,1485318881,8,1485318881),(15,9,'WORKPLAN',7,8,1486839310,8,1486839310),(21,19,'PPU_EMS_SRC',1,8,1487435691,8,1487435691),(23,21,'PPU_EMS_SRC',2,8,1488016931,8,1488016931),(30,28,'PPU_EMS_SRC',5,8,1488831200,8,1488831200),(36,34,'PPU_TECH_PROV',56,8,1488991628,8,1488991628),(37,35,'PPU_TECH_PROV',55,8,1488991704,8,1488991704),(42,40,'PPU_TECH_PROV',57,8,1488992001,8,1488992001),(57,56,'PPA_SETUP_CERT_NUM',1,8,1493058302,8,1493058302),(78,77,'ENV_PERM_DSTRCT',4,8,1493203462,8,1493203462),(79,78,'ENV_PERM_PRVNCE',4,8,1493203463,8,1493203463),(80,79,'ENV_PERM_MNSTRY',4,8,1493203464,8,1493203464),(81,80,'ENV_PERM_DSTRCT',5,8,1493203500,8,1493203500),(82,81,'ENV_PERM_PRVNCE',5,8,1493203501,8,1493203501),(83,82,'ENV_PERM_MNSTRY',5,8,1493203502,8,1493203502),(84,83,'ENV_PERM_DSTRCT',6,8,1493203532,8,1493203532),(85,84,'ENV_PERM_PRVNCE',6,8,1493203534,8,1493203534),(86,85,'ENV_PERM_MNSTRY',6,8,1493203535,8,1493203535),(87,86,'ENV_PERM_DSTRCT',7,8,1493203568,8,1493203568),(88,87,'ENV_PERM_PRVNCE',7,8,1493203569,8,1493203569),(89,88,'ENV_PERM_MNSTRY',7,8,1493203570,8,1493203570),(90,89,'ENV_PERM_DSTRCT',8,8,1493203598,8,1493203598),(91,90,'ENV_PERM_PRVNCE',8,8,1493203599,8,1493203599),(92,91,'ENV_PERM_MNSTRY',8,8,1493203600,8,1493203600),(93,92,'ENV_PERM_DTL',16,8,1493203628,8,1493203628),(94,93,'ENV_PERM_DTL',17,8,1493203653,8,1493203653),(95,94,'ENV_PERM_DTL',18,8,1493203676,8,1493203676),(96,95,'SKKO_DOCUMENT',2,8,1493203905,8,1493203905),(97,96,'SKKO_DOCUMENT',3,8,1493203906,8,1493203906),(98,97,'SKKO_DOCUMENT',4,8,1493203908,8,1493203908);

/*Table structure for table `auth_assignment` */

DROP TABLE IF EXISTS `auth_assignment`;

CREATE TABLE `auth_assignment` (
  `item_name` varchar(64) COLLATE utf8_unicode_ci NOT NULL,
  `user_id` varchar(64) COLLATE utf8_unicode_ci NOT NULL,
  `created_at` int(11) DEFAULT NULL,
  PRIMARY KEY (`item_name`,`user_id`),
  CONSTRAINT `auth_assignment_ibfk_1` FOREIGN KEY (`item_name`) REFERENCES `auth_item` (`name`) ON DELETE CASCADE ON UPDATE CASCADE
) ENGINE=InnoDB DEFAULT CHARSET=utf8 COLLATE=utf8_unicode_ci;

/*Data for the table `auth_assignment` */

insert  into `auth_assignment`(`item_name`,`user_id`,`created_at`) values ('Administrator','8',NULL),('Operator','12',NULL);

/*Table structure for table `auth_item` */

DROP TABLE IF EXISTS `auth_item`;

CREATE TABLE `auth_item` (
  `name` varchar(64) COLLATE utf8_unicode_ci NOT NULL,
  `type` int(11) NOT NULL,
  `description` text COLLATE utf8_unicode_ci,
  `rule_name` varchar(64) COLLATE utf8_unicode_ci DEFAULT NULL,
  `data` text COLLATE utf8_unicode_ci,
  `created_at` int(11) DEFAULT NULL,
  `updated_at` int(11) DEFAULT NULL,
  PRIMARY KEY (`name`),
  KEY `rule_name` (`rule_name`),
  KEY `idx-auth_item-type` (`type`),
  CONSTRAINT `auth_item_ibfk_1` FOREIGN KEY (`rule_name`) REFERENCES `auth_rule` (`name`) ON DELETE SET NULL ON UPDATE CASCADE
) ENGINE=InnoDB DEFAULT CHARSET=utf8 COLLATE=utf8_unicode_ci;

/*Data for the table `auth_item` */

insert  into `auth_item`(`name`,`type`,`description`,`rule_name`,`data`,`created_at`,`updated_at`) values ('Administrator',4,'Level akses admin',NULL,NULL,NULL,NULL),('beyond-obedience-create',1,NULL,NULL,NULL,NULL,NULL),('beyond-obedience-delete',1,NULL,NULL,NULL,NULL,NULL),('beyond-obedience-index',1,NULL,NULL,NULL,NULL,NULL),('beyond-obedience-update',1,NULL,NULL,NULL,NULL,NULL),('beyond-obedience-view',1,NULL,NULL,NULL,NULL,NULL),('bo-assessment-aspect-create',1,NULL,NULL,NULL,NULL,NULL),('bo-assessment-aspect-delete',1,NULL,NULL,NULL,NULL,NULL),('bo-assessment-aspect-index',1,NULL,NULL,NULL,NULL,NULL),('bo-assessment-aspect-update',1,NULL,NULL,NULL,NULL,NULL),('bo-assessment-aspect-view',1,NULL,NULL,NULL,NULL,NULL),('boas-criteria-ajax-delete',1,NULL,NULL,NULL,NULL,NULL),('budget-monitoring-create',1,NULL,NULL,NULL,NULL,NULL),('budget-monitoring-delete',1,NULL,NULL,NULL,NULL,NULL),('budget-monitoring-detail-ajax-delete',1,NULL,NULL,NULL,NULL,NULL),('budget-monitoring-index',1,NULL,NULL,NULL,NULL,NULL),('budget-monitoring-realization',1,NULL,NULL,NULL,NULL,NULL),('budget-monitoring-update',1,NULL,NULL,NULL,NULL,NULL),('budget-monitoring-view',1,NULL,NULL,NULL,NULL,NULL),('codeset',2,NULL,NULL,NULL,NULL,NULL),('codeset-create',1,NULL,NULL,NULL,NULL,NULL),('codeset-delete',1,NULL,NULL,NULL,NULL,NULL),('codeset-index',1,NULL,NULL,NULL,NULL,NULL),('codeset-update',1,NULL,NULL,NULL,NULL,NULL),('codeset-view',1,NULL,NULL,NULL,NULL,NULL),('environment-permit-create',1,NULL,NULL,NULL,NULL,NULL),('environment-permit-delete',1,NULL,NULL,NULL,NULL,NULL),('environment-permit-detail-ajax-delete',1,NULL,NULL,NULL,NULL,NULL),('environment-permit-detail-create',1,NULL,NULL,NULL,NULL,NULL),('environment-permit-detail-delete',1,NULL,NULL,NULL,NULL,NULL),('environment-permit-detail-index',1,NULL,NULL,NULL,NULL,NULL),('environment-permit-detail-update',1,NULL,NULL,NULL,NULL,NULL),('environment-permit-detail-view',1,NULL,NULL,NULL,NULL,NULL),('environment-permit-index',1,NULL,NULL,NULL,NULL,NULL),('environment-permit-report-create',1,NULL,NULL,NULL,NULL,NULL),('environment-permit-report-delete',1,NULL,NULL,NULL,NULL,NULL),('environment-permit-report-index',1,NULL,NULL,NULL,NULL,NULL),('environment-permit-report-update',1,NULL,NULL,NULL,NULL,NULL),('environment-permit-report-view',1,NULL,NULL,NULL,NULL,NULL),('environment-permit-update',1,NULL,NULL,NULL,NULL,NULL),('environment-permit-view',1,NULL,NULL,NULL,NULL,NULL),('izin-lingkungan',2,NULL,NULL,NULL,NULL,NULL),('izin-lingkungan-detail',2,NULL,NULL,NULL,NULL,NULL),('izin-lingkungan-laporan',2,NULL,NULL,NULL,NULL,NULL),('log',2,NULL,NULL,NULL,NULL,NULL),('log-dirty-delete-all',1,NULL,NULL,NULL,NULL,NULL),('log-dirty-index',1,NULL,NULL,NULL,NULL,NULL),('login-history-delete-all',1,NULL,NULL,NULL,NULL,NULL),('login-history-index',1,NULL,NULL,NULL,NULL,NULL),('maturity-level',2,NULL,NULL,NULL,NULL,NULL),('maturity-level-create',1,NULL,NULL,NULL,NULL,NULL),('maturity-level-delete',1,NULL,NULL,NULL,NULL,NULL),('maturity-level-index',1,NULL,NULL,NULL,NULL,NULL),('maturity-level-question-create',1,NULL,NULL,NULL,NULL,NULL),('maturity-level-question-delete',1,NULL,NULL,NULL,NULL,NULL),('maturity-level-question-index',1,NULL,NULL,NULL,NULL,NULL),('maturity-level-question-update',1,NULL,NULL,NULL,NULL,NULL),('maturity-level-question-view',1,NULL,NULL,NULL,NULL,NULL),('maturity-level-title-create',1,NULL,NULL,NULL,NULL,NULL),('maturity-level-title-delete',1,NULL,NULL,NULL,NULL,NULL),('maturity-level-title-index',1,NULL,NULL,NULL,NULL,NULL),('maturity-level-title-update',1,NULL,NULL,NULL,NULL,NULL),('maturity-level-title-view',1,NULL,NULL,NULL,NULL,NULL),('maturity-level-update',1,NULL,NULL,NULL,NULL,NULL),('maturity-level-view',1,NULL,NULL,NULL,NULL,NULL),('melebihi-ketaatan',2,NULL,NULL,NULL,NULL,NULL),('monitoring-anggaran',2,NULL,NULL,NULL,NULL,NULL),('Operator',3,'Level akses operator',NULL,NULL,NULL,NULL),('pembangkit-listrik',2,NULL,NULL,NULL,NULL,NULL),('pengendalian-pencemaran-air',2,NULL,NULL,NULL,NULL,NULL),('pengguna',2,NULL,NULL,NULL,NULL,NULL),('pertanyaan-maturity-level',2,NULL,NULL,NULL,NULL,NULL),('pertanyaan-melebihi-ketaatan',2,NULL,NULL,NULL,NULL,NULL),('pertanyaan-pengendalian-pencemaran-air',2,NULL,NULL,NULL,NULL,NULL),('pertanyaan-plb3-self-assessment',2,NULL,NULL,NULL,NULL,NULL),('pertanyaan-smk3',2,NULL,NULL,NULL,NULL,NULL),('plb3-balance-sheet-create',1,NULL,NULL,NULL,NULL,NULL),('plb3-balance-sheet-delete',1,NULL,NULL,NULL,NULL,NULL),('plb3-balance-sheet-detail-create',1,NULL,NULL,NULL,NULL,NULL),('plb3-balance-sheet-detail-delete',1,NULL,NULL,NULL,NULL,NULL),('plb3-balance-sheet-detail-index',1,NULL,NULL,NULL,NULL,NULL),('plb3-balance-sheet-detail-update',1,NULL,NULL,NULL,NULL,NULL),('plb3-balance-sheet-detail-view',1,NULL,NULL,NULL,NULL,NULL),('plb3-balance-sheet-index',1,NULL,NULL,NULL,NULL,NULL),('plb3-balance-sheet-update',1,NULL,NULL,NULL,NULL,NULL),('plb3-balance-sheet-view',1,NULL,NULL,NULL,NULL,NULL),('plb3-ceklist',2,NULL,NULL,NULL,NULL,NULL),('plb3-ceklist-detail',2,NULL,NULL,NULL,NULL,NULL),('plb3-checklist-create',1,NULL,NULL,NULL,NULL,NULL),('plb3-checklist-delete',1,NULL,NULL,NULL,NULL,NULL),('plb3-checklist-detail-create',1,NULL,NULL,NULL,NULL,NULL),('plb3-checklist-detail-delete',1,NULL,NULL,NULL,NULL,NULL),('plb3-checklist-detail-index',1,NULL,NULL,NULL,NULL,NULL),('plb3-checklist-detail-update',1,NULL,NULL,NULL,NULL,NULL),('plb3-checklist-detail-view',1,NULL,NULL,NULL,NULL,NULL),('plb3-checklist-index',1,NULL,NULL,NULL,NULL,NULL),('plb3-checklist-update',1,NULL,NULL,NULL,NULL,NULL),('plb3-checklist-view',1,NULL,NULL,NULL,NULL,NULL),('plb3-neraca',2,NULL,NULL,NULL,NULL,NULL),('plb3-neraca-detail',2,NULL,NULL,NULL,NULL,NULL),('plb3-pertanyaan',2,NULL,NULL,NULL,NULL,NULL),('plb3-question-ajax-question-type',1,NULL,NULL,NULL,NULL,NULL),('plb3-question-create',1,NULL,NULL,NULL,NULL,NULL),('plb3-question-delete',1,NULL,NULL,NULL,NULL,NULL),('plb3-question-index',1,NULL,NULL,NULL,NULL,NULL),('plb3-question-update',1,NULL,NULL,NULL,NULL,NULL),('plb3-question-view',1,NULL,NULL,NULL,NULL,NULL),('plb3-sa-company-profile-create',1,NULL,NULL,NULL,NULL,NULL),('plb3-sa-company-profile-delete',1,NULL,NULL,NULL,NULL,NULL),('plb3-sa-company-profile-index',1,NULL,NULL,NULL,NULL,NULL),('plb3-sa-company-profile-update',1,NULL,NULL,NULL,NULL,NULL),('plb3-sa-company-profile-view',1,NULL,NULL,NULL,NULL,NULL),('plb3-sa-form-create',1,NULL,NULL,NULL,NULL,NULL),('plb3-sa-form-delete',1,NULL,NULL,NULL,NULL,NULL),('plb3-sa-form-index',1,NULL,NULL,NULL,NULL,NULL),('plb3-sa-form-update',1,NULL,NULL,NULL,NULL,NULL),('plb3-sa-form-view',1,NULL,NULL,NULL,NULL,NULL),('plb3-sa-question-create',1,NULL,NULL,NULL,NULL,NULL),('plb3-sa-question-delete',1,NULL,NULL,NULL,NULL,NULL),('plb3-sa-question-index',1,NULL,NULL,NULL,NULL,NULL),('plb3-sa-question-update',1,NULL,NULL,NULL,NULL,NULL),('plb3-sa-question-view',1,NULL,NULL,NULL,NULL,NULL),('plb3-self-assessment',2,NULL,NULL,NULL,NULL,NULL),('plb3-self-assessment-delete',1,NULL,NULL,NULL,NULL,NULL),('plb3-self-assessment-index',1,NULL,NULL,NULL,NULL,NULL),('plb3-self-assessment-update',1,NULL,NULL,NULL,NULL,NULL),('plb3-self-assessment-view',1,NULL,NULL,NULL,NULL,NULL),('power-plant-ajax-plant',1,NULL,NULL,NULL,NULL,NULL),('power-plant-create',1,NULL,NULL,NULL,NULL,NULL),('power-plant-delete',1,NULL,NULL,NULL,NULL,NULL),('power-plant-index',1,NULL,NULL,NULL,NULL,NULL),('power-plant-update',1,NULL,NULL,NULL,NULL,NULL),('power-plant-view',1,NULL,NULL,NULL,NULL,NULL),('ppa-ba-create',1,NULL,NULL,NULL,NULL,NULL),('ppa-ba-delete',1,NULL,NULL,NULL,NULL,NULL),('ppa-ba-index',1,NULL,NULL,NULL,NULL,NULL),('ppa-ba-monitoring-point-create',1,NULL,NULL,NULL,NULL,NULL),('ppa-ba-monitoring-point-delete',1,NULL,NULL,NULL,NULL,NULL),('ppa-ba-monitoring-point-index',1,NULL,NULL,NULL,NULL,NULL),('ppa-ba-monitoring-point-update',1,NULL,NULL,NULL,NULL,NULL),('ppa-ba-monitoring-point-view',1,NULL,NULL,NULL,NULL,NULL),('ppa-ba-report-bm-create',1,NULL,NULL,NULL,NULL,NULL),('ppa-ba-report-bm-delete',1,NULL,NULL,NULL,NULL,NULL),('ppa-ba-report-bm-index',1,NULL,NULL,NULL,NULL,NULL),('ppa-ba-report-bm-update',1,NULL,NULL,NULL,NULL,NULL),('ppa-ba-report-bm-view',1,NULL,NULL,NULL,NULL,NULL),('ppa-ba-update',1,NULL,NULL,NULL,NULL,NULL),('ppa-ba-view',1,NULL,NULL,NULL,NULL,NULL),('ppa-create',1,NULL,NULL,NULL,NULL,NULL),('ppa-delete',1,NULL,NULL,NULL,NULL,NULL),('ppa-index',1,NULL,NULL,NULL,NULL,NULL),('ppa-laboratorium-accreditation-ajax-delete',1,NULL,NULL,NULL,NULL,NULL),('ppa-laboratorium-ajax-delete',1,NULL,NULL,NULL,NULL,NULL),('ppa-pollution-load',1,NULL,NULL,NULL,NULL,NULL),('ppa-pollution-load-actual',1,NULL,NULL,NULL,NULL,NULL),('ppa-pollution-load-decrease-create',1,NULL,NULL,NULL,NULL,NULL),('ppa-pollution-load-decrease-delete',1,NULL,NULL,NULL,NULL,NULL),('ppa-pollution-load-decrease-index',1,NULL,NULL,NULL,NULL,NULL),('ppa-pollution-load-decrease-update',1,NULL,NULL,NULL,NULL,NULL),('ppa-pollution-load-decrease-view',1,NULL,NULL,NULL,NULL,NULL),('ppa-question-create',1,NULL,NULL,NULL,NULL,NULL),('ppa-question-delete',1,NULL,NULL,NULL,NULL,NULL),('ppa-question-index',1,NULL,NULL,NULL,NULL,NULL),('ppa-question-update',1,NULL,NULL,NULL,NULL,NULL),('ppa-question-view',1,NULL,NULL,NULL,NULL,NULL),('ppa-report-bm-create',1,NULL,NULL,NULL,NULL,NULL),('ppa-report-bm-delete',1,NULL,NULL,NULL,NULL,NULL),('ppa-report-bm-index',1,NULL,NULL,NULL,NULL,NULL),('ppa-report-bm-update',1,NULL,NULL,NULL,NULL,NULL),('ppa-report-bm-view',1,NULL,NULL,NULL,NULL,NULL),('ppa-setup-permit-create',1,NULL,NULL,NULL,NULL,NULL),('ppa-setup-permit-delete',1,NULL,NULL,NULL,NULL,NULL),('ppa-setup-permit-index',1,NULL,NULL,NULL,NULL,NULL),('ppa-setup-permit-update',1,NULL,NULL,NULL,NULL,NULL),('ppa-setup-permit-view',1,NULL,NULL,NULL,NULL,NULL),('ppa-technical-provision-create',1,NULL,NULL,NULL,NULL,NULL),('ppa-technical-provision-delete',1,NULL,NULL,NULL,NULL,NULL),('ppa-technical-provision-index',1,NULL,NULL,NULL,NULL,NULL),('ppa-technical-provision-update',1,NULL,NULL,NULL,NULL,NULL),('ppa-technical-provision-view',1,NULL,NULL,NULL,NULL,NULL),('ppa-update',1,NULL,NULL,NULL,NULL,NULL),('ppa-view',1,NULL,NULL,NULL,NULL,NULL),('ppu',2,NULL,NULL,NULL,NULL,NULL),('ppu-ambient',2,NULL,NULL,NULL,NULL,NULL),('ppu-ambient-create',1,NULL,NULL,NULL,NULL,NULL),('ppu-ambient-delete',1,NULL,NULL,NULL,NULL,NULL),('ppu-ambient-index',1,NULL,NULL,NULL,NULL,NULL),('ppu-ambient-update',1,NULL,NULL,NULL,NULL,NULL),('ppu-ambient-view',1,NULL,NULL,NULL,NULL,NULL),('ppu-create',1,NULL,NULL,NULL,NULL,NULL),('ppu-delete',1,NULL,NULL,NULL,NULL,NULL),('ppu-emission-load-calc',1,NULL,NULL,NULL,NULL,NULL),('ppu-emission-load-grk-create',1,NULL,NULL,NULL,NULL,NULL),('ppu-emission-load-grk-delete',1,NULL,NULL,NULL,NULL,NULL),('ppu-emission-load-grk-index',1,NULL,NULL,NULL,NULL,NULL),('ppu-emission-load-grk-update',1,NULL,NULL,NULL,NULL,NULL),('ppu-emission-load-grk-view',1,NULL,NULL,NULL,NULL,NULL),('ppu-emission-source-ajax-emission',1,NULL,NULL,NULL,NULL,NULL),('ppu-emission-source-create',1,NULL,NULL,NULL,NULL,NULL),('ppu-emission-source-delete',1,NULL,NULL,NULL,NULL,NULL),('ppu-emission-source-index',1,NULL,NULL,NULL,NULL,NULL),('ppu-emission-source-update',1,NULL,NULL,NULL,NULL,NULL),('ppu-emission-source-view',1,NULL,NULL,NULL,NULL,NULL),('ppu-index',1,NULL,NULL,NULL,NULL,NULL),('ppu-ketaatan-parameter-ambient',2,NULL,NULL,NULL,NULL,NULL),('ppu-ketaatan-parameter-pelaporan-bm',2,NULL,NULL,NULL,NULL,NULL),('ppu-ketentuan-teknis',2,NULL,NULL,NULL,NULL,NULL),('ppu-parameter-obligation-create',1,NULL,NULL,NULL,NULL,NULL),('ppu-parameter-obligation-delete',1,NULL,NULL,NULL,NULL,NULL),('ppu-parameter-obligation-index',1,NULL,NULL,NULL,NULL,NULL),('ppu-parameter-obligation-update',1,NULL,NULL,NULL,NULL,NULL),('ppu-parameter-obligation-view',1,NULL,NULL,NULL,NULL,NULL),('ppu-pelaporan-bm-cems',2,NULL,NULL,NULL,NULL,NULL),('ppu-pelaporan-parameter-cems',2,NULL,NULL,NULL,NULL,NULL),('ppu-perhitungan-beban-emisi-grk',2,NULL,NULL,NULL,NULL,NULL),('ppu-pertanyaan',2,NULL,NULL,NULL,NULL,NULL),('ppu-pollution-load',1,NULL,NULL,NULL,NULL,NULL),('ppu-question-create',1,NULL,NULL,NULL,NULL,NULL),('ppu-question-delete',1,NULL,NULL,NULL,NULL,NULL),('ppu-question-index',1,NULL,NULL,NULL,NULL,NULL),('ppu-question-update',1,NULL,NULL,NULL,NULL,NULL),('ppu-question-view',1,NULL,NULL,NULL,NULL,NULL),('ppu-sumber-emisi',2,NULL,NULL,NULL,NULL,NULL),('ppu-technical-provision-create',1,NULL,NULL,NULL,NULL,NULL),('ppu-technical-provision-delete',1,NULL,NULL,NULL,NULL,NULL),('ppu-technical-provision-index',1,NULL,NULL,NULL,NULL,NULL),('ppu-technical-provision-update',1,NULL,NULL,NULL,NULL,NULL),('ppu-technical-provision-view',1,NULL,NULL,NULL,NULL,NULL),('ppu-titik-pemantauan-ambient',2,NULL,NULL,NULL,NULL,NULL),('ppu-update',1,NULL,NULL,NULL,NULL,NULL),('ppu-view',1,NULL,NULL,NULL,NULL,NULL),('ppua-monitoring-point-create',1,NULL,NULL,NULL,NULL,NULL),('ppua-monitoring-point-delete',1,NULL,NULL,NULL,NULL,NULL),('ppua-monitoring-point-index',1,NULL,NULL,NULL,NULL,NULL),('ppua-monitoring-point-update',1,NULL,NULL,NULL,NULL,NULL),('ppua-monitoring-point-view',1,NULL,NULL,NULL,NULL,NULL),('ppua-parameter-obligation-create',1,NULL,NULL,NULL,NULL,NULL),('ppua-parameter-obligation-delete',1,NULL,NULL,NULL,NULL,NULL),('ppua-parameter-obligation-index',1,NULL,NULL,NULL,NULL,NULL),('ppua-parameter-obligation-update',1,NULL,NULL,NULL,NULL,NULL),('ppua-parameter-obligation-view',1,NULL,NULL,NULL,NULL,NULL),('ppucems-report-bm-create',1,NULL,NULL,NULL,NULL,NULL),('ppucems-report-bm-delete',1,NULL,NULL,NULL,NULL,NULL),('ppucems-report-bm-index',1,NULL,NULL,NULL,NULL,NULL),('ppucems-report-bm-update',1,NULL,NULL,NULL,NULL,NULL),('ppucems-report-bm-view',1,NULL,NULL,NULL,NULL,NULL),('ppucemsrb-parameter-report-create',1,NULL,NULL,NULL,NULL,NULL),('ppucemsrb-parameter-report-delete',1,NULL,NULL,NULL,NULL,NULL),('ppucemsrb-parameter-report-index',1,NULL,NULL,NULL,NULL,NULL),('ppucemsrb-parameter-report-update',1,NULL,NULL,NULL,NULL,NULL),('ppucemsrb-parameter-report-view',1,NULL,NULL,NULL,NULL,NULL),('profil-pengguna',2,NULL,NULL,NULL,NULL,NULL),('profil-perusahaan',2,NULL,NULL,NULL,NULL,NULL),('profile-create',1,NULL,NULL,NULL,NULL,NULL),('profile-delete',1,NULL,NULL,NULL,NULL,NULL),('profile-index',1,NULL,NULL,NULL,NULL,NULL),('profile-update',1,NULL,NULL,NULL,NULL,NULL),('profile-view',1,NULL,NULL,NULL,NULL,NULL),('rencana-kerja',2,NULL,NULL,NULL,NULL,NULL),('roadmap-k3l-attribute-ajax-create',1,NULL,NULL,NULL,NULL,NULL),('roadmap-k3l-attribute-ajax-search',1,NULL,NULL,NULL,NULL,NULL),('roadmap-k3l-attribute-create',1,NULL,NULL,NULL,NULL,NULL),('roadmap-k3l-attribute-delete',1,NULL,NULL,NULL,NULL,NULL),('roadmap-k3l-attribute-index',1,NULL,NULL,NULL,NULL,NULL),('roadmap-k3l-attribute-update',1,NULL,NULL,NULL,NULL,NULL),('roadmap-k3l-attribute-view',1,NULL,NULL,NULL,NULL,NULL),('roadmap-k3l-create',1,NULL,NULL,NULL,NULL,NULL),('roadmap-k3l-delete',1,NULL,NULL,NULL,NULL,NULL),('roadmap-k3l-index',1,NULL,NULL,NULL,NULL,NULL),('roadmap-k3l-item-ajax-delete',1,NULL,NULL,NULL,NULL,NULL),('roadmap-k3l-kitsbs',2,NULL,NULL,NULL,NULL,NULL),('roadmap-k3l-target-ajax-delete',1,NULL,NULL,NULL,NULL,NULL),('roadmap-k3l-update',1,NULL,NULL,NULL,NULL,NULL),('roadmap-k3l-view',1,NULL,NULL,NULL,NULL,NULL),('sector-create',1,NULL,NULL,NULL,NULL,NULL),('sector-delete',1,NULL,NULL,NULL,NULL,NULL),('sector-index',1,NULL,NULL,NULL,NULL,NULL),('sector-update',1,NULL,NULL,NULL,NULL,NULL),('sector-view',1,NULL,NULL,NULL,NULL,NULL),('sektor',2,NULL,NULL,NULL,NULL,NULL),('skko',2,NULL,NULL,NULL,NULL,NULL),('skko-create',1,NULL,NULL,NULL,NULL,NULL),('skko-delete',1,NULL,NULL,NULL,NULL,NULL),('skko-detail-ajax-delete',1,NULL,NULL,NULL,NULL,NULL),('skko-index',1,NULL,NULL,NULL,NULL,NULL),('skko-update',1,NULL,NULL,NULL,NULL,NULL),('skko-view',1,NULL,NULL,NULL,NULL,NULL),('smk3',2,NULL,NULL,NULL,NULL,NULL),('smk3-create',1,NULL,NULL,NULL,NULL,NULL),('smk3-criteria-ajax-delete',1,NULL,NULL,NULL,NULL,NULL),('smk3-delete',1,NULL,NULL,NULL,NULL,NULL),('smk3-detail-ajax-delete',1,NULL,NULL,NULL,NULL,NULL),('smk3-index',1,NULL,NULL,NULL,NULL,NULL),('smk3-subtitle-ajax-delete',1,NULL,NULL,NULL,NULL,NULL),('smk3-title-create',1,NULL,NULL,NULL,NULL,NULL),('smk3-title-delete',1,NULL,NULL,NULL,NULL,NULL),('smk3-title-index',1,NULL,NULL,NULL,NULL,NULL),('smk3-title-update',1,NULL,NULL,NULL,NULL,NULL),('smk3-title-view',1,NULL,NULL,NULL,NULL,NULL),('smk3-update',1,NULL,NULL,NULL,NULL,NULL),('smk3-view',1,NULL,NULL,NULL,NULL,NULL),('user-create',1,NULL,NULL,NULL,NULL,NULL),('user-delete',1,NULL,NULL,NULL,NULL,NULL),('user-index',1,NULL,NULL,NULL,NULL,NULL),('user-profile-update',1,NULL,NULL,NULL,NULL,NULL),('user-update',1,NULL,NULL,NULL,NULL,NULL),('user-view',1,NULL,NULL,NULL,NULL,NULL),('working-plan-ajax-delete-detail',1,NULL,NULL,NULL,NULL,NULL),('working-plan-ajax-read-detail',1,NULL,NULL,NULL,NULL,NULL),('working-plan-ajax-save-detail',1,NULL,NULL,NULL,NULL,NULL),('working-plan-attribute-ajax-create',1,NULL,NULL,NULL,NULL,NULL),('working-plan-attribute-ajax-search',1,NULL,NULL,NULL,NULL,NULL),('working-plan-attribute-create',1,NULL,NULL,NULL,NULL,NULL),('working-plan-attribute-delete',1,NULL,NULL,NULL,NULL,NULL),('working-plan-attribute-index',1,NULL,NULL,NULL,NULL,NULL),('working-plan-attribute-update',1,NULL,NULL,NULL,NULL,NULL),('working-plan-attribute-view',1,NULL,NULL,NULL,NULL,NULL),('working-plan-create',1,NULL,NULL,NULL,NULL,NULL),('working-plan-delete',1,NULL,NULL,NULL,NULL,NULL),('working-plan-index',1,NULL,NULL,NULL,NULL,NULL),('working-plan-update',1,NULL,NULL,NULL,NULL,NULL),('working-plan-view',1,NULL,NULL,NULL,NULL,NULL);

/*Table structure for table `auth_item_child` */

DROP TABLE IF EXISTS `auth_item_child`;

CREATE TABLE `auth_item_child` (
  `parent` varchar(64) COLLATE utf8_unicode_ci NOT NULL,
  `child` varchar(64) COLLATE utf8_unicode_ci NOT NULL,
  PRIMARY KEY (`parent`,`child`),
  KEY `child` (`child`),
  CONSTRAINT `auth_item_child_ibfk_1` FOREIGN KEY (`parent`) REFERENCES `auth_item` (`name`) ON DELETE CASCADE ON UPDATE CASCADE,
  CONSTRAINT `auth_item_child_ibfk_2` FOREIGN KEY (`child`) REFERENCES `auth_item` (`name`) ON DELETE CASCADE ON UPDATE CASCADE
) ENGINE=InnoDB DEFAULT CHARSET=utf8 COLLATE=utf8_unicode_ci;

/*Data for the table `auth_item_child` */

insert  into `auth_item_child`(`parent`,`child`) values ('melebihi-ketaatan','beyond-obedience-create'),('melebihi-ketaatan','beyond-obedience-delete'),('melebihi-ketaatan','beyond-obedience-index'),('melebihi-ketaatan','beyond-obedience-update'),('melebihi-ketaatan','beyond-obedience-view'),('pertanyaan-melebihi-ketaatan','bo-assessment-aspect-create'),('pertanyaan-melebihi-ketaatan','bo-assessment-aspect-delete'),('pertanyaan-melebihi-ketaatan','bo-assessment-aspect-index'),('pertanyaan-melebihi-ketaatan','bo-assessment-aspect-update'),('pertanyaan-melebihi-ketaatan','bo-assessment-aspect-view'),('pertanyaan-melebihi-ketaatan','boas-criteria-ajax-delete'),('monitoring-anggaran','budget-monitoring-create'),('monitoring-anggaran','budget-monitoring-delete'),('monitoring-anggaran','budget-monitoring-detail-ajax-delete'),('monitoring-anggaran','budget-monitoring-index'),('monitoring-anggaran','budget-monitoring-realization'),('monitoring-anggaran','budget-monitoring-update'),('monitoring-anggaran','budget-monitoring-view'),('Administrator','codeset'),('codeset','codeset-create'),('codeset','codeset-delete'),('codeset','codeset-index'),('codeset','codeset-update'),('codeset','codeset-view'),('izin-lingkungan','environment-permit-create'),('izin-lingkungan','environment-permit-delete'),('izin-lingkungan-detail','environment-permit-detail-ajax-delete'),('izin-lingkungan-detail','environment-permit-detail-create'),('izin-lingkungan-detail','environment-permit-detail-delete'),('izin-lingkungan-detail','environment-permit-detail-index'),('izin-lingkungan-detail','environment-permit-detail-update'),('izin-lingkungan-detail','environment-permit-detail-view'),('izin-lingkungan','environment-permit-index'),('izin-lingkungan-laporan','environment-permit-report-create'),('izin-lingkungan-laporan','environment-permit-report-delete'),('izin-lingkungan-laporan','environment-permit-report-index'),('izin-lingkungan-laporan','environment-permit-report-update'),('izin-lingkungan-laporan','environment-permit-report-view'),('izin-lingkungan','environment-permit-update'),('izin-lingkungan','environment-permit-view'),('Administrator','izin-lingkungan'),('Administrator','izin-lingkungan-detail'),('Administrator','izin-lingkungan-laporan'),('Administrator','log'),('log','log-dirty-delete-all'),('log','log-dirty-index'),('log','login-history-delete-all'),('log','login-history-index'),('Administrator','maturity-level'),('maturity-level','maturity-level-create'),('maturity-level','maturity-level-delete'),('maturity-level','maturity-level-index'),('pertanyaan-maturity-level','maturity-level-question-create'),('pertanyaan-maturity-level','maturity-level-question-delete'),('pertanyaan-maturity-level','maturity-level-question-index'),('pertanyaan-maturity-level','maturity-level-question-update'),('pertanyaan-maturity-level','maturity-level-question-view'),('pertanyaan-maturity-level','maturity-level-title-create'),('pertanyaan-maturity-level','maturity-level-title-delete'),('pertanyaan-maturity-level','maturity-level-title-index'),('pertanyaan-maturity-level','maturity-level-title-update'),('pertanyaan-maturity-level','maturity-level-title-view'),('maturity-level','maturity-level-update'),('maturity-level','maturity-level-view'),('Administrator','melebihi-ketaatan'),('Administrator','monitoring-anggaran'),('Administrator','pembangkit-listrik'),('Operator','pembangkit-listrik'),('Administrator','pengendalian-pencemaran-air'),('Administrator','pengguna'),('Administrator','pertanyaan-maturity-level'),('Administrator','pertanyaan-melebihi-ketaatan'),('Administrator','pertanyaan-pengendalian-pencemaran-air'),('Administrator','pertanyaan-plb3-self-assessment'),('Administrator','pertanyaan-smk3'),('plb3-neraca','plb3-balance-sheet-create'),('plb3-neraca','plb3-balance-sheet-delete'),('plb3-neraca-detail','plb3-balance-sheet-detail-create'),('plb3-neraca-detail','plb3-balance-sheet-detail-delete'),('plb3-neraca-detail','plb3-balance-sheet-detail-index'),('plb3-neraca-detail','plb3-balance-sheet-detail-update'),('plb3-neraca-detail','plb3-balance-sheet-detail-view'),('plb3-neraca','plb3-balance-sheet-index'),('plb3-neraca','plb3-balance-sheet-update'),('plb3-neraca','plb3-balance-sheet-view'),('Administrator','plb3-ceklist'),('Administrator','plb3-ceklist-detail'),('plb3-ceklist','plb3-checklist-create'),('plb3-ceklist','plb3-checklist-delete'),('plb3-ceklist-detail','plb3-checklist-detail-create'),('plb3-ceklist-detail','plb3-checklist-detail-delete'),('plb3-ceklist-detail','plb3-checklist-detail-index'),('plb3-ceklist-detail','plb3-checklist-detail-update'),('plb3-ceklist-detail','plb3-checklist-detail-view'),('plb3-ceklist','plb3-checklist-index'),('plb3-ceklist','plb3-checklist-update'),('plb3-ceklist','plb3-checklist-view'),('Administrator','plb3-neraca'),('Administrator','plb3-neraca-detail'),('Administrator','plb3-pertanyaan'),('plb3-pertanyaan','plb3-question-ajax-question-type'),('plb3-pertanyaan','plb3-question-create'),('plb3-pertanyaan','plb3-question-delete'),('plb3-pertanyaan','plb3-question-index'),('plb3-pertanyaan','plb3-question-update'),('plb3-pertanyaan','plb3-question-view'),('plb3-self-assessment','plb3-sa-company-profile-create'),('plb3-self-assessment','plb3-sa-company-profile-delete'),('plb3-self-assessment','plb3-sa-company-profile-index'),('plb3-self-assessment','plb3-sa-company-profile-update'),('plb3-self-assessment','plb3-sa-company-profile-view'),('plb3-self-assessment','plb3-sa-form-create'),('plb3-self-assessment','plb3-sa-form-delete'),('plb3-self-assessment','plb3-sa-form-index'),('plb3-self-assessment','plb3-sa-form-update'),('plb3-self-assessment','plb3-sa-form-view'),('pertanyaan-plb3-self-assessment','plb3-sa-question-create'),('pertanyaan-plb3-self-assessment','plb3-sa-question-delete'),('pertanyaan-plb3-self-assessment','plb3-sa-question-index'),('pertanyaan-plb3-self-assessment','plb3-sa-question-update'),('pertanyaan-plb3-self-assessment','plb3-sa-question-view'),('Administrator','plb3-self-assessment'),('plb3-self-assessment','plb3-self-assessment-delete'),('plb3-self-assessment','plb3-self-assessment-index'),('plb3-self-assessment','plb3-self-assessment-update'),('plb3-self-assessment','plb3-self-assessment-view'),('pembangkit-listrik','power-plant-ajax-plant'),('pembangkit-listrik','power-plant-create'),('pembangkit-listrik','power-plant-delete'),('pembangkit-listrik','power-plant-index'),('pembangkit-listrik','power-plant-update'),('pembangkit-listrik','power-plant-view'),('pengendalian-pencemaran-air','ppa-ba-create'),('pengendalian-pencemaran-air','ppa-ba-delete'),('pengendalian-pencemaran-air','ppa-ba-index'),('pengendalian-pencemaran-air','ppa-ba-monitoring-point-create'),('pengendalian-pencemaran-air','ppa-ba-monitoring-point-delete'),('pengendalian-pencemaran-air','ppa-ba-monitoring-point-index'),('pengendalian-pencemaran-air','ppa-ba-monitoring-point-update'),('pengendalian-pencemaran-air','ppa-ba-monitoring-point-view'),('pengendalian-pencemaran-air','ppa-ba-report-bm-create'),('pengendalian-pencemaran-air','ppa-ba-report-bm-delete'),('pengendalian-pencemaran-air','ppa-ba-report-bm-index'),('pengendalian-pencemaran-air','ppa-ba-report-bm-update'),('pengendalian-pencemaran-air','ppa-ba-report-bm-view'),('pengendalian-pencemaran-air','ppa-ba-update'),('pengendalian-pencemaran-air','ppa-ba-view'),('pengendalian-pencemaran-air','ppa-create'),('pengendalian-pencemaran-air','ppa-delete'),('pengendalian-pencemaran-air','ppa-index'),('pengendalian-pencemaran-air','ppa-laboratorium-accreditation-ajax-delete'),('pengendalian-pencemaran-air','ppa-laboratorium-ajax-delete'),('pengendalian-pencemaran-air','ppa-pollution-load'),('pengendalian-pencemaran-air','ppa-pollution-load-actual'),('pengendalian-pencemaran-air','ppa-pollution-load-decrease-create'),('pengendalian-pencemaran-air','ppa-pollution-load-decrease-delete'),('pengendalian-pencemaran-air','ppa-pollution-load-decrease-index'),('pengendalian-pencemaran-air','ppa-pollution-load-decrease-update'),('pengendalian-pencemaran-air','ppa-pollution-load-decrease-view'),('pertanyaan-pengendalian-pencemaran-air','ppa-question-create'),('pertanyaan-pengendalian-pencemaran-air','ppa-question-delete'),('pertanyaan-pengendalian-pencemaran-air','ppa-question-index'),('pertanyaan-pengendalian-pencemaran-air','ppa-question-update'),('pertanyaan-pengendalian-pencemaran-air','ppa-question-view'),('pengendalian-pencemaran-air','ppa-report-bm-create'),('pengendalian-pencemaran-air','ppa-report-bm-delete'),('pengendalian-pencemaran-air','ppa-report-bm-index'),('pengendalian-pencemaran-air','ppa-report-bm-update'),('pengendalian-pencemaran-air','ppa-report-bm-view'),('pengendalian-pencemaran-air','ppa-setup-permit-create'),('pengendalian-pencemaran-air','ppa-setup-permit-delete'),('pengendalian-pencemaran-air','ppa-setup-permit-index'),('pengendalian-pencemaran-air','ppa-setup-permit-update'),('pengendalian-pencemaran-air','ppa-setup-permit-view'),('pengendalian-pencemaran-air','ppa-technical-provision-create'),('pengendalian-pencemaran-air','ppa-technical-provision-delete'),('pengendalian-pencemaran-air','ppa-technical-provision-index'),('pengendalian-pencemaran-air','ppa-technical-provision-update'),('pengendalian-pencemaran-air','ppa-technical-provision-view'),('pengendalian-pencemaran-air','ppa-update'),('pengendalian-pencemaran-air','ppa-view'),('Administrator','ppu'),('Administrator','ppu-ambient'),('ppu-ambient','ppu-ambient-create'),('ppu-ambient','ppu-ambient-delete'),('ppu-ambient','ppu-ambient-index'),('ppu-ambient','ppu-ambient-update'),('ppu-ambient','ppu-ambient-view'),('ppu','ppu-create'),('ppu','ppu-delete'),('ppu','ppu-emission-load-calc'),('ppu-perhitungan-beban-emisi-grk','ppu-emission-load-grk-create'),('ppu-perhitungan-beban-emisi-grk','ppu-emission-load-grk-delete'),('ppu-perhitungan-beban-emisi-grk','ppu-emission-load-grk-index'),('ppu-perhitungan-beban-emisi-grk','ppu-emission-load-grk-update'),('ppu-perhitungan-beban-emisi-grk','ppu-emission-load-grk-view'),('ppu-sumber-emisi','ppu-emission-source-ajax-emission'),('ppu-sumber-emisi','ppu-emission-source-create'),('ppu-sumber-emisi','ppu-emission-source-delete'),('ppu-sumber-emisi','ppu-emission-source-index'),('ppu-sumber-emisi','ppu-emission-source-update'),('ppu-sumber-emisi','ppu-emission-source-view'),('ppu','ppu-index'),('Administrator','ppu-ketaatan-parameter-ambient'),('Administrator','ppu-ketaatan-parameter-pelaporan-bm'),('Administrator','ppu-ketentuan-teknis'),('ppu-ketaatan-parameter-pelaporan-bm','ppu-parameter-obligation-create'),('ppu-ketaatan-parameter-pelaporan-bm','ppu-parameter-obligation-delete'),('ppu-ketaatan-parameter-pelaporan-bm','ppu-parameter-obligation-index'),('ppu-ketaatan-parameter-pelaporan-bm','ppu-parameter-obligation-update'),('ppu-ketaatan-parameter-pelaporan-bm','ppu-parameter-obligation-view'),('Administrator','ppu-pelaporan-bm-cems'),('Administrator','ppu-pelaporan-parameter-cems'),('Administrator','ppu-perhitungan-beban-emisi-grk'),('Administrator','ppu-pertanyaan'),('ppu','ppu-pollution-load'),('ppu-pertanyaan','ppu-question-create'),('ppu-pertanyaan','ppu-question-delete'),('ppu-pertanyaan','ppu-question-index'),('ppu-pertanyaan','ppu-question-update'),('ppu-pertanyaan','ppu-question-view'),('Administrator','ppu-sumber-emisi'),('ppu-ketentuan-teknis','ppu-technical-provision-create'),('ppu-ketentuan-teknis','ppu-technical-provision-delete'),('ppu-ketentuan-teknis','ppu-technical-provision-index'),('ppu-ketentuan-teknis','ppu-technical-provision-update'),('ppu-ketentuan-teknis','ppu-technical-provision-view'),('Administrator','ppu-titik-pemantauan-ambient'),('ppu','ppu-update'),('ppu','ppu-view'),('ppu-titik-pemantauan-ambient','ppua-monitoring-point-create'),('ppu-titik-pemantauan-ambient','ppua-monitoring-point-delete'),('ppu-titik-pemantauan-ambient','ppua-monitoring-point-index'),('ppu-titik-pemantauan-ambient','ppua-monitoring-point-update'),('ppu-titik-pemantauan-ambient','ppua-monitoring-point-view'),('ppu-ketaatan-parameter-ambient','ppua-parameter-obligation-create'),('ppu-ketaatan-parameter-ambient','ppua-parameter-obligation-delete'),('ppu-ketaatan-parameter-ambient','ppua-parameter-obligation-index'),('ppu-ketaatan-parameter-ambient','ppua-parameter-obligation-update'),('ppu-ketaatan-parameter-ambient','ppua-parameter-obligation-view'),('ppu-pelaporan-bm-cems','ppucems-report-bm-create'),('ppu-pelaporan-bm-cems','ppucems-report-bm-delete'),('ppu-pelaporan-bm-cems','ppucems-report-bm-index'),('ppu-pelaporan-bm-cems','ppucems-report-bm-update'),('ppu-pelaporan-bm-cems','ppucems-report-bm-view'),('ppu-pelaporan-parameter-cems','ppucemsrb-parameter-report-create'),('ppu-pelaporan-parameter-cems','ppucemsrb-parameter-report-delete'),('ppu-pelaporan-parameter-cems','ppucemsrb-parameter-report-index'),('ppu-pelaporan-parameter-cems','ppucemsrb-parameter-report-update'),('ppu-pelaporan-parameter-cems','ppucemsrb-parameter-report-view'),('Administrator','profil-pengguna'),('Operator','profil-pengguna'),('Administrator','profil-perusahaan'),('profil-perusahaan','profile-create'),('profil-perusahaan','profile-delete'),('profil-perusahaan','profile-index'),('profil-perusahaan','profile-update'),('profil-perusahaan','profile-view'),('Administrator','rencana-kerja'),('roadmap-k3l-kitsbs','roadmap-k3l-attribute-ajax-create'),('roadmap-k3l-kitsbs','roadmap-k3l-attribute-ajax-search'),('roadmap-k3l-kitsbs','roadmap-k3l-attribute-create'),('roadmap-k3l-kitsbs','roadmap-k3l-attribute-delete'),('roadmap-k3l-kitsbs','roadmap-k3l-attribute-index'),('roadmap-k3l-kitsbs','roadmap-k3l-attribute-update'),('roadmap-k3l-kitsbs','roadmap-k3l-attribute-view'),('roadmap-k3l-kitsbs','roadmap-k3l-create'),('roadmap-k3l-kitsbs','roadmap-k3l-delete'),('roadmap-k3l-kitsbs','roadmap-k3l-index'),('roadmap-k3l-kitsbs','roadmap-k3l-item-ajax-delete'),('Administrator','roadmap-k3l-kitsbs'),('roadmap-k3l-kitsbs','roadmap-k3l-target-ajax-delete'),('roadmap-k3l-kitsbs','roadmap-k3l-update'),('roadmap-k3l-kitsbs','roadmap-k3l-view'),('sektor','sector-create'),('sektor','sector-delete'),('sektor','sector-index'),('sektor','sector-update'),('sektor','sector-view'),('Administrator','sektor'),('Operator','sektor'),('Administrator','skko'),('skko','skko-create'),('skko','skko-delete'),('skko','skko-detail-ajax-delete'),('skko','skko-index'),('skko','skko-update'),('skko','skko-view'),('Administrator','smk3'),('smk3','smk3-create'),('pertanyaan-smk3','smk3-criteria-ajax-delete'),('smk3','smk3-delete'),('pertanyaan-smk3','smk3-detail-ajax-delete'),('smk3','smk3-index'),('pertanyaan-smk3','smk3-subtitle-ajax-delete'),('pertanyaan-smk3','smk3-title-create'),('pertanyaan-smk3','smk3-title-delete'),('pertanyaan-smk3','smk3-title-index'),('pertanyaan-smk3','smk3-title-update'),('pertanyaan-smk3','smk3-title-view'),('smk3','smk3-update'),('smk3','smk3-view'),('pengguna','user-create'),('pengguna','user-delete'),('pengguna','user-index'),('profil-pengguna','user-profile-update'),('pengguna','user-update'),('pengguna','user-view'),('rencana-kerja','working-plan-ajax-delete-detail'),('rencana-kerja','working-plan-ajax-read-detail'),('rencana-kerja','working-plan-ajax-save-detail'),('rencana-kerja','working-plan-attribute-ajax-create'),('rencana-kerja','working-plan-attribute-ajax-search'),('rencana-kerja','working-plan-attribute-create'),('rencana-kerja','working-plan-attribute-delete'),('rencana-kerja','working-plan-attribute-index'),('rencana-kerja','working-plan-attribute-update'),('rencana-kerja','working-plan-attribute-view'),('rencana-kerja','working-plan-create'),('rencana-kerja','working-plan-delete'),('rencana-kerja','working-plan-index'),('rencana-kerja','working-plan-update'),('rencana-kerja','working-plan-view');

/*Table structure for table `auth_rule` */

DROP TABLE IF EXISTS `auth_rule`;

CREATE TABLE `auth_rule` (
  `name` varchar(64) COLLATE utf8_unicode_ci NOT NULL,
  `data` text COLLATE utf8_unicode_ci,
  `created_at` int(11) DEFAULT NULL,
  `updated_at` int(11) DEFAULT NULL,
  PRIMARY KEY (`name`)
) ENGINE=InnoDB DEFAULT CHARSET=utf8 COLLATE=utf8_unicode_ci;

/*Data for the table `auth_rule` */

/*Table structure for table `beyond_obedience` */

DROP TABLE IF EXISTS `beyond_obedience`;

CREATE TABLE `beyond_obedience` (
  `id` int(11) NOT NULL AUTO_INCREMENT,
  `bo_form_type_code` varchar(10) NOT NULL,
  `sector_id` int(11) NOT NULL,
  `power_plant_id` int(11) NOT NULL,
  `bo_year` int(4) NOT NULL,
  `created_by` smallint(5) unsigned NOT NULL,
  `created_at` int(11) NOT NULL,
  `updated_by` smallint(5) unsigned NOT NULL,
  `updated_at` int(11) NOT NULL,
  PRIMARY KEY (`id`),
  KEY `FK_beyond_obedience_power_plant` (`power_plant_id`),
  KEY `FK_beyond_obedience_sector` (`sector_id`),
  CONSTRAINT `FK_beyond_obedience_power_plant` FOREIGN KEY (`power_plant_id`) REFERENCES `power_plant` (`id`) ON DELETE CASCADE ON UPDATE CASCADE,
  CONSTRAINT `FK_beyond_obedience_sector` FOREIGN KEY (`sector_id`) REFERENCES `sector` (`id`) ON DELETE CASCADE ON UPDATE CASCADE
) ENGINE=InnoDB AUTO_INCREMENT=21 DEFAULT CHARSET=latin1;

/*Data for the table `beyond_obedience` */

insert  into `beyond_obedience`(`id`,`bo_form_type_code`,`sector_id`,`power_plant_id`,`bo_year`,`created_by`,`created_at`,`updated_by`,`updated_at`) values (11,'DRKPL',2,4,2017,8,1494518850,8,1494947036),(12,'EE',2,4,2017,8,1494671995,8,1494951127),(13,'SML',2,4,2017,8,1494674229,8,1494674229),(14,'PPLB3',2,4,2017,8,1494674482,8,1494674482),(15,'PPLNB3',2,4,2017,8,1494674662,8,1494674662),(16,'PGPU',2,4,2017,8,1494674687,8,1494674687),(17,'KA',2,4,2017,8,1494674700,8,1494674700),(18,'KH',2,4,2017,8,1494674712,8,1494674712),(19,'CD',2,4,2017,8,1494674757,8,1494674757),(20,'SML',4,2,2017,8,1494674806,8,1494674806);

/*Table structure for table `bo_assessment` */

DROP TABLE IF EXISTS `bo_assessment`;

CREATE TABLE `bo_assessment` (
  `id` int(11) NOT NULL AUTO_INCREMENT,
  `beyond_obedience_id` int(11) NOT NULL,
  `boas_criteria_id` int(11) NOT NULL,
  `boa_value` decimal(4,2) DEFAULT NULL,
  `boa_ref` varchar(200) DEFAULT NULL,
  `created_by` smallint(5) unsigned NOT NULL,
  `created_at` int(11) NOT NULL,
  `updated_by` smallint(5) unsigned NOT NULL,
  `updated_at` int(11) NOT NULL,
  PRIMARY KEY (`id`),
  KEY `FK_bo_assessment_bo` (`beyond_obedience_id`),
  KEY `FK_bo_assessment_criteria` (`boas_criteria_id`),
  CONSTRAINT `FK_bo_assessment_bo` FOREIGN KEY (`beyond_obedience_id`) REFERENCES `beyond_obedience` (`id`) ON DELETE CASCADE ON UPDATE CASCADE,
  CONSTRAINT `FK_bo_assessment_criteria` FOREIGN KEY (`boas_criteria_id`) REFERENCES `boas_criteria` (`id`) ON DELETE CASCADE ON UPDATE CASCADE
) ENGINE=InnoDB AUTO_INCREMENT=591 DEFAULT CHARSET=latin1;

/*Data for the table `bo_assessment` */

insert  into `bo_assessment`(`id`,`beyond_obedience_id`,`boas_criteria_id`,`boa_value`,`boa_ref`,`created_by`,`created_at`,`updated_by`,`updated_at`) values (32,11,16,'0.50','',8,1494518850,8,1494947036),(34,11,18,'0.50','',8,1494518850,8,1494947036),(35,11,19,'0.50','',8,1494518850,8,1494947036),(36,11,20,'0.50','',8,1494518850,8,1494947036),(44,12,28,'2.00','asd',8,1494671995,8,1494951127),(45,12,29,'2.00','asd',8,1494671995,8,1494951127),(46,12,30,'1.00','asd',8,1494671995,8,1494951127),(47,13,42,'1.00','Sesuai',8,1494674230,8,1494674230),(48,13,43,'1.00','Sesuai',8,1494674230,8,1494674230),(49,13,44,'1.00','Sesuai',8,1494674230,8,1494674230),(50,13,45,'1.00','Sesuai',8,1494674230,8,1494674230),(51,13,46,'1.00','Sesuai',8,1494674230,8,1494674230),(52,13,47,'1.00','Aspek dampak lingkungan telah disusun secara terstruktur',8,1494674230,8,1494674230),(53,13,48,'1.00','Prioritas 1 aspek lingkungan : a) buangan majun terkontaminasi, b) buangan cartrdge, c) penggunaan lampu neon, d) limbah b3 cair sisa wtp  . Yg sudah dilaakukan pengelolaan.',8,1494674230,8,1494674230),(54,13,49,'2.00','Asdam diperbaharui t',8,1494674230,8,1494674230),(55,13,50,'1.00','Update',8,1494674230,8,1494674230),(56,13,51,'1.00','Update',8,1494674230,8,1494674230),(57,13,52,'1.00','Update',8,1494674230,8,1494674230),(58,13,53,'0.00','Temuan proper tahun 2014-2015 belum dimasukan kedalam asdam ',8,1494674230,8,1494674230),(59,13,55,'1.00','Tujuan dan Sasaran ada namun belum disampaikan',8,1494674230,8,1494674230),(60,13,56,'0.00','Belum ada RJP yang secara detail dibuat untuk mencapai tujuan dan sasaran',8,1494674230,8,1494674230),(61,13,57,'0.00','Belum memasukan perspektif masyarakat dan pemerintah',8,1494674230,8,1494674230),(62,13,58,'1.00','Tujuan dan Sasaran ada namun belum disampaikan',8,1494674230,8,1494674230),(63,14,31,NULL,'',8,1494674482,8,1494674482),(64,14,32,NULL,'',8,1494674482,8,1494674482),(65,14,33,NULL,'',8,1494674482,8,1494674482),(66,15,59,NULL,'',8,1494674662,8,1494674662),(67,15,60,NULL,'',8,1494674662,8,1494674662),(68,15,61,NULL,'',8,1494674663,8,1494674663),(69,16,34,NULL,'',8,1494674687,8,1494674687),(70,16,35,NULL,'',8,1494674687,8,1494674687),(71,16,36,NULL,'',8,1494674687,8,1494674687),(72,16,37,NULL,'',8,1494674687,8,1494674687),(73,16,38,NULL,'',8,1494674687,8,1494674687),(74,17,39,NULL,'',8,1494674700,8,1494674700),(75,17,40,NULL,'',8,1494674700,8,1494674700),(76,17,41,NULL,'',8,1494674700,8,1494674700),(77,18,62,NULL,'',8,1494674712,8,1494674712),(78,18,63,NULL,'',8,1494674712,8,1494674712),(79,18,64,NULL,'',8,1494674712,8,1494674712),(80,18,65,NULL,'',8,1494674712,8,1494674712),(81,19,66,'0.00','Kebijakan belum ditandatangani, sudah dibuat draft kebijakan',8,1494674757,8,1494674757),(82,19,67,'0.00','Belum terdapat sistem tata kelola comdev secara khusus dan belum diterapkan secara konsisten',8,1494674757,8,1494674757),(83,19,68,'0.00','Belum dapat menunjukan data',8,1494674757,8,1494674757),(84,19,69,'0.00','SDM pengelola comdev belum mendapatkan pelatihan comdev',8,1494674757,8,1494674757),(85,19,70,'0.00','Belum dapat menunjukan data',8,1494674757,8,1494674757),(86,20,42,NULL,'',8,1494674806,8,1494674806),(87,20,43,NULL,'',8,1494674806,8,1494674806),(88,20,44,NULL,'',8,1494674807,8,1494674807),(89,20,45,NULL,'',8,1494674807,8,1494674807),(90,20,46,NULL,'',8,1494674807,8,1494674807),(91,20,47,NULL,'',8,1494674807,8,1494674807),(92,20,48,NULL,'',8,1494674807,8,1494674807),(93,20,49,NULL,'',8,1494674807,8,1494674807),(94,20,50,NULL,'',8,1494674807,8,1494674807),(95,20,51,NULL,'',8,1494674807,8,1494674807),(96,20,52,NULL,'',8,1494674807,8,1494674807),(97,20,53,NULL,'',8,1494674807,8,1494674807),(98,20,55,NULL,'',8,1494674807,8,1494674807),(99,20,56,NULL,'',8,1494674807,8,1494674807),(100,20,57,NULL,'',8,1494674807,8,1494674807),(101,20,58,NULL,'',8,1494674807,8,1494674807),(102,11,71,'0.50','',8,1494917712,8,1494947036),(120,11,89,'0.50','',8,1494919342,8,1494947036),(121,11,90,'0.50','',8,1494919342,8,1494947036),(122,11,91,'0.50','',8,1494919342,8,1494947036),(123,11,92,'0.00','',8,1494919342,8,1494947036),(124,11,93,'0.00','',8,1494919342,8,1494947036),(125,11,94,'0.00','',8,1494919342,8,1494947036),(126,11,95,'0.00','',8,1494919342,8,1494947036),(127,11,96,'0.00','',8,1494919342,8,1494947036),(128,11,97,'0.00','',8,1494919342,8,1494947036),(129,11,98,'0.00','',8,1494919342,8,1494947036),(130,11,99,'0.00','',8,1494919342,8,1494947036),(131,11,100,'0.00','',8,1494919342,8,1494947036),(132,11,101,'0.00','',8,1494919342,8,1494947036),(133,11,102,'0.00','',8,1494919342,8,1494947036),(134,11,103,'0.00','',8,1494919723,8,1494947036),(135,11,104,'0.00','',8,1494919723,8,1494947036),(136,11,105,'0.00','',8,1494919723,8,1494947036),(137,11,106,'0.00','',8,1494919723,8,1494947036),(138,11,107,'0.00','',8,1494919723,8,1494947036),(139,11,108,'0.00','',8,1494919723,8,1494947036),(140,11,109,'0.00','',8,1494919723,8,1494947036),(141,11,110,'0.00','',8,1494919723,8,1494947036),(142,11,111,'0.00','',8,1494919724,8,1494947036),(143,11,112,'0.00','',8,1494919724,8,1494947036),(144,11,113,'0.00','',8,1494919724,8,1494947036),(145,11,114,'0.00','',8,1494919724,8,1494947036),(146,11,115,'0.00','',8,1494919724,8,1494947036),(147,11,116,'0.00','',8,1494919724,8,1494947036),(148,11,117,'0.00','',8,1494919724,8,1494947036),(149,11,118,'0.00','',8,1494922427,8,1494947036),(150,11,119,'0.00','',8,1494922427,8,1494947036),(151,11,120,'0.00','',8,1494922427,8,1494947036),(152,11,121,'0.00','',8,1494922427,8,1494947036),(153,11,122,'0.00','',8,1494922427,8,1494947036),(154,11,123,'0.00','',8,1494922427,8,1494947036),(155,11,124,'0.00','',8,1494922427,8,1494947036),(156,11,125,'0.00','',8,1494922427,8,1494947036),(157,11,126,'0.00','',8,1494922427,8,1494947036),(158,11,127,'0.00','',8,1494922428,8,1494947036),(159,11,128,'0.00','',8,1494922428,8,1494947036),(160,11,129,'0.00','',8,1494922428,8,1494947036),(161,11,130,'0.00','',8,1494922428,8,1494947036),(162,11,131,'0.00','',8,1494943185,8,1494947036),(163,11,132,'0.00','',8,1494943185,8,1494947036),(164,11,133,'0.00','',8,1494943185,8,1494947036),(165,11,134,'0.00','',8,1494943185,8,1494947036),(166,11,135,'0.00','',8,1494943185,8,1494947036),(167,11,136,'0.00','',8,1494943186,8,1494947036),(168,11,137,'0.00','',8,1494943186,8,1494947036),(169,11,138,'0.00','',8,1494943186,8,1494947036),(170,11,139,'0.00','',8,1494943186,8,1494947036),(171,11,140,'0.00','',8,1494943186,8,1494947036),(172,11,141,'0.00','',8,1494943186,8,1494947036),(173,11,142,'0.00','',8,1494943186,8,1494947036),(174,11,143,'0.00','',8,1494943186,8,1494947036),(175,11,144,'0.00','',8,1494943516,8,1494947036),(176,11,145,'0.00','',8,1494943517,8,1494947036),(177,11,146,'0.00','',8,1494943517,8,1494947036),(178,11,147,'0.00','',8,1494943517,8,1494947036),(179,11,148,'0.00','',8,1494943517,8,1494947036),(180,11,149,'0.00','',8,1494943517,8,1494947037),(181,11,150,'0.00','',8,1494943517,8,1494947037),(182,11,151,'0.00','',8,1494943517,8,1494947037),(183,11,152,'0.00','',8,1494943517,8,1494947037),(184,11,153,'0.00','',8,1494943517,8,1494947037),(185,11,154,'0.00','',8,1494943517,8,1494947037),(186,11,155,'0.00','',8,1494943517,8,1494947037),(187,11,156,'0.00','',8,1494943517,8,1494947037),(188,11,157,'0.00','',8,1494943517,8,1494947037),(189,11,158,'0.00','',8,1494943517,8,1494947037),(190,11,159,'0.00','',8,1494943517,8,1494947037),(191,11,160,'0.00','',8,1494943517,8,1494947037),(192,11,161,'0.00','',8,1494943517,8,1494947037),(193,11,162,'0.00','',8,1494943517,8,1494947037),(194,11,163,'0.00','',8,1494943517,8,1494947037),(195,11,164,'0.00','',8,1494943517,8,1494947037),(196,11,165,'0.00','',8,1494943517,8,1494947037),(197,11,166,'0.00','',8,1494943517,8,1494947037),(198,11,167,'0.00','',8,1494944132,8,1494947037),(199,11,168,'0.00','',8,1494944133,8,1494947037),(200,11,169,'0.00','',8,1494944133,8,1494947037),(201,11,170,'0.00','',8,1494944133,8,1494947037),(202,11,171,'0.00','',8,1494944133,8,1494947037),(203,11,172,'0.00','',8,1494944133,8,1494947037),(204,11,173,'0.00','',8,1494944133,8,1494947037),(205,11,174,'0.00','',8,1494944133,8,1494947037),(206,11,175,'0.00','',8,1494944133,8,1494947037),(207,11,176,'0.00','',8,1494944515,8,1494947037),(216,11,185,'0.00','',8,1494946813,8,1494947037),(217,11,186,'0.00','',8,1494946813,8,1494947037),(218,11,187,'0.00','',8,1494946813,8,1494947037),(219,11,188,'0.00','',8,1494946814,8,1494947037),(220,11,189,'0.00','',8,1494946814,8,1494947037),(221,11,190,'0.00','',8,1494946814,8,1494947037),(222,11,191,'0.00','',8,1494946814,8,1494947037),(223,11,192,'0.00','',8,1494946814,8,1494947037),(224,12,193,'0.00',NULL,8,1494951182,8,1494951182),(225,12,194,'0.00',NULL,8,1494951182,8,1494951182),(226,12,195,'0.00',NULL,8,1494951182,8,1494951182),(227,12,196,'0.00',NULL,8,1494953792,8,1494953792),(228,12,197,'0.00',NULL,8,1494953792,8,1494953792),(229,12,198,'0.00',NULL,8,1494953793,8,1494953793),(230,12,199,'0.00',NULL,8,1494953793,8,1494953793),(231,12,200,'0.00',NULL,8,1494953793,8,1494953793),(232,12,201,'0.00',NULL,8,1494953793,8,1494953793),(233,12,202,'0.00',NULL,8,1494953832,8,1494953832),(234,12,203,'0.00',NULL,8,1494953832,8,1494953832),(235,12,204,'0.00',NULL,8,1494953832,8,1494953832),(236,12,205,'0.00',NULL,8,1494953870,8,1494953870),(237,12,206,'0.00',NULL,8,1494953870,8,1494953870),(238,12,207,'0.00',NULL,8,1494953870,8,1494953870),(239,12,208,'0.00',NULL,8,1494953982,8,1494953982),(240,12,209,'0.00',NULL,8,1494953982,8,1494953982),(241,12,210,'0.00',NULL,8,1494953982,8,1494953982),(242,12,211,'0.00',NULL,8,1494953982,8,1494953982),(243,12,212,'0.00',NULL,8,1494953982,8,1494953982),(244,12,213,'0.00',NULL,8,1494953983,8,1494953983),(245,12,214,'0.00',NULL,8,1494953983,8,1494953983),(246,12,215,'0.00',NULL,8,1494953983,8,1494953983),(247,12,216,'0.00',NULL,8,1494953983,8,1494953983),(248,12,217,'0.00',NULL,8,1494953983,8,1494953983),(249,12,218,'0.00',NULL,8,1494953983,8,1494953983),(250,12,219,'0.00',NULL,8,1494954101,8,1494954101),(251,12,220,'0.00',NULL,8,1494954101,8,1494954101),(252,12,221,'0.00',NULL,8,1494954101,8,1494954101),(253,12,222,'0.00',NULL,8,1494954101,8,1494954101),(254,12,223,'0.00',NULL,8,1494954101,8,1494954101),(255,12,224,'0.00',NULL,8,1494954101,8,1494954101),(256,12,225,'0.00',NULL,8,1494954101,8,1494954101),(257,12,226,'0.00',NULL,8,1494954101,8,1494954101),(258,14,227,'0.00',NULL,8,1494954278,8,1494954278),(259,14,228,'0.00',NULL,8,1494954278,8,1494954278),(260,14,229,'0.00',NULL,8,1494954291,8,1494954291),(261,14,230,'0.00',NULL,8,1494954320,8,1494954320),(262,14,231,'0.00',NULL,8,1494954320,8,1494954320),(263,14,232,'0.00',NULL,8,1494954320,8,1494954320),(264,14,233,'0.00',NULL,8,1494954406,8,1494954406),(265,14,234,'0.00',NULL,8,1494954406,8,1494954406),(266,14,235,'0.00',NULL,8,1494954406,8,1494954406),(267,14,236,'0.00',NULL,8,1494954406,8,1494954406),(268,14,237,'0.00',NULL,8,1494954406,8,1494954406),(269,14,238,'0.00',NULL,8,1494954406,8,1494954406),(270,14,239,'0.00',NULL,8,1494954406,8,1494954406),(271,14,240,'0.00',NULL,8,1494954406,8,1494954406),(272,14,241,'0.00',NULL,8,1494954406,8,1494954406),(273,14,242,'0.00',NULL,8,1494954406,8,1494954406),(274,14,243,'0.00',NULL,8,1494954406,8,1494954406),(275,14,244,'0.00',NULL,8,1494954592,8,1494954592),(276,14,245,'0.00',NULL,8,1494954592,8,1494954592),(277,14,246,'0.00',NULL,8,1494954592,8,1494954592),(278,14,247,'0.00',NULL,8,1494954592,8,1494954592),(279,14,248,'0.00',NULL,8,1494954592,8,1494954592),(280,14,249,'0.00',NULL,8,1494954593,8,1494954593),(281,14,250,'0.00',NULL,8,1494954593,8,1494954593),(282,14,251,'0.00',NULL,8,1494954593,8,1494954593),(283,14,252,'0.00',NULL,8,1494954593,8,1494954593),(284,14,253,'0.00',NULL,8,1494954593,8,1494954593),(285,14,254,'0.00',NULL,8,1494954593,8,1494954593),(286,14,255,'0.00',NULL,8,1494954593,8,1494954593),(287,14,256,'0.00',NULL,8,1494954593,8,1494954593),(288,14,257,'0.00',NULL,8,1494954593,8,1494954593),(289,14,258,'0.00',NULL,8,1494954593,8,1494954593),(290,14,259,'0.00',NULL,8,1494954593,8,1494954593),(291,14,260,'0.00',NULL,8,1494954593,8,1494954593),(292,14,261,'0.00',NULL,8,1494954593,8,1494954593),(293,14,262,'0.00',NULL,8,1494954593,8,1494954593),(294,16,263,'0.00',NULL,8,1494957618,8,1494957618),(295,16,264,'0.00',NULL,8,1494957618,8,1494957618),(296,16,265,'0.00',NULL,8,1494957618,8,1494957618),(297,16,266,'0.00',NULL,8,1494957710,8,1494957710),(305,16,274,'0.00',NULL,8,1494957969,8,1494957969),(306,16,275,'0.00',NULL,8,1494957969,8,1494957969),(307,16,276,'0.00',NULL,8,1494957969,8,1494957969),(308,16,277,'0.00',NULL,8,1494957969,8,1494957969),(309,16,278,'0.00',NULL,8,1494957969,8,1494957969),(310,16,279,'0.00',NULL,8,1494957969,8,1494957969),(311,16,280,'0.00',NULL,8,1494957969,8,1494957969),(312,16,281,'0.00',NULL,8,1494957969,8,1494957969),(313,16,282,'0.00',NULL,8,1494957969,8,1494957969),(314,16,283,'0.00',NULL,8,1494957969,8,1494957969),(315,16,284,'0.00',NULL,8,1494957969,8,1494957969),(316,16,285,'0.00',NULL,8,1494958003,8,1494958003),(317,16,286,'0.00',NULL,8,1494958088,8,1494958088),(318,16,287,'0.00',NULL,8,1494958088,8,1494958088),(319,16,288,'0.00',NULL,8,1494958088,8,1494958088),(320,16,289,'0.00',NULL,8,1494958088,8,1494958088),(321,16,290,'0.00',NULL,8,1494958442,8,1494958442),(322,16,291,'0.00',NULL,8,1494958442,8,1494958442),(323,16,292,'0.00',NULL,8,1494958442,8,1494958442),(324,16,293,'0.00',NULL,8,1494958442,8,1494958442),(325,16,294,'0.00',NULL,8,1494958442,8,1494958442),(326,16,295,'0.00',NULL,8,1494958442,8,1494958442),(327,16,296,'0.00',NULL,8,1494958442,8,1494958442),(328,16,297,'0.00',NULL,8,1494958442,8,1494958442),(329,16,298,'0.00',NULL,8,1494958442,8,1494958442),(330,16,299,'0.00',NULL,8,1494958442,8,1494958442),(331,16,300,'0.00',NULL,8,1494958442,8,1494958442),(332,16,301,'0.00',NULL,8,1494960772,8,1494960772),(333,16,302,'0.00',NULL,8,1494960772,8,1494960772),(334,16,303,'0.00',NULL,8,1494960772,8,1494960772),(335,16,304,'0.00',NULL,8,1494960772,8,1494960772),(336,16,305,'0.00',NULL,8,1494960772,8,1494960772),(337,16,306,'0.00',NULL,8,1494960772,8,1494960772),(338,16,307,'0.00',NULL,8,1494960773,8,1494960773),(339,16,308,'0.00',NULL,8,1494960773,8,1494960773),(340,16,309,'0.00',NULL,8,1494960773,8,1494960773),(341,16,310,'0.00',NULL,8,1494960773,8,1494960773),(342,16,311,'0.00',NULL,8,1494960773,8,1494960773),(343,16,312,'0.00',NULL,8,1494960773,8,1494960773),(344,16,313,'0.00',NULL,8,1494960773,8,1494960773),(345,16,314,'0.00',NULL,8,1494960773,8,1494960773),(346,16,315,'0.00',NULL,8,1494960773,8,1494960773),(347,16,316,'0.00',NULL,8,1494960773,8,1494960773),(348,16,317,'0.00',NULL,8,1494960773,8,1494960773),(349,16,318,'0.00',NULL,8,1494960773,8,1494960773),(350,17,319,'0.00',NULL,8,1494960982,8,1494960982),(351,17,320,'0.00',NULL,8,1494960982,8,1494960982),(352,17,321,'0.00',NULL,8,1494960982,8,1494960982),(353,17,322,'0.00',NULL,8,1494961004,8,1494961004),(354,17,323,'0.00',NULL,8,1494961004,8,1494961004),(355,17,324,'0.00',NULL,8,1494961041,8,1494961041),(356,17,325,'0.00',NULL,8,1494961041,8,1494961041),(357,17,326,'0.00',NULL,8,1494961041,8,1494961041),(358,17,327,'0.00',NULL,8,1494961071,8,1494961071),(359,17,328,'0.00',NULL,8,1494961071,8,1494961071),(360,17,329,'0.00',NULL,8,1494961071,8,1494961071),(361,17,330,'0.00',NULL,8,1494961173,8,1494961173),(362,17,331,'0.00',NULL,8,1494961173,8,1494961173),(363,17,332,'0.00',NULL,8,1494961173,8,1494961173),(364,17,333,'0.00',NULL,8,1494961173,8,1494961173),(365,17,334,'0.00',NULL,8,1494961173,8,1494961173),(366,17,335,'0.00',NULL,8,1494961173,8,1494961173),(367,17,336,'0.00',NULL,8,1494961173,8,1494961173),(368,17,337,'0.00',NULL,8,1494961174,8,1494961174),(369,17,338,'0.00',NULL,8,1494961174,8,1494961174),(370,17,339,'0.00',NULL,8,1494961174,8,1494961174),(371,17,340,'0.00',NULL,8,1494961174,8,1494961174),(372,17,341,'0.00',NULL,8,1494961290,8,1494961290),(373,17,342,'0.00',NULL,8,1494961290,8,1494961290),(374,17,343,'0.00',NULL,8,1494961290,8,1494961290),(375,17,344,'0.00',NULL,8,1494961290,8,1494961290),(376,17,345,'0.00',NULL,8,1494961290,8,1494961290),(377,17,346,'0.00',NULL,8,1494961290,8,1494961290),(378,17,347,'0.00',NULL,8,1494961290,8,1494961290),(379,17,348,'0.00',NULL,8,1494961290,8,1494961290),(380,17,349,'0.00',NULL,8,1494961290,8,1494961290),(381,17,350,'0.00',NULL,8,1494961290,8,1494961290),(382,17,351,'0.00',NULL,8,1494961290,8,1494961290),(383,17,352,'0.00',NULL,8,1494961290,8,1494961290),(384,17,353,'0.00',NULL,8,1494961290,8,1494961290),(385,17,354,'0.00',NULL,8,1494961290,8,1494961290),(386,17,355,'0.00',NULL,8,1494961290,8,1494961290),(387,13,356,'0.00',NULL,8,1494962074,8,1494962074),(388,20,356,'0.00',NULL,8,1494962075,8,1494962075),(389,13,357,'0.00',NULL,8,1494962075,8,1494962075),(390,20,357,'0.00',NULL,8,1494962075,8,1494962075),(391,13,358,'0.00',NULL,8,1494962075,8,1494962075),(392,20,358,'0.00',NULL,8,1494962075,8,1494962075),(393,13,359,'0.00',NULL,8,1494962491,8,1494962491),(394,20,359,'0.00',NULL,8,1494962491,8,1494962491),(395,13,360,'0.00',NULL,8,1494962491,8,1494962491),(396,20,360,'0.00',NULL,8,1494962491,8,1494962491),(397,13,361,'0.00',NULL,8,1494962491,8,1494962491),(398,20,361,'0.00',NULL,8,1494962491,8,1494962491),(399,13,362,'0.00',NULL,8,1494962491,8,1494962491),(400,20,362,'0.00',NULL,8,1494962491,8,1494962491),(401,13,363,'0.00',NULL,8,1494962491,8,1494962491),(402,20,363,'0.00',NULL,8,1494962491,8,1494962491),(403,13,364,'0.00',NULL,8,1494962491,8,1494962491),(404,20,364,'0.00',NULL,8,1494962491,8,1494962491),(405,13,365,'0.00',NULL,8,1494962491,8,1494962491),(406,20,365,'0.00',NULL,8,1494962491,8,1494962491),(407,13,366,'0.00',NULL,8,1494962491,8,1494962491),(408,20,366,'0.00',NULL,8,1494962491,8,1494962491),(409,13,367,'0.00',NULL,8,1494962491,8,1494962491),(410,20,367,'0.00',NULL,8,1494962491,8,1494962491),(411,13,368,'0.00',NULL,8,1494962491,8,1494962491),(412,20,368,'0.00',NULL,8,1494962491,8,1494962491),(413,13,369,'0.00',NULL,8,1494962491,8,1494962491),(414,20,369,'0.00',NULL,8,1494962491,8,1494962491),(415,13,370,'0.00',NULL,8,1494962491,8,1494962491),(416,20,370,'0.00',NULL,8,1494962491,8,1494962491),(417,13,371,'0.00',NULL,8,1494962491,8,1494962491),(418,20,371,'0.00',NULL,8,1494962491,8,1494962491),(419,13,372,'0.00',NULL,8,1494962491,8,1494962491),(420,20,372,'0.00',NULL,8,1494962491,8,1494962491),(421,13,373,'0.00',NULL,8,1494962491,8,1494962491),(422,20,373,'0.00',NULL,8,1494962491,8,1494962491),(423,13,374,'0.00',NULL,8,1494962491,8,1494962491),(424,20,374,'0.00',NULL,8,1494962491,8,1494962491),(425,13,375,'0.00',NULL,8,1494962491,8,1494962491),(426,20,375,'0.00',NULL,8,1494962491,8,1494962491),(427,13,376,'0.00',NULL,8,1494962491,8,1494962491),(428,20,376,'0.00',NULL,8,1494962491,8,1494962491),(429,13,377,'0.00',NULL,8,1494962491,8,1494962491),(430,20,377,'0.00',NULL,8,1494962491,8,1494962491),(431,13,378,'0.00',NULL,8,1494962491,8,1494962491),(432,20,378,'0.00',NULL,8,1494962491,8,1494962491),(433,13,379,'0.00',NULL,8,1494962491,8,1494962491),(434,20,379,'0.00',NULL,8,1494962491,8,1494962491),(435,13,380,'0.00',NULL,8,1494962491,8,1494962491),(436,20,380,'0.00',NULL,8,1494962491,8,1494962491),(437,13,381,'0.00',NULL,8,1494962491,8,1494962491),(438,20,381,'0.00',NULL,8,1494962491,8,1494962491),(439,13,382,'0.00',NULL,8,1494962491,8,1494962491),(440,20,382,'0.00',NULL,8,1494962491,8,1494962491),(441,13,383,'0.00',NULL,8,1494962643,8,1494962643),(442,20,383,'0.00',NULL,8,1494962643,8,1494962643),(443,13,384,'0.00',NULL,8,1494962643,8,1494962643),(444,20,384,'0.00',NULL,8,1494962643,8,1494962643),(445,13,385,'0.00',NULL,8,1494962643,8,1494962643),(446,20,385,'0.00',NULL,8,1494962643,8,1494962643),(447,13,386,'0.00',NULL,8,1494962643,8,1494962643),(448,20,386,'0.00',NULL,8,1494962643,8,1494962643),(449,13,387,'0.00',NULL,8,1494962643,8,1494962643),(450,20,387,'0.00',NULL,8,1494962643,8,1494962643),(451,13,388,'0.00',NULL,8,1494962643,8,1494962643),(452,20,388,'0.00',NULL,8,1494962643,8,1494962643),(453,13,389,'0.00',NULL,8,1494962643,8,1494962643),(454,20,389,'0.00',NULL,8,1494962643,8,1494962643),(455,13,390,'0.00',NULL,8,1494962643,8,1494962643),(456,20,390,'0.00',NULL,8,1494962643,8,1494962643),(457,13,391,'0.00',NULL,8,1494962643,8,1494962643),(458,20,391,'0.00',NULL,8,1494962643,8,1494962643),(459,13,392,'0.00',NULL,8,1494962643,8,1494962643),(460,20,392,'0.00',NULL,8,1494962643,8,1494962643),(461,13,393,'0.00',NULL,8,1494962643,8,1494962643),(462,20,393,'0.00',NULL,8,1494962643,8,1494962643),(463,13,394,'0.00',NULL,8,1494962658,8,1494962658),(464,20,394,'0.00',NULL,8,1494962658,8,1494962658),(465,13,395,'0.00',NULL,8,1494962677,8,1494962677),(466,20,395,'0.00',NULL,8,1494962677,8,1494962677),(467,13,396,'0.00',NULL,8,1494962677,8,1494962677),(468,20,396,'0.00',NULL,8,1494962677,8,1494962677),(469,13,397,'0.00',NULL,8,1494962712,8,1494962712),(470,20,397,'0.00',NULL,8,1494962712,8,1494962712),(471,13,398,'0.00',NULL,8,1494962712,8,1494962712),(472,20,398,'0.00',NULL,8,1494962712,8,1494962712),(473,13,399,'0.00',NULL,8,1494962712,8,1494962712),(474,20,399,'0.00',NULL,8,1494962712,8,1494962712),(475,13,400,'0.00',NULL,8,1494962712,8,1494962712),(476,20,400,'0.00',NULL,8,1494962712,8,1494962712),(477,15,401,'0.00',NULL,8,1494963056,8,1494963056),(478,15,402,'0.00',NULL,8,1494963056,8,1494963056),(479,15,403,'0.00',NULL,8,1494963075,8,1494963075),(480,15,404,'0.00',NULL,8,1494963190,8,1494963190),(481,15,405,'0.00',NULL,8,1494963190,8,1494963190),(482,15,406,'0.00',NULL,8,1494963191,8,1494963191),(483,15,407,'0.00',NULL,8,1494963191,8,1494963191),(484,15,408,'0.00',NULL,8,1494963191,8,1494963191),(485,15,409,'0.00',NULL,8,1494963191,8,1494963191),(486,15,410,'0.00',NULL,8,1494963191,8,1494963191),(487,15,411,'0.00',NULL,8,1494963191,8,1494963191),(488,15,412,'0.00',NULL,8,1494963191,8,1494963191),(489,15,413,'0.00',NULL,8,1494963191,8,1494963191),(490,15,414,'0.00',NULL,8,1494963191,8,1494963191),(491,15,415,'0.00',NULL,8,1494963191,8,1494963191),(492,15,416,'0.00',NULL,8,1494963191,8,1494963191),(493,15,417,'0.00',NULL,8,1494963191,8,1494963191),(494,15,418,'0.00',NULL,8,1494963317,8,1494963317),(495,15,419,'0.00',NULL,8,1494963317,8,1494963317),(496,15,420,'0.00',NULL,8,1494963317,8,1494963317),(497,15,421,'0.00',NULL,8,1494963317,8,1494963317),(498,15,422,'0.00',NULL,8,1494963317,8,1494963317),(499,15,423,'0.00',NULL,8,1494963317,8,1494963317),(500,15,424,'0.00',NULL,8,1494963317,8,1494963317),(501,15,425,'0.00',NULL,8,1494963317,8,1494963317),(502,15,426,'0.00',NULL,8,1494963317,8,1494963317),(503,15,427,'0.00',NULL,8,1494963317,8,1494963317),(504,15,428,'0.00',NULL,8,1494963317,8,1494963317),(505,15,429,'0.00',NULL,8,1494963317,8,1494963317),(506,15,430,'0.00',NULL,8,1494963317,8,1494963317),(507,15,431,'0.00',NULL,8,1494963317,8,1494963317),(508,18,432,'0.00',NULL,8,1494963482,8,1494963482),(509,18,433,'0.00',NULL,8,1494963482,8,1494963482),(510,18,434,'0.00',NULL,8,1494963482,8,1494963482),(511,18,435,'0.00',NULL,8,1494963482,8,1494963482),(512,18,436,'0.00',NULL,8,1494963482,8,1494963482),(513,18,437,'0.00',NULL,8,1494963482,8,1494963482),(514,18,438,'0.00',NULL,8,1494963482,8,1494963482),(515,18,439,'0.00',NULL,8,1494963482,8,1494963482),(516,18,440,'0.00',NULL,8,1494963482,8,1494963482),(517,18,441,'0.00',NULL,8,1494963482,8,1494963482),(518,18,442,'0.00',NULL,8,1494963530,8,1494963530),(519,18,443,'0.00',NULL,8,1494963530,8,1494963530),(520,18,444,'0.00',NULL,8,1494963530,8,1494963530),(521,18,445,'0.00',NULL,8,1494963530,8,1494963530),(522,18,446,'0.00',NULL,8,1494963630,8,1494963630),(523,18,447,'0.00',NULL,8,1494963630,8,1494963630),(524,18,448,'0.00',NULL,8,1494963630,8,1494963630),(525,18,449,'0.00',NULL,8,1494963630,8,1494963630),(526,18,450,'0.00',NULL,8,1494963630,8,1494963630),(527,18,451,'0.00',NULL,8,1494963630,8,1494963630),(528,18,452,'0.00',NULL,8,1494963630,8,1494963630),(529,18,453,'0.00',NULL,8,1494963630,8,1494963630),(530,18,454,'0.00',NULL,8,1494963630,8,1494963630),(531,18,455,'0.00',NULL,8,1494963630,8,1494963630),(532,18,456,'0.00',NULL,8,1494963630,8,1494963630),(533,19,457,'0.00',NULL,8,1495003680,8,1495003680),(534,19,458,'0.00',NULL,8,1495003680,8,1495003680),(535,19,459,'0.00',NULL,8,1495004018,8,1495004018),(536,19,460,'0.00',NULL,8,1495004018,8,1495004018),(537,19,461,'0.00',NULL,8,1495004018,8,1495004018),(538,19,462,'0.00',NULL,8,1495004018,8,1495004018),(539,19,463,'0.00',NULL,8,1495004018,8,1495004018),(540,19,464,'0.00',NULL,8,1495004018,8,1495004018),(541,19,465,'0.00',NULL,8,1495004018,8,1495004018),(542,19,466,'0.00',NULL,8,1495004018,8,1495004018),(543,19,467,'0.00',NULL,8,1495004018,8,1495004018),(544,19,468,'0.00',NULL,8,1495004018,8,1495004018),(545,19,469,'0.00',NULL,8,1495004018,8,1495004018),(546,19,470,'0.00',NULL,8,1495004018,8,1495004018),(547,19,471,'0.00',NULL,8,1495004018,8,1495004018),(548,19,472,'0.00',NULL,8,1495004018,8,1495004018),(549,19,473,'0.00',NULL,8,1495004018,8,1495004018),(550,19,474,'0.00',NULL,8,1495004018,8,1495004018),(551,19,475,'0.00',NULL,8,1495004018,8,1495004018),(552,19,476,'0.00',NULL,8,1495004018,8,1495004018),(553,19,477,'0.00',NULL,8,1495004018,8,1495004018),(554,19,478,'0.00',NULL,8,1495004018,8,1495004018),(555,19,479,'0.00',NULL,8,1495004018,8,1495004018),(556,19,480,'0.00',NULL,8,1495004018,8,1495004018),(557,19,481,'0.00',NULL,8,1495004018,8,1495004018),(558,19,482,'0.00',NULL,8,1495004018,8,1495004018),(559,19,483,'0.00',NULL,8,1495004086,8,1495004086),(560,19,484,'0.00',NULL,8,1495004086,8,1495004086),(561,19,485,'0.00',NULL,8,1495004087,8,1495004087),(562,19,486,'0.00',NULL,8,1495004087,8,1495004087),(563,19,487,'0.00',NULL,8,1495004087,8,1495004087),(564,19,488,'0.00',NULL,8,1495004087,8,1495004087),(565,19,489,'0.00',NULL,8,1495004087,8,1495004087),(566,19,490,'0.00',NULL,8,1495004181,8,1495004181),(567,19,491,'0.00',NULL,8,1495004181,8,1495004181),(568,19,492,'0.00',NULL,8,1495004181,8,1495004181),(569,19,493,'0.00',NULL,8,1495004181,8,1495004181),(570,19,494,'0.00',NULL,8,1495004181,8,1495004181),(571,19,495,'0.00',NULL,8,1495004181,8,1495004181),(572,19,496,'0.00',NULL,8,1495004181,8,1495004181),(573,19,497,'0.00',NULL,8,1495004181,8,1495004181),(574,19,498,'0.00',NULL,8,1495004181,8,1495004181),(575,19,499,'0.00',NULL,8,1495004181,8,1495004181),(576,19,500,'0.00',NULL,8,1495004181,8,1495004181),(577,19,501,'0.00',NULL,8,1495004181,8,1495004181),(578,19,502,'0.00',NULL,8,1495004181,8,1495004181),(579,19,503,'0.00',NULL,8,1495004181,8,1495004181),(580,19,504,'0.00',NULL,8,1495004239,8,1495004239),(581,19,505,'0.00',NULL,8,1495004239,8,1495004239),(582,19,506,'0.00',NULL,8,1495004239,8,1495004239),(583,19,507,'0.00',NULL,8,1495004239,8,1495004239),(584,19,508,'0.00',NULL,8,1495004239,8,1495004239),(585,19,509,'0.00',NULL,8,1495004239,8,1495004239),(586,19,510,'0.00',NULL,8,1495004240,8,1495004240),(587,19,511,'0.00',NULL,8,1495004240,8,1495004240),(588,19,512,'0.00',NULL,8,1495004277,8,1495004277),(589,19,513,'0.00',NULL,8,1495004277,8,1495004277),(590,19,514,'0.00',NULL,8,1495004277,8,1495004277);

/*Table structure for table `bo_assessment_aspect` */

DROP TABLE IF EXISTS `bo_assessment_aspect`;

CREATE TABLE `bo_assessment_aspect` (
  `id` int(11) NOT NULL AUTO_INCREMENT,
  `bo_form_type_code` varchar(10) NOT NULL,
  `boas_aspect` text NOT NULL,
  `created_by` smallint(5) unsigned NOT NULL,
  `created_at` int(11) NOT NULL,
  `updated_by` smallint(5) unsigned NOT NULL,
  `updated_at` int(11) NOT NULL,
  PRIMARY KEY (`id`),
  KEY `FK_bo_assessment_aspect` (`bo_form_type_code`)
) ENGINE=InnoDB AUTO_INCREMENT=71 DEFAULT CHARSET=latin1;

/*Data for the table `bo_assessment_aspect` */

insert  into `bo_assessment_aspect`(`id`,`bo_form_type_code`,`boas_aspect`,`created_by`,`created_at`,`updated_by`,`updated_at`) values (5,'DRKPL','<p>PENDAHULUAN</p>',8,1494381743,8,1494384094),(6,'DRKPL','<p>SML</p>',8,1494386031,8,1494386031),(7,'DRKPL','<p>EFISIENSI ENERGI</p>',8,1494386094,8,1494386094),(8,'EE','<p>1. Kebijakan Energi </p>',8,1494671910,8,1494671910),(9,'EE','<p>2. Struktur dan Tanggung jawab </p>',8,1494671955,8,1494671955),(10,'PPLB3','<p>a. Kebijakan Pengurangan dan Pemanfaatan LB3 </p>',8,1494672763,8,1494672763),(11,'PPLB3','<p>b. Struktur dan Tanggung jawab </p>',8,1494672795,8,1494672795),(12,'PGPU','<p>1. Kebijakan Pengurangan Pencemaran Udara</p>',8,1494672937,8,1494672937),(13,'PGPU','<p>2. Struktur dan Tanggung jawab </p>',8,1494673004,8,1494673004),(14,'KA','<p>1. Kebijakan Konservasi Air </p>',8,1494673074,8,1494673074),(15,'KA','<p>2. Struktur dan Tanggung jawab </p>',8,1494673107,8,1494673107),(16,'SML','<p>Kebijakan Lingkungan </p>',8,1494673161,8,1494673161),(17,'SML','<p>Perencanaan</p>',8,1494673321,8,1494673321),(18,'PPLNB3','<p>a. Kebijakan Pengelolaan Limbah Padat Non B3 </p>',8,1494673641,8,1494673641),(19,'PPLNB3','<p>b. Struktur dan Tanggung jawab </p>',8,1494673675,8,1494673675),(20,'KH','<p>1. Kebijakan Perlindungan Keanekaragaman Hayati </p>',8,1494673773,8,1494673773),(21,'KH','<p>2. Struktur dan Tanggung jawab </p>',8,1494673814,8,1494673814),(22,'CD','<p>1. Kebijakan Community Development</p>',8,1494673847,8,1494673847),(23,'CD','<p>2. Struktur dan Tanggung Jawab</p>',8,1494673885,8,1494673885),(24,'DRKPL','<strong></strong><p><strong>PENURUNAN EMISI</strong></p>',8,1494919721,8,1494919721),(25,'DRKPL','<strong></strong><p><strong>3R Limbah B3</strong></p>',8,1494922427,8,1494922427),(26,'DRKPL','<p><strong>3R Limbah Padat Non B3</strong><strong></strong></p>',8,1494943184,8,1494943184),(27,'DRKPL','<strong></strong><p><strong>Efisiensi Air dan Penurunan Beban pencemaran air</strong></p>',8,1494943515,8,1494943515),(28,'DRKPL','<p><strong>Perlindungan dan Keanekaragaman Hayati</strong><strong></strong></p>',8,1494944132,8,1494944132),(29,'DRKPL','<p><strong>Pemberdayaan Masyarakat</strong><strong></strong></p>',8,1494944515,8,1494944515),(30,'EE','<p>3. Perencanaan </p>',8,1494951180,8,1494951180),(31,'EE','<p>4. Audit Energy </p>',8,1494953792,8,1494953792),(32,'EE','<p>5. Pelatihan/ kompetensi </p>',8,1494953832,8,1494953832),(33,'EE','<p>6. Pelaporan </p>',8,1494953870,8,1494953870),(34,'EE','<p>7. Benchmarking </p>',8,1494953982,8,1494953982),(35,'EE','<p>8. Implementasi Program </p>',8,1494954101,8,1494954101),(36,'PPLB3','<p>c. Perencanaan </p>',8,1494954277,8,1494954277),(37,'PPLB3','<p>d. Pelatihan/kompetensi </p>',8,1494954291,8,1494954291),(38,'PPLB3','<p>e. Pelaporan </p>',8,1494954319,8,1494954319),(39,'PPLB3','<p>f. Benchmarking </p>',8,1494954405,8,1494954405),(40,'PPLB3','<p>g. Implementasi Program </p>',8,1494954592,8,1494954592),(41,'PGPU','<p>3. Perencanaan </p>',8,1494957618,8,1494957618),(42,'PGPU','<p>4. Inventarisasi Emisi </p>',8,1494957710,8,1494957710),(43,'PGPU','<p>5. Pelatihan/ kompetensi </p>',8,1494958003,8,1494958003),(44,'PGPU','<p>6. Pelaporan </p>',8,1494958087,8,1494958087),(45,'PGPU','<strong></strong><p>7.Benchmarking </p>',8,1494958442,8,1494958442),(46,'PGPU','<p>8. Implementasi Program </p>',8,1494960772,8,1494960772),(47,'KA','<p>3. Perencanaan </p>',8,1494960982,8,1494960982),(48,'KA','<p>4. Pelatihan/kompetensi </p>',8,1494961004,8,1494961004),(49,'KA','<p>5. Pelaporan konservasi air</p>',8,1494961041,8,1494961041),(50,'KA','<p>6. Pelaporan penurunan beban pencemaran</p>',8,1494961071,8,1494961071),(51,'KA','<p>7. Benchmarking </p>',8,1494961173,8,1494961173),(52,'KA','<p>8. Implementasi Program </p>',8,1494961290,8,1494961290),(53,'SML','<p>3. Implementasi </p>',8,1494962491,8,1494962491),(54,'SML','<p>4. Checking and Corrective Action </p>',8,1494962643,8,1494962643),(55,'SML','<p>E. Review Oleh Manajemen</p>',8,1494962657,8,1494962657),(56,'SML','<p>F.Rentang Pengaruh </p>',8,1494962677,8,1494962677),(57,'SML','<p>G. Sertifikasi </p>',8,1494962712,8,1494962712),(58,'PPLNB3','<p>c. Perencanaan </p>',8,1494963056,8,1494963056),(59,'PPLNB3','<del></del><p>d. Pelatihan/ kompetensi </p><span class=\"redactor-invisible-space\"></span>',8,1494963075,8,1494963075),(60,'PPLNB3','<p>e. Pelaporan</p>',8,1494963190,8,1494963190),(61,'PPLNB3','<p>g. Implementasi Program </p>',8,1494963317,8,1494963317),(62,'KH','<p>3. Perencanaan </p>',8,1494963482,8,1494963482),(63,'KH','<p>4. Pelaporan </p>',8,1494963530,8,1494963530),(64,'KH','<p>5. Implementasi Program </p>',8,1494963630,8,1494963630),(65,'CD','<p>3. Alokasi dana Pengembangan Masyarakat (CD)</p>',8,1495003680,8,1495003680),(66,'CD','<p>4. Perencanaan</p>',8,1495004017,8,1495004017),(67,'CD','<p>5. Implementasi</p>',8,1495004086,8,1495004086),(68,'CD','<p>6. Monitoring dan evaluasi</p>',8,1495004181,8,1495004181),(69,'CD','<p>7. Hubungan sosial (internal dan eksternal)</p>',8,1495004239,8,1495004239),(70,'CD','<p>8. Publikasi dan penghargaan</p>',8,1495004277,8,1495004277);

/*Table structure for table `boas_criteria` */

DROP TABLE IF EXISTS `boas_criteria`;

CREATE TABLE `boas_criteria` (
  `id` int(11) NOT NULL AUTO_INCREMENT,
  `bo_assessment_aspect_id` int(11) NOT NULL,
  `boas_description` text,
  `boas_value` decimal(4,2) NOT NULL,
  `created_by` smallint(5) unsigned NOT NULL,
  `created_at` int(11) NOT NULL,
  `updated_by` smallint(5) unsigned NOT NULL,
  `updated_at` int(11) NOT NULL,
  PRIMARY KEY (`id`),
  KEY `FK_boas_criteria` (`bo_assessment_aspect_id`),
  CONSTRAINT `FK_boas_criteria` FOREIGN KEY (`bo_assessment_aspect_id`) REFERENCES `bo_assessment_aspect` (`id`) ON DELETE CASCADE ON UPDATE CASCADE
) ENGINE=InnoDB AUTO_INCREMENT=515 DEFAULT CHARSET=latin1;

/*Data for the table `boas_criteria` */

insert  into `boas_criteria`(`id`,`bo_assessment_aspect_id`,`boas_description`,`boas_value`,`created_by`,`created_at`,`updated_by`,`updated_at`) values (16,5,'<p><strong></strong></p><p><strong>1. Profil Perusahaan</strong></p>','0.50',8,1494382659,8,1494384083),(18,6,'<strong></strong><p><strong>1. Status SML<br></strong></p><p><strong></strong>Penjelasan singkat status sertifikasi SML, deskripsi harus dapat memberikan penjelasan mengenai :<br></p><p>a. Apakah SML sudah tersertifikasi oleh badan sertifiaksi<span class=\"redactor-invisible-space\"><br></span></p><p><span class=\"redactor-invisible-space\">b. Badan apa yang mensertifiaksi<span class=\"redactor-invisible-space\"><br></span></span></p><p><span class=\"redactor-invisible-space\"><span class=\"redactor-invisible-space\">c. Kapan disertifikasi dan apakah masih berlaku</span></span><strong><span class=\"redactor-invisible-space\"><span class=\"redactor-invisible-space\"><span class=\"redactor-invisible-space\"></span></span></span></strong></p>','0.50',8,1494386033,8,1494386033),(19,6,'<strong></strong><p><strong>2. Ruang Linkup SML<br></strong></p><p><strong></strong>Menjelaskan secara singkat mengenai ruamg lingkup SML, apakah mencakup seluruh proses produksi yang dinilai Proper atau hanya sebgaian saja<strong></strong></p>','0.50',8,1494386033,8,1494386033),(20,7,'<p><strong></strong></p><p><strong>1. Menjelaskan status pemakaian energi :<br></strong></p><p><strong></strong>a. Total pemakaian energi di unit bisnis yang dinilai dalam proper<strong></strong><strong><span class=\"redactor-invisible-space\"><span class=\"redactor-invisible-space\"><span class=\"redactor-invisible-space\"></span></span></span></strong></p>','0.50',8,1494386096,8,1494386259),(28,8,'<p>1. Memiliki kebijakan tertulis tentang efisiensi energi </p>','2.00',8,1494671910,8,1494672342),(29,9,'<p>a.Memiliki manager energi yang mempunyai tugas dan tanggung jawab untuk melaksanakan management energi.</p>','2.00',8,1494671955,8,1494672316),(30,9,'<p>b.Memiliki tim yang bertugas melakukan managemen energi </p>','2.00',8,1494671955,8,1494672316),(31,10,'<p>Memiliki kebijakan tertulis tentang pemanfaatan limbah B3 </p>','2.00',8,1494672763,8,1494672763),(32,11,'<p>Menyediakan sumber daya yang memadai untuk melaksanakan pemanfaatan limbah B3 </p><p>1) Manusia (personil memiliki latar belakang pendidikan pelatihan yang relevan dengan pelaksanaan pemanfaatan limbah B3). </p>','2.00',8,1494672795,8,1494672795),(33,11,'<p>2) Dapat menunjukkan ketersediaan dana untuk pelaksanaan pemanfaatan limbah B3 selama minimal 2 tahun berturut-turut. </p>','2.00',8,1494672795,8,1494672795),(34,12,'<p>Memiliki kebijakan tertulis tentang pengurangan pencemaran udara </p>','1.00',8,1494672937,8,1494672937),(35,12,'<p>b. Gas Rumah Kaca </p>','1.00',8,1494672938,8,1494672938),(36,13,'<p>a. Memiliki tim dengan kewenangan, tanggung jawab dan akuntabilitas yang jelas untuk melaksanakan pengurangan pencemar udara.</p>','0.50',8,1494673004,8,1494673004),(37,13,'<p> b. Menyediakan sumber daya yang memadai untuk melaksanakan pengurangan pencemar udara : <br>i) Manusia (personil memiliki latar belakang pendidikan dan pelatihan yang relevan dengan pelaksanaan pengurangan pencemar udara). </p>','0.50',8,1494673004,8,1494673033),(38,13,'<p>ii) Dapat menunjukkan ketersediaan dana untuk pelaksanaan pengurangan pencemar udara selama minimal 2 tahun berturutturut. </p>','0.50',8,1494673004,8,1494673004),(39,14,'<p>Memiliki kebijakan tertulis tentang konservasi air </p>','1.00',8,1494673075,8,1494673075),(40,15,'<p>Menyediakan sumber daya yang memadai untuk melaksanakan konservasi air: </p><p>a) Manusia (personil memiliki latar belakang pendidikan dan pelatihan yang relevan dengan pelaksanaan konservasi air). </p>','1.00',8,1494673107,8,1494673107),(41,15,'<p>b) Dapat menunjukkan ketersediaan dana untuk pelaksanaan konservasi air selama minimal 2 tahun berturut-turut. </p>','1.00',8,1494673107,8,1494673107),(42,16,'<p>1. Kebijakan lingkungan mempertimbangkan karakteristik, skala dan dampak dari kegiatan. </p>','1.00',8,1494673161,8,1494673161),(43,16,'<p>2. Kebijakan lingkungan mencakup komitmen untuk perbaikan terus menerus dan pencegahan pencemaran (pollution prevention). </p>','1.00',8,1494673161,8,1494673161),(44,16,'<p>3. Kebijakan Lingkungan mencakup komitmen untuk taat terhadap peraturan lingkungan </p>','1.00',8,1494673161,8,1494673161),(45,16,'<p>4. Kebijakan lingkungan tercermin dalam penetapan tujuan dan sasaran lingkungan. </p>','1.00',8,1494673161,8,1494673161),(46,16,'<p>5. Terdapat bukti yang menunjukkan bahwa kebijakan lingkungan ditandatangani oleh pucuk pimpinan, dikomunikasikan kepada semua orang yang bekerja pada atau atas nama organisasi dan tersedia bagi masyarakat luas. </p>','1.00',8,1494673161,8,1494673161),(47,17,'<p><strong></strong></p><p><strong></strong></p><p><strong>1. Aspek Lingkungan <br></strong></p><p>a) Dapat menunjukkan bahwa aspek lingkungan telah dilakukan secara terstruktur dengan mempertimbangkan dampak dari kegiatan, produk atau jasa yang dihasilkan organisasi.<br><strong></strong></p>','1.00',8,1494673321,8,1494674091),(48,17,'<p>b) Dapat menyebutkan aspek lingkungan utama yang sedang dikelola minimal selama 2 tahun terakhir. </p>','1.00',8,1494673321,8,1494673321),(49,17,'<p>c) Dapat menunjukkan bahwa proses penetapan aspek lingkungan didokumentasikan dan dipelihara kemutakhirannya. </p>','1.00',8,1494673321,8,1494673321),(50,17,'<p><strong></strong></p><p><strong></strong></p><p><strong>2. Pemenuhan Peraturan <br></strong></p><p>a. Perusahaan telah menggunakan peraturan terbaru untuk mengukur ketaatannya dalam: </p><p> a) Pengendalian pencemaran air </p><p><strong></strong></p>','1.00',8,1494673321,8,1494674091),(51,17,'<p> b) Pengendalian pencemaran udara </p>','1.00',8,1494673321,8,1494673321),(52,17,'<p> c) Pengelolaan limbah B3 </p>','1.00',8,1494673321,8,1494673321),(53,17,'<p>b) Perusahaan telah memasukkan hasil temuan PROPER sebagai salah satu penetapan aspek lingkungan yang perlu dikelola. </p>','1.00',8,1494673321,8,1494673321),(55,17,'<p><strong>3. Tujuan dan sasaran </strong><br></p><p>a) Perusahaan telah menetapkan tujuan dan sasaran lingkungan secara kualitatif terhadap aspek-aspek lingkungan utama sebagaimana tercantum dalam angka a. 2).</p>','1.00',8,1494673321,8,1494674091),(56,17,'<p>b) Memiliki rencana strategis (jangka panjang) untuk mencapai tujuan dan sasaran. </p>','1.00',8,1494673321,8,1494673321),(57,17,'<p>c) Dapat menunjukkan bukti bahwa tujuan dan sasaran, salah satunya, ditetapkan berdasarkan masukan dari masyarakat atau dari pemerintah atau dari konsumen perusahaan. </p>','1.00',8,1494673321,8,1494673321),(58,17,'<p>d) Tujuan dan sasaran yang ditetapkan mencerminkan penerapan prinsip pencegahan pencemaran/ kerusakan lingkungan (pollution prevention). </p>','1.00',8,1494673321,8,1494673321),(59,18,'<p>a. Memiliki kebijakan tertulis tentang pemanfaatan sampah. </p>','2.00',8,1494673641,8,1494673641),(60,19,'<p>Menyediakan sumber daya yang memadai untuk melaksanakan pemanfaatan sampah </p><p>1) Manusia (personil memiliki latar belakang pendidikan dan pelatihan yang relevan dengan pelaksanaan pemanfaatan sampah). </p>','2.00',8,1494673675,8,1494673675),(61,19,'<p>2) Dapat menunjukkan ketersediaan dana untuk pelaksanaan pemanfaatan sampah selama minimal 2 tahun berturut-turut. </p>','2.00',8,1494673675,8,1494673675),(62,20,'<p>Memiliki kebijakan Perlindungan Keanekaragaman Hayati </p>','2.00',8,1494673773,8,1494673773),(63,21,'<p>Memiliki unit yang menangani perlindungan keanekaragaman hayati: </p><p>a) Manusia (personil memiliki latar belakang pendidikan dan pelatihan yang relevan dengan perlindungan keanekaragaman hayati). </p>','2.00',8,1494673815,8,1494673815),(64,21,'<p>b) Dapat menunjukkan ketersediaan dana untuk pelaksanaan perlindungan keanekaragaman hayati selama minimal 2 tahun </p>','2.00',8,1494673815,8,1494673815),(65,21,'<p>c) Memiliki kerjasama dengan lembaga/organisasi yang menangani perlindungan keanekaragaman hayati </p>','2.00',8,1494673815,8,1494673815),(66,22,'<p>a. Terdapat kebijakan tertulis perusahaan mengenai penegmbangan masyarakat (CD) di Unit yang dinilai</p>','2.00',8,1494673847,8,1494673847),(67,22,'<p>b. Terdapat sistem tata kelola program Pengembangan Masyarakat (CD)</p>','1.00',8,1494673847,8,1494673847),(68,23,'<p>a. Terdapat struktur yang secara tertulis memiliki tugas dan fungsi khusus untuk melaksanakan Pengembangan Masyarakat (CD) </p>','5.00',8,1494673885,8,1494673885),(69,23,'<p>b.Kualifikasi sumberdaya manusia yang melaksanakan pengembangan masyarakat (tingkat pendidikan dan pelatihan yang relevan dengan pengembangan masyarakat/CD)</p>','3.00',8,1494673885,8,1494673885),(70,23,'<p>c. Rasio jumlah sumberdaya manusia di Unit/bagian yang khusus melaksanakan pengembangan masyarakat (CD) dengan seluruh sumberdaya manusia di Unit yang dinilai </p>','0.50',8,1494673885,8,1494673885),(71,5,'<p><strong></strong></p><p><strong>2. Menjelaskan secara singkat argumentasi yang menjelaskan mengapa perusahaan berhak mendapatkan peringkat hijau dan emas<br></strong></p><p><strong></strong>a. Keunggulan perusahaan<br></p><p>b. Pencapaian yang telah diperoleh<br></p><p>c. Hal hal yang membedakan perusahaan dengan perusahaan lain yang sejenis<strong><span class=\"redactor-invisible-space\"></span></strong></p>','0.50',8,1494917712,8,1494917730),(89,7,'<p>b. Pemakaian energi untuk proses produksi/jasa yang dihasilkan</p>','0.50',8,1494919342,8,1494919342),(90,7,'<p>c. Pemakaian energi untuk fasilitas pendukung yang tidak berkaitan dengan proses produksi dan jasa yang dihasilkan</p>','0.50',8,1494919342,8,1494919342),(91,7,'<p>d. Rasio hasil efisiensi energi yang dilaporkan dalam Proper dengan total pemakaian energi</p>','0.50',8,1494919342,8,1494919342),(92,7,'<strong></strong><p><strong>2. ADISIONALITAS</strong></p><p>Menjelaskan apakah dari kegiatan efisiensi yang dilaporkan memenuhi aspek aspek additionalitas berdasarkan kriteria :<span class=\"redactor-invisible-space\"><br></span></p><p><span class=\"redactor-invisible-space\">a. Penilaian kewajiban yang diatur dalam peraturan<span class=\"redactor-invisible-space\"><br></span></span></p><p><span class=\"redactor-invisible-space\"><span class=\"redactor-invisible-space\">b. Penilaian praktik umum<span class=\"redactor-invisible-space\"><br></span></span></span></p><p><span class=\"redactor-invisible-space\"><span class=\"redactor-invisible-space\"><span class=\"redactor-invisible-space\">c. Penilaian hambatan pelaksanaan investasi<span class=\"redactor-invisible-space\"><br></span></span></span></span></p><p><span class=\"redactor-invisible-space\"><span class=\"redactor-invisible-space\"><span class=\"redactor-invisible-space\"><span class=\"redactor-invisible-space\">d. Penilaian investasi<span class=\"redactor-invisible-space\"></span></span></span></span></span></p>','6.00',8,1494919342,8,1494919342),(93,7,'<strong></strong><p><strong>3. INOVASI</strong></p><p>Menjelaskan aapakah dari kegiatan yang dilakukan memenuhi aspek aspek inovasi :<br></p><p><strong>a. Dimensi desain<span class=\"redactor-invisible-space\"></span></strong><strong><br></strong></p><p>i. Penambahan komponen membangun alat/sistem tambahan untuk mengurangi dampak negatif terhadap lingkungan<br><strong></strong></p>','0.50',8,1494919342,8,1494919342),(94,7,'<p>ii. Perubahan subsistem memberikan kontribusi perbaikan kinerja dari subsistem untuk mengurangi dampak negatif terhadap lingkungan, misalnya penerapan eco-efisiensi dan optimasi dar suatu subsistem</p>','0.50',8,1494919342,8,1494919342),(95,7,'<p>iii. Perubahan sistem melakukan redesain keseluruhan sistem sehingga dampak terhadap ekosistem dapat dihilangkan atau dikurangi</p>','0.50',8,1494919342,8,1494919342),(96,7,'<p><strong>b. Dimensi pengguna</strong><strong><br></strong></p><p>i. Pengembangan inovasi berasal dari perusahaan sendiri<br><strong></strong></p>','0.50',8,1494919342,8,1494919342),(97,7,'<p>ii. Penerimaan menyebabkan perubahan perilaku, praktek dan proses, di pengguna</p>','0.50',8,1494919342,8,1494919342),(98,7,'<p><strong>c. Dimensi Produk service</strong><strong></strong><br></p><p>i. Perubahan dalam pelayanan produk hasil kegiatan memberikan nilai tambah bagi konsumen atau pengguna dan memberikan keuntungan kompetitif terhadap alternatif kegiatan lainnya selain menurunkan dampak terhadap lingkungan<br></p>','1.50',8,1494919342,8,1494919342),(99,7,'<p>ii. Perubahan dalam rantai nila (value chain) menyebabkan perubahan dalam keseluruhan rantai nilai produksi, konsumsi, pelayanan konsumen, dan pembuangan produk </p>','3.00',8,1494919342,8,1494919342),(100,7,'<strong></strong><p><strong>4. HASIL ABSOLUT<br></strong></p><p><strong></strong>Hasil absolut efisiensi energi selama 4 tahun terakhir yang dinyatakan dengan unit energi yang sama<strong></strong></p>','4.00',8,1494919342,8,1494919342),(101,7,'<p><strong>5. INTENSITAS </strong>Pemakaian energi per produk atau jasa yang dihasilkan</p>','0.50',8,1494919342,8,1494919342),(102,7,'<p><strong>6. Posisi Intensitas </strong>pemakaian energi dibandingkan dengan industri sejenis</p>','1.00',8,1494919342,8,1494919342),(103,24,'<strong></strong><p><strong>1. Menjelaskan status emisi yang dihasilkan :</strong><strong><br></strong></p><p>a. total emisi yang dihasilkan unit bisnis yang dinilai dalam proper, termasuk didalamnya adalah emisi, parameter kriteria, dan gas rumah kaca</p>','0.50',8,1494919723,8,1494919723),(104,24,'<p>b. Total emisi yang berkaitan dengan proses produksi/ jasa yang dihasilkan </p>','0.50',8,1494919723,8,1494919723),(105,24,'<p>c. Total emisi yang berkaitan dengan fasilitas pendukung yang tidak berkaitan dengan proses produksi dan jasa yang dihasilkan </p>','0.50',8,1494919723,8,1494919723),(106,24,'<p>d. Rasio hasil penurunan emisi yang dilaporkan dalam PROPER dengan total emisi yang dihasilkan</p>','0.50',8,1494919723,8,1494919723),(107,24,'<p><strong>2. ADISIONALITAS</strong><strong><br></strong></p><p>Menjelaskan apakah dari kegiatan pnurunan emisi yang dilaporkan memenuhi aspek aspek additionalitas berdasarkan kriteria :<br></p><p>a. Penilaian kewajiban yang diatur dalam peraturan<span class=\"redactor-invisible-space\"><br></span></p><p><span class=\"redactor-invisible-space\">b. Penilaian praktik umum<span class=\"redactor-invisible-space\"><br></span></span></p><p><span class=\"redactor-invisible-space\"><span class=\"redactor-invisible-space\">c. Penilaian hambatan pelaksanaan investasi<span class=\"redactor-invisible-space\"><br></span></span></span></p><p><span class=\"redactor-invisible-space\"><span class=\"redactor-invisible-space\"><span class=\"redactor-invisible-space\">d. Penilaian investasi<span class=\"redactor-invisible-space\"></span></span></span></span><br><strong></strong></p>','6.00',8,1494919723,8,1494919723),(108,24,'<strong></strong><p><strong>3. INOVASI<br></strong></p><p>Menjelaskan aapakah dari kegiatan yang dilakukan memenuhi aspek aspek inovasi :<span class=\"redactor-invisible-space\"><br></span></p><p><strong>a. Dimensi desain</strong><strong><br></strong></p><p><span class=\"redactor-invisible-space\">i. Penambahan komponen membangun alat/sistem tambahan untuk mengurangi dampak negatif terhadap lingkungan<span class=\"redactor-invisible-space\"></span></span><br><span class=\"redactor-invisible-space\"></span></p>','0.50',8,1494919723,8,1494919723),(109,24,'<p>ii. Perubahan subsistem memberikan kontribusi perbaikan kinerja dari subsistem untuk mengurangi dampak negatif terhadap lingkungan, misalnya penerapan eco-efisiensi dan optimasi dar suatu subsistem</p>','0.50',8,1494919723,8,1494919723),(110,24,'<p>iii. Perubahan sistem melakukan redesain keseluruhan sistem sehingga dampak terhadap ekosistem dapat dihilangkan atau dikurangi</p>','0.50',8,1494919723,8,1494919723),(111,24,'<strong></strong><p><strong>b. Dimensi pengguna<br></strong></p><p>i. Pengembangan inovasi berasal dari perusahaan sendiri<span class=\"redactor-invisible-space\"><br></span></p>','0.50',8,1494919723,8,1494919723),(112,24,'<p>ii. Penerimaan menyebabkan perubahan perilaku, praktek dan proses, di pengguna</p>','0.50',8,1494919724,8,1494919724),(113,24,'<strong></strong><p><strong>c. Dimensi Produk service<br></strong></p><p>i. Perubahan dalam pelayanan produk hasil kegiatan memberikan nilai tambah bagi konsumen atau pengguna dan memberikan keuntungan kompetitif terhadap alternatif kegiatan lainnya selain menurunkan dampak terhadap lingkungan<span class=\"redactor-invisible-space\"><br></span></p>','1.50',8,1494919724,8,1494919724),(114,24,'<p>ii. Perubahan dalam rantai nila (value chain) menyebabkan perubahan dalam keseluruhan rantai nilai produksi, konsumsi, pelayanan konsumen, dan pembuangan produk </p>','3.00',8,1494919724,8,1494919724),(115,24,'<strong></strong><p><strong>4. HASIL ABSOLUT<br></strong></p><p><strong></strong>Hasil absolut penurunan emisi selama 4 tahun terakhir yang dinyatakan dengan unit energi yang sama<strong></strong></p>','4.00',8,1494919724,8,1494919724),(116,24,'<p><strong>5. INTENSITAS</strong> emisi yang dihasilkan dibandingkan dengan produk atau jasa yang dihasilkan</p>','0.50',8,1494919724,8,1494919724),(117,24,'<p><strong>6. Posisi Intensitas</strong> penurunan emisi dibandingkan dengan industri sejenis</p>','1.00',8,1494919724,8,1494919724),(118,25,'<p><strong>1. Menjelaskan Jumlah Limbah B3 yang dihasilkan :</strong><strong></strong><br></p><p>a. total limbah B3 yang dihasilkan unit bisnis yang dinilai dalam proper<br></p>','0.50',8,1494922427,8,1494922427),(119,25,'<p>b. Rasio hasil 3R yang dilaporkan dalam Proper dengan total limbah B3 yang dihasilkan </p>','0.50',8,1494922427,8,1494922427),(120,25,'<strong></strong><p><strong>2. ADISIONALITAS</strong></p><p><strong></strong>Menjelaskan apakah dari kegiatan3R limbah B3 yang dilaporkan memenuhi aspek aspek additionalitas berdasarkan kriteria :<strong><br></strong></p><p>a. Penilaian kewajiban yang diatur dalam peraturan<br></p><p>b. Penilaian praktik umum<span class=\"redactor-invisible-space\"><br></span></p><p><span class=\"redactor-invisible-space\">c. Penilaian hambatan pelaksanaan investasi<span class=\"redactor-invisible-space\"><br></span></span></p><p><span class=\"redactor-invisible-space\"><span class=\"redactor-invisible-space\">d. Penilaian investasi<span class=\"redactor-invisible-space\"></span></span></span><br><strong></strong></p>','6.00',8,1494922427,8,1494922427),(121,25,'<p><strong>3. INOVASI</strong><strong><br></strong></p><p>Menjelaskan aapakah dari kegiatan yang dilakukan memenuhi aspek aspek inovasi :<br></p><p><strong>a. Dimensi desain</strong><br></p><p>i. Penambahan komponen membangun alat/sistem tambahan untuk mengurangi dampak negatif terhadap lingkungan<span class=\"redactor-invisible-space\"></span><br><strong></strong></p>','0.50',8,1494922427,8,1494922427),(122,25,'<p>ii. Perubahan subsistem memberikan kontribusi perbaikan kinerja dari subsistem untuk mengurangi dampak negatif terhadap lingkungan, misalnya penerapan eco-efisiensi dan optimasi dar suatu subsistem</p>','0.50',8,1494922427,8,1494922427),(123,25,'<p>iii. Perubahan sistem melakukan redesain keseluruhan sistem sehingga dampak terhadap ekosistem dapat dihilangkan atau dikurangi</p>','0.50',8,1494922427,8,1494922427),(124,25,'<strong></strong><p><strong>b. Dimensi pengguna<br></strong></p><p><strong></strong>i. Pengembangan inovasi berasal dari perusahaan sendiri<strong></strong></p>','0.50',8,1494922427,8,1494922427),(125,25,'<p>ii. Penerimaan menyebabkan perubahan perilaku, praktek dan proses, di pengguna</p>','0.50',8,1494922427,8,1494922427),(126,25,'<strong></strong><p><strong>c. Dimensi Produk service<br></strong></p><p><strong></strong>i. Perubahan dalam pelayanan produk hasil kegiatan memberikan nilai tambah bagi konsumen atau pengguna dan memberikan keuntungan kompetitif terhadap alternatif kegiatan lainnya selain menurunkan dampak terhadap lingkungan<strong></strong></p>','1.50',8,1494922427,8,1494922427),(127,25,'<p>ii. Perubahan dalam rantai nila (value chain) menyebabkan perubahan dalam keseluruhan rantai nilai produksi, konsumsi, pelayanan konsumen, dan pembuangan produk </p>','3.00',8,1494922427,8,1494922427),(128,25,'<strong></strong><p><strong>4. HASIL ABSOLUT<br></strong></p><p><strong></strong>Hasil absolut pengurangan dan atau pemanfaatan limbah B3 selama 4 tahun terakhir yang dinyatakan dengan unit ton limbah B3 per tahun<strong></strong></p>','4.00',8,1494922428,8,1494922428),(129,25,'<p><strong>5. INTENSITAS </strong>limbah B3 yang dihasilkan dibandingkan dengan produk atau jasa yang dihasilkan</p>','0.50',8,1494922428,8,1494922428),(130,25,'<p><strong>6. Posisi Intensitas</strong> limbah B3 yang dihasilkan dibandingkan dengan industri sejenis<br></p>','1.00',8,1494922428,8,1494922428),(131,26,'<strong></strong><p><strong>1. Menjelaskan Jumlah Limbah padat non B3 yang dihasilkan :</strong></p><strong></strong>a. total limbah padat non B3 yang dihasilkan unit bisnis yang dinilai dalam proper<strong></strong>','0.50',8,1494943185,8,1494943185),(132,26,'<p>b. Rasio hasil 3R yang dilaporkan dalam Proper dengan total limbah padat non B3 yang dihasilkan </p>','0.50',8,1494943185,8,1494943185),(133,26,'<p><strong>2. ADISIONALITAS</strong><strong><br></strong></p><p>Menjelaskan apakah dari kegiatan 3R limpah padat non B3 yang dilaporkan memenuhi aspek aspek additionalitas berdasarkan kriteria :<span class=\"redactor-invisible-space\"><br></span></p><p><span class=\"redactor-invisible-space\">a. Penilaian kewajiban yang diatur dalam peraturan<span class=\"redactor-invisible-space\"><br></span></span></p><p><span class=\"redactor-invisible-space\"><span class=\"redactor-invisible-space\">b. Penilaian praktik umum<span class=\"redactor-invisible-space\"></span></span></span></p><p>c. Penilaian hambatan pelaksanaan investasi<br></p><p>d. Penilaian investasi<span class=\"redactor-invisible-space\"></span><br><span class=\"redactor-invisible-space\"><span class=\"redactor-invisible-space\"><span class=\"redactor-invisible-space\"></span></span></span><strong></strong></p>','6.00',8,1494943185,8,1494943185),(134,26,'<strong></strong><p><strong>3. INOVASI<br></strong></p><p><strong></strong>Menjelaskan aapakah dari kegiatan yang dilakukan memenuhi aspek aspek inovasi :<strong><br></strong></p><p><strong>a. Dimensi desain</strong><strong><br></strong></p><p><strong></strong>i. Penambahan komponen membangun alat/sistem tambahan untuk mengurangi dampak negatif terhadap lingkungan<span class=\"redactor-invisible-space\"><strong></strong></span><br><strong></strong></p>','0.50',8,1494943185,8,1494943185),(135,26,'<p>ii. Perubahan subsistem memberikan kontribusi perbaikan kinerja dari subsistem untuk mengurangi dampak negatif terhadap lingkungan, misalnya penerapan eco-efisiensi dan optimasi dar suatu subsistem</p>','0.50',8,1494943185,8,1494943185),(136,26,'<p>iii. Perubahan sistem melakukan redesain keseluruhan sistem sehingga dampak terhadap ekosistem dapat dihilangkan atau dikurangi</p>','0.50',8,1494943186,8,1494943186),(137,26,'<p><strong>b. Dimensi pengguna</strong><br></p><p>i. Pengembangan inovasi berasal dari perusahaan sendiri<br></p>','0.50',8,1494943186,8,1494943186),(138,26,'<p>ii. Penerimaan menyebabkan perubahan perilaku, praktek dan proses, di pengguna</p>','0.50',8,1494943186,8,1494943186),(139,26,'<p><strong>c. Dimensi Produk service</strong><strong><br></strong></p><p>i. Perubahan dalam pelayanan produk hasil kegiatan memberikan nilai tambah bagi konsumen atau pengguna dan memberikan keuntungan kompetitif terhadap alternatif kegiatan lainnya selain menurunkan dampak terhadap lingkungan<br><strong></strong></p>','1.50',8,1494943186,8,1494943186),(140,26,'<p>ii. Perubahan dalam rantai nila (value chain) menyebabkan perubahan dalam keseluruhan rantai nilai produksi, konsumsi, pelayanan konsumen, dan pembuangan produk </p>','3.00',8,1494943186,8,1494943186),(141,26,'<strong></strong><p><strong>4. HASIL ABSOLUT<br></strong></p><p>Hasil absolut pengurangan dan atau pemanfaatan limbah padat non B3 selama 4 tahun terakhir yang dinyatakan dengan unit ton limbah padat non B3 per tahun<br><strong></strong></p>','4.00',8,1494943186,8,1494943186),(142,26,'<p><strong>5. INTENSITAS</strong> limbah padat non B3 yang dihasilkan dibandingkan dengan produk atau jasa yang dihasilkan</p>','0.50',8,1494943186,8,1494943186),(143,26,'<p><strong>6. Posisi Intensitas </strong>limbah padat non B3yang dihasilkan dibandingkan dengan industri sejenis</p>','1.00',8,1494943186,8,1494943186),(144,27,'<strong></strong><p><strong>1. Efisiensi Air<br></strong></p><p><strong>A. Menjelaskan jumlah air yang dipakai oleh perusahaan <br></strong></p><p>i. Total air yang digunakan oleh unit bisnis yang dinilai dalam proper<br><strong></strong></p><p><strong></strong></p>','0.50',8,1494943516,8,1494943516),(145,27,'<p>ii. Total air yang digunakan untuk proses produksi/jasa yang dihasilkan</p>','0.50',8,1494943517,8,1494943517),(146,27,'<p>iii. Total iar yang digunakan untuk fasilitas pendukung yang tidak berkaitan dengan proses produksi dan jasa yang dihasilkan</p>','0.50',8,1494943517,8,1494943517),(147,27,'<p>iv. Rasio hasil 3R air yang dilaporkan dalam Proper dengan total air yang digunakan </p>','0.50',8,1494943517,8,1494943517),(148,27,'<p><strong>B. ADISIONALITAS</strong><strong><br></strong></p><p>Menjelaskan apakah dari kegiatan 3R air yang dilaporkan memenuhi aspek aspek additionalitas berdasarkan kriteria :<br></p><p>a. Penilaian kewajiban yang diatur dalam peraturan<span class=\"redactor-invisible-space\"><br></span></p><p><span class=\"redactor-invisible-space\">b. Penilaian praktik umum<span class=\"redactor-invisible-space\"></span></span></p><p>c. Penilaian hambatan pelaksanaan investas<br></p><p>d. Penilaian investasi<span class=\"redactor-invisible-space\"></span><br><span class=\"redactor-invisible-space\"><span class=\"redactor-invisible-space\"></span></span><strong></strong></p>','6.00',8,1494943517,8,1494943517),(149,27,'<p><strong>C</strong>. <strong>Hasil absolut</strong> 3R air selama 4 tahun terakhir yang dinyatakan dengan unit m3/tahun</p>','4.00',8,1494943517,8,1494943517),(150,27,'<p><strong>D. Intensitas air</strong> yang digunakan dibandingkan dengan produk atau jasa yang dihasilkan </p>','0.50',8,1494943517,8,1494943517),(151,27,'<p><strong>E. Posisi intensitas</strong> air dibandingkan dengan industri sejenis</p>','1.00',8,1494943517,8,1494943517),(152,27,'<strong></strong><p><strong>2. Penurunan Beban Pencemaran Air<br></strong></p><p>a. menjelaskan jumlah air limbah yang dihasilkan oleh perusahaan :<span class=\"redactor-invisible-space\"><br></span></p><p>i. Total air limbah yang dihasilkan oleh unit bisnis yang dinilai dlm proper<br><span class=\"redactor-invisible-space\"></span></p>','0.50',8,1494943517,8,1494943517),(153,27,'<p>ii. Total air limbah yang diahsilkan dari suatu proses produksi/jasa yang dihasilkan</p>','0.50',8,1494943517,8,1494943517),(154,27,'<p>iii. Total air limbah yang dihasilkan dari fasilitas pendukung yang tidak berkaitan dengan proses produksi dan jasa yang dihasilkan<br></p>','0.50',8,1494943517,8,1494943517),(155,27,'<p>b. Adisionalitas<br></p><p>Menjelaskan apakah dari kegiatan penurunan beban pencemaran air yang dilaporkan memenuhi aspek aspek additionalitas berdasarkan kriteria :<br></p><p>a. Penilaian kewajiban yang diatur dalam peraturan<span class=\"redactor-invisible-space\"><br></span></p><p><span class=\"redactor-invisible-space\">b. Penilaian praktik umum<span class=\"redactor-invisible-space\"><br></span></span></p><p><span class=\"redactor-invisible-space\"><span class=\"redactor-invisible-space\">c. Penilaian hambatan pelaksanaan investasi<span class=\"redactor-invisible-space\"><br></span></span></span></p><p><span class=\"redactor-invisible-space\"><span class=\"redactor-invisible-space\"><span class=\"redactor-invisible-space\">d. Penilaian investasi<span class=\"redactor-invisible-space\"></span></span></span></span><br></p>','6.00',8,1494943517,8,1494943517),(156,27,'<p>C. INOVASI<br></p><p>Menjelaskan aapakah dari kegiatan yang dilakukan memenuhi aspek aspek inovasi :<br></p><p>a. Dimensi desain<span class=\"redactor-invisible-space\"><br></span></p><p><span class=\"redactor-invisible-space\">i. Penambahan komponen membangun alat/sistem tambahan untuk mengurangi dampak negatif terhadap lingkungan<span class=\"redactor-invisible-space\"></span></span><br></p>','0.50',8,1494943517,8,1494943517),(157,27,'<p>ii. Perubahan subsistem memberikan kontribusi perbaikan kinerja dari subsistem untuk mengurangi dampak negatif terhadap lingkungan, misalnya penerapan eco-efisiensi dan optimasi dar suatu subsistem</p>','0.50',8,1494943517,8,1494943517),(158,27,'<p>iii. Perubahan sistem melakukan redesain keseluruhan sistem sehingga dampak terhadap ekosistem dapat dihilangkan atau dikurangi</p>','0.50',8,1494943517,8,1494943517),(159,27,'<p><strong>b. Dimensi pengguna</strong><strong></strong><br></p><p>i. Pengembangan inovasi berasal dari perusahaan sendiri<br></p>','0.50',8,1494943517,8,1494943517),(160,27,'<p>ii. Penerimaan menyebabkan perubahan perilaku, praktek dan proses, di pengguna</p>','0.50',8,1494943517,8,1494943517),(161,27,'<p><strong>c. Dimensi Produk service</strong><strong><br></strong></p><p>i. Perubahan dalam pelayanan produk hasil kegiatan memberikan nilai tambah bagi konsumen atau pengguna dan memberikan keuntungan kompetitif terhadap alternatif kegiatan lainnya selain menurunkan dampak terhadap lingkungan<br><strong></strong></p>','1.50',8,1494943517,8,1494943517),(162,27,'<p>ii. Perubahan dalam rantai nila (value chain) menyebabkan perubahan dalam keseluruhan rantai nilai produksi, konsumsi, pelayanan konsumen, dan pembuangan produk </p>','3.00',8,1494943517,8,1494943517),(163,27,'<p>D. Hasil absolut penurunan beban pencemaran air selama 4 tahun terakhir yang dinyatakan dengan unit m3/tahun</p>','4.00',8,1494943517,8,1494943517),(164,27,'<p>E. Intensitas air limbah yang digunakan dibandingkan dengan produk atau jasa yang dihasilkan </p>','0.50',8,1494943517,8,1494943517),(165,27,'<p>F. Rasio jumlah air yang digunakan dengan air limbah yang dihasilkan dari kegiatan produksi barang/jasa yang dihasilkan</p>','0.50',8,1494943517,8,1494943517),(166,27,'<p>G.Posisi intensitas air dibandingkan dengan industri sejenis</p>','1.00',8,1494943517,8,1494943517),(167,28,'<strong></strong><p><strong>1. Adisionalitas<br></strong></p><p>Menjelakan apakah dari kegiatan perlindungan keanekaragaman hayati yang dilaporkan memenuhi aspek aspek adisionalotas berdasarkan kriteria :<span class=\"redactor-invisible-space\"><br></span></p><p>a. Penilaian kewajiban yang diatur dalam peraturan<br></p><p>b. Penilaian praktik umum<span class=\"redactor-invisible-space\"><br></span></p><p><span class=\"redactor-invisible-space\">c. Penilaian hambatan pelaksanaan investasi<span class=\"redactor-invisible-space\"><br></span></span></p><p><span class=\"redactor-invisible-space\"><span class=\"redactor-invisible-space\">d. Penilaian investasi<span class=\"redactor-invisible-space\"></span></span></span><br><span class=\"redactor-invisible-space\"></span></p>','6.00',8,1494944132,8,1494944132),(168,28,'<strong></strong><p><strong>2. INOVASI<br></strong></p><p><strong></strong>Menjelaskan aapakah dari kegiatan yang dilakukan memenuhi aspek aspek inovasi :<strong><br></strong></p><p><strong>a. Dimensi desain</strong></p><p>i. Penambahan komponen membangun alat/sistem tambahan untuk mengurangi dampak negatif terhadap lingkungan<br><strong></strong><strong></strong></p>','0.50',8,1494944132,8,1494944132),(169,28,'<p>ii. Perubahan subsistem memberikan kontribusi perbaikan kinerja dari subsistem untuk mengurangi dampak negatif terhadap lingkungan, misalnya penerapan eco-efisiensi dan optimasi dar suatu subsistem</p>','0.50',8,1494944133,8,1494944133),(170,28,'<p>iii. Perubahan sistem melakukan redesain keseluruhan sistem sehingga dampak terhadap ekosistem dapat dihilangkan atau dikurangi</p>','0.50',8,1494944133,8,1494944133),(171,28,'<p><strong>b. Dimensi pengguna</strong><br></p><p><strong></strong>i. Pengembangan inovasi berasal dari perusahaan sendiri<strong></strong><br></p>','0.50',8,1494944133,8,1494944133),(172,28,'<p>ii. Penerimaan menyebabkan perubahan perilaku, praktek dan proses, di pengguna</p>','0.50',8,1494944133,8,1494944133),(173,28,'<strong>c. Dimensi Produk service</strong><p><strong><br></strong>i. Perubahan dalam pelayanan produk hasil kegiatan memberikan nilai tambah bagi konsumen atau pengguna dan memberikan keuntungan kompetitif terhadap alternatif kegiatan lainnya selain menurunkan dampak terhadap lingkungan</p>','1.50',8,1494944133,8,1494944133),(174,28,'<p>ii. Perubahan dalam rantai nila (value chain) menyebabkan perubahan dalam keseluruhan rantai nilai produksi, konsumsi, pelayanan konsumen, dan pembuangan produk </p>','3.00',8,1494944133,8,1494944133),(175,28,'<p>Kegiatan perlindungan keanekaragaman hayati selama 4 tahun terakhir (absolute)</p>','4.00',8,1494944133,8,1494944133),(176,29,'<p>1. Adisionalitas<br></p><p>Menjelakan apakah dari kegiatan pemberdayaan masyarakat yang dilaporkan memenuhi aspek aspek adisionalotas berdasarkan kriteria :<br></p><p>a. Penilaian kewajiban yang diatur dalam peraturan<span class=\"redactor-invisible-space\"><br></span></p><p><span class=\"redactor-invisible-space\">b. Penilaian praktik umum<span class=\"redactor-invisible-space\"><br></span></span></p><p><span class=\"redactor-invisible-space\"><span class=\"redactor-invisible-space\">c. Penilaian hambatan pelaksanaan investasi<span class=\"redactor-invisible-space\"><br></span></span></span></p><p><span class=\"redactor-invisible-space\"><span class=\"redactor-invisible-space\"><span class=\"redactor-invisible-space\">d. Penilaian investasi<span class=\"redactor-invisible-space\"></span></span></span></span><br></p>','6.00',8,1494944515,8,1494944515),(185,29,'<strong></strong><p><strong>2. INOVASI<br></strong></p><p><strong></strong>Menjelaskan aapakah dari kegiatan yang dilakukan memenuhi aspek aspek inovasi :<strong><br></strong></p><p><strong>a. Dimensi desain<br></strong></p><p><strong></strong>i. Penambahan komponen membangun alat/sistem tambahan untuk mengurangi dampak negatif terhadap lingkungan<strong></strong><strong></strong><br><strong></strong></p>','0.50',8,1494946813,8,1494946813),(186,29,'<p>ii. Perubahan subsistem memberikan kontribusi perbaikan kinerja dari subsistem untuk mengurangi dampak negatif terhadap lingkungan, misalnya penerapan eco-efisiensi dan optimasi dar suatu subsistem</p>','0.50',8,1494946813,8,1494946813),(187,29,'<p>iii. Perubahan sistem melakukan redesain keseluruhan sistem sehingga dampak terhadap ekosistem dapat dihilangkan atau dikurangi</p>','0.50',8,1494946813,8,1494946813),(188,29,'<p><strong>b. Dimensi pengguna</strong><br></p><p>i. Pengembangan inovasi berasal dari perusahaan sendiri<br></p>','0.50',8,1494946813,8,1494946813),(189,29,'<p>ii. Penerimaan menyebabkan perubahan perilaku, praktek dan proses, di pengguna</p>','0.50',8,1494946814,8,1494946814),(190,29,'<p><strong>c. Dimensi Produk service</strong><strong></strong><br></p><p>i. Perubahan dalam pelayanan produk hasil kegiatan memberikan nilai tambah bagi konsumen atau pengguna dan memberikan keuntungan kompetitif terhadap alternatif kegiatan lainnya selain menurunkan dampak terhadap lingkungan<br></p>','1.50',8,1494946814,8,1494946814),(191,29,'<p>ii. Perubahan dalam rantai nila (value chain) menyebabkan perubahan dalam keseluruhan rantai nilai produksi, konsumsi, pelayanan konsumen, dan pembuangan produk </p>','3.00',8,1494946814,8,1494946814),(192,29,'<p>3. Hasil dan dana Kegiatan selama 4 tahun terakhir (dana &amp; % keberhasilan)</p>','4.00',8,1494946814,8,1494946814),(193,30,'<p>a. Perusahaan telah memiliki rencana strategis efisiensi energi (bersifat jangka panjang) dengan menetapkan tujuan dan sasaran efisiensi energi yang relevan dengan kebijakan lingkungan </p>','2.00',8,1494951182,8,1494951182),(194,30,'<p>b. Telah menetapkan program yang jelas untuk mencapai tujuan dan sasaran lingkungan mencakup : </p><p>i) Pemberian tanggungjawab untuk mencapai tujuan dan sasaran pada fungsi dan tingkatan yang sesuai dalam organisasi tersebut. </p>','3.00',8,1494951182,8,1494951182),(195,30,'<p>ii) Cara dan jadual waktu untuk mencapai tujuan dan sasaran tersebut. </p>','5.00',8,1494951182,8,1494951182),(196,31,'<p>a. Telah melaksanakan audit energi, dengan menunjukkan adanya laporan hasil audit yang dilakukan paling lama 3 tahun terakhir. </p>','2.00',8,1494953792,8,1494953792),(197,31,'<p>b. Dapat menunjukkan Laporan Audit Energi, yang di dalamnya terdapat informasi tentang : </p><p>1) Tujuan melakukan audit </p>','1.00',8,1494953792,8,1494953792),(198,31,'<p>2) Deskripsi fasilitas yang diaudit </p>','1.00',8,1494953793,8,1494953793),(199,31,'<p>3) Deskripsi status energi saat ini. </p>','1.00',8,1494953793,8,1494953793),(200,31,'<p>4) Potensi efisiensi energi yang dapat dilakukan.</p>','3.00',8,1494953793,8,1494953793),(201,31,'<p>5) Rencana Kerja Energi efisiensi. </p>','2.00',8,1494953793,8,1494953793),(202,32,'<p>Di dalam tim management energi terdapat staf yang memiliki kualifikasi: </p><p>a.auditor energy </p>','5.00',8,1494953832,8,1494953832),(203,32,'<p>b.Training di bidang auditor energi </p>','3.00',8,1494953832,8,1494953832),(204,32,'<p>c. Back ground pendidikan yang berkaitan dengan auditor energi </p>','1.00',8,1494953832,8,1494953832),(205,33,'<p>Data Efisiensi Energi </p><p>a. Menyampaikan data efisiensi energy minimal 3 tahun terakhir.<br></p>','1.00',8,1494953870,8,1494953870),(206,33,'<p> b. Data efisiensi energy dilengkapi dengan bukti perhitungan atau pengukuran yang dapat menunjukkan telah dicapai. </p>','2.00',8,1494953870,8,1494953870),(207,33,'<p>c. Data efisiensi telah dinormalisasi dengan data produksi. </p>','3.00',8,1494953870,8,1494953870),(208,34,'<p>Dapat menunjukan bukti yang valid dan relevan yang menunjukan: </p><p>a.Telah dilakukan benchmarking dengan industri sejenis, tingkat pemanfaatan energi pada level nasional, Asia dan Dunia/global. Peringkat Perusahaan dalam Benchmarking: </p><p>1) Dunia </p><p>a) Masuk kedalam 10 Besar. </p>','20.00',8,1494953982,8,1494953982),(209,34,'<p>b) Berada di rata-rata </p>','15.00',8,1494953982,8,1494953982),(210,34,'<p>c) Berada di bawah rata-rata. </p>','7.00',8,1494953982,8,1494953982),(211,34,'<p>2) Asia<br></p><p>a) Masuk kedalam 5 Besar </p><p><br></p>','12.00',8,1494953982,8,1494953982),(212,34,'<p>b) Berada di rata-rata </p>','8.00',8,1494953982,8,1494953982),(213,34,'<p>c) Berada di bawah rata-rata </p>','5.00',8,1494953983,8,1494953983),(214,34,'<p>3) Nasional </p><p>a) Masuk kedalam 5 Besar. </p>','5.00',8,1494953983,8,1494953983),(215,34,'<p>b) Berada di rata-rata </p>','3.00',8,1494953983,8,1494953983),(216,34,'<strong></strong><p>c) Berada di bawah rata-rata </p>','1.00',8,1494953983,8,1494953983),(217,34,'<p>b. Benchmarking dilakukan secara : </p><p>1) Internal </p>','5.00',8,1494953983,8,1494953983),(218,34,'<p>2) Eksternal </p>','10.00',8,1494953983,8,1494953983),(219,35,'<p>a. Keberhasilan efisiensi energi: </p><p>i) Hasil efisiensi energi masuk dalam 25 % terbaik dari seluruh kandidat hijau di Sektor masing-masing. </p>','10.00',8,1494954101,8,1494954101),(220,35,'<p>ii) Hasil efisiensi energi berada dalam interval 25  75 % percentile dari seluruh kandidat hijau di sector masing-masing. </p>','5.00',8,1494954101,8,1494954101),(221,35,'<p>iii) Hasil efisiensi energi berada di bawah percentile 25 % dari seluruh kandidat hijau di sector masingmasing. </p>','2.50',8,1494954101,8,1494954101),(222,35,'<p>b. Penerapan Managemen pengetahuan 9knowledge management) dalam mendorong inovasi di bidang efisiensi energi :<br></p><p>i) Teknologi yang dikembangkan telah memperoleh paten dari pihak yang berwenang<br></p>','10.00',8,1494954101,8,1494954101),(223,35,'<p>ii) Inovasi di-diseminasi melalui jurnal ilmiah internasional atau buku yang memiliki ISBN dalam 3 tahun terakhir</p>','5.00',8,1494954101,8,1494954101),(224,35,'<p>iii) Inovasi di-diseminasi melalui jurnal ilmiah nasional dalam 3 tahun terakhir</p>','2.00',8,1494954101,8,1494954101),(225,35,'<p>iv) Memperoleh penghargaan dalam bidang efisiensi energi dalam 3 tahun terakhir</p>','0.50',8,1494954101,8,1494954101),(226,35,'<p>c. Menunjukkan bahwa kegiatan efisiensi energi berkontribusi secara signifikan terhadap pemberdayaan masyarakat. </p>','10.00',8,1494954101,8,1494954101),(227,36,'<p>1) Perusahaan telah melakukan inventarisasi Limbah B3 selama minimal 2 tahun berturut turut. </p>','2.00',8,1494954278,8,1494954278),(228,36,'<p>2). Perusahaan telah memiliki program pemanfaatan limbah B3 dengan cara, jadual waktu dan indicator untuk mencapai tujuan dan sasaran tersebut. </p>','2.00',8,1494954278,8,1494954278),(229,37,'<p>Personil yang melakukan kegiatan pemanfaatan limbah telah memperoleh pelatihan yang relevan dengan kegiatan pemanfaatan limbah paling lama dalam 3 tahun terakhir. </p>','2.00',8,1494954291,8,1494954291),(230,38,'<p>a. Menyampaikan data neraca limbah B3 selamapaling lambat 3 tahun terakhir. </p>','4.00',8,1494954320,8,1494954320),(231,38,'<p>b. Menyampaikan data keberhasilan pemanfaatan limbah B3 paling lambat 3 tahun terakhir. </p>','4.00',8,1494954320,8,1494954320),(232,38,'<p>c. Data pemanfaatan limbah B3 telah diverifikasi oleh pihak eksternal yang memiliki kompentensi di bidang tersebut. </p>','5.00',8,1494954320,8,1494954320),(233,39,'<p>a. Telah dilakukan benchmarking dengan industri sejenis, dalam pemanfaatan limbah B3. Peringkat Perusahaan dalam Benchmarking: </p><p>1) Dunia<br></p><p>a) Masuk kedalam 10 Besar<span class=\"redactor-invisible-space\"></span><br></p>','10.00',8,1494954406,8,1494954406),(234,39,'<p>b) Berada di rata-rata </p>','5.00',8,1494954406,8,1494954406),(235,39,'<p>c) Berada di bawah rata-rata. </p>','2.00',8,1494954406,8,1494954406),(236,39,'<p>2) Asia </p><p>a) Masuk kedalam 5 Besar<br></p>','5.00',8,1494954406,8,1494954406),(237,39,'<p>b) Berada di rata-rata </p>','2.00',8,1494954406,8,1494954406),(238,39,'<p>c) Berada di bawah rata-rata </p>','0.50',8,1494954406,8,1494954406),(239,39,'<p>3) Nasional </p><p>a) Masuk kedalam 5 Besar<br></p>','2.00',8,1494954406,8,1494954406),(240,39,'<p>b) Berada di rata-rata</p>','0.50',8,1494954406,8,1494954406),(241,39,'<p>c) Berada di bawah rata-rata </p>','0.00',8,1494954406,8,1494954406),(242,39,'<p>b. Benchmarking dilakukan secara: </p><p>1) Internal </p>','5.00',8,1494954406,8,1494954406),(243,39,'<p>2) Eksternal </p>','10.00',8,1494954406,8,1494954406),(244,40,'<p>1. Melakukan pengurangan jumlah salah satu LB3 dominan dari jumlah yang dihasilkan. Basis waktu perhitungan dari tahun sebelumnya </p><p>a) x &lt;2% </p>','0.00',8,1494954592,8,1494954592),(245,40,'<p>b) 2 ? x &lt; 5% </p>','5.00',8,1494954592,8,1494954592),(246,40,'<p>c) 5 ? x &lt; 10% </p>','10.00',8,1494954592,8,1494954592),(247,40,'<p>d) x ? 10% </p>','15.00',8,1494954592,8,1494954592),(248,40,'<p>2. Melakukan pengurangan jumlah LB3 non dominan dari jumlah yang dihasilkan. Basis waktu perhitungan dari tahun sebelumnya<br></p><p>a) x &lt;2%<br></p>','0.00',8,1494954592,8,1494954592),(249,40,'<p>b) 2 ? x &lt; 5% </p>','4.00',8,1494954593,8,1494954593),(250,40,'<p>c) 5 ? x 10 &lt; % </p>','6.00',8,1494954593,8,1494954593),(251,40,'<p>d) x ? 10% </p>','10.00',8,1494954593,8,1494954593),(252,40,'<p>3. Melakukan kegiatan pemanfaatan salah satu limbah B3 dominan dari jumlah yang dihasilkan di lokasi atau tempat lain akumulasi limbah 1 tahun </p><p>a) x &lt; 5% </p>','0.00',8,1494954593,8,1494954593),(253,40,'<p>b) 5 ? x &lt; 25% </p>','4.00',8,1494954593,8,1494954593),(254,40,'<p>c) 25 ? x &lt; 50% </p>','6.00',8,1494954593,8,1494954593),(255,40,'<p>d) x ? 50% </p>','10.00',8,1494954593,8,1494954593),(256,40,'<p>4. Melakukan kegiatan pemanfaatan salah satu limbah B3 non dominan dari jumlah yang dihasilkan di lokasi atau tempat lain akumulasi 1 tahun </p><p>a) x &lt; 5% </p>','0.00',8,1494954593,8,1494954593),(257,40,'<p>b) 5 ? x &lt; 25% </p>','4.00',8,1494954593,8,1494954593),(258,40,'<p>c) 25 ? x &lt; 50% </p>','6.00',8,1494954593,8,1494954593),(259,40,'<p>d) x ? 50% </p>','10.00',8,1494954593,8,1494954593),(260,40,'<p>5. Menunjukkan inovasi di bidang pengelolaan Limbah B3:<br></p><p>1) Teknologi yang dikembangkan telah memperoleh paten dari pihak berwenang<br></p>','10.00',8,1494954593,8,1494954593),(261,40,'<p>2) Inovasi di-diseminasi melalui jurnal ilmiah internasional atau buku yang memiliki ISBN dalam 3 tahun terakhir</p>','5.00',8,1494954593,8,1494954593),(262,40,'<p>3) Inovasi di-diseminasi melalui jurnal ilmiah nasional dalam 3 tahun terakhir</p>','2.50',8,1494954593,8,1494954593),(263,41,'<p>a. Perusahaan telah memiliki rencana strategis untuk pengurangan pencemar udara dengan menetapkan tujuan dan sasaran pengurangan pencemar udara yang relevan dengan kebijakan lingkungan. </p>','1.00',8,1494957618,8,1494957618),(264,41,'<p>b. Telah menetapkan program yang jelas untuk mencapai tujuan dan sasaran lingkungan mencakup : <br>i) Pemberian tanggungjawab untuk mencapai tujuan dan sasaran pada fungsi dan tingkatan yang sesuai dalam organisasi tersebut. </p>','0.50',8,1494957618,8,1494957618),(265,41,'<p>ii) Cara dan jadual waktu untuk mencapai tujuan dan sasaran tersebut. </p>','1.00',8,1494957618,8,1494957618),(266,42,'<p>Telah memiliki sistem Inventarisasi Emisi yang mencakup antara lain : </p><p><br><br>a) identifikasi sumber emisi dan proses yang menyebabkan terjadinya emisi, termasuk nama atau kode yang digunakan untuk identitas sumber emisi, titik koordinat dan parameter emisi utama yang dihasilkan dari sumber emisi: </p><p>i) Bahan pencemar udara konvensional. </p>','1.00',8,1494957710,8,1494957710),(274,42,'<p>ii) Gas Rumah Kaca </p>','1.00',8,1494957969,8,1494957969),(275,42,'<p>b) Deskripsi metode yang digunakan untuk menghitung beban emisi: </p><p><br><br>i) Bahan pencemar udara konvensional.</p>','0.50',8,1494957969,8,1494957969),(276,42,'<p>ii) Gas Rumah Kaca. </p>','0.50',8,1494957969,8,1494957969),(277,42,'<p>c) Pencatatan dan uraian data aktifitas, faktor emisi, faktor oksidasi dan konversi dari masing-masing sumber emisi yang dihitung beban emisinya: </p><p><br><br>i) Bahan pencemar udara konvensional. </p>','1.00',8,1494957969,8,1494957969),(278,42,'<p>ii) Gas Rumah Kaca </p>','1.00',8,1494957969,8,1494957969),(279,42,'<p>d) Pendokumentasian buktibukti yang dapat menunjukkan kebenaran perhitungan data aktifitas yang digunakan sebagai pendukung untuk perhitungan beban emisi: </p><p><br><br>i) Bahan pencemar udara konvensional.</p>','1.00',8,1494957969,8,1494957969),(280,42,'<p>ii) Gas Rumah Kaca </p>','1.00',8,1494957969,8,1494957969),(281,42,'<p>e) Pendiskripsian pendekatan yang digunakan untuk mengambil contoh atau analisa untuk menentukan nilai kalori bersih (net calorific value), kandungan karbon (carbon content), faktor emisi (emission factors), faktor oksidasi, dan konversi (oxidation and conversion factor) untuk masing masing sumber emisi: </p>','0.50',8,1494957969,8,1494957969),(282,42,'<p>ii) Gas Rumah Kaca </p>','0.50',8,1494957969,8,1494957969),(283,42,'<p>f) Penghitungan beban emisi dari seluruh sumber emisi yang berada dalam area kewenangan kegiatannya: </p><p><br><br>i) Bahan pencemar udara konvensional. </p>','0.50',8,1494957969,8,1494957969),(284,42,'<p>ii) Gas Rumah Kaca </p>','0.50',8,1494957969,8,1494957969),(285,43,'<p>Di dalam tim pengelolaan emisi terdapat staf yang memiliki kompentensi untuk melakukan inventarisasi emisi berdasarkan training , back ground pendidikan yang relevan. </p>','1.00',8,1494958003,8,1494958003),(286,44,'<p>a. Data Pengurangan Pencemar Udara <br> Menyampaikan data pengurangan pencemar udara minimal 4 tahun terakhir. <br>i) Bahan pencemar udara konvensional. </p>','3.00',8,1494958088,8,1494958088),(287,44,'<p>ii) Gas Rumah Kaca </p>','3.00',8,1494958088,8,1494958088),(288,44,'<p>iii) Data telah di normalisasi ke dalam data intensitas emisi ( beban emisi per satuan produk atau bahan baku yang digunakan dengan satuan yang lazim untuk masingmasing sektor industry ) </p>','2.00',8,1494958088,8,1494958088),(289,44,'<p>b. Inventarisasi Emisi telah diverifikasi oleh pihak eksternal yang memiliki kompentensi di bidang tersebut maksimal dalam 3 tahun terakhir. </p>','1.00',8,1494958088,8,1494958088),(290,45,'<p>a. Telah dilakukan benchmarking dengan industri sejenis, tingkat pemanfaatan energy pada level nasional, Asia dan Dunia/global. Peringkat Perusahaan dalam Benchmarking: </p><p>i) Dunia </p><p>a) Masuk kedalam 10 Besar. </p>','10.00',8,1494958442,8,1494958442),(291,45,'<p>b) Berada di rata-rata </p>','5.00',8,1494958442,8,1494958442),(292,45,'<p>c) Berada di bawah ratarata. </p>','2.50',8,1494958442,8,1494958442),(293,45,'<p>2) Asia </p><p>a) Masuk kedalam 5 Besar. </p>','5.00',8,1494958442,8,1494958442),(294,45,'<p>b) Berada di rata-rata </p>','2.50',8,1494958442,8,1494958442),(295,45,'<p>c) Berada di bawah rata-rata </p>','0.50',8,1494958442,8,1494958442),(296,45,'<p>3) Nasional </p><p>a) Masuk kedalam 5 Besar. </p>','99.99',8,1494958442,8,1494958442),(297,45,'<em></em><p>b) Berada di rata-rata </p><em></em>','0.50',8,1494958442,8,1494958442),(298,45,'<p>c) Berada di bawah rata-rata </p>','0.00',8,1494958442,8,1494958442),(299,45,'<p>b. Benchmarking dilakukan secara: </p><p>1) Internal </p>','5.00',8,1494958442,8,1494958442),(300,45,'<p>2) Eksternal </p>','10.00',8,1494958442,8,1494958442),(301,46,'<p>a. Keberhasilan Pengurangan Pencemar Udara: . <br>1) Hasil pengurangan pencemar udara masuk dalam 25 % terbaik dari seluruh kandidat hijau di Sektor masing-masing<br>i) Bahan pencemar udara konvensional.</p>','10.00',8,1494960772,8,1494960772),(302,46,'<p>ii) Gas Rumah Kaca </p>','10.00',8,1494960772,8,1494960772),(303,46,'<p>2) Hasil pencemar udara berada dalam interval 25  75 % percentile dari seluruh kandidat hijau di sector masing-masing. <br>i) Bahan pencemar udara konvensional. </p>','5.00',8,1494960772,8,1494960772),(304,46,'<p>ii) Gas Rumah Kaca </p>','5.00',8,1494960772,8,1494960772),(305,46,'<p>3) Hasil pencemar udara berada di bawah percentile 25 % dari seluruh kandidat hijau di sector masing-masing. <br>i) Bahan pencemar udara konvensional. </p>','0.50',8,1494960772,8,1494960772),(306,46,'<p>ii) Gas Rumah Kaca </p>','0.50',8,1494960772,8,1494960772),(307,46,'<p>b. Telah mengikuti Project CDM :<br>i) Dalam tahap sudah disetujui oleh Komite Nasional Mekanisme Pembangunan bersih (KMPB) dengan menunjukkan bukti persetuan dari Komnas</p>','0.50',8,1494960772,8,1494960772),(308,46,'<p>ii) Dalam Proses Persetujuan Executive Board CDM dengan menunjukkan bukti-bukti yang relevan. </p>','2.00',8,1494960773,8,1494960773),(309,46,'<p>iii) Telah Memperoleh Kredit Karbon setelah disetujui oleh Executive Board, dengan menunjukkan bukti persetujuan EB dan kredit karbon yang telah diperoleh. </p>','5.00',8,1494960773,8,1494960773),(310,46,'<p>c. Penerapan management pengetahuan (knowledge management) dalam mendorong inovasi di bidang penurunan emisi :<br></p><p>i) Teknologi yang dikembangkan telah memperoleh paten dari pihak yang berwenang<br></p>','10.00',8,1494960773,8,1494960773),(311,46,'<p>ii) Inovasi di-diseminasi melalui jurnal ilmiah internasional atau buku yang memiliki ISBN dalam 3 tahun terakhir</p>','5.00',8,1494960773,8,1494960773),(312,46,'<p>iii) Inovasi di-diseminasi melalui jurnal ilmiah nasional dalam 3 tahun terakhir</p>','2.50',8,1494960773,8,1494960773),(313,46,'<p>iv) Memperoleh penghargaan dalam bidang efisiensi energi dalam 3 tahun terakhir</p>','0.50',8,1494960773,8,1494960773),(314,46,'<p>d. Program penurunan emisi berkontribusi secara signifikan terhadap program pemberdayaan masyarakat. </p>','10.00',8,1494960773,8,1494960773),(315,46,'<p>e. Menggunakan bahan bakar dapat diperbaharui (renewable) untuk kegiatan utama: </p><p><br><br>i) ? 20% bahan bakar yang digunakan berasal dari bahan bakar dapat diperbaharui </p>','5.00',8,1494960773,8,1494960773),(316,46,'<p>ii) 10-20% bahan bakar yang digunakan berasal dari bahan bakar diperbaharui </p>','2.00',8,1494960773,8,1494960773),(317,46,'<p>iii) 2.5-10% bahan bakar yang digunakan berasal dari bahan bakar diperbaharui </p>','0.50',8,1494960773,8,1494960773),(318,46,'<p>f. Tidak menggunakan bahan perusak ozon &gt;50% bahan bakar yang digunakan untuk kegiatan utama menggunakan bahan bakar gas </p>','5.00',8,1494960773,8,1494960773),(319,47,'<p>a. Perusahaan telah memiliki rencana strategis untuk efisiensi air dan penurunan beban pencemaran dari air limbah dengan menetapkan tujuan dan sasaran efisiensi air yang relevan dengan kebijakan lingkungan. </p>','1.00',8,1494960982,8,1494960982),(320,47,'<p>b. Telah menetapkan program yang jelas untuk mencapai tujuan dan sasaran lingkungan mencakup : </p><p>1) Pemberian tanggungjawab untuk mencapai tujuan dan sasaran pada fungsi dan tingkatan yang sesuai dalam organisasi tersebut. </p>','1.00',8,1494960982,8,1494960982),(321,47,'<p>2) Cara dan jadual waktu untuk mencapai tujuan dan sasaran tersebut. </p>','1.00',8,1494960982,8,1494960982),(322,48,'<p>a. Di dalam tim efisiensi air dan penurunan terhadap beban pencemaran air limbah t terdapat staf yang memiliki kompentensi untuk melakukan pengelolaan air limbah</p>','1.00',8,1494961004,8,1494961004),(323,48,'<p>b. Personel pengelolaan air Memiliki Sertifikasi EPCM</p>','4.00',8,1494961004,8,1494961004),(324,49,'<p>Data efisiensi air </p><p>a) Menyampaikan data keberhasilan konservasi air minimal 4 tahun terakhir. </p>','4.00',8,1494961041,8,1494961041),(325,49,'<p>b) Data telah di normalisasi ke dalam data intensitas pemakaian air ( jumlah air per satuan produk atau bahan baku yang digunakan  dengan satuan yang lazim untuk masing-masing sektor industry) </p>','4.00',8,1494961041,8,1494961041),(326,49,'<p>c) Data konservasi air telah diverifikasi oleh pihak eksternal yang memiliki kompentensi di bidang tersebut. </p>','2.00',8,1494961041,8,1494961041),(327,50,'<p>Data penurunan beban pencemaran air limbah: </p><p>a) Menyampaikan data keberhasilan penurunan beban pencemaran air limbah paling sedikit 4 tahun terakhir. </p>','4.00',8,1494961071,8,1494961071),(328,50,'<p>b) Data telah di normalisasi ke dalam data intensitas pemakaian air (jumlah air per satuan produk atau bahan baku yang digunakan dengan satuan yang lazim untuk masing-masing sektor industri) </p>','3.00',8,1494961071,8,1494961071),(329,50,'<p>c) Data konservasi air telah diverifikasi oleh pihak eksternal yang memiliki kompentensi di bidang tersebut. </p>','2.00',8,1494961071,8,1494961071),(330,51,'<p>a. Telah dilakukan benchmarking dengan industri sejenis, dalam bidang konservasi air pada level nasional, Asia dan Dunia/global. Peringkat Perusahaan dalam Benchmarking: </p><p>1) Dunia </p><p>a) Masuk kedalam 10 Besar. </p>','10.00',8,1494961173,8,1494961173),(331,51,'<p>b) Berada di rata-rata </p>','5.00',8,1494961173,8,1494961173),(332,51,'<p>c) Berada di bawah rata-rata. </p>','2.50',8,1494961173,8,1494961173),(333,51,'<p>2) Asia<br></p><p>a) Masuk kedalam 5 Besar. </p><p><br></p>','5.00',8,1494961173,8,1494961173),(334,51,'<p>b) Berada di rata-rata </p>','2.50',8,1494961173,8,1494961173),(335,51,'<p>c) Berada di bawah rata-rata </p>','0.50',8,1494961173,8,1494961173),(336,51,'<p>3) Nasional<br></p><p>a) Masuk kedalam 5 Besar. </p><p><br></p>','2.50',8,1494961173,8,1494961173),(337,51,'<p>b) Berada di rata-rata </p>','0.50',8,1494961174,8,1494961174),(338,51,'<p>c) Berada di bawah rata-rata </p>','0.00',8,1494961174,8,1494961174),(339,51,'<p>b. Benchmarking dilakukan secara : </p><p>1) Internal </p>','5.00',8,1494961174,8,1494961174),(340,51,'<p>2) Eksternal </p>','10.00',8,1494961174,8,1494961174),(341,52,'<p>a. Keberhasilan Konservasi Air: </p><p>i) Kinerja termasuk dalam 25 % terbaik dari seluruh kandidat hijau di Sektor masing-masing. </p>','10.00',8,1494961290,8,1494961290),(342,52,'<p>ii) Kinerja termasuk dalam interval 25  75 % percentile dari seluruh kandidat hijau di sector masingmasing. </p>','5.00',8,1494961290,8,1494961290),(343,52,'<p>iii) Kinerja termasuk dibawah interval 25 percentile dari seluruh kandidat hijau di sector masing-masing </p>','0.00',8,1494961290,8,1494961290),(344,52,'<p>b. Penerapan management pengetahuan (kowledge management) dalam mendorong inovasi di bidang efisiensi air :<br></p><p>i) Teknologi yang dikembangkan telah memperoleh paten dari pihak yang berwenang.<br></p>','10.00',8,1494961290,8,1494961290),(345,52,'<p>ii) Inovasi di-diseminasi melalui jurnal ilmiah internasional atau buku yang memiliki ISBN dalam 3 tahun terakhir.</p>','5.00',8,1494961290,8,1494961290),(346,52,'<p>iii) Inovasi di-diseminasi melalui jurnal ilmiah nasional dalam 3 tahun terakhir.</p>','2.50',8,1494961290,8,1494961290),(347,52,'<p>iv) Memperoleh penghargaan dalam bidang penurunan emisi dalam 3 tahun terakhir.</p>','0.50',8,1494961290,8,1494961290),(348,52,'<p>c. Keberhasilan penurunan beban pencemaran air :<br></p><p>i) Kinerja termasuk dalam 25 % terbaik dari seluruh kandidat hijau di Sektor masing-masing. </p><p><br></p>','10.00',8,1494961290,8,1494961290),(349,52,'<p>ii) Kinerja termasuk dalam interval 25 % - 75 % percentile dari seluruh kandidat hijau di sektor masing-masing. </p>','5.00',8,1494961290,8,1494961290),(350,52,'<p>iii) Kinerja termasuk di bawah 25 % percentile dari seluruh kandidat hijau di sektor masing-masing. </p>','0.00',8,1494961290,8,1494961290),(351,52,'<p>d. Penerapan management pengetahuan (knowledge management) dalam mendorong inovasi di bidang penurunan beban pencemaran air limbah :<br></p><p>i) Teknologi yang dikembangkan telah memperoleh paten dari pihak yang berwenang.<br></p>','10.00',8,1494961290,8,1494961290),(352,52,'<p>ii) Inovasi di-diseminasi melalui jurnal ilmiah internasional atau buku yang memiliki ISBN dalam 3 tahun terakhir.</p>','5.00',8,1494961290,8,1494961290),(353,52,'<p>iii) Inovasi di-diseminasi melalui jurnal ilmiah nasional dalam 3 tahun terakhir.</p>','2.50',8,1494961290,8,1494961290),(354,52,'<p>iv) Memperoleh penghargaan dalam bidang penurunan emisi dalam 3 tahun terakhir.</p>','0.50',8,1494961290,8,1494961290),(355,52,'<p>e. Program penurunan beban pencemaran air berkontribusi secara signifikan terhadap pemberdayaan masyarakat :</p>','10.00',8,1494961290,8,1494961290),(356,17,'<p><strong>4. Program Manajemen Lingkungan Telah menetapkan program yang jelas untuk mencapai tujuan dan sasaran lingkungan mencakup: <br></strong></p><p>a) Penunjukkan penanggungjawab untuk mencapai tujuan dan sasaran yang ditetapkan (baik secara fungsional maupun struktural organisasi). </p><p><strong></strong></p>','1.00',8,1494962074,8,1494962074),(357,17,'<p>b) Metode dan jadual waktu untuk mencapai tujuan dan sasaran tersebut. </p>','1.00',8,1494962075,8,1494962075),(358,17,'<p>c) Dapat menunjukkan adanya EMS Manual yang mengcover seluruh dampak kegiatan. </p>','2.00',8,1494962075,8,1494962075),(359,53,'<p><strong></strong></p><p><strong>1. Struktur dan tanggung jawab <br></strong></p><p>a. Memiliki struktur dengan kewenangan, tanggung jawab dan akuntabilitas yang jelas untuk melaksanakan EMS. </p><p><strong></strong></p>','1.00',8,1494962491,8,1494962491),(360,53,'<p>b. Menyediakan sumber daya yang memadai untuk melaksanakan EMS: </p>','1.00',8,1494962491,8,1494962491),(361,53,'<em></em><p>i) Manusia (personil memiliki latar belakang pendidikan dan pelatihan yang relevan dengan pelaksanaan EMS). </p><em></em>','1.00',8,1494962491,8,1494962491),(362,53,'<p>ii) Dapat menunjukkan ketersediaan dana untuk pelaksanaan EMS selama minimal 2 tahun berturutturut. </p>','1.00',8,1494962491,8,1494962491),(363,53,'<p>c. Bagian manajemen yang menangani EMS melapor langsung ke puncak pimpinan. </p>','1.00',8,1494962491,8,1494962491),(364,53,'<p><strong>b. Pelatihan, Kesadaran dan Kompentensi <br></strong></p><p><strong></strong></p><p>a. Dapat menunjukkan daftar kebutuhan training yang berkaitan dengan lingkungan minimal selama 2 tahun terakhir untuk seluruh departemen. </p><p><strong></strong></p><p><br></p>','1.00',8,1494962491,8,1494962491),(365,53,'<p>b. Dapat menunjukkan nama personel, jenis pelatihan dan asal departemen yang telah memperoleh pelatihan lingkungan minimal selama 2 tahun terakhir. </p>','1.00',8,1494962491,8,1494962491),(366,53,'<p>c. Dapat menunjukkan prosedur untuk meningkatkan kesadaran lingkungan karyawan dan atau kontraktor. </p>','1.00',8,1494962491,8,1494962491),(367,53,'<p>d. Dapat menunjukkan bukti bahwa karyawan atau kontraktor yang melaksanakan pengelolaan lingkungan di bawah adalah kompeten, dengan menunjukkan bukti latar belakang pendidikan, pelatihan dan pengalaman yang relevan. </p><p>i) Pengendalian pencemaran air </p>','2.00',8,1494962491,8,1494962491),(368,53,'<p>ii) Pengendalian Pencemaran Udara</p>','2.00',8,1494962491,8,1494962491),(369,53,'<p>iii) Pengelolaan Limbah B3 </p>','2.00',8,1494962491,8,1494962491),(370,53,'<p>iv) Sistem Manajemen Lingkungan </p>','2.00',8,1494962491,8,1494962491),(371,53,'<p><strong>3. Komunikasi <br></strong></p><p>a. Dapat menunjukkan bukti bahwa temuan PROPER telah dikomunikasikan kepada pihak-pihak yang terkait untuk di tindak lanjuti. </p><p><strong></strong></p>','1.00',8,1494962491,8,1494962491),(372,53,'<p>b. Dapat menunjukkan bukti bahwa temuan PROPER telah dikomunikasikan kepada pimpinan tertinggi di perusahaan tersebut. </p>','1.00',8,1494962491,8,1494962491),(373,53,'<p><strong>4. Dokumentasi EMS </strong><br>Dapat menunjukkan bahwa temuan dan tindak lanjut PROPER selama minimal 2 tahun berturut-turut terdokumentasi dengan baik dan dapat dilacak dengan mudah. </p>','2.00',8,1494962491,8,1494962491),(374,53,'<p><strong>5. Kontrol Dokumen </strong><br>Dapat menunjukkan bukti bahwa laporan pengelolaan lingkungan di bawah telah dilaporkan kepada instansi yang relevan dan disetujui oleh manajemen yang mempunyai wewenang, minimal selama 2 tahun berturut-turut: </p><p>a. Laporan Pemantauan Air Limbah </p>','1.00',8,1494962491,8,1494962491),(375,53,'<p>b. Laporan Pemantauan Emisi </p>','1.00',8,1494962491,8,1494962491),(376,53,'<p>c. Laporan Pengelolaan Limbah B3 </p>','1.00',8,1494962491,8,1494962491),(377,53,'<p>d. Laporan Pelaksanaan RKL/RPL / UKL UPL </p>','1.00',8,1494962491,8,1494962491),(378,53,'<p><strong>6. Kontrol Operasional </strong><br>Dapat menunjukkan bukti bahwa perusahaan telah mempunyai prosedur untuk memaksa kontraktor melaksanakan pengelolaan aspek lingkungan sesuai dengan EMS yang dimiliki perusahaan. </p>','2.00',8,1494962491,8,1494962491),(379,53,'<p><strong>7. Sistem Tanggap Darurat <br></strong></p><p>a. Dapat menunjukkan bahwa perusahaan telah memiliki prosedur untuk mengidentifikasi potensi bahaya dan mengembangkan sistem tanggap darurat untuk mengatasinya. </p><p><strong></strong></p>','2.00',8,1494962491,8,1494962491),(380,53,'<p>b. Dapat menunjukkan bahwa sistem tanggap darurat telah di-review secara reguler dalam kurun waktu 2 tahun terakhir. </p>','2.00',8,1494962491,8,1494962491),(381,53,'<p>c. Dapat menunjukkan catatan terjadinya kecelakaan atau kondisi darurat selama dua tahun terakhir. </p>','2.00',8,1494962491,8,1494962491),(382,53,'<p>d. Dapat menunjukkan bahwa kejadian kecelakaan atau kondisi darurat selama dua tahun terakhir mengalami penurunan. </p>','2.00',8,1494962491,8,1494962491),(383,54,'<p><strong>1. Pemantauan dan Pengukuran <br></strong></p><p>a. Dapat menunjukkan metodologi atau prosedur untuk memantau atau mengukur pencapaian target dan sasaran yang ditetapkan dalam EMS. </p><p><strong></strong></p>','1.00',8,1494962643,8,1494962643),(384,54,'<p>b. Dapat menunjukkan metodologi atau prosedur untuk memantau atau mengukur ketaatan terhadap peraturan:<br></p><p>a) Pemantauan Air Limbah </p><p><br></p>','1.00',8,1494962643,8,1494962643),(385,54,'<p>b) Laporan Pemantauan Emisi </p>','1.00',8,1494962643,8,1494962643),(386,54,'<p>c) Laporan Pengelolaan Limbah B3</p>','1.00',8,1494962643,8,1494962643),(387,54,'<p>d) Laporan Pemantauan Lingkungan sesuai dengan RKL/RPL atau UKL-UPL </p>','1.00',8,1494962643,8,1494962643),(388,54,'<p>c. Pemantauan Air Limbah dilakukan oleh Laboratorium yang terakreditasi atau yang ditunjuk Gubernur. </p>','1.00',8,1494962643,8,1494962643),(389,54,'<p><strong>2. Ketidaksesuaian, Upaya perbaikan dan pencegahan <br></strong></p><p><strong></strong><br></p><p>a. Dapat menunjukkan bukti bahwa hasil pemantauan dievaluasi secara reguler dan jika ditemukan ketidak sesuaian ditindaklanjuti dengan upaya perbaikan. </p><p><strong></strong></p>','1.00',8,1494962643,8,1494962643),(390,54,'<p>b. Dapat menunjukkan bukti bahwa temuan PROPER telah ditindaklanjuti secara paripurna. </p>','4.00',8,1494962643,8,1494962643),(391,54,'<p><strong>3. Catatan <br></strong></p><p><strong></strong></p><p>Dapat menunjukkan bahwa pendokumentasian hasil pemantauan lingkungan telah dilakukan dengan baik </p><p><strong></strong></p>','1.00',8,1494962643,8,1494962643),(392,54,'<p><strong></strong></p><p><strong></strong><strong>4. Audit EMS <br></strong></p><p>a. Dapat menunjukkan bukti bahwa Audit Internal dilaksanakan secara reguler dengan menunjukkan waktu, pelaksana dan ringkasan hasil audit yang telah dilaksanakan minimal 1 tahun terakhir. </p><p><strong></strong></p>','3.00',8,1494962643,8,1494962643),(393,54,'<p>b. Dapat menunjukkan bukti bahwa Audit eksternal telah dilakukan sesuai dengan jadual dan ringkasan temuan hasil audit. </p>','4.00',8,1494962643,8,1494962643),(394,55,'<p>Dapat menunjukkan bukti bahwa pimpinan puncak telah melakukan review pelaksanaan EMS untuk memastikan keberlanjutan suitability, adequacy dan effectiveness </p>','4.00',8,1494962657,8,1494962657),(395,56,'<p>1. Aspek lingkungan yang dikelola dalam sistem manajemen lingkungan hanya dalam lingkup perusahaan memiliki aspek penting dalam sistem manajemen lingkungan. </p>','1.00',8,1494962677,8,1494962677),(396,56,'<p>2. Aspek lingkungan yang dikelola dalam sistem manajemen lingkungan hanya dalam lingkup perusahaan memiliki aspek penting dalam sistem manajemen lingkungan telah mencakup pengaturan oleh supplier (input) dan/atau konsumen (output). </p>','7.00',8,1494962677,8,1494962677),(397,57,'<p>1. Sertifikasi dilakukan oleh: </p><p>a. pihak ketiga independen; </p>','15.00',8,1494962712,8,1494962712),(398,57,'<p>b. sertifikasi oleh group perusahaan induk; </p>','10.00',8,1494962712,8,1494962712),(399,57,'<p>c. masih dalam proses sertifikasi; </p>','5.00',8,1494962712,8,1494962712),(400,57,'<p>d. belum tersertifikasi </p>','0.00',8,1494962712,8,1494962712),(401,58,'<p>a. Perusahaan telah melakukan inventarisasi Sampah selama minimal 2 tahun berturut turut. </p>','2.00',8,1494963056,8,1494963056),(402,58,'<p>b. Perusahaan telah memiliki program pemanfaatan sampah dengan cara, jadual waktu dan indicator untuk mencapai tujuan dan sasaran tersebut. </p>','2.00',8,1494963056,8,1494963056),(403,59,'<p>Personil yang melakukan kegiatan pemanfaatan limbah telah memperoleh pelatihan yang relevan dengan kegiatan pemanfaatan limbah paling lama dalam 3 tahun terakhir. </p>','3.00',8,1494963075,8,1494963075),(404,60,'<p>1. Menyampaikan data neraca sampah selama minimal 2 tahun terakhir</p>','3.00',8,1494963190,8,1494963190),(405,60,'<p>2. Menyampaikan data keberhasilan pemanfaatan sampah minimal 3 tahun terakhir</p>','3.00',8,1494963190,8,1494963190),(406,60,'<p> 3. Data pemanfaatan sampah telah diverifikasi oleh pihak eksternal yang memiliki kompentensi di bidang tersebut. </p>','4.00',8,1494963190,8,1494963190),(407,60,'<p>f. Benchmarking </p><p>1. Telah dilakukan benchmarking dengan industri sejenis, dalam pemanfaatan sampah. Peringkat Perusahaan dalam Benchmarking: </p><p>1) Dunia </p><p>a) Masuk kedalam 10 Besar. </p>','10.00',8,1494963191,8,1494963191),(408,60,'<p>b) Berada di rata-rata </p>','5.00',8,1494963191,8,1494963191),(409,60,'<p>c) Berada di bawah rata-rata. </p>','2.00',8,1494963191,8,1494963191),(410,60,'<p>2) Asia </p>','5.00',8,1494963191,8,1494963191),(411,60,'<p>b) Berada di rata-rata </p>','2.00',8,1494963191,8,1494963191),(412,60,'<p>c) Berada di bawah rata-rata </p>','0.50',8,1494963191,8,1494963191),(413,60,'<p>3) Nasional </p><p>a) Masuk kedalam 5 Besar. </p>','2.00',8,1494963191,8,1494963191),(414,60,'<p>b) Berada di rata-rata </p>','0.50',8,1494963191,8,1494963191),(415,60,'<p>c) Berada di bawah rata-rata </p>','0.00',8,1494963191,8,1494963191),(416,60,'<p>2. Benchmarking dilakukan secara : </p><p>1) Internal </p>','5.00',8,1494963191,8,1494963191),(417,60,'<p>2) Eksternal </p>','10.00',8,1494963191,8,1494963191),(418,61,'<p>1. Melakukan pengurangan sampah dari jumlah yang dihasilkan. Basis waktu perhitungan dari tahun sebelumnya </p><p>a) x &lt;2% </p>','0.00',8,1494963317,8,1494963317),(419,61,'<p>b) 2 ? x &lt; 5% </p>','5.00',8,1494963317,8,1494963317),(420,61,'<p>c) 5 ? x &lt; 10% </p>','10.00',8,1494963317,8,1494963317),(421,61,'<p>d) x ? 10% </p>','15.00',8,1494963317,8,1494963317),(422,61,'<p>2. Melakukan kegiatan pemanfaatan sampah </p><p>a) x &lt; 5% </p>','0.00',8,1494963317,8,1494963317),(423,61,'<p>b) 5 ? x &lt; 25% </p>','4.00',8,1494963317,8,1494963317),(424,61,'<p>c) 25 ? x &lt; 50% </p>','6.00',8,1494963317,8,1494963317),(425,61,'<p>d) x ? 50% </p>','10.00',8,1494963317,8,1494963317),(426,61,'<p>3. Kegiatan Pemanfaatan sampah berkontribusi secara siginifikan terhadap upaya pemberdayaan masyarakat </p>','10.00',8,1494963317,8,1494963317),(427,61,'<p>4. Memiliki dan mengimplementasikan kebijakan Extended Producer Responsible untuk pengelolaan sampah dari hasil kegiatan yang dihasilkannya. </p>','12.00',8,1494963317,8,1494963317),(428,61,'<p>5. Menunjukkan inovasi di bidang pengelolaan sampah:<br></p><p>a. Teknologi yang dikembangkan telah memperoleh paten dari pihak yang berwenang<br></p>','10.00',8,1494963317,8,1494963317),(429,61,'<p>b. Inovasi di-diseminasi melalui jurnal ilmiah internasional atau buku yang memiliki ISBN dalam 3 tahun terakhir</p>','5.00',8,1494963317,8,1494963317),(430,61,'<p>c. Inovasi di-diseminasi melalui jurnal ilmiah nasional dalam 3 tahun terakhir</p>','2.00',8,1494963317,8,1494963317),(431,61,'<p>d. Memperoleh penghargaan dalam bidang pengelolaan sampah dalam 3 tahun terakhir</p>','0.50',8,1494963317,8,1494963317),(432,62,'<p>a. Perusahaan menetapkan secara formal, kawasan konservasi alam atau perlindungan keanekaragaman hayati.</p>','4.00',8,1494963482,8,1494963482),(433,62,'<p>b. Perusahaan telah memiliki rencana strategis konservasi alam atau perlindungan keanekaragaman hayati di kawasan yang telah ditetapkan.</p>','2.00',8,1494963482,8,1494963482),(434,62,'<p>c. Memiliki baseline data status keanekaragaman hayati atau rona lingkungan awal kawasan konservasi yang telah ditetapkan. </p>','5.00',8,1494963482,8,1494963482),(435,62,'<p>d. Mengidentifikasi dan menetapkan parameter sumberdaya biologi atau spesies hayati yang akan dilindungi atau dilestarikan.</p>','2.00',8,1494963482,8,1494963482),(436,62,'<p>e. Parameter sumberdaya biologi atau spesies yang dilindungi merupakan sumber hayati yang langka dan dilindungi.</p>','2.00',8,1494963482,8,1494963482),(437,62,'<p>f. Telah menetapkan program yang jelas untuk mencapai tujuan dan sasaran lingkungan mencakup : </p><p>i) Pemberian tanggungjawab untuk mencapai tujuan dan sasaran pada fungsi dan tingkatan yang sesuai dalam organisasi tersebut<br></p>','2.00',8,1494963482,8,1494963482),(438,62,'<p>ii) Cara dan jadual waktu untuk mencapai tujuan dan sasaran tersebut. </p>','2.00',8,1494963482,8,1494963482),(439,62,'<p>g. Melibatkan masyarakat setempat dalam proses perencanaan</p>','2.00',8,1494963482,8,1494963482),(440,62,'<p>h. Melibatkan lembaga sosial masyarakat dalam perencanaan.</p>','2.00',8,1494963482,8,1494963482),(441,62,'<p>i. Sinergi dengan pemerintah dalam perencanaan.</p>','5.00',8,1494963482,8,1494963482),(442,63,'<p>a. Memiliki sistem informasi yang dapat mengumpulkan dan mengevaluasi status dan kecenderungan sumber daya keanekaragaman hayati dan sumber daya biologis yang dikelola </p>','3.00',8,1494963530,8,1494963530),(443,63,'<p>b. Partisipasi pihak-pihak terkait dalam monitoring dan evaluasi</p>','4.00',8,1494963530,8,1494963530),(444,63,'<p>b. Memiliki data tentang status dan kecenderungan sumber daya keanekaragaman hayati dan sumber daya biologis yang dikelola paling sedikit selama 2 tahun terakhir </p>','5.00',8,1494963530,8,1494963530),(445,63,'<p>c. Memiliki publikasi yang disampaikan kepada publik atau instansi pemerintah yang relevan tentang status dan kecenderungan sumber daya keanekaragaman hayati dan sumber daya biologis yang dikelola paling sedikit diterbitkan 2 tahun terakhir </p>','5.00',8,1494963530,8,1494963530),(446,64,'<p>a. Terjadi peningkatan status keanekaragaman hayati di kawasan yang ditetapkan sebagai kawasan konservasi alam atau perlindungan keanekaragaman hayati.</p>','10.00',8,1494963630,8,1494963630),(447,64,'<p>b. Perlndungan keanekaragaman hayati memiliki dampak positif yang terukur terhadap komponen ekosistem yang lain, seperti perbaikan kondisi hidrolis dengan munculnya mata air atau terlindunginya mata air.</p>','5.00',8,1494963630,8,1494963630),(448,64,'<p>c. Lokasi perlindungan sumber daya ekologi atau keanekaragaman hayati mmenjadi tempat penelitian, penyebaran informasi dan peningkatan pengetahuan pemangku kepentingan di luar perusahaan.</p>','5.00',8,1494963630,8,1494963630),(449,64,'<p>d. Program perlindungan keanekaragaman hayati berkontribusi secara signifikan terhadap pemberdayaan masyarakat.</p>','7.00',8,1494963630,8,1494963630),(450,64,'<p>e. Keberhasilan perlindungan keanekaragaman hayati: </p><p>i) Kinerja termasuk dalam 25 % terbaik dari seluruh kandidat hijau di sektor masing-masing. </p>','10.00',8,1494963630,8,1494963630),(451,64,'<p>ii) Kinerja termasuk dalam interval 25  75 % percentile dari seluruh kandidat hijau di sector masingmasing. </p>','5.00',8,1494963630,8,1494963630),(452,64,'<p>iii) Kinerja termasuk dalam interval 25  75 % percentile dari seluruh kandidat hijau di sektor masingmasing </p>','2.50',8,1494963630,8,1494963630),(453,64,'<p>f. Menunjukkan inovasi di bidang konservasi sumberdaya biologi dan perlindungan keanekaragaman hayati:<br></p><p>i). Teknologi yang dikembangkan telah memperoleh paten dari pihak yang berwenang<br></p>','10.00',8,1494963630,8,1494963630),(454,64,'<p>ii) Inovasi di-seminasi melalui jurnal ilmiah internasional atau buku yang memiliki ISBN dalam kurun waktu 3 tahun terakhir.</p>','5.00',8,1494963630,8,1494963630),(455,64,'<p>iii) Inovasi di-seminasi melalui jurnal ilmiah nasional dalam 3 tahun terakhir</p>','2.00',8,1494963630,8,1494963630),(456,64,'<p>iv. Memperoleh penghargaan dalam bidang konservasis sumber daya biologi dan perlindungan keanekaragaman hayati dalam 3 tahun terakhir. </p>','1.00',8,1494963630,8,1494963630),(457,65,'<p><strong></strong></p><p><strong></strong></p><p><strong></strong>a. Terdapat struktur yang secara tertulis memiliki tugas dan fungsi khusus untuk melaksanakan Pengembangan Masyarakat (CD) <strong></strong></p>','2.00',8,1495003680,8,1495003694),(458,65,'<p>b. Menyampaikan data perbandingan dana pengembangan masyarakat (CD) dengan laba unit satu tahun terakhir</p>','3.00',8,1495003680,8,1495003680),(459,66,'<strong></strong><p><strong>a. Pemetaan Sosial (Social mapping)<br></strong></p><p><strong></strong>1) Memiliki dokumen pemetaan sosial (social mapping) yang disusun maksimal 4 tahun terakhir<strong></strong></p>','0.50',8,1495004018,8,1495004018),(460,66,'<p>2. Melengkapi dokumen pemetaan sosial (social mapping) yang diperbaharui (update) 1 tahun terakhir</p>','0.50',8,1495004018,8,1495004018),(461,66,'<p>3) Dokumen pemetaan sosial mencakup subtansi berikut ini: </p><p> a) Pemetaan aktor (stakeholders) dan jaringan hubungan antar aktor yang terdiri dari individu, kelompok, dan organisasi<br></p>','2.50',8,1495004018,8,1495004018),(462,66,'<p> b) Deskripsi posisi sosial dan peranan sosial aktor dalam kehidupan masyarakat </p>','2.50',8,1495004018,8,1495004018),(463,66,'<p> c) Analisis derajat kekuatan (power) dan kepentingan (interest) aktor </p>','2.50',8,1495004018,8,1495004018),(464,66,'<p> d) Identifikasi mekanisme/forum-forum yang menjadi sarana yang digunakan masyarakat dalam membahas kepentingan umum/publik</p>','2.00',8,1495004018,8,1495004018),(465,66,'<p> e) Deskripsi potensi penghidupan berkelanjutan yang mencakup potensi sumberdaya manusia, potensi sumber daya alam, modal sosial, modal keuangan, kondisi infrastruktur publik</p>','2.50',8,1495004018,8,1495004018),(466,66,'<p> f) analisa kebutuhan masyarakat untuk mendukung penghidupan berkelanjutan</p>','2.50',8,1495004018,8,1495004018),(467,66,'<p> g) Deskripsi jenis-jenis kerentanan (vulnarability) dan kelompok rentan</p>','2.50',8,1495004018,8,1495004018),(468,66,'<p> h) deskripsi masalah sosial</p>','2.50',8,1495004018,8,1495004018),(469,66,'<p> g) Rekomendasi program pengembangan masyarakat (CD)<br></p><p><strong>b. Perencanaan Strategis (Renstra) dan Rencana Kerja (Renja) pengembangan masyarakat (CD)</strong><strong><br></strong></p><p><strong></strong>1) Perencanaan Strategis (Renstra) 5 tahun<br></p><p>a) Proses penyusunan Renstra melibatkan pihak-pihak terkait (masyarakat, pemerintah, perusahaan lain)<span class=\"redactor-invisible-space\"><strong></strong></span><br></p>','3.00',8,1495004018,8,1495004018),(470,66,'<p>b) Perencanaan Strategis pengembangan masyarakat mencakup substansi berikut ini:<br></p><p>i. Visi, misi, dan tujuan pengembangan masyarakat (CD)<br></p>','1.00',8,1495004018,8,1495004018),(471,66,'<p>ii. Analisis isu strategis pengembangan masyarakat (CD)</p>','1.00',8,1495004018,8,1495004018),(472,66,'<p>iii. Program jangka panjang yang dirinci program tahunan<br></p>','1.00',8,1495004018,8,1495004018),(473,66,'<p>iv. Indikator program yang terukur</p>','1.00',8,1495004018,8,1495004018),(474,66,'<p>v. kebutuhan anggaran</p>','1.00',8,1495004018,8,1495004018),(475,66,'<p>vi. Target sasaran program (individu dan/kelompok dan/atau organisasi</p>','1.00',8,1495004018,8,1495004018),(476,66,'<p>vii. Program menjawab kebutuhan kelompok rentan</p>','2.00',8,1495004018,8,1495004018),(477,66,'<p><strong>2) Program Kerja (Renja) tahunan</strong><strong><br></strong></p><p>a) Proses penyusunan rencana kerja (Renja) melibatkan pihak-pihak terkait (masyarakat, pemerintah, perusahaan lain)<br><strong></strong></p>','3.00',8,1495004018,8,1495004018),(478,66,'<p>b) Program yang dideskripsikan dalam kegiatan-kegiatan</p>','1.00',8,1495004018,8,1495004018),(479,66,'<p>c) Indikator kegiatan yang terukur</p>','1.00',8,1495004018,8,1495004018),(480,66,'<p>d) Jadwal pelaksanaan kegiatan</p>','1.00',8,1495004018,8,1495004018),(481,66,'<p>e) Anggaran masing-masing kegiatan</p>','1.00',8,1495004018,8,1495004018),(482,66,'<p>f) Target sasaran kegiatan (individu dan/atau kelompok dan/atau organisasi)</p>','1.00',8,1495004018,8,1495004018),(483,67,'<p>a. Kesesuaian implementasi dengan rencana kerja<br></p><p>1) Program dan kegiatan<br></p>','1.00',8,1495004086,8,1495004086),(484,67,'<p>2) indikator kegiatan</p>','1.00',8,1495004086,8,1495004086),(485,67,'<p>3) Jadwal pelaksanaan kegiatan</p>','1.00',8,1495004086,8,1495004086),(486,67,'<p>4) Anggaran masing-masing kegiatan</p>','1.00',8,1495004087,8,1495004087),(487,67,'<p>5) Target sasaran Program (individu dan/atau kelompok dan/atau organisasi)</p>','1.00',8,1495004087,8,1495004087),(488,67,'<p>b. Implementasi program dan kegiatan yang tidak direncanakan</p>','5.00',8,1495004087,8,1495004087),(489,67,'<p>c. Partisipasi pihak-pihak terkait dalam pelaksanaan program dan kegiatan </p>','3.00',8,1495004087,8,1495004087),(490,68,'<p>a. Memiliki sistem tata kelola monitoring dan evaluasi pengembangan masyarakat (CD)</p>','1.00',8,1495004181,8,1495004181),(491,68,'<p>b. Partisipasi pihak terkait dalam monitoring dan evaluasi</p>','3.00',8,1495004181,8,1495004181),(492,68,'<p>c. Memiliki bukti tertulis proses dan hasil monitoring secara berkala</p>','1.00',8,1495004181,8,1495004181),(493,68,'<p>d. Memiliki dokumen evaluasi yang disyahkan oleh pimpinan tertinggi di Unit yang dinilai</p>','1.00',8,1495004181,8,1495004181),(494,68,'<p>e. Dokumen evaluasi mencakup substansi berikut ini:<br></p><p>1. 75% program dan kegiatan sesuai dengan rencana kerja tahunan<br></p>','1.00',8,1495004181,8,1495004181),(495,68,'<p>2. 75% indikator kegiatan sesuai dengan indikator yang ditetapkan dalam rencana kerja tahunan</p>','1.00',8,1495004181,8,1495004181),(496,68,'<p>3. 75% pelaksanaan program dan kegiatan sesuai dengan jadwal dalam rencana kerja tahunan</p>','1.00',8,1495004181,8,1495004181),(497,68,'<p>4. 75% realisasi anggaran sesuai dengan alokasi anggaran dalam rencana kerja tahunan</p>','1.00',8,1495004181,8,1495004181),(498,68,'<p>4. 75% realisasi anggaran sesuai dengan alokasi anggaran dalam rencana kerja tahunan</p>','1.00',8,1495004181,8,1495004181),(499,68,'<p>6. Bukti-bukti perbaikan program dan kegiatan berdasarkan hasil monitoring dan evaluasi</p>','1.00',8,1495004181,8,1495004181),(500,68,'<p>7. Memiliki indeks kepuasan masyarakat terkait dengan program pengembangan masyarakat (CD)</p>','1.00',8,1495004181,8,1495004181),(501,68,'<p>8. Lahirnya institusi ekonomi atau institusi sosial, keberlanjutan institusi dan perkembangan institusi sebagai dampak program pengembangan masyarakat (CD)</p>','2.00',8,1495004181,8,1495004181),(502,68,'<p>9. Kelompok sasaran menerapkan pengetahuan/keterampilan yang diperoleh dalam program pengembangan masyarakat (CD)</p>','1.00',8,1495004181,8,1495004181),(503,68,'<p>10. Kelompok sasaran mampu menyebarluaskan pengetahuan/keterampilan kepada pihak-pihak lain (individu, kelompok, organisasi)</p>','1.00',8,1495004181,8,1495004181),(504,69,'<p>a. Hubungan Kerja<br></p><p>1. Adanya serikat pekerja<br></p>','1.00',8,1495004239,8,1495004239),(505,69,'<p>2. Memiliki Perjanjian Kerja Bersama</p>','1.00',8,1495004239,8,1495004239),(506,69,'<p>3. Memiliki sistem tata kelola penyelesaian perselisihan hubungan kerja</p>','1.00',8,1495004239,8,1495004239),(507,69,'<p>4. Catatan perselisihan hubungan kerja dalam 2 tahun terakhir</p>','0.50',8,1495004239,8,1495004239),(508,69,'<p>5. Menunjukkan penurunan perselisihan hubungan kerja dalam 2 tahun terakhir</p>','0.50',8,1495004239,8,1495004239),(509,69,'<p>b. Hubungan eksternal<br></p><p>1. Memiliki sistem tata kelola penyelesaian konflik dengan pihak-pihak terkait (masyarakat atau pemerintah)<br></p>','2.00',8,1495004239,8,1495004239),(510,69,'<p>2. Memiliki catatan konflik dengan pihak-pihak terkait (masyarakat atau pemerintah) dalam 2 tahun terakhir</p>','1.00',8,1495004240,8,1495004240),(511,69,'<p>3. Menunjukkan bukti penurunan konflik dengan pihak-pihak terkait selama 2 tahun terakhir</p>','0.50',8,1495004240,8,1495004240),(512,70,'Menunjukkan inovasi di bidang pengembangan masyarakat dalam waktu 2 tahun terakhir<p>a. Inovasi di-diseminasi melalui jurnal internasional atau buku dengan ISBN </p>','4.00',8,1495004277,8,1495004277),(513,70,'<p>b. Inovasi di-diseminasi melalui jurnal ilmiah nasional</p>','2.00',8,1495004277,8,1495004277),(514,70,'<p>c. Memperoleh penghargaan dalam bidang pengembangan masyarakat minimal dari pemerintah di tingkat kabupaten/kota atau lembaga non pemerintah</p>','0.50',8,1495004277,8,1495004277);

/*Table structure for table `budget_monitoring` */

DROP TABLE IF EXISTS `budget_monitoring`;

CREATE TABLE `budget_monitoring` (
  `id` int(11) NOT NULL AUTO_INCREMENT,
  `form_type_code` varchar(10) NOT NULL,
  `sector_id` int(11) NOT NULL,
  `power_plant_id` int(11) NOT NULL,
  `k3l_year` varchar(4) NOT NULL,
  `created_by` smallint(5) unsigned NOT NULL,
  `created_at` int(11) NOT NULL,
  `updated_by` smallint(5) unsigned NOT NULL,
  `updated_at` int(11) NOT NULL,
  PRIMARY KEY (`id`),
  KEY `FK_budget_monitoring_sector` (`sector_id`),
  KEY `FK_budget_monitoring_power_plant` (`power_plant_id`),
  CONSTRAINT `FK_budget_monitoring_power_plant` FOREIGN KEY (`power_plant_id`) REFERENCES `power_plant` (`id`),
  CONSTRAINT `FK_budget_monitoring_sector` FOREIGN KEY (`sector_id`) REFERENCES `sector` (`id`)
) ENGINE=InnoDB AUTO_INCREMENT=5 DEFAULT CHARSET=latin1;

/*Data for the table `budget_monitoring` */

insert  into `budget_monitoring`(`id`,`form_type_code`,`sector_id`,`power_plant_id`,`k3l_year`,`created_by`,`created_at`,`updated_by`,`updated_at`) values (1,'LH',4,1,'2017',8,1486035644,8,1486035644),(2,'LH',4,1,'2017',8,1486035723,8,1486565752),(4,'LH',4,1,'2017',8,1486036303,8,1486036303);

/*Table structure for table `budget_monitoring_detail` */

DROP TABLE IF EXISTS `budget_monitoring_detail`;

CREATE TABLE `budget_monitoring_detail` (
  `id` int(11) NOT NULL AUTO_INCREMENT,
  `budget_monitoring_id` int(11) NOT NULL,
  `bmd_no_prk` varchar(150) NOT NULL,
  `bmd_program` varchar(255) NOT NULL,
  `bmd_value` int(9) NOT NULL,
  `created_by` smallint(5) unsigned NOT NULL,
  `created_at` int(11) NOT NULL,
  `updated_by` smallint(5) unsigned NOT NULL,
  `updated_at` int(11) NOT NULL,
  PRIMARY KEY (`id`),
  KEY `FK_budget_monitoring_detail` (`budget_monitoring_id`),
  CONSTRAINT `FK_budget_monitoring_detail` FOREIGN KEY (`budget_monitoring_id`) REFERENCES `budget_monitoring` (`id`) ON DELETE CASCADE ON UPDATE CASCADE
) ENGINE=InnoDB AUTO_INCREMENT=6 DEFAULT CHARSET=latin1;

/*Data for the table `budget_monitoring_detail` */

insert  into `budget_monitoring_detail`(`id`,`budget_monitoring_id`,`bmd_no_prk`,`bmd_program`,`bmd_value`,`created_by`,`created_at`,`updated_by`,`updated_at`) values (2,2,'asdf','asdf',110000,8,1486035724,8,1486565753),(4,4,'asdf','asdf',11000,8,1486036303,8,1486036303),(5,4,'qwer','qwer',11000,8,1486036304,8,1486036304);

/*Table structure for table `budget_monitoring_month` */

DROP TABLE IF EXISTS `budget_monitoring_month`;

CREATE TABLE `budget_monitoring_month` (
  `id` int(11) NOT NULL AUTO_INCREMENT,
  `budget_monitoring_detail_id` int(11) NOT NULL,
  `bmv_month` int(2) NOT NULL,
  `bmv_plan_value` int(11) DEFAULT NULL,
  `bmv_realization_value` int(11) DEFAULT NULL,
  `created_by` smallint(5) unsigned NOT NULL,
  `created_at` int(11) NOT NULL,
  `updated_by` smallint(5) unsigned NOT NULL,
  `updated_at` int(11) NOT NULL,
  PRIMARY KEY (`id`),
  KEY `FK_budget_monitoring_month` (`budget_monitoring_detail_id`),
  CONSTRAINT `FK_budget_monitoring_month` FOREIGN KEY (`budget_monitoring_detail_id`) REFERENCES `budget_monitoring_detail` (`id`) ON DELETE CASCADE ON UPDATE CASCADE
) ENGINE=InnoDB AUTO_INCREMENT=61 DEFAULT CHARSET=latin1;

/*Data for the table `budget_monitoring_month` */

insert  into `budget_monitoring_month`(`id`,`budget_monitoring_detail_id`,`bmv_month`,`bmv_plan_value`,`bmv_realization_value`,`created_by`,`created_at`,`updated_by`,`updated_at`) values (13,2,2,110000,1231,8,1486035724,8,1492858476),(14,2,3,NULL,1231,8,1486035724,8,1492858476),(15,2,4,NULL,123,8,1486035724,8,1492858476),(16,2,5,NULL,123,8,1486035724,8,1492858476),(17,2,6,NULL,123,8,1486035724,8,1492858476),(18,2,7,NULL,NULL,8,1486035724,8,1492858476),(19,2,8,NULL,123,8,1486035724,8,1492858476),(20,2,9,NULL,NULL,8,1486035724,8,1492858476),(21,2,10,NULL,123,8,1486035724,8,1492858476),(22,2,11,NULL,NULL,8,1486035724,8,1492858476),(23,2,12,NULL,NULL,8,1486035724,8,1492858476),(24,2,13,NULL,NULL,8,1486035724,8,1492858476),(37,4,2,11000,NULL,8,1486036303,8,1486036303),(38,4,3,NULL,NULL,8,1486036303,8,1486036303),(39,4,4,NULL,NULL,8,1486036303,8,1486036303),(40,4,5,NULL,NULL,8,1486036303,8,1486036303),(41,4,6,NULL,NULL,8,1486036303,8,1486036303),(42,4,7,NULL,NULL,8,1486036303,8,1486036303),(43,4,8,NULL,NULL,8,1486036303,8,1486036303),(44,4,9,NULL,NULL,8,1486036304,8,1486036304),(45,4,10,NULL,NULL,8,1486036304,8,1486036304),(46,4,11,NULL,NULL,8,1486036304,8,1486036304),(47,4,12,NULL,NULL,8,1486036304,8,1486036304),(48,4,13,NULL,NULL,8,1486036304,8,1486036304),(49,5,2,11000,NULL,8,1486036304,8,1486036304),(50,5,3,NULL,NULL,8,1486036304,8,1486036304),(51,5,4,NULL,NULL,8,1486036304,8,1486036304),(52,5,5,NULL,NULL,8,1486036304,8,1486036304),(53,5,6,NULL,NULL,8,1486036304,8,1486036304),(54,5,7,NULL,NULL,8,1486036304,8,1486036304),(55,5,8,NULL,NULL,8,1486036304,8,1486036304),(56,5,9,NULL,NULL,8,1486036304,8,1486036304),(57,5,10,NULL,NULL,8,1486036304,8,1486036304),(58,5,11,NULL,NULL,8,1486036304,8,1486036304),(59,5,12,NULL,NULL,8,1486036304,8,1486036304),(60,5,13,NULL,NULL,8,1486036304,8,1486036304);

/*Table structure for table `codeset` */

DROP TABLE IF EXISTS `codeset`;

CREATE TABLE `codeset` (
  `id` int(10) unsigned NOT NULL AUTO_INCREMENT,
  `cset_name` varchar(150) NOT NULL,
  `cset_code` varchar(50) NOT NULL,
  `cset_value` varchar(255) NOT NULL,
  `cset_description` text,
  `cset_parent_pk` varchar(50) DEFAULT NULL,
  `cset_order` int(2) DEFAULT NULL,
  `created_at` int(11) DEFAULT NULL,
  `updated_at` int(11) DEFAULT NULL,
  `created_by` smallint(5) unsigned DEFAULT NULL,
  `updated_by` smallint(5) unsigned DEFAULT NULL,
  PRIMARY KEY (`id`)
) ENGINE=InnoDB AUTO_INCREMENT=124 DEFAULT CHARSET=latin1;

/*Data for the table `codeset` */

insert  into `codeset`(`id`,`cset_name`,`cset_code`,`cset_value`,`cset_description`,`cset_parent_pk`,`cset_order`,`created_at`,`updated_at`,`created_by`,`updated_by`) values (1,'WEB_CONFIG','ALLOWED_IP','127.0.0.1; ::1; 36.68.179.127; 36.77.140.14; 36.77.110.187','IP Address yang diijinkan untuk akses aplikasi. Pisahkan berdasarkan titik koma. Cth: 127.0.01; 128.1.1.2','',6,1462779626,1462786889,5,5),(2,'POST_TYPE_CODE','PAGE','Halaman','','',NULL,1474948722,1474948722,8,8),(3,'POST_TYPE_CODE','NEWS','Berita','','',NULL,1475051416,1475051416,8,8),(4,'FORM_TYPE_CODE','K3','K3','K3','',NULL,1482483701,1482483701,8,8),(5,'FORM_TYPE_CODE','LH','Lingkungan Hidup','Lingkungan Hidup','',NULL,1482483722,1482483722,8,8),(6,'ATTRIBUTE_TYPE_CODE','TGT','Target','','',NULL,1482729769,1482729769,8,8),(7,'ATTRIBUTE_TYPE_CODE','PHDR','Header','','',1,1482729801,1482729801,8,8),(8,'ATTRIBUTE_TYPE_CODE','PSHDR','Sub Header','','',2,1482729814,1482729814,8,8),(9,'ATTRIBUTE_TYPE_CODE','PITEM','Item','','',3,1482729825,1482729825,8,8),(10,'WP_LEGEND','1','Persiapan Program (TOR, RAB)','','',NULL,1484796129,1484796129,8,8),(11,'WP_LEGEND','2','Proses Pengadaan Barang / Jasa','','',NULL,1484796147,1484796147,8,8),(12,'WP_LEGEND','3','Pelaksanaan Program','','',NULL,1484796162,1484796162,8,8),(13,'WP_LEGEND','4','Monitoring Evaluasi','','',NULL,1484796174,1484796174,8,8),(14,'WP_LEGEND','5','Penyusunan Laporan','','',NULL,1484796190,1484796190,8,8),(15,'PPU_ES_CHIMNEY_SHAPE_CODE','SQR','Kotak','Bentuk Cerobong','',NULL,1487361038,1487676283,8,8),(16,'PPU_ES_CHIMNEY_SHAPE_CODE','CYL','Silinder','Bentuk Cerobong','',NULL,1487361112,1487676301,8,8),(17,'PPU_ES_CHIMNEY_SHAPE_CODE','CON','Kerucut','Bentuk Cerobong','',NULL,1487361142,1487676294,8,8),(18,'PPU_ES_MONITORING_DATA_STATUS_CODE','WATCHED','Dipantau','Status data pemantauan pada PPU','',NULL,1487416822,1487676321,8,8),(19,'PPU_ES_MONITORING_DATA_STATUS_CODE','NWATCHED','Tidak Dipantau','Status data pemantauan pada PPU','',NULL,1487416843,1487676327,8,8),(20,'PPU_ES_FREQ_MONITORING_OBLIGATION_CODE','FMOC1','1 Tahun 2 Kali','Frekuensi Kewajiban Pemantauan pada PPU','',NULL,1487417000,1487676312,8,8),(21,'PPU_ES_FUEL_NAME_CODE','FNC1','Batubara','Nama Bahan Bakar','',NULL,1487417127,1487676341,8,8),(22,'PPU_ES_FUEL_UNIT_CODE','FUC1','kg','Satuan Bahan Bakar','',NULL,1487417150,1487676352,8,8),(23,'PPU_RBM_PARAM_CODE','PRPC1','NO2','Parameter code for RBM','',NULL,1487669901,1487669901,8,8),(24,'PPU_RBM_PARAM_CODE','PRPC2','SO2','Parameter code for RBM','',NULL,1487669918,1487669918,8,8),(25,'PPU_RBM_PARAM_UNIT_CODE','PRPUC1','(m3/detik)','Parameter unit code for RBM','',NULL,1487669953,1487669953,8,8),(26,'PPU_RBM_QS_UNIT_CODE','PRQUC1','mg/Nm3','QS unit code for RBM','',NULL,1487669996,1487669996,8,8),(27,'PPU_RBM_QS_LOAD_UNIT_CODE','PRQLUC1','kg/ton','QS load unit code for RBM','',NULL,1487670022,1487670022,8,8),(28,'PPU_AP_FREQ_MONITORING_OBLIGATION_CODE','PAFMOC1','1 Tahun 2 Kali','AP Frequency monitoring','',NULL,1487677803,1487677803,8,8),(29,'PPU_RBM_PARAM_CODE','LAJUALIR','Laju Alir','Laju AIr RBM','',NULL,1487775070,1487775070,8,8),(30,'PPU_RBM_PARAM_CODE','PRPC3','Opasitas','','',NULL,1487842345,1487842345,8,8),(31,'PPU_RBM_PARAM_CODE','PRPC4','Partikulat','','',NULL,1487842359,1487842359,8,8),(32,'PPU_RBM_QS_UNIT_CODE','PRQUC2','%','','',NULL,1487842427,1487842427,8,8),(33,'PPUA_MP_MONITORING_DATA_STATUS_CODE','PMMDSC1','3 Bulan Sekali','','',NULL,1488135214,1488135214,8,8),(34,'PPUA_MP_FREQ_MONITORING_OBLIGATION_CODE','PMFMOC1','Dipantau','','',NULL,1488135240,1488135240,8,8),(35,'PPUA_RBM_PARAM_CODE','PRPC1','SO2','','',NULL,1488185215,1488185215,8,8),(36,'PPUA_RBM_PARAM_CODE','PRPC2','NO2','','',NULL,1488185226,1488185226,8,8),(37,'PPUA_RBM_PARAM_CODE','PRPC3','TSP','','',NULL,1488185234,1488185234,8,8),(38,'PPUA_RBM_PARAM_CODE','PRPC4','PM10','','',NULL,1488185245,1488185245,8,8),(39,'PPUA_RBM_PARAM_CODE','PRPC5','CO','','',NULL,1488185253,1488185253,8,8),(40,'PPUA_RBM_QS_UNIT_CODE','PRQUC1','gram/m3','','',NULL,1488185284,1488185284,8,8),(41,'PPUA_RBM_QS_LOAD_UNIT_CODE','PRQLUC1','gram/m3','','',NULL,1488185298,1488185298,8,8),(42,'PPUCEMS_RBM_PARAM_CODE','PRPC1','SOx','','',NULL,1488389277,1488389277,8,8),(43,'PPUCEMS_RBM_PARAM_CODE','PRPC2','NOx','','',NULL,1488389286,1488389286,8,8),(44,'PPUCEMS_RBM_PARAM_CODE','PRPC3','Partikulat','','',NULL,1488389298,1488389298,8,8),(45,'PPUCEMS_RBM_PARAM_REPORT_QS_UNIT_CODE','PRPRQUC1','mg/Nm3','','',NULL,1488572218,1488572218,8,8),(46,'WWATER_TECH_CODE','AER','Aerob','Aerob','',NULL,1487480771,1487480771,8,8),(47,'WWATER_TECH_CODE','ANAER','Anaerob','Anaerob','',NULL,1487480798,1487480798,8,8),(48,'PPA_RBM_PARAM_CODE','PH','pH','pH','',NULL,1487578197,1487578197,8,8),(49,'PPA_RBM_PARAM_CODE','TSS','TSS','TSS','',NULL,1487578410,1487578410,8,8),(50,'PPA_RBM_PARAM_CODE','OIL_FAT','Minyak dan Lemak','Minyak dan Lemak','',NULL,1487578436,1487578436,8,8),(51,'PPA_RBM_PARAM_CODE','CL2','Cl2','Cl2','',NULL,1487578456,1487578456,8,8),(52,'PPA_RBM_PARAM_CODE','CR','Cr','Cr','',NULL,1487578473,1487578473,8,8),(53,'PPA_RBM_PARAM_CODE','CU','Tembaga (Cu)','Tembaga (Cu)','',NULL,1487578489,1487578489,8,8),(54,'PPA_RBM_PARAM_CODE','DBT','Debit','Debit','',NULL,1487578698,1487578698,8,8),(55,'PPA_RBM_PARAM_CODE','PRD','Produksi','Produksi','',NULL,1487578712,1487578712,8,8),(56,'PPA_RBM_PARAM_UNIT_CODE','TON_P_M','Ton/Bulan','Ton/bulan','',NULL,1487578817,1487578817,8,8),(57,'PPA_RBM_PARAM_UNIT_CODE','MW_P_M','MW/Bulan','MW/bulan','',NULL,1487578841,1487578841,8,8),(58,'PPA_RBM_PARAM_UNIT_CODE','BRL_P_M','Barrel/Bulan','Barrel/bulan','',NULL,1487578873,1487578873,8,8),(59,'PPA_RBM_PARAM_UNIT_CODE','M3_P_M','m3/bulan','m3/bulan','',NULL,1487578895,1487578895,8,8),(60,'QS_UNIT_CODE','MG_P_L','mg/L','mg/L','',NULL,1487590895,1487590895,8,8),(61,'QS_LOAD_UNIT_CODE','TON_P_M','Ton/bulan','Ton/bulan','',NULL,1487590957,1487590957,8,8),(62,'PPA_QUESTION_TYPE_CODE','GNRL','Umum','Pertanyaan Umum Ketentuan Teknis','',NULL,1487738034,1487738034,8,8),(63,'PPA_QUESTION_TYPE_CODE','OIL_IND','Industri Sawit','Khusus untuk Industri Sawit melakukan Land Aplikasi ditambahkan:','',NULL,1487738110,1487738110,8,8),(64,'PPA_QUESTION_TYPE_CODE','PETRO_IND','Industri Petrokimia','Khusus untuk Industri Petrokimia ditambahkan:','',NULL,1487738163,1487738163,8,8),(65,'QS_LOAD_UNIT_CODE','GR_P_M3','Gram/m3','Gram/m3','',NULL,1489745755,1489745755,8,8),(66,'QS_LOAD_UNIT_CODE','KG_P_TON','Kg/Ton','Kg/Ton','',NULL,1489745788,1489745788,8,8),(67,'PPABA_MONITORING_FREQUENCY','NON','Tidak Wajib Dipantau','Tidak Wajib Dipantau','',6,1490422256,1490422256,8,8),(68,'PPABA_MONITORING_FREQUENCY','1M','1 Bulan Sekali','1 Bulan Sekali','',1,1490422281,1490422281,8,8),(69,'PPABA_MONITORING_FREQUENCY','3M','3 Bulan Sekali','3 Bulan Sekali','',2,1490422296,1490422296,8,8),(70,'PPABA_MONITORING_FREQUENCY','6M','6 Bulan Sekali','6 Bulan Sekali','',3,1490422310,1490422310,8,8),(71,'PPABA_MONITORING_FREQUENCY','1Y','1 Tahun Sekali','1 Tahun Sekali','',4,1490422326,1490422326,8,8),(72,'PPABA_MONITORING_FREQUENCY','3Y','3 Tahun Sekali','3 Tahun Sekali','',5,1490422344,1490422344,8,8),(73,'PPABA_MONITORING_STATUS_PERIOD','Y','Dipantau','Dipantau','',1,1490422399,1490422399,8,8),(74,'PPABA_MONITORING_STATUS_PERIOD','N','Tidak Dipantau','Tidak Dipantau','',2,1490422413,1490422413,8,8),(75,'FORM_TYPE_CODE','AD','Dominan di Ash Disposal','Ash DIsposal','',NULL,1491901009,1491901164,8,8),(76,'FORM_TYPE_CODE','GD','Non Dominan Gudang LB3','Gudang LB3','',NULL,1491901030,1491901182,8,8),(77,'PLB3_BS_WASTE_TYPE_CODE','PBWTC1','Proses','','',NULL,1491923820,1491923820,8,8),(78,'PLB3_BS_WASTE_TYPE_CODE','PBWTC2','Utilitas','','',NULL,1491923832,1491923832,8,8),(79,'PLB3_BS_WASTE_TYPE_CODE','PBWTC3','Proses & Utilitas','','',NULL,1491923843,1491923843,8,8),(80,'PLB3_BS_WASTE_UNIT_CODE','PBWUC1','Ton','','',NULL,1491923955,1491923955,8,8),(81,'PLB3_BS_TREATMENT_TYPE_CODE','PBTTC1','Dihasilkan','','',1,1491983907,1491984260,8,8),(82,'PLB3_BS_TREATMENT_TYPE_CODE','PBTTC3','Dimanfaatkan Sendiri','','',2,1491983982,1491984633,8,8),(83,'PLB3_BS_TREATMENT_TYPE_CODE','PBTTC4','Diolah Sendiri','','',3,1491983995,1491984624,8,8),(84,'PLB3_BS_TREATMENT_TYPE_CODE','PBTTC5','Ditimbun Sendiri','','',4,1491984008,1491984616,8,8),(85,'PLB3_BS_TREATMENT_TYPE_CODE','PBTTC6','Diserahkan Kepihak Ketiga Berizin','','',5,1491984024,1491984606,8,8),(86,'PLB3_BS_TREATMENT_TYPE_CODE','PBTTC7','Tidak Dikelola','','',6,1491984048,1491984597,8,8),(87,'PLB3_BS_TREATMENT_TYPE_CODE','PBTTC2','Disimpan di TPS','','',7,1492052493,1492052536,8,8),(93,'PLB3_CHECKLIST_FORM_TYPE_CODE','PCFTC1','TPS','','',NULL,1492488297,1492488297,8,8),(94,'PLB3_CHECKLIST_FORM_TYPE_CODE','PCFTC2','LandFill','','',NULL,1492488307,1492488307,8,8),(95,'PLB3_CHECKLIST_FORM_TYPE_CODE','PCFTC3','Pihak Ketiga','','',NULL,1492488319,1492488319,8,8),(96,'PLB3_QUESTION_TYPE_CODE_PCFTC1','PQTCP11','Bangunan dan Penyimpanan','','',1,1492590892,1492590980,8,8),(97,'PLB3_QUESTION_TYPE_CODE_PCFTC1','PQTCP12','Pengemasan','','',2,1492590927,1492590927,8,8),(98,'PLB3_QUESTION_TYPE_CODE_PCFTC1','PQTCP13','Pemantauan','','',3,1492590941,1492590941,8,8),(99,'PLB3_QUESTION_TYPE_CODE_PCFTC1','PQTCP14','Pengelolaan Lanjutan','','',4,1492590955,1492590955,8,8),(100,'PLB3_QUESTION_TYPE_CODE_PCFTC1','PQTCP15','Tanggap Darurat dan Kebersihan','','',5,1492590965,1492590965,8,8),(101,'PLB3_QUESTION_TYPE_CODE_PCFTC2','PQTCP21','Data Penataan','','',1,1492610220,1492610220,8,8),(102,'PLB3_QUESTION_TYPE_CODE_PCFTC2','PQTCP22','Rancang Bangun Fasilitas Penimbunan','','',2,1492610331,1492620705,8,8),(103,'PLB3_QUESTION_TYPE_CODE_PCFTC2','PQTCP23','Bak Pengumpul Lindi','','',3,1492610364,1492610364,8,8),(104,'PLB3_QUESTION_TYPE_CODE_PCFTC2','PQTCP24','Lain Lain','','',4,1492610379,1492620932,8,8),(105,'PLB3_QUESTION_TYPE_CODE_PCFTC3','PQTCP31','Pihak Ketiga Penerima Limbah B3 Memiliki Izin Yang Sesuai Ketentuan','','',1,1492610558,1492610558,8,8),(106,'PLB3_QUESTION_TYPE_CODE_PCFTC3','PQTCP32','Pengangkutan Limbah B3 Memenuhi Ketentuan Yang Berlaku','','',2,1492610594,1492610594,8,8),(107,'PLB3_QUESTION_TYPE_CODE_PCFTC3','PQTCP33','Manifest Dan Pengelolaan Manifest Sesuai Dengan Ketentuan','','',3,1492610619,1492610619,8,8),(108,'UNIT_CODE','UC1','Satuan','','',NULL,1492887010,1492887010,8,8),(109,'PLB3_SA_QUESTION_CATEGORY','GNRL','Umum','Umum','',1,1492342442,1492342442,8,8),(110,'PLB3_SA_QUESTION_CATEGORY','HZRD','Pengelolaan Limbah Bahan Berbahaya dan Beracun','Pengelolaan Limbah Bahan Berbahaya dan Beracun','',2,1492342514,1492342514,8,8),(111,'PLB3_SA_QUESTION_INPUT_TYPE','YN','Ya / Tidak','Ya / Tidak','',1,1492342645,1492342645,8,8),(112,'PLB3_SA_QUESTION_INPUT_TYPE','QTR','Triwulan','Triwulan','',2,1492342683,1492342683,8,8),(113,'PLB3_SA_QUESTION_INPUT_TYPE','PCT','Prosentase','Prosentase','',3,1492342723,1492342723,8,8),(114,'PLB3_SA_QUESTION_INPUT_TYPE','FILE','File Dokumen','File Dokumen','',4,1492344463,1492344463,8,8),(115,'BO_FORM_TYPE_CODE','DRKPL','Dokumen Ringkasan Kinerja Pengelolaan Lingkungan','','',NULL,1494338349,1494338589,8,8),(116,'BO_FORM_TYPE_CODE','EE','Efisiensi Energi','','',NULL,1494338370,1494338370,8,8),(117,'BO_FORM_TYPE_CODE','PPLB3','Pengurangan dan Pemanfaatan Limbah B3','','',NULL,1494338446,1494338446,8,8),(118,'BO_FORM_TYPE_CODE','PGPU','Pengurangan Pencemaran Udara','','',NULL,1494338471,1494338471,8,8),(119,'BO_FORM_TYPE_CODE','KA','Konservasi Air','','',NULL,1494338485,1494338485,8,8),(120,'BO_FORM_TYPE_CODE','SML','Sistem Manajemen Lingkungan','','',NULL,1494338504,1494338504,8,8),(121,'BO_FORM_TYPE_CODE','PPLNB3','Pengurangan dan Pemanfaatan Limbah non B3','','',NULL,1494338532,1494338532,8,8),(122,'BO_FORM_TYPE_CODE','KH','Keanekaragaman Hayati','','',NULL,1494338550,1494338550,8,8),(123,'BO_FORM_TYPE_CODE','CD','Community Development','','',NULL,1494338567,1494338567,8,8);

/*Table structure for table `employee` */

DROP TABLE IF EXISTS `employee`;

CREATE TABLE `employee` (
  `id` smallint(5) unsigned NOT NULL AUTO_INCREMENT,
  `name` varchar(32) NOT NULL,
  `address` varchar(100) DEFAULT NULL,
  `email` varchar(150) DEFAULT NULL,
  `phone` varchar(32) NOT NULL,
  `salary` int(11) DEFAULT NULL,
  `commission` decimal(5,2) DEFAULT NULL,
  `note` text,
  `joined_date` date NOT NULL,
  `status` char(1) NOT NULL DEFAULT 'Y',
  `created_by` smallint(5) unsigned NOT NULL,
  `created_at` int(11) NOT NULL,
  `updated_by` smallint(5) unsigned NOT NULL,
  `updated_at` int(11) NOT NULL,
  PRIMARY KEY (`id`)
) ENGINE=InnoDB AUTO_INCREMENT=7 DEFAULT CHARSET=latin1;

/*Data for the table `employee` */

insert  into `employee`(`id`,`name`,`address`,`email`,`phone`,`salary`,`commission`,`note`,`joined_date`,`status`,`created_by`,`created_at`,`updated_by`,`updated_at`) values (1,'Joko Hermanto','Lorong Jengkol. Talang Banjar.','joko.hermanto19@gmail.com','085228292014',0,'20.00','','2016-04-01','Y',0,0,8,1480133297),(2,'Supervisor','',NULL,'0819',NULL,NULL,NULL,'2016-03-24','Y',0,0,5,1460139806),(3,'Operator','',NULL,'0852',NULL,NULL,NULL,'2016-03-24','Y',0,0,0,0),(6,'Joko Test','Bhayangkara','','123123131231231',0,NULL,NULL,'2016-06-30','Y',8,1467276747,12,1480133435);

/*Table structure for table `environment_permit` */

DROP TABLE IF EXISTS `environment_permit`;

CREATE TABLE `environment_permit` (
  `id` int(11) NOT NULL AUTO_INCREMENT,
  `sector_id` int(11) NOT NULL,
  `power_plant_id` int(11) NOT NULL,
  `ep_year` int(4) NOT NULL,
  `created_by` smallint(5) unsigned NOT NULL,
  `created_at` int(11) NOT NULL,
  `updated_by` smallint(5) unsigned NOT NULL,
  `updated_at` int(11) NOT NULL,
  PRIMARY KEY (`id`),
  KEY `FK_environment_permit_sector` (`sector_id`),
  KEY `FK_environment_permit_power_plant` (`power_plant_id`),
  CONSTRAINT `FK_environment_permit_power_plant` FOREIGN KEY (`power_plant_id`) REFERENCES `power_plant` (`id`),
  CONSTRAINT `FK_environment_permit_sector` FOREIGN KEY (`sector_id`) REFERENCES `sector` (`id`)
) ENGINE=InnoDB AUTO_INCREMENT=2 DEFAULT CHARSET=latin1;

/*Data for the table `environment_permit` */

insert  into `environment_permit`(`id`,`sector_id`,`power_plant_id`,`ep_year`,`created_by`,`created_at`,`updated_by`,`updated_at`) values (1,2,4,2017,8,1493111108,8,1493111108);

/*Table structure for table `environment_permit_detail` */

DROP TABLE IF EXISTS `environment_permit_detail`;

CREATE TABLE `environment_permit_detail` (
  `id` int(11) NOT NULL AUTO_INCREMENT,
  `environment_permit_id` int(11) NOT NULL,
  `ep_document_name` varchar(1000) NOT NULL,
  `ep_institution` varchar(1000) NOT NULL,
  `ep_date` date NOT NULL,
  `ep_limit_capacity` int(11) NOT NULL,
  `ep_realization_capacity` int(11) NOT NULL,
  `created_by` smallint(5) unsigned NOT NULL,
  `created_at` int(11) NOT NULL,
  `updated_by` smallint(5) unsigned NOT NULL,
  `updated_at` int(11) NOT NULL,
  PRIMARY KEY (`id`),
  KEY `FK_environment_permit_detail` (`environment_permit_id`),
  CONSTRAINT `FK_environment_permit_detail` FOREIGN KEY (`environment_permit_id`) REFERENCES `environment_permit` (`id`) ON DELETE CASCADE ON UPDATE CASCADE
) ENGINE=InnoDB AUTO_INCREMENT=19 DEFAULT CHARSET=latin1;

/*Data for the table `environment_permit_detail` */

insert  into `environment_permit_detail`(`id`,`environment_permit_id`,`ep_document_name`,`ep_institution`,`ep_date`,`ep_limit_capacity`,`ep_realization_capacity`,`created_by`,`created_at`,`updated_by`,`updated_at`) values (16,1,'Dokumen 1','Institusi 1','2017-04-07',100000,200000,8,1493203627,8,1493203627),(17,1,'Dokumen 2','Institusi 2','2017-04-08',200000,300000,8,1493203652,8,1493203652),(18,1,'Dokumen 3','Institusi 3','2017-04-12',300000,4000000,8,1493203675,8,1493203675);

/*Table structure for table `environment_permit_district` */

DROP TABLE IF EXISTS `environment_permit_district`;

CREATE TABLE `environment_permit_district` (
  `id` int(11) NOT NULL AUTO_INCREMENT,
  `environment_permit_report_id` int(11) NOT NULL,
  `ep_district` varchar(50) NOT NULL,
  `created_by` smallint(5) unsigned NOT NULL,
  `created_at` int(11) NOT NULL,
  `updated_by` smallint(5) unsigned NOT NULL,
  `updated_at` int(11) NOT NULL,
  PRIMARY KEY (`id`),
  KEY `FK_environment_permit_district` (`environment_permit_report_id`),
  CONSTRAINT `FK_environment_permit_district` FOREIGN KEY (`environment_permit_report_id`) REFERENCES `environment_permit_report` (`id`) ON DELETE CASCADE ON UPDATE CASCADE
) ENGINE=InnoDB AUTO_INCREMENT=9 DEFAULT CHARSET=latin1;

/*Data for the table `environment_permit_district` */

insert  into `environment_permit_district`(`id`,`environment_permit_report_id`,`ep_district`,`created_by`,`created_at`,`updated_by`,`updated_at`) values (4,5,'Bukti Kabupaten 1',8,1493203461,8,1493203461),(5,6,'Bukti Kabupaten 2',8,1493203499,8,1493203499),(6,7,'Bukti Kabupaten 3',8,1493203531,8,1493203531),(7,8,'Bukti Kabupaten 4',8,1493203567,8,1493203567),(8,9,'Bukti Kabupaten 5',8,1493203597,8,1493203597);

/*Table structure for table `environment_permit_ministry` */

DROP TABLE IF EXISTS `environment_permit_ministry`;

CREATE TABLE `environment_permit_ministry` (
  `id` int(11) NOT NULL AUTO_INCREMENT,
  `environment_permit_report_id` int(11) NOT NULL,
  `ep_ministry` varchar(50) NOT NULL,
  `created_by` smallint(5) unsigned NOT NULL,
  `created_at` int(11) NOT NULL,
  `updated_by` smallint(5) unsigned NOT NULL,
  `updated_at` int(11) NOT NULL,
  PRIMARY KEY (`id`),
  KEY `FK_environment_permit_ministry` (`environment_permit_report_id`),
  CONSTRAINT `FK_environment_permit_ministry` FOREIGN KEY (`environment_permit_report_id`) REFERENCES `environment_permit_report` (`id`) ON DELETE CASCADE ON UPDATE CASCADE
) ENGINE=InnoDB AUTO_INCREMENT=9 DEFAULT CHARSET=latin1;

/*Data for the table `environment_permit_ministry` */

insert  into `environment_permit_ministry`(`id`,`environment_permit_report_id`,`ep_ministry`,`created_by`,`created_at`,`updated_by`,`updated_at`) values (4,5,'Menteri Lingkungan Hidup 1',8,1493203463,8,1493203463),(5,6,'Menteri Lingkungan Hidup 2',8,1493203501,8,1493203501),(6,7,'Menteri Lingkungan Hidup 3',8,1493203534,8,1493203534),(7,8,'Menteri Lingkungan Hidup 4',8,1493203569,8,1493203569),(8,9,'Menteri Lingkungan Hidup 5',8,1493203599,8,1493203599);

/*Table structure for table `environment_permit_province` */

DROP TABLE IF EXISTS `environment_permit_province`;

CREATE TABLE `environment_permit_province` (
  `id` int(11) NOT NULL AUTO_INCREMENT,
  `environment_permit_report_id` int(11) NOT NULL,
  `ep_province` varchar(50) NOT NULL,
  `created_by` smallint(5) unsigned NOT NULL,
  `created_at` int(11) NOT NULL,
  `updated_by` smallint(5) unsigned NOT NULL,
  `updated_at` int(11) NOT NULL,
  PRIMARY KEY (`id`),
  KEY `FK_environment_permit_province` (`environment_permit_report_id`),
  CONSTRAINT `FK_environment_permit_province` FOREIGN KEY (`environment_permit_report_id`) REFERENCES `environment_permit_report` (`id`) ON DELETE CASCADE ON UPDATE CASCADE
) ENGINE=InnoDB AUTO_INCREMENT=9 DEFAULT CHARSET=latin1;

/*Data for the table `environment_permit_province` */

insert  into `environment_permit_province`(`id`,`environment_permit_report_id`,`ep_province`,`created_by`,`created_at`,`updated_by`,`updated_at`) values (4,5,'Provinsi 1',8,1493203462,8,1493203462),(5,6,'Provinsi 2',8,1493203500,8,1493203500),(6,7,'Provinsi 3',8,1493203533,8,1493203533),(7,8,'Provinsi 4',8,1493203568,8,1493203568),(8,9,'Provinsi 5',8,1493203598,8,1493203598);

/*Table structure for table `environment_permit_report` */

DROP TABLE IF EXISTS `environment_permit_report`;

CREATE TABLE `environment_permit_report` (
  `id` int(11) NOT NULL AUTO_INCREMENT,
  `environment_permit_id` int(11) NOT NULL,
  `ep_quarter` varchar(20) NOT NULL,
  `created_by` smallint(5) unsigned NOT NULL,
  `created_at` int(11) NOT NULL,
  `updated_by` smallint(5) unsigned NOT NULL,
  `updated_at` int(11) NOT NULL,
  PRIMARY KEY (`id`),
  KEY `FK_environment_permit_report` (`environment_permit_id`),
  CONSTRAINT `FK_environment_permit_report` FOREIGN KEY (`environment_permit_id`) REFERENCES `environment_permit` (`id`) ON DELETE CASCADE ON UPDATE CASCADE
) ENGINE=InnoDB AUTO_INCREMENT=10 DEFAULT CHARSET=latin1;

/*Data for the table `environment_permit_report` */

insert  into `environment_permit_report`(`id`,`environment_permit_id`,`ep_quarter`,`created_by`,`created_at`,`updated_by`,`updated_at`) values (5,1,'Triwulan III 2016',8,1493203461,8,1493203461),(6,1,'Triwulan IV 2016',8,1493203499,8,1493203499),(7,1,'Semester 1 2016',8,1493203531,8,1493203531),(8,1,'Semester 2 2016',8,1493203567,8,1493203567),(9,1,'Triwulan 1 2017',8,1493203597,8,1493203597);

/*Table structure for table `log` */

DROP TABLE IF EXISTS `log`;

CREATE TABLE `log` (
  `id` int(11) NOT NULL AUTO_INCREMENT,
  `type` varchar(7) DEFAULT NULL,
  `table_name` varchar(100) DEFAULT NULL,
  `action` varchar(255) DEFAULT NULL,
  `created_by` smallint(5) unsigned DEFAULT NULL,
  `created_at` int(11) NOT NULL,
  `updated_by` smallint(5) unsigned DEFAULT NULL,
  `updated_at` int(11) NOT NULL,
  PRIMARY KEY (`id`),
  KEY `FK_log_updated_by` (`updated_by`),
  KEY `FK_log_created_by` (`created_by`),
  CONSTRAINT `FK_log_created_by` FOREIGN KEY (`created_by`) REFERENCES `user` (`id`) ON DELETE CASCADE ON UPDATE CASCADE,
  CONSTRAINT `FK_log_updated_by` FOREIGN KEY (`updated_by`) REFERENCES `user` (`id`) ON DELETE CASCADE ON UPDATE CASCADE
) ENGINE=InnoDB AUTO_INCREMENT=8079 DEFAULT CHARSET=latin1;

/*Data for the table `log` */

insert  into `log`(`id`,`type`,`table_name`,`action`,`created_by`,`created_at`,`updated_by`,`updated_at`) values (1,'SUCCESS','sector','INSERTING NEW DATA WITH ID #1',8,1479442400,8,1479442400),(2,'SUCCESS','sector','UPDATING DATA ID #1',8,1479442515,8,1479442515),(3,'SUCCESS','log_dirty','INSERTING NEW DATA WITH ID #1',8,1479442515,8,1479442515),(4,'SUCCESS','sector','UPDATING DATA ID #1',8,1479442528,8,1479442528),(5,'SUCCESS','log_dirty','INSERTING NEW DATA WITH ID #2',8,1479442528,8,1479442528),(6,'SUCCESS','sector','INSERTING NEW DATA WITH ID #2',8,1479442578,8,1479442578),(7,'SUCCESS','sector','INSERTING NEW DATA WITH ID #3',8,1479442600,8,1479442600),(8,'SUCCESS','sector','INSERTING NEW DATA WITH ID #4',8,1479442615,8,1479442615),(9,'SUCCESS','sector','INSERTING NEW DATA WITH ID #5',8,1479442635,8,1479442635),(10,'SUCCESS','sector','INSERTING NEW DATA WITH ID #6',8,1479442646,8,1479442646),(11,'SUCCESS','sector','INSERTING NEW DATA WITH ID #7',8,1479442656,8,1479442656),(12,'SUCCESS','sector','INSERTING NEW DATA WITH ID #8',8,1479442677,8,1479442677),(13,'SUCCESS','sector','INSERTING NEW DATA WITH ID #9',8,1479442685,8,1479442685),(14,'SUCCESS','power_plant','INSERTING NEW DATA WITH ID #1',8,1479444423,8,1479444423),(15,'SUCCESS','power_plant','UPDATING DATA ID #1',8,1479444562,8,1479444562),(16,'SUCCESS','log_dirty','INSERTING NEW DATA WITH ID #3',8,1479444562,8,1479444562),(17,'SUCCESS','power_plant','UPDATING DATA ID #1',8,1479444587,8,1479444587),(18,'SUCCESS','log_dirty','INSERTING NEW DATA WITH ID #4',8,1479444587,8,1479444587),(19,'SUCCESS','power_plant','INSERTING NEW DATA WITH ID #2',8,1479444739,8,1479444739),(20,'SUCCESS','power_plant','INSERTING NEW DATA WITH ID #3',8,1479444771,8,1479444771),(21,'SUCCESS','power_plant','INSERTING NEW DATA WITH ID #4',8,1479444945,8,1479444945),(22,'SUCCESS','power_plant','INSERTING NEW DATA WITH ID #5',8,1479445219,8,1479445219),(23,'SUCCESS','auth_item_child','DELETING DATA ID #administrator-sektor',8,1479728932,8,1479728932),(24,'SUCCESS','auth_item_child','INSERTING NEW DATA WITH ID #administrator-sektor',8,1479729076,8,1479729076),(25,'SUCCESS','auth_item_child','DELETING DATA ID #administrator-sektor',8,1479729495,8,1479729495),(26,'SUCCESS','auth_item_child','INSERTING NEW DATA WITH ID #administrator-sektor',8,1479729513,8,1479729513),(27,'SUCCESS','auth_item','INSERTING NEW DATA WITH ID #Operator',8,1480052146,8,1480052146),(28,'SUCCESS','auth_item_child','INSERTING NEW DATA WITH ID #Operator-pembangkit-listrik',8,1480052177,8,1480052177),(29,'SUCCESS','auth_item_child','INSERTING NEW DATA WITH ID #Operator-sektor',8,1480052177,8,1480052177),(30,'SUCCESS','auth_item_child','INSERTING NEW DATA WITH ID #Operator-profil',8,1480052200,8,1480052200),(31,'SUCCESS','employee','UPDATING DATA ID #6',8,1480052276,8,1480052276),(32,'SUCCESS','{{%user}}','UPDATING DATA ID #12',8,1480052276,8,1480052276),(33,'SUCCESS','auth_assignment','INSERTING NEW DATA WITH ID #',8,1480052276,8,1480052276),(34,'SUCCESS','employee','UPDATING DATA ID #6',8,1480052326,8,1480052326),(35,'SUCCESS','{{%user}}','UPDATING DATA ID #12',8,1480052326,8,1480052326),(36,'SUCCESS','auth_assignment','INSERTING NEW DATA WITH ID #',8,1480052326,8,1480052326),(37,'SUCCESS','employee','UPDATING DATA ID #6',8,1480052516,8,1480052516),(38,'SUCCESS','{{%user}}','UPDATING DATA ID #12',8,1480052516,8,1480052516),(39,'SUCCESS','auth_assignment','INSERTING NEW DATA WITH ID #',8,1480052516,8,1480052516),(40,'SUCCESS','user_sector','INSERTING NEW DATA WITH ID #1',8,1480052516,8,1480052516),(41,'SUCCESS','user_sector','INSERTING NEW DATA WITH ID #2',8,1480052516,8,1480052516),(42,'SUCCESS','employee','UPDATING DATA ID #6',8,1480052537,8,1480052537),(43,'SUCCESS','{{%user}}','UPDATING DATA ID #12',8,1480052537,8,1480052537),(44,'SUCCESS','auth_assignment','INSERTING NEW DATA WITH ID #',8,1480052537,8,1480052537),(45,'SUCCESS','user_sector','INSERTING NEW DATA WITH ID #3',8,1480052537,8,1480052537),(46,'SUCCESS','employee','UPDATING DATA ID #6',8,1480053994,8,1480053994),(47,'SUCCESS','{{%user}}','UPDATING DATA ID #12',8,1480053994,8,1480053994),(48,'SUCCESS','auth_assignment','INSERTING NEW DATA WITH ID #',8,1480053994,8,1480053994),(49,'SUCCESS','user_sector','INSERTING NEW DATA WITH ID #4',8,1480053994,8,1480053994),(50,'SUCCESS','user_sector','INSERTING NEW DATA WITH ID #5',8,1480053994,8,1480053994),(53,'SUCCESS','employee','UPDATING DATA ID #6',8,1480131494,8,1480131494),(54,'SUCCESS','{{%user}}','UPDATING DATA ID #12',8,1480131494,8,1480131494),(55,'SUCCESS','auth_assignment','INSERTING NEW DATA WITH ID #',8,1480131494,8,1480131494),(56,'SUCCESS','auth_assignment','INSERTING NEW DATA WITH ID #',8,1480131494,8,1480131494),(57,'SUCCESS','user_sector','INSERTING NEW DATA WITH ID #6',8,1480131494,8,1480131494),(58,'SUCCESS','user_sector','INSERTING NEW DATA WITH ID #7',8,1480131494,8,1480131494),(59,'SUCCESS','employee','UPDATING DATA ID #6',8,1480131503,8,1480131503),(60,'SUCCESS','{{%user}}','UPDATING DATA ID #12',8,1480131503,8,1480131503),(61,'SUCCESS','auth_assignment','INSERTING NEW DATA WITH ID #',8,1480131503,8,1480131503),(62,'SUCCESS','user_sector','INSERTING NEW DATA WITH ID #8',8,1480131503,8,1480131503),(63,'SUCCESS','user_sector','INSERTING NEW DATA WITH ID #9',8,1480131503,8,1480131503),(66,'SUCCESS','employee','UPDATING DATA ID #6',8,1480131585,8,1480131585),(67,'SUCCESS','{{%user}}','UPDATING DATA ID #12',8,1480131585,8,1480131585),(68,'SUCCESS','user_sector','INSERTING NEW DATA WITH ID #10',8,1480131585,8,1480131585),(69,'SUCCESS','user_sector','INSERTING NEW DATA WITH ID #11',8,1480131585,8,1480131585),(70,'SUCCESS','employee','UPDATING DATA ID #6',8,1480131592,8,1480131592),(71,'SUCCESS','{{%user}}','UPDATING DATA ID #12',8,1480131592,8,1480131592),(72,'SUCCESS','employee','UPDATING DATA ID #6',8,1480131607,8,1480131607),(73,'SUCCESS','{{%user}}','UPDATING DATA ID #12',8,1480131607,8,1480131607),(74,'SUCCESS','auth_assignment','INSERTING NEW DATA WITH ID #',8,1480131607,8,1480131607),(75,'SUCCESS','user_sector','INSERTING NEW DATA WITH ID #12',8,1480131607,8,1480131607),(76,'SUCCESS','user_sector','INSERTING NEW DATA WITH ID #13',8,1480131607,8,1480131607),(77,'SUCCESS','auth_item_child','INSERTING NEW DATA WITH ID #Administrator-profil-pengguna',8,1480132915,8,1480132915),(78,'SUCCESS','employee','UPDATING DATA ID #1',8,1480133279,8,1480133279),(79,'SUCCESS','log_dirty','INSERTING NEW DATA WITH ID #5',8,1480133279,8,1480133279),(80,'SUCCESS','{{%user}}','UPDATING DATA ID #8',8,1480133279,8,1480133279),(81,'SUCCESS','employee','UPDATING DATA ID #1',8,1480133297,8,1480133297),(82,'SUCCESS','log_dirty','INSERTING NEW DATA WITH ID #6',8,1480133297,8,1480133297),(83,'SUCCESS','{{%user}}','UPDATING DATA ID #8',8,1480133297,8,1480133297),(84,'SUCCESS','auth_item_child','INSERTING NEW DATA WITH ID #Operator-profil-pengguna',8,1480133395,8,1480133395),(85,'SUCCESS','auth_item_child','DELETING DATA ID #Operator-profil-perusahaan',8,1480133404,8,1480133404),(86,'SUCCESS','employee','UPDATING DATA ID #6',12,1480133428,12,1480133428),(87,'SUCCESS','log_dirty','INSERTING NEW DATA WITH ID #7',12,1480133428,12,1480133428),(88,'SUCCESS','{{%user}}','UPDATING DATA ID #12',12,1480133428,12,1480133428),(89,'SUCCESS','employee','UPDATING DATA ID #6',12,1480133435,12,1480133435),(90,'SUCCESS','log_dirty','INSERTING NEW DATA WITH ID #8',12,1480133435,12,1480133435),(91,'SUCCESS','{{%user}}','UPDATING DATA ID #12',12,1480133435,12,1480133435),(92,'SUCCESS','codeset','INSERTING NEW DATA WITH ID #4',8,1482483701,8,1482483701),(93,'SUCCESS','codeset','INSERTING NEW DATA WITH ID #5',8,1482483722,8,1482483722),(94,'SUCCESS','roadmap_k3l_attribute','INSERTING NEW DATA WITH ID #1',8,1482559889,8,1482559889),(95,'SUCCESS','roadmap_k3l_attribute','INSERTING NEW DATA WITH ID #2',8,1482559935,8,1482559935),(96,'SUCCESS','roadmap_k3l_attribute','INSERTING NEW DATA WITH ID #3',8,1482560032,8,1482560032),(97,'SUCCESS','roadmap_k3l_attribute','INSERTING NEW DATA WITH ID #4',8,1482560070,8,1482560070),(98,'SUCCESS','roadmap_k3l_attribute','INSERTING NEW DATA WITH ID #5',8,1482560152,8,1482560152),(99,'SUCCESS','roadmap_k3l_attribute','INSERTING NEW DATA WITH ID #6',8,1482560797,8,1482560797),(100,'SUCCESS','roadmap_k3l_attribute','INSERTING NEW DATA WITH ID #7',8,1482560814,8,1482560814),(101,'SUCCESS','roadmap_k3l_attribute','INSERTING NEW DATA WITH ID #8',8,1482560865,8,1482560865),(102,'SUCCESS','roadmap_k3l_attribute','INSERTING NEW DATA WITH ID #9',8,1482566240,8,1482566240),(103,'SUCCESS','roadmap_k3l_attribute','INSERTING NEW DATA WITH ID #10',8,1482566255,8,1482566255),(104,'SUCCESS','roadmap_k3l_attribute','INSERTING NEW DATA WITH ID #11',8,1482566327,8,1482566327),(105,'SUCCESS','roadmap_k3l_attribute','INSERTING NEW DATA WITH ID #12',8,1482566341,8,1482566341),(106,'SUCCESS','roadmap_k3l_attribute','INSERTING NEW DATA WITH ID #13',8,1482566403,8,1482566403),(107,'SUCCESS','roadmap_k3l_attribute','INSERTING NEW DATA WITH ID #14',8,1482566416,8,1482566416),(108,'SUCCESS','roadmap_k3l_attribute','INSERTING NEW DATA WITH ID #15',8,1482566480,8,1482566480),(109,'SUCCESS','roadmap_k3l_attribute','INSERTING NEW DATA WITH ID #16',8,1482566549,8,1482566549),(110,'SUCCESS','roadmap_k3l_attribute','INSERTING NEW DATA WITH ID #1',8,1482728633,8,1482728633),(111,'SUCCESS','roadmap_k3l_attribute','INSERTING NEW DATA WITH ID #2',8,1482728652,8,1482728652),(112,'SUCCESS','codeset','INSERTING NEW DATA WITH ID #6',8,1482729769,8,1482729769),(113,'SUCCESS','codeset','INSERTING NEW DATA WITH ID #7',8,1482729801,8,1482729801),(114,'SUCCESS','codeset','INSERTING NEW DATA WITH ID #8',8,1482729814,8,1482729814),(115,'SUCCESS','codeset','INSERTING NEW DATA WITH ID #9',8,1482729825,8,1482729825),(116,'SUCCESS','roadmap_k3l_attribute','INSERTING NEW DATA WITH ID #3',8,1482815485,8,1482815485),(117,'SUCCESS','roadmap_k3l_attribute','INSERTING NEW DATA WITH ID #4',8,1482822142,8,1482822142),(118,'SUCCESS','roadmap_k3l_attribute','INSERTING NEW DATA WITH ID #5',8,1482822205,8,1482822205),(119,'SUCCESS','roadmap_k3l_attribute','INSERTING NEW DATA WITH ID #6',8,1482824515,8,1482824515),(120,'SUCCESS','roadmap_k3l_attribute','INSERTING NEW DATA WITH ID #7',8,1482824872,8,1482824872),(121,'SUCCESS','roadmap_k3l_attribute','INSERTING NEW DATA WITH ID #8',8,1482824888,8,1482824888),(122,'SUCCESS','roadmap_k3l_attribute','INSERTING NEW DATA WITH ID #9',8,1482825046,8,1482825046),(123,'SUCCESS','roadmap_k3l_attribute','INSERTING NEW DATA WITH ID #10',8,1482826730,8,1482826730),(124,'SUCCESS','roadmap_k3l_attribute','INSERTING NEW DATA WITH ID #11',8,1482909553,8,1482909553),(125,'SUCCESS','auth_item_child','DELETING DATA ID #Administrator-sektor',8,1482914856,8,1482914856),(126,'SUCCESS','auth_item_child','INSERTING NEW DATA WITH ID #Administrator-sektor',8,1482915155,8,1482915155),(127,'SUCCESS','roadmap_k3l','INSERTING NEW DATA WITH ID #1',8,1483431973,8,1483431973),(128,'SUCCESS','roadmap_k3l_item','INSERTING NEW DATA WITH ID #1',8,1483431973,8,1483431973),(129,'SUCCESS','roadmap_k3l_item','INSERTING NEW DATA WITH ID #2',8,1483431973,8,1483431973),(130,'SUCCESS','roadmap_k3l_item','INSERTING NEW DATA WITH ID #3',8,1483431973,8,1483431973),(131,'SUCCESS','roadmap_k3l_item','INSERTING NEW DATA WITH ID #4',8,1483431973,8,1483431973),(132,'SUCCESS','roadmap_k3l_target','INSERTING NEW DATA WITH ID #1',8,1483431973,8,1483431973),(133,'SUCCESS','roadmap_k3l_target','INSERTING NEW DATA WITH ID #2',8,1483431973,8,1483431973),(134,'SUCCESS','roadmap_k3l','UPDATING DATA ID #1',8,1483676974,8,1483676974),(135,'SUCCESS','log_dirty','INSERTING NEW DATA WITH ID #9',8,1483676974,8,1483676974),(139,'SUCCESS','roadmap_k3l','UPDATING DATA ID #1',8,1483694441,8,1483694441),(140,'SUCCESS','log_dirty','INSERTING NEW DATA WITH ID #11',8,1483694441,8,1483694441),(143,'SUCCESS','roadmap_k3l','UPDATING DATA ID #1',8,1483694734,8,1483694734),(144,'SUCCESS','roadmap_k3l_item','UPDATING DATA ID #1',8,1483694734,8,1483694734),(145,'SUCCESS','roadmap_k3l_item','UPDATING DATA ID #2',8,1483694734,8,1483694734),(146,'SUCCESS','roadmap_k3l_item','UPDATING DATA ID #3',8,1483694734,8,1483694734),(147,'SUCCESS','roadmap_k3l_item','UPDATING DATA ID #4',8,1483694734,8,1483694734),(148,'SUCCESS','roadmap_k3l_target','UPDATING DATA ID #1',8,1483694734,8,1483694734),(149,'SUCCESS','log_dirty','INSERTING NEW DATA WITH ID #12',8,1483694734,8,1483694734),(150,'SUCCESS','roadmap_k3l_target','UPDATING DATA ID #2',8,1483694734,8,1483694734),(151,'SUCCESS','log_dirty','INSERTING NEW DATA WITH ID #13',8,1483694734,8,1483694734),(152,'SUCCESS','roadmap_k3l_target','INSERTING NEW DATA WITH ID #3',8,1483694734,8,1483694734),(153,'SUCCESS','roadmap_k3l_target','DELETING DATA ID #3',8,1483694753,8,1483694753),(154,'SUCCESS','roadmap_k3l_item','DELETING DATA ID #3',8,1483694849,8,1483694849),(155,'SUCCESS','roadmap_k3l','UPDATING DATA ID #1',8,1483694887,8,1483694887),(156,'SUCCESS','log_dirty','INSERTING NEW DATA WITH ID #14',8,1483694887,8,1483694887),(157,'SUCCESS','roadmap_k3l_item','UPDATING DATA ID #1',8,1483694887,8,1483694887),(158,'SUCCESS','roadmap_k3l_item','UPDATING DATA ID #2',8,1483694887,8,1483694887),(159,'SUCCESS','roadmap_k3l_item','UPDATING DATA ID #4',8,1483694887,8,1483694887),(160,'SUCCESS','roadmap_k3l_item','INSERTING NEW DATA WITH ID #5',8,1483694887,8,1483694887),(161,'SUCCESS','roadmap_k3l_target','UPDATING DATA ID #1',8,1483694887,8,1483694887),(162,'SUCCESS','roadmap_k3l_target','UPDATING DATA ID #2',8,1483694887,8,1483694887),(163,'SUCCESS','roadmap_k3l_target','INSERTING NEW DATA WITH ID #4',8,1483694887,8,1483694887),(164,'SUCCESS','roadmap_k3l','DELETING DATA ID #1',8,1483695755,8,1483695755),(165,'SUCCESS','roadmap_k3l','INSERTING NEW DATA WITH ID #2',8,1483699622,8,1483699622),(166,'SUCCESS','roadmap_k3l_item','INSERTING NEW DATA WITH ID #6',8,1483699622,8,1483699622),(167,'SUCCESS','roadmap_k3l_target','INSERTING NEW DATA WITH ID #5',8,1483699622,8,1483699622),(168,'SUCCESS','working_plan_attribute','INSERTING NEW DATA WITH ID #1',8,1484374821,8,1484374821),(169,'SUCCESS','working_plan_attribute','INSERTING NEW DATA WITH ID #2',8,1484375233,8,1484375233),(170,'SUCCESS','working_plan_attribute','INSERTING NEW DATA WITH ID #3',8,1484375363,8,1484375363),(171,'SUCCESS','working_plan_attribute','INSERTING NEW DATA WITH ID #1',8,1484375544,8,1484375544),(172,'SUCCESS','working_plan_attribute','INSERTING NEW DATA WITH ID #2',8,1484375573,8,1484375573),(173,'SUCCESS','working_plan_attribute','INSERTING NEW DATA WITH ID #3',8,1484375971,8,1484375971),(174,'SUCCESS','working_plan_attribute','INSERTING NEW DATA WITH ID #4',8,1484543457,8,1484543457),(175,'SUCCESS','codeset','INSERTING NEW DATA WITH ID #10',8,1484796129,8,1484796129),(176,'SUCCESS','codeset','INSERTING NEW DATA WITH ID #11',8,1484796147,8,1484796147),(177,'SUCCESS','codeset','INSERTING NEW DATA WITH ID #12',8,1484796162,8,1484796162),(178,'SUCCESS','codeset','INSERTING NEW DATA WITH ID #13',8,1484796174,8,1484796174),(179,'SUCCESS','codeset','INSERTING NEW DATA WITH ID #14',8,1484796190,8,1484796190),(180,'SUCCESS','working_plan_attribute','INSERTING NEW DATA WITH ID #5',8,1484797156,8,1484797156),(181,'SUCCESS','working_plan_attribute','INSERTING NEW DATA WITH ID #6',8,1484797207,8,1484797207),(182,'SUCCESS','working_plan_attribute','INSERTING NEW DATA WITH ID #7',8,1484797246,8,1484797246),(183,'SUCCESS','working_plan_attribute','INSERTING NEW DATA WITH ID #8',8,1484797269,8,1484797269),(184,'SUCCESS','working_plan_attribute','INSERTING NEW DATA WITH ID #9',8,1484797288,8,1484797288),(185,'SUCCESS','working_plan','INSERTING NEW DATA WITH ID #1',8,1484804918,8,1484804918),(186,'SUCCESS','working_plan','INSERTING NEW DATA WITH ID #1',8,1484893091,8,1484893091),(187,'SUCCESS','working_plan_detail','INSERTING NEW DATA WITH ID #1',8,1484893092,8,1484893092),(188,'SUCCESS','working_plan_detail','INSERTING NEW DATA WITH ID #2',8,1484893092,8,1484893092),(283,'SUCCESS','working_plan','INSERTING NEW DATA WITH ID #31',8,1484968988,8,1484968988),(284,'SUCCESS','working_plan_detail','INSERTING NEW DATA WITH ID #44',8,1484968988,8,1484968988),(285,'SUCCESS','working_plan_month','INSERTING NEW DATA WITH ID #17',8,1484968988,8,1484968988),(286,'SUCCESS','working_plan_month','INSERTING NEW DATA WITH ID #18',8,1484968988,8,1484968988),(287,'SUCCESS','working_plan_month','INSERTING NEW DATA WITH ID #19',8,1484968988,8,1484968988),(288,'SUCCESS','working_plan_month','INSERTING NEW DATA WITH ID #20',8,1484968988,8,1484968988),(289,'SUCCESS','working_plan_detail','INSERTING NEW DATA WITH ID #45',8,1484968988,8,1484968988),(290,'SUCCESS','working_plan_month','INSERTING NEW DATA WITH ID #21',8,1484968988,8,1484968988),(291,'SUCCESS','working_plan_month','INSERTING NEW DATA WITH ID #22',8,1484968988,8,1484968988),(292,'SUCCESS','working_plan_month','INSERTING NEW DATA WITH ID #23',8,1484968988,8,1484968988),(293,'SUCCESS','working_plan_month','INSERTING NEW DATA WITH ID #24',8,1484968988,8,1484968988),(294,'SUCCESS','working_plan','INSERTING NEW DATA WITH ID #1',8,1484970609,8,1484970609),(295,'SUCCESS','working_plan_detail','INSERTING NEW DATA WITH ID #1',8,1484970609,8,1484970609),(296,'SUCCESS','attachment','INSERTING NEW DATA WITH ID #5',8,1484970609,8,1484970609),(297,'SUCCESS','attachment_owner','INSERTING NEW DATA WITH ID #5',8,1484970609,8,1484970609),(298,'SUCCESS','working_plan_month','INSERTING NEW DATA WITH ID #1',8,1484970609,8,1484970609),(299,'SUCCESS','working_plan_month','INSERTING NEW DATA WITH ID #2',8,1484970609,8,1484970609),(300,'SUCCESS','working_plan_detail','INSERTING NEW DATA WITH ID #2',8,1484970609,8,1484970609),(301,'SUCCESS','attachment','INSERTING NEW DATA WITH ID #6',8,1484970609,8,1484970609),(302,'SUCCESS','attachment_owner','INSERTING NEW DATA WITH ID #6',8,1484970609,8,1484970609),(303,'SUCCESS','working_plan_month','INSERTING NEW DATA WITH ID #3',8,1484970609,8,1484970609),(304,'SUCCESS','working_plan_attribute','INSERTING NEW DATA WITH ID #10',8,1485313423,8,1485313423),(329,'SUCCESS','working_plan','UPDATING DATA ID #1',8,1485315493,8,1485315493),(330,'SUCCESS','working_plan_detail','UPDATING DATA ID #1',8,1485315493,8,1485315493),(331,'SUCCESS','log_dirty','INSERTING NEW DATA WITH ID #18',8,1485315493,8,1485315493),(332,'SUCCESS','working_plan_month','INSERTING NEW DATA WITH ID #13',8,1485315493,8,1485315493),(333,'SUCCESS','working_plan_month','INSERTING NEW DATA WITH ID #14',8,1485315493,8,1485315493),(334,'SUCCESS','working_plan_detail','UPDATING DATA ID #2',8,1485315493,8,1485315493),(335,'SUCCESS','working_plan_month','INSERTING NEW DATA WITH ID #15',8,1485315493,8,1485315493),(336,'SUCCESS','working_plan_detail','INSERTING NEW DATA WITH ID #6',8,1485315493,8,1485315493),(337,'SUCCESS','working_plan_month','INSERTING NEW DATA WITH ID #16',8,1485315493,8,1485315493),(338,'SUCCESS','working_plan_month','INSERTING NEW DATA WITH ID #17',8,1485315493,8,1485315493),(339,'SUCCESS','working_plan_month','INSERTING NEW DATA WITH ID #18',8,1485315493,8,1485315493),(340,'SUCCESS','attachment','DELETING DATA ID #5',8,1485318070,8,1485318070),(341,'SUCCESS','working_plan','UPDATING DATA ID #1',8,1485318881,8,1485318881),(342,'SUCCESS','working_plan_detail','UPDATING DATA ID #1',8,1485318881,8,1485318881),(343,'SUCCESS','attachment','INSERTING NEW DATA WITH ID #1',8,1485318881,8,1485318881),(344,'SUCCESS','attachment_owner','INSERTING NEW DATA WITH ID #7',8,1485318881,8,1485318881),(345,'SUCCESS','working_plan_month','INSERTING NEW DATA WITH ID #19',8,1485318881,8,1485318881),(346,'SUCCESS','working_plan_month','INSERTING NEW DATA WITH ID #20',8,1485318881,8,1485318881),(347,'SUCCESS','working_plan_detail','UPDATING DATA ID #2',8,1485318881,8,1485318881),(348,'SUCCESS','attachment','INSERTING NEW DATA WITH ID #2',8,1485318881,8,1485318881),(349,'SUCCESS','attachment_owner','INSERTING NEW DATA WITH ID #8',8,1485318881,8,1485318881),(350,'SUCCESS','working_plan_month','INSERTING NEW DATA WITH ID #21',8,1485318881,8,1485318881),(351,'SUCCESS','working_plan_detail','UPDATING DATA ID #6',8,1485318881,8,1485318881),(352,'SUCCESS','attachment','INSERTING NEW DATA WITH ID #3',8,1485318881,8,1485318881),(353,'SUCCESS','attachment_owner','INSERTING NEW DATA WITH ID #9',8,1485318881,8,1485318881),(354,'SUCCESS','working_plan_month','INSERTING NEW DATA WITH ID #22',8,1485318881,8,1485318881),(355,'SUCCESS','working_plan_month','INSERTING NEW DATA WITH ID #23',8,1485318881,8,1485318881),(356,'SUCCESS','working_plan_month','INSERTING NEW DATA WITH ID #24',8,1485318881,8,1485318881),(357,'SUCCESS','working_plan_month','INSERTING NEW DATA WITH ID #25',8,1485318881,8,1485318881),(358,'SUCCESS','working_plan','UPDATING DATA ID #1',8,1485318918,8,1485318918),(359,'SUCCESS','working_plan_detail','UPDATING DATA ID #1',8,1485318919,8,1485318919),(360,'SUCCESS','working_plan_month','INSERTING NEW DATA WITH ID #26',8,1485318919,8,1485318919),(361,'SUCCESS','working_plan_month','INSERTING NEW DATA WITH ID #27',8,1485318919,8,1485318919),(362,'SUCCESS','working_plan_detail','UPDATING DATA ID #2',8,1485318919,8,1485318919),(363,'SUCCESS','working_plan_month','INSERTING NEW DATA WITH ID #28',8,1485318919,8,1485318919),(364,'SUCCESS','working_plan_detail','UPDATING DATA ID #6',8,1485318919,8,1485318919),(365,'SUCCESS','working_plan_month','INSERTING NEW DATA WITH ID #29',8,1485318919,8,1485318919),(366,'SUCCESS','working_plan_month','INSERTING NEW DATA WITH ID #30',8,1485318919,8,1485318919),(367,'SUCCESS','working_plan','UPDATING DATA ID #1',8,1485319006,8,1485319006),(368,'SUCCESS','working_plan_detail','UPDATING DATA ID #1',8,1485319006,8,1485319006),(369,'SUCCESS','working_plan_month','INSERTING NEW DATA WITH ID #31',8,1485319006,8,1485319006),(370,'SUCCESS','working_plan_month','INSERTING NEW DATA WITH ID #32',8,1485319006,8,1485319006),(371,'SUCCESS','working_plan_detail','UPDATING DATA ID #2',8,1485319006,8,1485319006),(372,'SUCCESS','working_plan_month','INSERTING NEW DATA WITH ID #33',8,1485319006,8,1485319006),(373,'SUCCESS','working_plan_detail','UPDATING DATA ID #6',8,1485319006,8,1485319006),(374,'SUCCESS','working_plan_month','INSERTING NEW DATA WITH ID #34',8,1485319006,8,1485319006),(375,'SUCCESS','working_plan_month','INSERTING NEW DATA WITH ID #35',8,1485319006,8,1485319006),(376,'SUCCESS','working_plan_month','INSERTING NEW DATA WITH ID #36',8,1485319006,8,1485319006),(377,'SUCCESS','working_plan_month','INSERTING NEW DATA WITH ID #37',8,1485319006,8,1485319006),(378,'SUCCESS','working_plan','UPDATING DATA ID #1',8,1485320169,8,1485320169),(379,'SUCCESS','working_plan_detail','UPDATING DATA ID #1',8,1485320169,8,1485320169),(380,'SUCCESS','working_plan_month','INSERTING NEW DATA WITH ID #38',8,1485320169,8,1485320169),(381,'SUCCESS','working_plan_month','INSERTING NEW DATA WITH ID #39',8,1485320169,8,1485320169),(382,'SUCCESS','working_plan_detail','UPDATING DATA ID #2',8,1485320169,8,1485320169),(383,'SUCCESS','working_plan_month','INSERTING NEW DATA WITH ID #40',8,1485320169,8,1485320169),(384,'SUCCESS','working_plan_detail','UPDATING DATA ID #6',8,1485320169,8,1485320169),(385,'SUCCESS','working_plan_month','INSERTING NEW DATA WITH ID #41',8,1485320169,8,1485320169),(386,'SUCCESS','working_plan_month','INSERTING NEW DATA WITH ID #42',8,1485320169,8,1485320169),(387,'SUCCESS','working_plan','UPDATING DATA ID #1',8,1485320261,8,1485320261),(388,'SUCCESS','working_plan_detail','UPDATING DATA ID #1',8,1485320261,8,1485320261),(389,'SUCCESS','working_plan_month','INSERTING NEW DATA WITH ID #43',8,1485320261,8,1485320261),(390,'SUCCESS','working_plan_month','INSERTING NEW DATA WITH ID #44',8,1485320261,8,1485320261),(391,'SUCCESS','working_plan_detail','UPDATING DATA ID #2',8,1485320261,8,1485320261),(392,'SUCCESS','working_plan_month','INSERTING NEW DATA WITH ID #45',8,1485320261,8,1485320261),(393,'SUCCESS','working_plan_detail','UPDATING DATA ID #6',8,1485320261,8,1485320261),(394,'SUCCESS','working_plan_month','INSERTING NEW DATA WITH ID #46',8,1485320261,8,1485320261),(395,'SUCCESS','working_plan_month','INSERTING NEW DATA WITH ID #47',8,1485320261,8,1485320261),(396,'SUCCESS','working_plan_month','INSERTING NEW DATA WITH ID #48',8,1485320261,8,1485320261),(417,'SUCCESS','working_plan','UPDATING DATA ID #1',8,1485320480,8,1485320480),(418,'SUCCESS','working_plan_detail','UPDATING DATA ID #1',8,1485320480,8,1485320480),(419,'SUCCESS','working_plan_month','INSERTING NEW DATA WITH ID #61',8,1485320480,8,1485320480),(420,'SUCCESS','working_plan_month','INSERTING NEW DATA WITH ID #62',8,1485320480,8,1485320480),(421,'SUCCESS','working_plan_detail','UPDATING DATA ID #2',8,1485320480,8,1485320480),(422,'SUCCESS','working_plan_month','INSERTING NEW DATA WITH ID #63',8,1485320480,8,1485320480),(423,'SUCCESS','working_plan_detail','UPDATING DATA ID #6',8,1485320480,8,1485320480),(424,'SUCCESS','working_plan_month','INSERTING NEW DATA WITH ID #64',8,1485320480,8,1485320480),(425,'SUCCESS','working_plan_month','INSERTING NEW DATA WITH ID #65',8,1485320480,8,1485320480),(426,'SUCCESS','working_plan_month','INSERTING NEW DATA WITH ID #66',8,1485320480,8,1485320480),(437,'SUCCESS','working_plan','UPDATING DATA ID #1',8,1485320692,8,1485320692),(438,'SUCCESS','working_plan_detail','UPDATING DATA ID #1',8,1485320692,8,1485320692),(439,'SUCCESS','working_plan_month','INSERTING NEW DATA WITH ID #73',8,1485320692,8,1485320692),(440,'SUCCESS','working_plan_month','INSERTING NEW DATA WITH ID #74',8,1485320692,8,1485320692),(441,'SUCCESS','working_plan_detail','UPDATING DATA ID #2',8,1485320692,8,1485320692),(442,'SUCCESS','working_plan_month','INSERTING NEW DATA WITH ID #75',8,1485320692,8,1485320692),(443,'SUCCESS','working_plan_detail','UPDATING DATA ID #6',8,1485320692,8,1485320692),(444,'SUCCESS','working_plan_month','INSERTING NEW DATA WITH ID #76',8,1485320692,8,1485320692),(445,'SUCCESS','working_plan_month','INSERTING NEW DATA WITH ID #77',8,1485320692,8,1485320692),(446,'SUCCESS','working_plan_month','INSERTING NEW DATA WITH ID #78',8,1485320692,8,1485320692),(447,'SUCCESS','working_plan','UPDATING DATA ID #1',8,1485320785,8,1485320785),(448,'SUCCESS','working_plan_detail','UPDATING DATA ID #1',8,1485320785,8,1485320785),(449,'SUCCESS','working_plan_month','INSERTING NEW DATA WITH ID #79',8,1485320785,8,1485320785),(450,'SUCCESS','working_plan_detail','UPDATING DATA ID #2',8,1485320785,8,1485320785),(451,'SUCCESS','working_plan_month','INSERTING NEW DATA WITH ID #80',8,1485320785,8,1485320785),(452,'SUCCESS','working_plan_detail','UPDATING DATA ID #6',8,1485320785,8,1485320785),(453,'SUCCESS','working_plan_month','INSERTING NEW DATA WITH ID #81',8,1485320785,8,1485320785),(454,'SUCCESS','working_plan_month','INSERTING NEW DATA WITH ID #82',8,1485320785,8,1485320785),(455,'SUCCESS','working_plan_month','INSERTING NEW DATA WITH ID #83',8,1485320785,8,1485320785),(456,'SUCCESS','working_plan','UPDATING DATA ID #1',8,1485323406,8,1485323406),(457,'SUCCESS','working_plan_detail','UPDATING DATA ID #1',8,1485323406,8,1485323406),(458,'SUCCESS','working_plan_month','INSERTING NEW DATA WITH ID #84',8,1485323406,8,1485323406),(459,'SUCCESS','working_plan_month','INSERTING NEW DATA WITH ID #85',8,1485323406,8,1485323406),(460,'SUCCESS','working_plan_detail','UPDATING DATA ID #2',8,1485323406,8,1485323406),(461,'SUCCESS','working_plan_month','INSERTING NEW DATA WITH ID #86',8,1485323406,8,1485323406),(462,'SUCCESS','working_plan_detail','UPDATING DATA ID #6',8,1485323407,8,1485323407),(463,'SUCCESS','working_plan_month','INSERTING NEW DATA WITH ID #87',8,1485323407,8,1485323407),(464,'SUCCESS','working_plan_month','INSERTING NEW DATA WITH ID #88',8,1485323407,8,1485323407),(465,'SUCCESS','working_plan_month','INSERTING NEW DATA WITH ID #89',8,1485323407,8,1485323407),(466,'SUCCESS','working_plan_month','INSERTING NEW DATA WITH ID #90',8,1485323407,8,1485323407),(467,'SUCCESS','working_plan_month','INSERTING NEW DATA WITH ID #91',8,1485323407,8,1485323407),(468,'SUCCESS','working_plan_month','INSERTING NEW DATA WITH ID #92',8,1485323407,8,1485323407),(469,'SUCCESS','working_plan_month','INSERTING NEW DATA WITH ID #93',8,1485323407,8,1485323407),(470,'SUCCESS','working_plan_month','INSERTING NEW DATA WITH ID #94',8,1485323407,8,1485323407),(471,'SUCCESS','working_plan_month','INSERTING NEW DATA WITH ID #95',8,1485323407,8,1485323407),(472,'SUCCESS','working_plan_month','INSERTING NEW DATA WITH ID #96',8,1485323407,8,1485323407),(473,'SUCCESS','working_plan_month','INSERTING NEW DATA WITH ID #97',8,1485323407,8,1485323407),(474,'SUCCESS','working_plan_month','INSERTING NEW DATA WITH ID #98',8,1485323407,8,1485323407),(475,'SUCCESS','working_plan_month','INSERTING NEW DATA WITH ID #99',8,1485323407,8,1485323407),(476,'SUCCESS','working_plan_month','INSERTING NEW DATA WITH ID #100',8,1485323407,8,1485323407),(477,'SUCCESS','budget_monitoring','UPDATING DATA ID #35',8,1486034835,8,1486034835),(478,'SUCCESS','budget_monitoring_detail','UPDATING DATA ID #83',8,1486034835,8,1486034835),(479,'SUCCESS','budget_monitoring_month','UPDATING DATA ID #1166',8,1486034835,8,1486034835),(480,'SUCCESS','budget_monitoring_month','UPDATING DATA ID #1167',8,1486034835,8,1486034835),(481,'SUCCESS','budget_monitoring_month','UPDATING DATA ID #1168',8,1486034835,8,1486034835),(482,'SUCCESS','budget_monitoring_month','UPDATING DATA ID #1169',8,1486034835,8,1486034835),(483,'SUCCESS','budget_monitoring_month','UPDATING DATA ID #1170',8,1486034835,8,1486034835),(484,'SUCCESS','budget_monitoring_month','UPDATING DATA ID #1171',8,1486034835,8,1486034835),(485,'SUCCESS','budget_monitoring_month','UPDATING DATA ID #1172',8,1486034835,8,1486034835),(486,'SUCCESS','budget_monitoring_month','UPDATING DATA ID #1173',8,1486034835,8,1486034835),(487,'SUCCESS','budget_monitoring_month','UPDATING DATA ID #1174',8,1486034835,8,1486034835),(488,'SUCCESS','budget_monitoring_month','UPDATING DATA ID #1175',8,1486034835,8,1486034835),(489,'SUCCESS','budget_monitoring_month','UPDATING DATA ID #1176',8,1486034835,8,1486034835),(490,'SUCCESS','budget_monitoring_month','UPDATING DATA ID #1177',8,1486034835,8,1486034835),(491,'SUCCESS','budget_monitoring_detail','UPDATING DATA ID #84',8,1486034835,8,1486034835),(492,'SUCCESS','budget_monitoring_month','UPDATING DATA ID #1178',8,1486034835,8,1486034835),(493,'SUCCESS','budget_monitoring_month','UPDATING DATA ID #1179',8,1486034835,8,1486034835),(494,'SUCCESS','budget_monitoring_month','UPDATING DATA ID #1180',8,1486034835,8,1486034835),(495,'SUCCESS','budget_monitoring_month','UPDATING DATA ID #1181',8,1486034835,8,1486034835),(496,'SUCCESS','budget_monitoring_month','UPDATING DATA ID #1182',8,1486034835,8,1486034835),(497,'SUCCESS','budget_monitoring_month','UPDATING DATA ID #1183',8,1486034835,8,1486034835),(498,'SUCCESS','budget_monitoring_month','UPDATING DATA ID #1184',8,1486034835,8,1486034835),(499,'SUCCESS','budget_monitoring_month','UPDATING DATA ID #1185',8,1486034835,8,1486034835),(500,'SUCCESS','budget_monitoring_month','UPDATING DATA ID #1186',8,1486034835,8,1486034835),(501,'SUCCESS','budget_monitoring_month','UPDATING DATA ID #1187',8,1486034835,8,1486034835),(502,'SUCCESS','budget_monitoring_month','UPDATING DATA ID #1188',8,1486034835,8,1486034835),(503,'SUCCESS','budget_monitoring_month','UPDATING DATA ID #1189',8,1486034835,8,1486034835),(504,'SUCCESS','budget_monitoring_detail','UPDATING DATA ID #85',8,1486034835,8,1486034835),(505,'SUCCESS','budget_monitoring_month','UPDATING DATA ID #1190',8,1486034835,8,1486034835),(506,'SUCCESS','budget_monitoring_month','UPDATING DATA ID #1191',8,1486034835,8,1486034835),(507,'SUCCESS','budget_monitoring_month','UPDATING DATA ID #1192',8,1486034835,8,1486034835),(508,'SUCCESS','budget_monitoring_month','UPDATING DATA ID #1193',8,1486034835,8,1486034835),(509,'SUCCESS','budget_monitoring_month','UPDATING DATA ID #1194',8,1486034835,8,1486034835),(510,'SUCCESS','budget_monitoring_month','UPDATING DATA ID #1195',8,1486034835,8,1486034835),(511,'SUCCESS','budget_monitoring_month','UPDATING DATA ID #1196',8,1486034835,8,1486034835),(512,'SUCCESS','budget_monitoring_month','UPDATING DATA ID #1197',8,1486034835,8,1486034835),(513,'SUCCESS','budget_monitoring_month','UPDATING DATA ID #1198',8,1486034835,8,1486034835),(514,'SUCCESS','budget_monitoring_month','UPDATING DATA ID #1199',8,1486034835,8,1486034835),(515,'SUCCESS','budget_monitoring_month','UPDATING DATA ID #1200',8,1486034835,8,1486034835),(516,'SUCCESS','budget_monitoring_month','UPDATING DATA ID #1201',8,1486034835,8,1486034835),(517,'SUCCESS','budget_monitoring_detail','UPDATING DATA ID #86',8,1486034835,8,1486034835),(518,'SUCCESS','budget_monitoring_month','UPDATING DATA ID #1202',8,1486034835,8,1486034835),(519,'SUCCESS','budget_monitoring_month','UPDATING DATA ID #1203',8,1486034835,8,1486034835),(520,'SUCCESS','budget_monitoring_month','UPDATING DATA ID #1204',8,1486034835,8,1486034835),(521,'SUCCESS','budget_monitoring_month','UPDATING DATA ID #1205',8,1486034835,8,1486034835),(522,'SUCCESS','budget_monitoring_month','UPDATING DATA ID #1206',8,1486034835,8,1486034835),(523,'SUCCESS','budget_monitoring_month','UPDATING DATA ID #1207',8,1486034835,8,1486034835),(524,'SUCCESS','budget_monitoring_month','UPDATING DATA ID #1208',8,1486034835,8,1486034835),(525,'SUCCESS','budget_monitoring_month','UPDATING DATA ID #1209',8,1486034835,8,1486034835),(526,'SUCCESS','budget_monitoring_month','UPDATING DATA ID #1210',8,1486034835,8,1486034835),(527,'SUCCESS','budget_monitoring_month','UPDATING DATA ID #1211',8,1486034835,8,1486034835),(528,'SUCCESS','budget_monitoring_month','UPDATING DATA ID #1212',8,1486034835,8,1486034835),(529,'SUCCESS','budget_monitoring_month','UPDATING DATA ID #1213',8,1486034835,8,1486034835),(530,'SUCCESS','budget_monitoring_detail','UPDATING DATA ID #93',8,1486034835,8,1486034835),(531,'SUCCESS','budget_monitoring_month','UPDATING DATA ID #1250',8,1486034835,8,1486034835),(532,'SUCCESS','budget_monitoring_month','UPDATING DATA ID #1251',8,1486034835,8,1486034835),(533,'SUCCESS','budget_monitoring_month','UPDATING DATA ID #1252',8,1486034835,8,1486034835),(534,'SUCCESS','budget_monitoring_month','UPDATING DATA ID #1253',8,1486034835,8,1486034835),(535,'SUCCESS','budget_monitoring_month','UPDATING DATA ID #1254',8,1486034835,8,1486034835),(536,'SUCCESS','budget_monitoring_month','UPDATING DATA ID #1255',8,1486034835,8,1486034835),(537,'SUCCESS','budget_monitoring_month','UPDATING DATA ID #1256',8,1486034835,8,1486034835),(538,'SUCCESS','budget_monitoring_month','UPDATING DATA ID #1257',8,1486034835,8,1486034835),(539,'SUCCESS','budget_monitoring_month','UPDATING DATA ID #1258',8,1486034835,8,1486034835),(540,'SUCCESS','budget_monitoring_month','UPDATING DATA ID #1259',8,1486034835,8,1486034835),(541,'SUCCESS','budget_monitoring_month','UPDATING DATA ID #1260',8,1486034835,8,1486034835),(542,'SUCCESS','budget_monitoring_month','UPDATING DATA ID #1261',8,1486034835,8,1486034835),(543,'SUCCESS','budget_monitoring_detail','UPDATING DATA ID #95',8,1486034835,8,1486034835),(544,'SUCCESS','budget_monitoring_month','UPDATING DATA ID #1274',8,1486034835,8,1486034835),(545,'SUCCESS','budget_monitoring_month','UPDATING DATA ID #1275',8,1486034835,8,1486034835),(546,'SUCCESS','budget_monitoring_month','UPDATING DATA ID #1276',8,1486034835,8,1486034835),(547,'SUCCESS','budget_monitoring_month','UPDATING DATA ID #1277',8,1486034835,8,1486034835),(548,'SUCCESS','budget_monitoring_month','UPDATING DATA ID #1278',8,1486034835,8,1486034835),(549,'SUCCESS','budget_monitoring_month','UPDATING DATA ID #1279',8,1486034836,8,1486034836),(550,'SUCCESS','budget_monitoring_month','UPDATING DATA ID #1280',8,1486034836,8,1486034836),(551,'SUCCESS','budget_monitoring_month','UPDATING DATA ID #1281',8,1486034836,8,1486034836),(552,'SUCCESS','budget_monitoring_month','UPDATING DATA ID #1282',8,1486034836,8,1486034836),(553,'SUCCESS','budget_monitoring_month','UPDATING DATA ID #1283',8,1486034836,8,1486034836),(554,'SUCCESS','budget_monitoring_month','UPDATING DATA ID #1284',8,1486034836,8,1486034836),(555,'SUCCESS','budget_monitoring_month','UPDATING DATA ID #1285',8,1486034836,8,1486034836),(556,'SUCCESS','budget_monitoring_detail','UPDATING DATA ID #96',8,1486034836,8,1486034836),(557,'SUCCESS','budget_monitoring_month','UPDATING DATA ID #1286',8,1486034836,8,1486034836),(558,'SUCCESS','budget_monitoring_month','UPDATING DATA ID #1287',8,1486034836,8,1486034836),(559,'SUCCESS','budget_monitoring_month','UPDATING DATA ID #1288',8,1486034836,8,1486034836),(560,'SUCCESS','budget_monitoring_month','UPDATING DATA ID #1289',8,1486034836,8,1486034836),(561,'SUCCESS','budget_monitoring_month','UPDATING DATA ID #1290',8,1486034836,8,1486034836),(562,'SUCCESS','budget_monitoring_month','UPDATING DATA ID #1291',8,1486034836,8,1486034836),(563,'SUCCESS','budget_monitoring_month','UPDATING DATA ID #1292',8,1486034836,8,1486034836),(564,'SUCCESS','budget_monitoring_month','UPDATING DATA ID #1293',8,1486034836,8,1486034836),(565,'SUCCESS','budget_monitoring_month','UPDATING DATA ID #1294',8,1486034836,8,1486034836),(566,'SUCCESS','budget_monitoring_month','UPDATING DATA ID #1295',8,1486034836,8,1486034836),(567,'SUCCESS','budget_monitoring_month','UPDATING DATA ID #1296',8,1486034836,8,1486034836),(568,'SUCCESS','budget_monitoring_month','UPDATING DATA ID #1297',8,1486034836,8,1486034836),(569,'SUCCESS','budget_monitoring_detail','UPDATING DATA ID #97',8,1486034836,8,1486034836),(570,'SUCCESS','budget_monitoring_month','UPDATING DATA ID #1298',8,1486034836,8,1486034836),(571,'SUCCESS','budget_monitoring_month','UPDATING DATA ID #1299',8,1486034836,8,1486034836),(572,'SUCCESS','budget_monitoring_month','UPDATING DATA ID #1300',8,1486034836,8,1486034836),(573,'SUCCESS','budget_monitoring_month','UPDATING DATA ID #1301',8,1486034836,8,1486034836),(574,'SUCCESS','budget_monitoring_month','UPDATING DATA ID #1302',8,1486034836,8,1486034836),(575,'SUCCESS','budget_monitoring_month','UPDATING DATA ID #1303',8,1486034836,8,1486034836),(576,'SUCCESS','budget_monitoring_month','UPDATING DATA ID #1304',8,1486034836,8,1486034836),(577,'SUCCESS','budget_monitoring_month','UPDATING DATA ID #1305',8,1486034836,8,1486034836),(578,'SUCCESS','budget_monitoring_month','UPDATING DATA ID #1306',8,1486034836,8,1486034836),(579,'SUCCESS','budget_monitoring_month','UPDATING DATA ID #1307',8,1486034836,8,1486034836),(580,'SUCCESS','budget_monitoring_month','UPDATING DATA ID #1308',8,1486034836,8,1486034836),(581,'SUCCESS','budget_monitoring_month','UPDATING DATA ID #1309',8,1486034836,8,1486034836),(582,'SUCCESS','budget_monitoring_detail','UPDATING DATA ID #98',8,1486034836,8,1486034836),(583,'SUCCESS','budget_monitoring_month','UPDATING DATA ID #1310',8,1486034836,8,1486034836),(584,'SUCCESS','budget_monitoring_month','UPDATING DATA ID #1311',8,1486034836,8,1486034836),(585,'SUCCESS','budget_monitoring_month','UPDATING DATA ID #1312',8,1486034836,8,1486034836),(586,'SUCCESS','budget_monitoring_month','UPDATING DATA ID #1313',8,1486034836,8,1486034836),(587,'SUCCESS','budget_monitoring_month','UPDATING DATA ID #1314',8,1486034836,8,1486034836),(588,'SUCCESS','budget_monitoring_month','UPDATING DATA ID #1315',8,1486034836,8,1486034836),(589,'SUCCESS','budget_monitoring_month','UPDATING DATA ID #1316',8,1486034836,8,1486034836),(590,'SUCCESS','budget_monitoring_month','UPDATING DATA ID #1317',8,1486034836,8,1486034836),(591,'SUCCESS','budget_monitoring_month','UPDATING DATA ID #1318',8,1486034836,8,1486034836),(592,'SUCCESS','budget_monitoring_month','UPDATING DATA ID #1319',8,1486034836,8,1486034836),(593,'SUCCESS','budget_monitoring_month','UPDATING DATA ID #1320',8,1486034836,8,1486034836),(594,'SUCCESS','budget_monitoring_month','UPDATING DATA ID #1321',8,1486034836,8,1486034836),(609,'SUCCESS','budget_monitoring','INSERTING NEW DATA WITH ID #1',8,1486035644,8,1486035644),(610,'SUCCESS','budget_monitoring_detail','INSERTING NEW DATA WITH ID #1',8,1486035644,8,1486035644),(611,'SUCCESS','budget_monitoring_month','INSERTING NEW DATA WITH ID #1',8,1486035644,8,1486035644),(612,'SUCCESS','budget_monitoring_month','INSERTING NEW DATA WITH ID #2',8,1486035644,8,1486035644),(613,'SUCCESS','budget_monitoring_month','INSERTING NEW DATA WITH ID #3',8,1486035644,8,1486035644),(614,'SUCCESS','budget_monitoring_month','INSERTING NEW DATA WITH ID #4',8,1486035644,8,1486035644),(615,'SUCCESS','budget_monitoring_month','INSERTING NEW DATA WITH ID #5',8,1486035644,8,1486035644),(616,'SUCCESS','budget_monitoring_month','INSERTING NEW DATA WITH ID #6',8,1486035644,8,1486035644),(617,'SUCCESS','budget_monitoring_month','INSERTING NEW DATA WITH ID #7',8,1486035644,8,1486035644),(618,'SUCCESS','budget_monitoring_month','INSERTING NEW DATA WITH ID #8',8,1486035644,8,1486035644),(619,'SUCCESS','budget_monitoring_month','INSERTING NEW DATA WITH ID #9',8,1486035644,8,1486035644),(620,'SUCCESS','budget_monitoring_month','INSERTING NEW DATA WITH ID #10',8,1486035644,8,1486035644),(621,'SUCCESS','budget_monitoring_month','INSERTING NEW DATA WITH ID #11',8,1486035644,8,1486035644),(622,'SUCCESS','budget_monitoring_month','INSERTING NEW DATA WITH ID #12',8,1486035644,8,1486035644),(623,'SUCCESS','budget_monitoring','INSERTING NEW DATA WITH ID #2',8,1486035724,8,1486035724),(624,'SUCCESS','budget_monitoring_detail','INSERTING NEW DATA WITH ID #2',8,1486035724,8,1486035724),(625,'SUCCESS','budget_monitoring_month','INSERTING NEW DATA WITH ID #13',8,1486035724,8,1486035724),(626,'SUCCESS','budget_monitoring_month','INSERTING NEW DATA WITH ID #14',8,1486035724,8,1486035724),(627,'SUCCESS','budget_monitoring_month','INSERTING NEW DATA WITH ID #15',8,1486035724,8,1486035724),(628,'SUCCESS','budget_monitoring_month','INSERTING NEW DATA WITH ID #16',8,1486035724,8,1486035724),(629,'SUCCESS','budget_monitoring_month','INSERTING NEW DATA WITH ID #17',8,1486035724,8,1486035724),(630,'SUCCESS','budget_monitoring_month','INSERTING NEW DATA WITH ID #18',8,1486035724,8,1486035724),(631,'SUCCESS','budget_monitoring_month','INSERTING NEW DATA WITH ID #19',8,1486035724,8,1486035724),(632,'SUCCESS','budget_monitoring_month','INSERTING NEW DATA WITH ID #20',8,1486035724,8,1486035724),(633,'SUCCESS','budget_monitoring_month','INSERTING NEW DATA WITH ID #21',8,1486035724,8,1486035724),(634,'SUCCESS','budget_monitoring_month','INSERTING NEW DATA WITH ID #22',8,1486035724,8,1486035724),(635,'SUCCESS','budget_monitoring_month','INSERTING NEW DATA WITH ID #23',8,1486035724,8,1486035724),(636,'SUCCESS','budget_monitoring_month','INSERTING NEW DATA WITH ID #24',8,1486035724,8,1486035724),(651,'SUCCESS','budget_monitoring','INSERTING NEW DATA WITH ID #4',8,1486036303,8,1486036303),(652,'SUCCESS','budget_monitoring_detail','INSERTING NEW DATA WITH ID #4',8,1486036303,8,1486036303),(653,'SUCCESS','budget_monitoring_month','INSERTING NEW DATA WITH ID #37',8,1486036303,8,1486036303),(654,'SUCCESS','budget_monitoring_month','INSERTING NEW DATA WITH ID #38',8,1486036303,8,1486036303),(655,'SUCCESS','budget_monitoring_month','INSERTING NEW DATA WITH ID #39',8,1486036303,8,1486036303),(656,'SUCCESS','budget_monitoring_month','INSERTING NEW DATA WITH ID #40',8,1486036303,8,1486036303),(657,'SUCCESS','budget_monitoring_month','INSERTING NEW DATA WITH ID #41',8,1486036303,8,1486036303),(658,'SUCCESS','budget_monitoring_month','INSERTING NEW DATA WITH ID #42',8,1486036303,8,1486036303),(659,'SUCCESS','budget_monitoring_month','INSERTING NEW DATA WITH ID #43',8,1486036304,8,1486036304),(660,'SUCCESS','budget_monitoring_month','INSERTING NEW DATA WITH ID #44',8,1486036304,8,1486036304),(661,'SUCCESS','budget_monitoring_month','INSERTING NEW DATA WITH ID #45',8,1486036304,8,1486036304),(662,'SUCCESS','budget_monitoring_month','INSERTING NEW DATA WITH ID #46',8,1486036304,8,1486036304),(663,'SUCCESS','budget_monitoring_month','INSERTING NEW DATA WITH ID #47',8,1486036304,8,1486036304),(664,'SUCCESS','budget_monitoring_month','INSERTING NEW DATA WITH ID #48',8,1486036304,8,1486036304),(665,'SUCCESS','budget_monitoring_detail','INSERTING NEW DATA WITH ID #5',8,1486036304,8,1486036304),(666,'SUCCESS','budget_monitoring_month','INSERTING NEW DATA WITH ID #49',8,1486036304,8,1486036304),(667,'SUCCESS','budget_monitoring_month','INSERTING NEW DATA WITH ID #50',8,1486036304,8,1486036304),(668,'SUCCESS','budget_monitoring_month','INSERTING NEW DATA WITH ID #51',8,1486036304,8,1486036304),(669,'SUCCESS','budget_monitoring_month','INSERTING NEW DATA WITH ID #52',8,1486036304,8,1486036304),(670,'SUCCESS','budget_monitoring_month','INSERTING NEW DATA WITH ID #53',8,1486036304,8,1486036304),(671,'SUCCESS','budget_monitoring_month','INSERTING NEW DATA WITH ID #54',8,1486036304,8,1486036304),(672,'SUCCESS','budget_monitoring_month','INSERTING NEW DATA WITH ID #55',8,1486036304,8,1486036304),(673,'SUCCESS','budget_monitoring_month','INSERTING NEW DATA WITH ID #56',8,1486036304,8,1486036304),(674,'SUCCESS','budget_monitoring_month','INSERTING NEW DATA WITH ID #57',8,1486036304,8,1486036304),(675,'SUCCESS','budget_monitoring_month','INSERTING NEW DATA WITH ID #58',8,1486036304,8,1486036304),(676,'SUCCESS','budget_monitoring_month','INSERTING NEW DATA WITH ID #59',8,1486036304,8,1486036304),(677,'SUCCESS','budget_monitoring_month','INSERTING NEW DATA WITH ID #60',8,1486036304,8,1486036304),(681,'SUCCESS','smk3_title','INSERTING NEW DATA WITH ID #4',8,1486307185,8,1486307185),(682,'SUCCESS','smk3_subtitle','INSERTING NEW DATA WITH ID #1',8,1486307185,8,1486307185),(683,'SUCCESS','smk3_criteria','INSERTING NEW DATA WITH ID #1',8,1486307185,8,1486307185),(684,'SUCCESS','smk3_criteria','INSERTING NEW DATA WITH ID #2',8,1486307185,8,1486307185),(685,'SUCCESS','smk3_subtitle','INSERTING NEW DATA WITH ID #2',8,1486307185,8,1486307185),(686,'SUCCESS','smk3_criteria','INSERTING NEW DATA WITH ID #3',8,1486307185,8,1486307185),(687,'SUCCESS','smk3_title','UPDATING DATA ID #4',8,1486320971,8,1486320971),(688,'SUCCESS','smk3_title','UPDATING DATA ID #4',8,1486321015,8,1486321015),(689,'SUCCESS','smk3_subtitle','UPDATING DATA ID #1',8,1486321015,8,1486321015),(690,'SUCCESS','smk3_criteria','UPDATING DATA ID #2',8,1486321015,8,1486321015),(691,'SUCCESS','smk3_subtitle','UPDATING DATA ID #2',8,1486321015,8,1486321015),(692,'SUCCESS','smk3_title','UPDATING DATA ID #4',8,1486400612,8,1486400612),(693,'SUCCESS','log_dirty','INSERTING NEW DATA WITH ID #19',8,1486400612,8,1486400612),(694,'SUCCESS','smk3_subtitle','UPDATING DATA ID #1',8,1486400612,8,1486400612),(695,'SUCCESS','smk3_criteria','UPDATING DATA ID #1',8,1486400612,8,1486400612),(696,'SUCCESS','smk3_criteria','UPDATING DATA ID #2',8,1486400612,8,1486400612),(697,'SUCCESS','smk3_subtitle','UPDATING DATA ID #2',8,1486400612,8,1486400612),(698,'SUCCESS','smk3_criteria','UPDATING DATA ID #3',8,1486400612,8,1486400612),(699,'SUCCESS','smk3_title','DELETING DATA ID #4',8,1486400936,8,1486400936),(700,'SUCCESS','smk3_title','INSERTING NEW DATA WITH ID #5',8,1486401063,8,1486401063),(701,'SUCCESS','smk3_subtitle','INSERTING NEW DATA WITH ID #3',8,1486401063,8,1486401063),(702,'SUCCESS','smk3_criteria','INSERTING NEW DATA WITH ID #4',8,1486401063,8,1486401063),(703,'SUCCESS','smk3_criteria','INSERTING NEW DATA WITH ID #5',8,1486401063,8,1486401063),(704,'SUCCESS','smk3_criteria','INSERTING NEW DATA WITH ID #6',8,1486401063,8,1486401063),(705,'SUCCESS','smk3_subtitle','INSERTING NEW DATA WITH ID #4',8,1486401063,8,1486401063),(706,'SUCCESS','smk3_criteria','INSERTING NEW DATA WITH ID #7',8,1486401063,8,1486401063),(707,'SUCCESS','smk3_criteria','INSERTING NEW DATA WITH ID #8',8,1486401063,8,1486401063),(708,'SUCCESS','smk3_subtitle','INSERTING NEW DATA WITH ID #5',8,1486401063,8,1486401063),(709,'SUCCESS','smk3_criteria','INSERTING NEW DATA WITH ID #9',8,1486401063,8,1486401063),(710,'SUCCESS','smk3_criteria','INSERTING NEW DATA WITH ID #10',8,1486401063,8,1486401063),(711,'SUCCESS','smk3_criteria','INSERTING NEW DATA WITH ID #11',8,1486401063,8,1486401063),(712,'SUCCESS','smk3_criteria','INSERTING NEW DATA WITH ID #12',8,1486401063,8,1486401063),(713,'SUCCESS','smk3_title','UPDATING DATA ID #5',8,1486401422,8,1486401422),(714,'SUCCESS','log_dirty','INSERTING NEW DATA WITH ID #20',8,1486401422,8,1486401422),(715,'SUCCESS','smk3_subtitle','UPDATING DATA ID #3',8,1486401422,8,1486401422),(716,'SUCCESS','log_dirty','INSERTING NEW DATA WITH ID #21',8,1486401422,8,1486401422),(717,'SUCCESS','smk3_criteria','UPDATING DATA ID #4',8,1486401422,8,1486401422),(718,'SUCCESS','log_dirty','INSERTING NEW DATA WITH ID #22',8,1486401422,8,1486401422),(719,'SUCCESS','smk3_criteria','UPDATING DATA ID #5',8,1486401422,8,1486401422),(720,'SUCCESS','smk3_criteria','UPDATING DATA ID #6',8,1486401422,8,1486401422),(721,'SUCCESS','smk3_subtitle','UPDATING DATA ID #4',8,1486401422,8,1486401422),(722,'SUCCESS','smk3_criteria','UPDATING DATA ID #7',8,1486401422,8,1486401422),(723,'SUCCESS','smk3_criteria','UPDATING DATA ID #8',8,1486401422,8,1486401422),(724,'SUCCESS','smk3_subtitle','UPDATING DATA ID #5',8,1486401422,8,1486401422),(725,'SUCCESS','smk3_criteria','UPDATING DATA ID #9',8,1486401422,8,1486401422),(726,'SUCCESS','smk3_criteria','UPDATING DATA ID #10',8,1486401422,8,1486401422),(727,'SUCCESS','smk3_criteria','UPDATING DATA ID #11',8,1486401422,8,1486401422),(728,'SUCCESS','smk3_criteria','UPDATING DATA ID #12',8,1486401422,8,1486401422),(729,'SUCCESS','smk3_title','UPDATING DATA ID #5',8,1486402988,8,1486402988),(730,'SUCCESS','smk3_subtitle','UPDATING DATA ID #3',8,1486402988,8,1486402988),(731,'SUCCESS','smk3_criteria','UPDATING DATA ID #4',8,1486402988,8,1486402988),(732,'SUCCESS','smk3_criteria','UPDATING DATA ID #5',8,1486402988,8,1486402988),(733,'SUCCESS','log_dirty','INSERTING NEW DATA WITH ID #23',8,1486402988,8,1486402988),(734,'SUCCESS','smk3_criteria','UPDATING DATA ID #6',8,1486402988,8,1486402988),(735,'SUCCESS','log_dirty','INSERTING NEW DATA WITH ID #24',8,1486402988,8,1486402988),(736,'SUCCESS','smk3_subtitle','UPDATING DATA ID #4',8,1486402988,8,1486402988),(737,'SUCCESS','log_dirty','INSERTING NEW DATA WITH ID #25',8,1486402988,8,1486402988),(738,'SUCCESS','smk3_criteria','INSERTING NEW DATA WITH ID #13',8,1486402988,8,1486402988),(739,'SUCCESS','smk3_criteria','INSERTING NEW DATA WITH ID #14',8,1486402988,8,1486402988),(740,'SUCCESS','smk3_criteria','UPDATING DATA ID #7',8,1486402988,8,1486402988),(741,'SUCCESS','log_dirty','INSERTING NEW DATA WITH ID #26',8,1486402988,8,1486402988),(742,'SUCCESS','smk3_criteria','UPDATING DATA ID #8',8,1486402988,8,1486402988),(743,'SUCCESS','log_dirty','INSERTING NEW DATA WITH ID #27',8,1486402988,8,1486402988),(744,'SUCCESS','smk3_subtitle','UPDATING DATA ID #5',8,1486402988,8,1486402988),(745,'SUCCESS','smk3_criteria','UPDATING DATA ID #9',8,1486402988,8,1486402988),(746,'SUCCESS','smk3_criteria','UPDATING DATA ID #10',8,1486402988,8,1486402988),(747,'SUCCESS','smk3_criteria','UPDATING DATA ID #11',8,1486402988,8,1486402988),(748,'SUCCESS','smk3_criteria','UPDATING DATA ID #12',8,1486402988,8,1486402988),(749,'SUCCESS','smk3_title','UPDATING DATA ID #5',8,1486409906,8,1486409906),(750,'SUCCESS','smk3_subtitle','UPDATING DATA ID #3',8,1486409906,8,1486409906),(751,'SUCCESS','smk3_criteria','UPDATING DATA ID #4',8,1486409906,8,1486409906),(752,'SUCCESS','smk3_criteria','UPDATING DATA ID #5',8,1486409906,8,1486409906),(753,'SUCCESS','smk3_criteria','UPDATING DATA ID #6',8,1486409906,8,1486409906),(754,'SUCCESS','smk3_subtitle','UPDATING DATA ID #4',8,1486409906,8,1486409906),(755,'SUCCESS','smk3_criteria','INSERTING NEW DATA WITH ID #15',8,1486409906,8,1486409906),(756,'SUCCESS','smk3_criteria','INSERTING NEW DATA WITH ID #16',8,1486409906,8,1486409906),(757,'SUCCESS','smk3_criteria','UPDATING DATA ID #7',8,1486409906,8,1486409906),(758,'SUCCESS','smk3_criteria','UPDATING DATA ID #8',8,1486409906,8,1486409906),(759,'SUCCESS','smk3_criteria','UPDATING DATA ID #13',8,1486409906,8,1486409906),(760,'SUCCESS','log_dirty','INSERTING NEW DATA WITH ID #28',8,1486409906,8,1486409906),(761,'SUCCESS','smk3_criteria','UPDATING DATA ID #14',8,1486409906,8,1486409906),(762,'SUCCESS','log_dirty','INSERTING NEW DATA WITH ID #29',8,1486409906,8,1486409906),(763,'SUCCESS','smk3_subtitle','UPDATING DATA ID #5',8,1486409906,8,1486409906),(764,'SUCCESS','log_dirty','INSERTING NEW DATA WITH ID #30',8,1486409906,8,1486409906),(765,'SUCCESS','smk3_criteria','INSERTING NEW DATA WITH ID #17',8,1486409906,8,1486409906),(766,'SUCCESS','smk3_criteria','INSERTING NEW DATA WITH ID #18',8,1486409906,8,1486409906),(767,'SUCCESS','smk3_criteria','INSERTING NEW DATA WITH ID #19',8,1486409906,8,1486409906),(768,'SUCCESS','smk3_criteria','UPDATING DATA ID #9',8,1486409906,8,1486409906),(769,'SUCCESS','log_dirty','INSERTING NEW DATA WITH ID #31',8,1486409906,8,1486409906),(770,'SUCCESS','smk3_criteria','UPDATING DATA ID #10',8,1486409906,8,1486409906),(771,'SUCCESS','log_dirty','INSERTING NEW DATA WITH ID #32',8,1486409906,8,1486409906),(772,'SUCCESS','smk3_criteria','UPDATING DATA ID #11',8,1486409906,8,1486409906),(773,'SUCCESS','log_dirty','INSERTING NEW DATA WITH ID #33',8,1486409906,8,1486409906),(774,'SUCCESS','smk3_criteria','UPDATING DATA ID #12',8,1486409906,8,1486409906),(775,'SUCCESS','log_dirty','INSERTING NEW DATA WITH ID #34',8,1486409906,8,1486409906),(776,'SUCCESS','smk3_title','UPDATING DATA ID #5',8,1486410025,8,1486410025),(777,'SUCCESS','smk3_subtitle','UPDATING DATA ID #3',8,1486410025,8,1486410025),(778,'SUCCESS','smk3_criteria','UPDATING DATA ID #4',8,1486410025,8,1486410025),(779,'SUCCESS','smk3_criteria','UPDATING DATA ID #5',8,1486410025,8,1486410025),(780,'SUCCESS','smk3_criteria','UPDATING DATA ID #6',8,1486410025,8,1486410025),(781,'SUCCESS','smk3_subtitle','UPDATING DATA ID #4',8,1486410025,8,1486410025),(782,'SUCCESS','smk3_criteria','UPDATING DATA ID #15',8,1486410025,8,1486410025),(783,'SUCCESS','smk3_criteria','UPDATING DATA ID #7',8,1486410025,8,1486410025),(784,'SUCCESS','smk3_criteria','UPDATING DATA ID #8',8,1486410025,8,1486410025),(785,'SUCCESS','smk3_criteria','UPDATING DATA ID #13',8,1486410025,8,1486410025),(786,'SUCCESS','smk3_criteria','UPDATING DATA ID #14',8,1486410025,8,1486410025),(787,'SUCCESS','smk3_criteria','UPDATING DATA ID #16',8,1486410025,8,1486410025),(788,'SUCCESS','smk3_subtitle','UPDATING DATA ID #5',8,1486410025,8,1486410025),(789,'SUCCESS','smk3_criteria','UPDATING DATA ID #9',8,1486410025,8,1486410025),(790,'SUCCESS','smk3_criteria','UPDATING DATA ID #10',8,1486410025,8,1486410025),(791,'SUCCESS','smk3_criteria','UPDATING DATA ID #11',8,1486410025,8,1486410025),(792,'SUCCESS','smk3_criteria','UPDATING DATA ID #12',8,1486410025,8,1486410025),(793,'SUCCESS','smk3_criteria','UPDATING DATA ID #17',8,1486410025,8,1486410025),(794,'SUCCESS','smk3_criteria','UPDATING DATA ID #18',8,1486410025,8,1486410025),(795,'SUCCESS','smk3_criteria','UPDATING DATA ID #19',8,1486410025,8,1486410025),(796,'SUCCESS','smk3_title','UPDATING DATA ID #5',8,1486410590,8,1486410590),(797,'SUCCESS','smk3_subtitle','UPDATING DATA ID #3',8,1486410590,8,1486410590),(798,'SUCCESS','smk3_criteria','UPDATING DATA ID #4',8,1486410590,8,1486410590),(799,'SUCCESS','smk3_criteria','UPDATING DATA ID #5',8,1486410590,8,1486410590),(800,'SUCCESS','smk3_criteria','UPDATING DATA ID #6',8,1486410590,8,1486410590),(801,'SUCCESS','smk3_criteria','INSERTING NEW DATA WITH ID #20',8,1486410590,8,1486410590),(802,'SUCCESS','smk3_subtitle','UPDATING DATA ID #4',8,1486410590,8,1486410590),(803,'SUCCESS','smk3_criteria','UPDATING DATA ID #7',8,1486410590,8,1486410590),(804,'SUCCESS','smk3_criteria','UPDATING DATA ID #8',8,1486410590,8,1486410590),(805,'SUCCESS','smk3_criteria','UPDATING DATA ID #13',8,1486410590,8,1486410590),(806,'SUCCESS','smk3_criteria','UPDATING DATA ID #14',8,1486410590,8,1486410590),(807,'SUCCESS','smk3_criteria','UPDATING DATA ID #15',8,1486410590,8,1486410590),(808,'SUCCESS','smk3_criteria','UPDATING DATA ID #16',8,1486410590,8,1486410590),(809,'SUCCESS','smk3_subtitle','UPDATING DATA ID #5',8,1486410590,8,1486410590),(810,'SUCCESS','smk3_criteria','UPDATING DATA ID #9',8,1486410590,8,1486410590),(811,'SUCCESS','smk3_criteria','UPDATING DATA ID #10',8,1486410590,8,1486410590),(812,'SUCCESS','smk3_criteria','UPDATING DATA ID #11',8,1486410590,8,1486410590),(813,'SUCCESS','smk3_criteria','UPDATING DATA ID #12',8,1486410590,8,1486410590),(814,'SUCCESS','smk3_criteria','UPDATING DATA ID #17',8,1486410590,8,1486410590),(815,'SUCCESS','smk3_criteria','UPDATING DATA ID #18',8,1486410590,8,1486410590),(816,'SUCCESS','smk3_criteria','UPDATING DATA ID #19',8,1486410590,8,1486410590),(817,'SUCCESS','smk3_title','INSERTING NEW DATA WITH ID #6',8,1486470322,8,1486470322),(818,'SUCCESS','smk3_subtitle','INSERTING NEW DATA WITH ID #6',8,1486470322,8,1486470322),(819,'SUCCESS','smk3_criteria','INSERTING NEW DATA WITH ID #21',8,1486470322,8,1486470322),(820,'SUCCESS','smk3_title','INSERTING NEW DATA WITH ID #7',8,1486470338,8,1486470338),(821,'SUCCESS','smk3_subtitle','INSERTING NEW DATA WITH ID #7',8,1486470338,8,1486470338),(822,'SUCCESS','smk3_criteria','INSERTING NEW DATA WITH ID #22',8,1486470338,8,1486470338),(823,'SUCCESS','smk3_criteria','INSERTING NEW DATA WITH ID #23',8,1486470338,8,1486470338),(824,'SUCCESS','smk3_subtitle','INSERTING NEW DATA WITH ID #8',8,1486470338,8,1486470338),(825,'SUCCESS','smk3_criteria','INSERTING NEW DATA WITH ID #24',8,1486470338,8,1486470338),(827,'SUCCESS','smk3','INSERTING NEW DATA WITH ID #2',8,1486496275,8,1486496275),(828,'SUCCESS','smk3_detail','INSERTING NEW DATA WITH ID #1',8,1486496275,8,1486496275),(829,'SUCCESS','smk3_detail','INSERTING NEW DATA WITH ID #2',8,1486496275,8,1486496275),(830,'SUCCESS','smk3_detail','INSERTING NEW DATA WITH ID #3',8,1486496275,8,1486496275),(831,'SUCCESS','smk3_detail','INSERTING NEW DATA WITH ID #4',8,1486496275,8,1486496275),(832,'SUCCESS','smk3_detail','INSERTING NEW DATA WITH ID #5',8,1486496275,8,1486496275),(833,'SUCCESS','smk3_detail','INSERTING NEW DATA WITH ID #6',8,1486496275,8,1486496275),(834,'SUCCESS','smk3_detail','INSERTING NEW DATA WITH ID #7',8,1486496275,8,1486496275),(835,'SUCCESS','smk3_detail','INSERTING NEW DATA WITH ID #8',8,1486496275,8,1486496275),(836,'SUCCESS','smk3_detail','INSERTING NEW DATA WITH ID #9',8,1486496275,8,1486496275),(837,'SUCCESS','smk3_detail','INSERTING NEW DATA WITH ID #10',8,1486496275,8,1486496275),(838,'SUCCESS','smk3_detail','INSERTING NEW DATA WITH ID #11',8,1486496275,8,1486496275),(839,'SUCCESS','smk3_detail','INSERTING NEW DATA WITH ID #12',8,1486496275,8,1486496275),(840,'SUCCESS','smk3_detail','INSERTING NEW DATA WITH ID #13',8,1486496275,8,1486496275),(841,'SUCCESS','smk3_detail','INSERTING NEW DATA WITH ID #14',8,1486496275,8,1486496275),(842,'SUCCESS','smk3_detail','INSERTING NEW DATA WITH ID #15',8,1486496275,8,1486496275),(843,'SUCCESS','smk3_detail','INSERTING NEW DATA WITH ID #16',8,1486496275,8,1486496275),(844,'SUCCESS','smk3_detail','INSERTING NEW DATA WITH ID #17',8,1486496275,8,1486496275),(845,'SUCCESS','smk3_detail','INSERTING NEW DATA WITH ID #18',8,1486496275,8,1486496275),(846,'SUCCESS','smk3_detail','INSERTING NEW DATA WITH ID #19',8,1486496275,8,1486496275),(847,'SUCCESS','smk3_detail','INSERTING NEW DATA WITH ID #20',8,1486496275,8,1486496275),(848,'SUCCESS','smk3_detail','INSERTING NEW DATA WITH ID #21',8,1486496275,8,1486496275),(849,'SUCCESS','smk3','UPDATING DATA ID #2',8,1486535874,8,1486535874),(850,'SUCCESS','smk3','UPDATING DATA ID #2',8,1486535897,8,1486535897),(851,'SUCCESS','smk3_detail','INSERTING NEW DATA WITH ID #22',8,1486535897,8,1486535897),(852,'SUCCESS','smk3_detail','INSERTING NEW DATA WITH ID #23',8,1486535897,8,1486535897),(853,'SUCCESS','smk3_detail','INSERTING NEW DATA WITH ID #24',8,1486535897,8,1486535897),(854,'SUCCESS','smk3_detail','INSERTING NEW DATA WITH ID #25',8,1486535897,8,1486535897),(855,'SUCCESS','smk3_detail','INSERTING NEW DATA WITH ID #26',8,1486535897,8,1486535897),(856,'SUCCESS','smk3_detail','INSERTING NEW DATA WITH ID #27',8,1486535897,8,1486535897),(857,'SUCCESS','smk3_detail','INSERTING NEW DATA WITH ID #28',8,1486535897,8,1486535897),(858,'SUCCESS','smk3_detail','INSERTING NEW DATA WITH ID #29',8,1486535897,8,1486535897),(859,'SUCCESS','smk3_detail','INSERTING NEW DATA WITH ID #30',8,1486535897,8,1486535897),(860,'SUCCESS','smk3_detail','INSERTING NEW DATA WITH ID #31',8,1486535897,8,1486535897),(861,'SUCCESS','smk3_detail','INSERTING NEW DATA WITH ID #32',8,1486535897,8,1486535897),(862,'SUCCESS','smk3_detail','INSERTING NEW DATA WITH ID #33',8,1486535897,8,1486535897),(863,'SUCCESS','smk3_detail','INSERTING NEW DATA WITH ID #34',8,1486535897,8,1486535897),(864,'SUCCESS','smk3_detail','INSERTING NEW DATA WITH ID #35',8,1486535897,8,1486535897),(865,'SUCCESS','smk3_detail','INSERTING NEW DATA WITH ID #36',8,1486535897,8,1486535897),(866,'SUCCESS','smk3_detail','INSERTING NEW DATA WITH ID #37',8,1486535897,8,1486535897),(867,'SUCCESS','smk3_detail','INSERTING NEW DATA WITH ID #38',8,1486535897,8,1486535897),(868,'SUCCESS','smk3_detail','INSERTING NEW DATA WITH ID #39',8,1486535897,8,1486535897),(869,'SUCCESS','smk3_detail','INSERTING NEW DATA WITH ID #40',8,1486535897,8,1486535897),(870,'SUCCESS','smk3_detail','INSERTING NEW DATA WITH ID #41',8,1486535897,8,1486535897),(871,'SUCCESS','smk3_detail','INSERTING NEW DATA WITH ID #42',8,1486535897,8,1486535897),(872,'SUCCESS','smk3','UPDATING DATA ID #2',8,1486535904,8,1486535904),(873,'SUCCESS','smk3_detail','INSERTING NEW DATA WITH ID #43',8,1486535904,8,1486535904),(874,'SUCCESS','smk3_detail','INSERTING NEW DATA WITH ID #44',8,1486535904,8,1486535904),(875,'SUCCESS','smk3_detail','INSERTING NEW DATA WITH ID #45',8,1486535904,8,1486535904),(876,'SUCCESS','smk3_detail','INSERTING NEW DATA WITH ID #46',8,1486535904,8,1486535904),(877,'SUCCESS','smk3_detail','INSERTING NEW DATA WITH ID #47',8,1486535904,8,1486535904),(878,'SUCCESS','smk3_detail','INSERTING NEW DATA WITH ID #48',8,1486535904,8,1486535904),(879,'SUCCESS','smk3_detail','INSERTING NEW DATA WITH ID #49',8,1486535904,8,1486535904),(880,'SUCCESS','smk3_detail','INSERTING NEW DATA WITH ID #50',8,1486535904,8,1486535904),(881,'SUCCESS','smk3_detail','INSERTING NEW DATA WITH ID #51',8,1486535904,8,1486535904),(882,'SUCCESS','smk3_detail','INSERTING NEW DATA WITH ID #52',8,1486535904,8,1486535904),(883,'SUCCESS','smk3_detail','INSERTING NEW DATA WITH ID #53',8,1486535904,8,1486535904),(884,'SUCCESS','smk3_detail','INSERTING NEW DATA WITH ID #54',8,1486535904,8,1486535904),(885,'SUCCESS','smk3_detail','INSERTING NEW DATA WITH ID #55',8,1486535904,8,1486535904),(886,'SUCCESS','smk3_detail','INSERTING NEW DATA WITH ID #56',8,1486535904,8,1486535904),(887,'SUCCESS','smk3_detail','INSERTING NEW DATA WITH ID #57',8,1486535904,8,1486535904),(888,'SUCCESS','smk3_detail','INSERTING NEW DATA WITH ID #58',8,1486535904,8,1486535904),(889,'SUCCESS','smk3_detail','INSERTING NEW DATA WITH ID #59',8,1486535904,8,1486535904),(890,'SUCCESS','smk3_detail','INSERTING NEW DATA WITH ID #60',8,1486535904,8,1486535904),(891,'SUCCESS','smk3_detail','INSERTING NEW DATA WITH ID #61',8,1486535904,8,1486535904),(892,'SUCCESS','smk3_detail','INSERTING NEW DATA WITH ID #62',8,1486535904,8,1486535904),(893,'SUCCESS','smk3_detail','INSERTING NEW DATA WITH ID #63',8,1486535904,8,1486535904),(894,'SUCCESS','smk3','UPDATING DATA ID #2',8,1486535952,8,1486535952),(895,'SUCCESS','smk3_detail','INSERTING NEW DATA WITH ID #64',8,1486535952,8,1486535952),(896,'SUCCESS','smk3_detail','INSERTING NEW DATA WITH ID #65',8,1486535952,8,1486535952),(897,'SUCCESS','smk3_detail','INSERTING NEW DATA WITH ID #66',8,1486535952,8,1486535952),(898,'SUCCESS','smk3_detail','INSERTING NEW DATA WITH ID #67',8,1486535952,8,1486535952),(899,'SUCCESS','smk3_detail','INSERTING NEW DATA WITH ID #68',8,1486535952,8,1486535952),(900,'SUCCESS','smk3_detail','INSERTING NEW DATA WITH ID #69',8,1486535952,8,1486535952),(901,'SUCCESS','smk3_detail','INSERTING NEW DATA WITH ID #70',8,1486535952,8,1486535952),(902,'SUCCESS','smk3_detail','INSERTING NEW DATA WITH ID #71',8,1486535952,8,1486535952),(903,'SUCCESS','smk3_detail','INSERTING NEW DATA WITH ID #72',8,1486535952,8,1486535952),(904,'SUCCESS','smk3_detail','INSERTING NEW DATA WITH ID #73',8,1486535952,8,1486535952),(905,'SUCCESS','smk3_detail','INSERTING NEW DATA WITH ID #74',8,1486535952,8,1486535952),(906,'SUCCESS','smk3_detail','INSERTING NEW DATA WITH ID #75',8,1486535952,8,1486535952),(907,'SUCCESS','smk3_detail','INSERTING NEW DATA WITH ID #76',8,1486535952,8,1486535952),(908,'SUCCESS','smk3_detail','INSERTING NEW DATA WITH ID #77',8,1486535952,8,1486535952),(909,'SUCCESS','smk3_detail','INSERTING NEW DATA WITH ID #78',8,1486535952,8,1486535952),(910,'SUCCESS','smk3_detail','INSERTING NEW DATA WITH ID #79',8,1486535952,8,1486535952),(911,'SUCCESS','smk3_detail','INSERTING NEW DATA WITH ID #80',8,1486535952,8,1486535952),(912,'SUCCESS','smk3_detail','INSERTING NEW DATA WITH ID #81',8,1486535952,8,1486535952),(913,'SUCCESS','smk3_detail','INSERTING NEW DATA WITH ID #82',8,1486535952,8,1486535952),(914,'SUCCESS','smk3_detail','INSERTING NEW DATA WITH ID #83',8,1486535952,8,1486535952),(915,'SUCCESS','smk3_detail','INSERTING NEW DATA WITH ID #84',8,1486535952,8,1486535952),(916,'SUCCESS','smk3','UPDATING DATA ID #2',8,1486535977,8,1486535977),(917,'SUCCESS','smk3_detail','INSERTING NEW DATA WITH ID #85',8,1486535977,8,1486535977),(918,'SUCCESS','smk3_detail','INSERTING NEW DATA WITH ID #86',8,1486535977,8,1486535977),(919,'SUCCESS','smk3_detail','INSERTING NEW DATA WITH ID #87',8,1486535977,8,1486535977),(920,'SUCCESS','smk3_detail','INSERTING NEW DATA WITH ID #88',8,1486535977,8,1486535977),(921,'SUCCESS','smk3_detail','INSERTING NEW DATA WITH ID #89',8,1486535977,8,1486535977),(922,'SUCCESS','smk3_detail','INSERTING NEW DATA WITH ID #90',8,1486535977,8,1486535977),(923,'SUCCESS','smk3_detail','INSERTING NEW DATA WITH ID #91',8,1486535977,8,1486535977),(924,'SUCCESS','smk3_detail','INSERTING NEW DATA WITH ID #92',8,1486535977,8,1486535977),(925,'SUCCESS','smk3_detail','INSERTING NEW DATA WITH ID #93',8,1486535977,8,1486535977),(926,'SUCCESS','smk3_detail','INSERTING NEW DATA WITH ID #94',8,1486535977,8,1486535977),(927,'SUCCESS','smk3_detail','INSERTING NEW DATA WITH ID #95',8,1486535977,8,1486535977),(928,'SUCCESS','smk3_detail','INSERTING NEW DATA WITH ID #96',8,1486535978,8,1486535978),(929,'SUCCESS','smk3_detail','INSERTING NEW DATA WITH ID #97',8,1486535978,8,1486535978),(930,'SUCCESS','smk3_detail','INSERTING NEW DATA WITH ID #98',8,1486535978,8,1486535978),(931,'SUCCESS','smk3_detail','INSERTING NEW DATA WITH ID #99',8,1486535978,8,1486535978),(932,'SUCCESS','smk3_detail','INSERTING NEW DATA WITH ID #100',8,1486535978,8,1486535978),(933,'SUCCESS','smk3_detail','INSERTING NEW DATA WITH ID #101',8,1486535978,8,1486535978),(934,'SUCCESS','smk3_detail','INSERTING NEW DATA WITH ID #102',8,1486535978,8,1486535978),(935,'SUCCESS','smk3_detail','INSERTING NEW DATA WITH ID #103',8,1486535978,8,1486535978),(936,'SUCCESS','smk3_detail','INSERTING NEW DATA WITH ID #104',8,1486535978,8,1486535978),(937,'SUCCESS','smk3_detail','INSERTING NEW DATA WITH ID #105',8,1486535978,8,1486535978),(938,'SUCCESS','smk3','DELETING DATA ID #2',8,1486538364,8,1486538364),(939,'SUCCESS','smk3','INSERTING NEW DATA WITH ID #3',8,1486538380,8,1486538380),(940,'SUCCESS','smk3_detail','INSERTING NEW DATA WITH ID #106',8,1486538380,8,1486538380),(941,'SUCCESS','smk3_detail','INSERTING NEW DATA WITH ID #107',8,1486538380,8,1486538380),(942,'SUCCESS','smk3_detail','INSERTING NEW DATA WITH ID #108',8,1486538380,8,1486538380),(943,'SUCCESS','smk3_detail','INSERTING NEW DATA WITH ID #109',8,1486538380,8,1486538380),(944,'SUCCESS','smk3_detail','INSERTING NEW DATA WITH ID #110',8,1486538380,8,1486538380),(945,'SUCCESS','smk3_detail','INSERTING NEW DATA WITH ID #111',8,1486538380,8,1486538380),(946,'SUCCESS','smk3_detail','INSERTING NEW DATA WITH ID #112',8,1486538380,8,1486538380),(947,'SUCCESS','smk3_detail','INSERTING NEW DATA WITH ID #113',8,1486538380,8,1486538380),(948,'SUCCESS','smk3_detail','INSERTING NEW DATA WITH ID #114',8,1486538380,8,1486538380),(949,'SUCCESS','smk3_detail','INSERTING NEW DATA WITH ID #115',8,1486538380,8,1486538380),(950,'SUCCESS','smk3_detail','INSERTING NEW DATA WITH ID #116',8,1486538380,8,1486538380),(951,'SUCCESS','smk3_detail','INSERTING NEW DATA WITH ID #117',8,1486538380,8,1486538380),(952,'SUCCESS','smk3_detail','INSERTING NEW DATA WITH ID #118',8,1486538380,8,1486538380),(953,'SUCCESS','smk3_detail','INSERTING NEW DATA WITH ID #119',8,1486538380,8,1486538380),(954,'SUCCESS','smk3_detail','INSERTING NEW DATA WITH ID #120',8,1486538380,8,1486538380),(955,'SUCCESS','smk3_detail','INSERTING NEW DATA WITH ID #121',8,1486538380,8,1486538380),(956,'SUCCESS','smk3_detail','INSERTING NEW DATA WITH ID #122',8,1486538380,8,1486538380),(957,'SUCCESS','smk3_detail','INSERTING NEW DATA WITH ID #123',8,1486538380,8,1486538380),(958,'SUCCESS','smk3_detail','INSERTING NEW DATA WITH ID #124',8,1486538380,8,1486538380),(959,'SUCCESS','smk3_detail','INSERTING NEW DATA WITH ID #125',8,1486538380,8,1486538380),(960,'SUCCESS','smk3_detail','INSERTING NEW DATA WITH ID #126',8,1486538380,8,1486538380),(961,'SUCCESS','smk3','INSERTING NEW DATA WITH ID #4',8,1486538835,8,1486538835),(962,'SUCCESS','smk3_detail','INSERTING NEW DATA WITH ID #127',8,1486538835,8,1486538835),(963,'SUCCESS','smk3_detail','INSERTING NEW DATA WITH ID #128',8,1486538835,8,1486538835),(964,'SUCCESS','smk3_detail','INSERTING NEW DATA WITH ID #129',8,1486538835,8,1486538835),(965,'SUCCESS','smk3_detail','INSERTING NEW DATA WITH ID #130',8,1486538835,8,1486538835),(966,'SUCCESS','smk3_detail','INSERTING NEW DATA WITH ID #131',8,1486538836,8,1486538836),(967,'SUCCESS','smk3_detail','INSERTING NEW DATA WITH ID #132',8,1486538836,8,1486538836),(968,'SUCCESS','smk3_detail','INSERTING NEW DATA WITH ID #133',8,1486538836,8,1486538836),(969,'SUCCESS','smk3_detail','INSERTING NEW DATA WITH ID #134',8,1486538836,8,1486538836),(970,'SUCCESS','smk3_detail','INSERTING NEW DATA WITH ID #135',8,1486538836,8,1486538836),(971,'SUCCESS','smk3_detail','INSERTING NEW DATA WITH ID #136',8,1486538836,8,1486538836),(972,'SUCCESS','smk3_detail','INSERTING NEW DATA WITH ID #137',8,1486538836,8,1486538836),(973,'SUCCESS','smk3_detail','INSERTING NEW DATA WITH ID #138',8,1486538836,8,1486538836),(974,'SUCCESS','smk3_detail','INSERTING NEW DATA WITH ID #139',8,1486538836,8,1486538836),(975,'SUCCESS','smk3_detail','INSERTING NEW DATA WITH ID #140',8,1486538836,8,1486538836),(976,'SUCCESS','smk3_detail','INSERTING NEW DATA WITH ID #141',8,1486538836,8,1486538836),(977,'SUCCESS','smk3_detail','INSERTING NEW DATA WITH ID #142',8,1486538836,8,1486538836),(978,'SUCCESS','smk3_detail','INSERTING NEW DATA WITH ID #143',8,1486538836,8,1486538836),(979,'SUCCESS','smk3_detail','INSERTING NEW DATA WITH ID #144',8,1486538836,8,1486538836),(980,'SUCCESS','smk3_detail','INSERTING NEW DATA WITH ID #145',8,1486538836,8,1486538836),(981,'SUCCESS','smk3_detail','INSERTING NEW DATA WITH ID #146',8,1486538836,8,1486538836),(982,'SUCCESS','smk3_detail','INSERTING NEW DATA WITH ID #147',8,1486538836,8,1486538836),(992,'SUCCESS','smk3','UPDATING DATA ID #4',8,1486545030,8,1486545030),(993,'SUCCESS','smk3_detail','INSERTING NEW DATA WITH ID #148',8,1486545030,8,1486545030),(994,'SUCCESS','smk3_detail','INSERTING NEW DATA WITH ID #149',8,1486545030,8,1486545030),(995,'SUCCESS','smk3_detail','INSERTING NEW DATA WITH ID #150',8,1486545030,8,1486545030),(996,'SUCCESS','smk3_detail','INSERTING NEW DATA WITH ID #151',8,1486545030,8,1486545030),(997,'SUCCESS','smk3_detail','INSERTING NEW DATA WITH ID #152',8,1486545030,8,1486545030),(998,'SUCCESS','smk3_detail','INSERTING NEW DATA WITH ID #153',8,1486545030,8,1486545030),(999,'SUCCESS','smk3_detail','INSERTING NEW DATA WITH ID #154',8,1486545030,8,1486545030),(1000,'SUCCESS','smk3_detail','INSERTING NEW DATA WITH ID #155',8,1486545030,8,1486545030),(1001,'SUCCESS','smk3_detail','INSERTING NEW DATA WITH ID #156',8,1486545030,8,1486545030),(1002,'SUCCESS','smk3_detail','INSERTING NEW DATA WITH ID #157',8,1486545030,8,1486545030),(1003,'SUCCESS','smk3_detail','INSERTING NEW DATA WITH ID #158',8,1486545030,8,1486545030),(1004,'SUCCESS','smk3_detail','INSERTING NEW DATA WITH ID #159',8,1486545030,8,1486545030),(1005,'SUCCESS','smk3_detail','INSERTING NEW DATA WITH ID #160',8,1486545030,8,1486545030),(1006,'SUCCESS','smk3_detail','INSERTING NEW DATA WITH ID #161',8,1486545030,8,1486545030),(1007,'SUCCESS','smk3_detail','INSERTING NEW DATA WITH ID #162',8,1486545030,8,1486545030),(1008,'SUCCESS','smk3_detail','INSERTING NEW DATA WITH ID #163',8,1486545030,8,1486545030),(1009,'SUCCESS','smk3_detail','INSERTING NEW DATA WITH ID #164',8,1486545030,8,1486545030),(1010,'SUCCESS','smk3_detail','INSERTING NEW DATA WITH ID #165',8,1486545030,8,1486545030),(1011,'SUCCESS','smk3_detail','INSERTING NEW DATA WITH ID #166',8,1486545030,8,1486545030),(1012,'SUCCESS','smk3_detail','INSERTING NEW DATA WITH ID #167',8,1486545030,8,1486545030),(1013,'SUCCESS','smk3_detail','INSERTING NEW DATA WITH ID #168',8,1486545030,8,1486545030),(1014,'SUCCESS','smk3','DELETING DATA ID #4',8,1486545176,8,1486545176),(1015,'SUCCESS','smk3','DELETING DATA ID #3',8,1486545181,8,1486545181),(1016,'SUCCESS','smk3','INSERTING NEW DATA WITH ID #5',8,1486545260,8,1486545260),(1017,'SUCCESS','smk3_detail','INSERTING NEW DATA WITH ID #169',8,1486545260,8,1486545260),(1018,'SUCCESS','smk3_detail','INSERTING NEW DATA WITH ID #170',8,1486545260,8,1486545260),(1019,'SUCCESS','smk3_detail','INSERTING NEW DATA WITH ID #171',8,1486545261,8,1486545261),(1020,'SUCCESS','smk3_detail','INSERTING NEW DATA WITH ID #172',8,1486545261,8,1486545261),(1021,'SUCCESS','smk3_detail','INSERTING NEW DATA WITH ID #173',8,1486545261,8,1486545261),(1022,'SUCCESS','smk3_detail','INSERTING NEW DATA WITH ID #174',8,1486545261,8,1486545261),(1023,'SUCCESS','smk3_detail','INSERTING NEW DATA WITH ID #175',8,1486545261,8,1486545261),(1024,'SUCCESS','smk3_detail','INSERTING NEW DATA WITH ID #176',8,1486545261,8,1486545261),(1025,'SUCCESS','smk3_detail','INSERTING NEW DATA WITH ID #177',8,1486545261,8,1486545261),(1026,'SUCCESS','smk3_detail','INSERTING NEW DATA WITH ID #178',8,1486545261,8,1486545261),(1027,'SUCCESS','smk3_detail','INSERTING NEW DATA WITH ID #179',8,1486545261,8,1486545261),(1028,'SUCCESS','smk3_detail','INSERTING NEW DATA WITH ID #180',8,1486545261,8,1486545261),(1029,'SUCCESS','smk3_detail','INSERTING NEW DATA WITH ID #181',8,1486545261,8,1486545261),(1030,'SUCCESS','smk3_detail','INSERTING NEW DATA WITH ID #182',8,1486545261,8,1486545261),(1031,'SUCCESS','smk3_detail','INSERTING NEW DATA WITH ID #183',8,1486545261,8,1486545261),(1032,'SUCCESS','smk3_detail','INSERTING NEW DATA WITH ID #184',8,1486545261,8,1486545261),(1033,'SUCCESS','smk3_detail','INSERTING NEW DATA WITH ID #185',8,1486545261,8,1486545261),(1034,'SUCCESS','smk3_detail','INSERTING NEW DATA WITH ID #186',8,1486545261,8,1486545261),(1035,'SUCCESS','smk3_detail','INSERTING NEW DATA WITH ID #187',8,1486545261,8,1486545261),(1036,'SUCCESS','smk3_detail','INSERTING NEW DATA WITH ID #188',8,1486545261,8,1486545261),(1037,'SUCCESS','smk3_detail','INSERTING NEW DATA WITH ID #189',8,1486545261,8,1486545261),(1038,'SUCCESS','smk3','UPDATING DATA ID #5',8,1486545272,8,1486545272),(1039,'SUCCESS','smk3_detail','UPDATING DATA ID #169',8,1486545272,8,1486545272),(1040,'SUCCESS','log_dirty','INSERTING NEW DATA WITH ID #35',8,1486545273,8,1486545273),(1041,'SUCCESS','smk3_detail','UPDATING DATA ID #170',8,1486545273,8,1486545273),(1042,'SUCCESS','log_dirty','INSERTING NEW DATA WITH ID #36',8,1486545273,8,1486545273),(1043,'SUCCESS','smk3_detail','UPDATING DATA ID #171',8,1486545273,8,1486545273),(1044,'SUCCESS','log_dirty','INSERTING NEW DATA WITH ID #37',8,1486545273,8,1486545273),(1045,'SUCCESS','smk3_detail','UPDATING DATA ID #172',8,1486545273,8,1486545273),(1046,'SUCCESS','log_dirty','INSERTING NEW DATA WITH ID #38',8,1486545273,8,1486545273),(1047,'SUCCESS','smk3_detail','UPDATING DATA ID #173',8,1486545273,8,1486545273),(1048,'SUCCESS','smk3_detail','UPDATING DATA ID #174',8,1486545273,8,1486545273),(1049,'SUCCESS','smk3_detail','UPDATING DATA ID #175',8,1486545273,8,1486545273),(1050,'SUCCESS','smk3_detail','UPDATING DATA ID #176',8,1486545273,8,1486545273),(1051,'SUCCESS','smk3_detail','UPDATING DATA ID #177',8,1486545273,8,1486545273),(1052,'SUCCESS','smk3_detail','UPDATING DATA ID #178',8,1486545273,8,1486545273),(1053,'SUCCESS','smk3_detail','UPDATING DATA ID #179',8,1486545273,8,1486545273),(1054,'SUCCESS','smk3_detail','UPDATING DATA ID #180',8,1486545273,8,1486545273),(1055,'SUCCESS','smk3_detail','UPDATING DATA ID #181',8,1486545273,8,1486545273),(1056,'SUCCESS','smk3_detail','UPDATING DATA ID #182',8,1486545273,8,1486545273),(1057,'SUCCESS','smk3_detail','UPDATING DATA ID #183',8,1486545273,8,1486545273),(1058,'SUCCESS','smk3_detail','UPDATING DATA ID #184',8,1486545273,8,1486545273),(1059,'SUCCESS','smk3_detail','UPDATING DATA ID #185',8,1486545273,8,1486545273),(1060,'SUCCESS','smk3_detail','UPDATING DATA ID #186',8,1486545273,8,1486545273),(1061,'SUCCESS','smk3_detail','UPDATING DATA ID #187',8,1486545273,8,1486545273),(1062,'SUCCESS','smk3_detail','UPDATING DATA ID #188',8,1486545273,8,1486545273),(1063,'SUCCESS','smk3_detail','UPDATING DATA ID #189',8,1486545273,8,1486545273),(1064,'SUCCESS','smk3','UPDATING DATA ID #5',8,1486545296,8,1486545296),(1065,'SUCCESS','smk3_detail','UPDATING DATA ID #169',8,1486545296,8,1486545296),(1066,'SUCCESS','smk3_detail','UPDATING DATA ID #170',8,1486545296,8,1486545296),(1067,'SUCCESS','smk3_detail','UPDATING DATA ID #171',8,1486545296,8,1486545296),(1068,'SUCCESS','smk3_detail','UPDATING DATA ID #172',8,1486545296,8,1486545296),(1069,'SUCCESS','smk3_detail','UPDATING DATA ID #173',8,1486545296,8,1486545296),(1070,'SUCCESS','smk3_detail','UPDATING DATA ID #174',8,1486545296,8,1486545296),(1071,'SUCCESS','smk3_detail','UPDATING DATA ID #175',8,1486545296,8,1486545296),(1072,'SUCCESS','smk3_detail','UPDATING DATA ID #176',8,1486545296,8,1486545296),(1073,'SUCCESS','smk3_detail','UPDATING DATA ID #177',8,1486545296,8,1486545296),(1074,'SUCCESS','smk3_detail','UPDATING DATA ID #178',8,1486545296,8,1486545296),(1075,'SUCCESS','smk3_detail','UPDATING DATA ID #179',8,1486545296,8,1486545296),(1076,'SUCCESS','smk3_detail','UPDATING DATA ID #180',8,1486545296,8,1486545296),(1077,'SUCCESS','smk3_detail','UPDATING DATA ID #181',8,1486545296,8,1486545296),(1078,'SUCCESS','smk3_detail','UPDATING DATA ID #182',8,1486545296,8,1486545296),(1079,'SUCCESS','smk3_detail','UPDATING DATA ID #183',8,1486545296,8,1486545296),(1080,'SUCCESS','smk3_detail','UPDATING DATA ID #184',8,1486545296,8,1486545296),(1081,'SUCCESS','smk3_detail','UPDATING DATA ID #185',8,1486545296,8,1486545296),(1082,'SUCCESS','smk3_detail','UPDATING DATA ID #186',8,1486545296,8,1486545296),(1083,'SUCCESS','smk3_detail','UPDATING DATA ID #187',8,1486545296,8,1486545296),(1084,'SUCCESS','smk3_detail','UPDATING DATA ID #188',8,1486545296,8,1486545296),(1085,'SUCCESS','smk3_detail','UPDATING DATA ID #189',8,1486545296,8,1486545296),(1086,'SUCCESS','log_dirty','INSERTING NEW DATA WITH ID #39',8,1486545296,8,1486545296),(1087,'SUCCESS','smk3_title','INSERTING NEW DATA WITH ID #8',8,1486545317,8,1486545317),(1088,'SUCCESS','smk3_subtitle','INSERTING NEW DATA WITH ID #9',8,1486545317,8,1486545317),(1089,'SUCCESS','smk3_criteria','INSERTING NEW DATA WITH ID #25',8,1486545317,8,1486545317),(1093,'SUCCESS','smk3_title','DELETING DATA ID #8',8,1486551480,8,1486551480),(1097,'SUCCESS','smk3_title','INSERTING NEW DATA WITH ID #11',8,1486551509,8,1486551509),(1098,'SUCCESS','smk3_subtitle','INSERTING NEW DATA WITH ID #12',8,1486551509,8,1486551509),(1099,'SUCCESS','smk3_criteria','INSERTING NEW DATA WITH ID #28',8,1486551509,8,1486551509),(1100,'SUCCESS','smk3_title','DELETING DATA ID #11',8,1486551658,8,1486551658),(1107,'SUCCESS','smk3_title','INSERTING NEW DATA WITH ID #14',8,1486551819,8,1486551819),(1108,'SUCCESS','smk3_subtitle','INSERTING NEW DATA WITH ID #15',8,1486551819,8,1486551819),(1109,'SUCCESS','smk3_criteria','INSERTING NEW DATA WITH ID #31',8,1486551819,8,1486551819),(1110,'SUCCESS','smk3_detail','INSERTING NEW DATA WITH ID #190',8,1486551819,8,1486551819),(1111,'SUCCESS','smk3','UPDATING DATA ID #5',8,1486551854,8,1486551854),(1112,'SUCCESS','smk3_detail','UPDATING DATA ID #169',8,1486551854,8,1486551854),(1113,'SUCCESS','smk3_detail','UPDATING DATA ID #170',8,1486551854,8,1486551854),(1114,'SUCCESS','smk3_detail','UPDATING DATA ID #171',8,1486551854,8,1486551854),(1115,'SUCCESS','smk3_detail','UPDATING DATA ID #172',8,1486551854,8,1486551854),(1116,'SUCCESS','smk3_detail','UPDATING DATA ID #173',8,1486551854,8,1486551854),(1117,'SUCCESS','smk3_detail','UPDATING DATA ID #174',8,1486551854,8,1486551854),(1118,'SUCCESS','smk3_detail','UPDATING DATA ID #175',8,1486551854,8,1486551854),(1119,'SUCCESS','smk3_detail','UPDATING DATA ID #176',8,1486551854,8,1486551854),(1120,'SUCCESS','smk3_detail','UPDATING DATA ID #177',8,1486551854,8,1486551854),(1121,'SUCCESS','smk3_detail','UPDATING DATA ID #178',8,1486551854,8,1486551854),(1122,'SUCCESS','smk3_detail','UPDATING DATA ID #179',8,1486551854,8,1486551854),(1123,'SUCCESS','smk3_detail','UPDATING DATA ID #180',8,1486551854,8,1486551854),(1124,'SUCCESS','smk3_detail','UPDATING DATA ID #181',8,1486551854,8,1486551854),(1125,'SUCCESS','smk3_detail','UPDATING DATA ID #182',8,1486551854,8,1486551854),(1126,'SUCCESS','smk3_detail','UPDATING DATA ID #183',8,1486551854,8,1486551854),(1127,'SUCCESS','smk3_detail','UPDATING DATA ID #184',8,1486551854,8,1486551854),(1128,'SUCCESS','smk3_detail','UPDATING DATA ID #185',8,1486551854,8,1486551854),(1129,'SUCCESS','smk3_detail','UPDATING DATA ID #186',8,1486551854,8,1486551854),(1130,'SUCCESS','smk3_detail','UPDATING DATA ID #187',8,1486551854,8,1486551854),(1131,'SUCCESS','smk3_detail','UPDATING DATA ID #188',8,1486551854,8,1486551854),(1132,'SUCCESS','smk3_detail','UPDATING DATA ID #189',8,1486551854,8,1486551854),(1133,'SUCCESS','smk3_detail','UPDATING DATA ID #190',8,1486551854,8,1486551854),(1134,'SUCCESS','log_dirty','INSERTING NEW DATA WITH ID #40',8,1486551854,8,1486551854),(1135,'SUCCESS','smk3','INSERTING NEW DATA WITH ID #6',8,1486551887,8,1486551887),(1136,'SUCCESS','smk3_detail','INSERTING NEW DATA WITH ID #191',8,1486551887,8,1486551887),(1137,'SUCCESS','smk3_detail','INSERTING NEW DATA WITH ID #192',8,1486551887,8,1486551887),(1138,'SUCCESS','smk3_detail','INSERTING NEW DATA WITH ID #193',8,1486551887,8,1486551887),(1139,'SUCCESS','smk3_detail','INSERTING NEW DATA WITH ID #194',8,1486551887,8,1486551887),(1140,'SUCCESS','smk3_detail','INSERTING NEW DATA WITH ID #195',8,1486551887,8,1486551887),(1141,'SUCCESS','smk3_detail','INSERTING NEW DATA WITH ID #196',8,1486551887,8,1486551887),(1142,'SUCCESS','smk3_detail','INSERTING NEW DATA WITH ID #197',8,1486551887,8,1486551887),(1143,'SUCCESS','smk3_detail','INSERTING NEW DATA WITH ID #198',8,1486551887,8,1486551887),(1144,'SUCCESS','smk3_detail','INSERTING NEW DATA WITH ID #199',8,1486551887,8,1486551887),(1145,'SUCCESS','smk3_detail','INSERTING NEW DATA WITH ID #200',8,1486551887,8,1486551887),(1146,'SUCCESS','smk3_detail','INSERTING NEW DATA WITH ID #201',8,1486551887,8,1486551887),(1147,'SUCCESS','smk3_detail','INSERTING NEW DATA WITH ID #202',8,1486551887,8,1486551887),(1148,'SUCCESS','smk3_detail','INSERTING NEW DATA WITH ID #203',8,1486551887,8,1486551887),(1149,'SUCCESS','smk3_detail','INSERTING NEW DATA WITH ID #204',8,1486551887,8,1486551887),(1150,'SUCCESS','smk3_detail','INSERTING NEW DATA WITH ID #205',8,1486551887,8,1486551887),(1151,'SUCCESS','smk3_detail','INSERTING NEW DATA WITH ID #206',8,1486551887,8,1486551887),(1152,'SUCCESS','smk3_detail','INSERTING NEW DATA WITH ID #207',8,1486551887,8,1486551887),(1153,'SUCCESS','smk3_detail','INSERTING NEW DATA WITH ID #208',8,1486551887,8,1486551887),(1154,'SUCCESS','smk3_detail','INSERTING NEW DATA WITH ID #209',8,1486551887,8,1486551887),(1155,'SUCCESS','smk3_detail','INSERTING NEW DATA WITH ID #210',8,1486551887,8,1486551887),(1156,'SUCCESS','smk3_detail','INSERTING NEW DATA WITH ID #211',8,1486551887,8,1486551887),(1157,'SUCCESS','smk3_detail','INSERTING NEW DATA WITH ID #212',8,1486551887,8,1486551887),(1158,'SUCCESS','smk3_title','INSERTING NEW DATA WITH ID #15',8,1486551915,8,1486551915),(1159,'SUCCESS','smk3_subtitle','INSERTING NEW DATA WITH ID #16',8,1486551916,8,1486551916),(1160,'SUCCESS','smk3_criteria','INSERTING NEW DATA WITH ID #32',8,1486551916,8,1486551916),(1161,'SUCCESS','smk3_detail','INSERTING NEW DATA WITH ID #213',8,1486551916,8,1486551916),(1162,'SUCCESS','smk3_detail','INSERTING NEW DATA WITH ID #214',8,1486551916,8,1486551916),(1163,'SUCCESS','smk3_criteria','INSERTING NEW DATA WITH ID #33',8,1486551916,8,1486551916),(1164,'SUCCESS','smk3_detail','INSERTING NEW DATA WITH ID #215',8,1486551916,8,1486551916),(1165,'SUCCESS','smk3_detail','INSERTING NEW DATA WITH ID #216',8,1486551916,8,1486551916),(1166,'SUCCESS','smk3_criteria','INSERTING NEW DATA WITH ID #34',8,1486551916,8,1486551916),(1167,'SUCCESS','smk3_detail','INSERTING NEW DATA WITH ID #217',8,1486551916,8,1486551916),(1168,'SUCCESS','smk3_detail','INSERTING NEW DATA WITH ID #218',8,1486551916,8,1486551916),(1169,'SUCCESS','smk3_subtitle','INSERTING NEW DATA WITH ID #17',8,1486551916,8,1486551916),(1170,'SUCCESS','smk3_criteria','INSERTING NEW DATA WITH ID #35',8,1486551916,8,1486551916),(1171,'SUCCESS','smk3_detail','INSERTING NEW DATA WITH ID #219',8,1486551916,8,1486551916),(1172,'SUCCESS','smk3_detail','INSERTING NEW DATA WITH ID #220',8,1486551916,8,1486551916),(1173,'SUCCESS','smk3_criteria','INSERTING NEW DATA WITH ID #36',8,1486551916,8,1486551916),(1174,'SUCCESS','smk3_detail','INSERTING NEW DATA WITH ID #221',8,1486551916,8,1486551916),(1175,'SUCCESS','smk3_detail','INSERTING NEW DATA WITH ID #222',8,1486551916,8,1486551916),(1176,'SUCCESS','smk3_title','INSERTING NEW DATA WITH ID #16',8,1486552144,8,1486552144),(1177,'SUCCESS','smk3_subtitle','INSERTING NEW DATA WITH ID #18',8,1486552144,8,1486552144),(1178,'SUCCESS','smk3_criteria','INSERTING NEW DATA WITH ID #37',8,1486552144,8,1486552144),(1179,'SUCCESS','smk3_detail','INSERTING NEW DATA WITH ID #223',8,1486552144,8,1486552144),(1180,'SUCCESS','smk3_detail','INSERTING NEW DATA WITH ID #224',8,1486552144,8,1486552144),(1181,'SUCCESS','smk3_criteria','INSERTING NEW DATA WITH ID #38',8,1486552144,8,1486552144),(1182,'SUCCESS','smk3_detail','INSERTING NEW DATA WITH ID #225',8,1486552145,8,1486552145),(1183,'SUCCESS','smk3_detail','INSERTING NEW DATA WITH ID #226',8,1486552145,8,1486552145),(1184,'SUCCESS','smk3_criteria','INSERTING NEW DATA WITH ID #39',8,1486552145,8,1486552145),(1185,'SUCCESS','smk3_detail','INSERTING NEW DATA WITH ID #227',8,1486552145,8,1486552145),(1186,'SUCCESS','smk3_detail','INSERTING NEW DATA WITH ID #228',8,1486552145,8,1486552145),(1187,'SUCCESS','smk3_criteria','INSERTING NEW DATA WITH ID #40',8,1486552145,8,1486552145),(1188,'SUCCESS','smk3_detail','INSERTING NEW DATA WITH ID #229',8,1486552145,8,1486552145),(1189,'SUCCESS','smk3_detail','INSERTING NEW DATA WITH ID #230',8,1486552145,8,1486552145),(1190,'SUCCESS','smk3_subtitle','INSERTING NEW DATA WITH ID #19',8,1486552145,8,1486552145),(1191,'SUCCESS','smk3_criteria','INSERTING NEW DATA WITH ID #41',8,1486552145,8,1486552145),(1192,'SUCCESS','smk3_detail','INSERTING NEW DATA WITH ID #231',8,1486552145,8,1486552145),(1193,'SUCCESS','smk3_detail','INSERTING NEW DATA WITH ID #232',8,1486552145,8,1486552145),(1194,'SUCCESS','smk3_subtitle','INSERTING NEW DATA WITH ID #20',8,1486552145,8,1486552145),(1195,'SUCCESS','smk3_criteria','INSERTING NEW DATA WITH ID #42',8,1486552145,8,1486552145),(1196,'SUCCESS','smk3_detail','INSERTING NEW DATA WITH ID #233',8,1486552145,8,1486552145),(1197,'SUCCESS','smk3_detail','INSERTING NEW DATA WITH ID #234',8,1486552145,8,1486552145),(1198,'SUCCESS','smk3_subtitle','INSERTING NEW DATA WITH ID #21',8,1486552145,8,1486552145),(1199,'SUCCESS','smk3_criteria','INSERTING NEW DATA WITH ID #43',8,1486552145,8,1486552145),(1200,'SUCCESS','smk3_detail','INSERTING NEW DATA WITH ID #235',8,1486552145,8,1486552145),(1201,'SUCCESS','smk3_detail','INSERTING NEW DATA WITH ID #236',8,1486552145,8,1486552145),(1202,'SUCCESS','smk3_criteria','INSERTING NEW DATA WITH ID #44',8,1486552145,8,1486552145),(1203,'SUCCESS','smk3_detail','INSERTING NEW DATA WITH ID #237',8,1486552145,8,1486552145),(1204,'SUCCESS','smk3_detail','INSERTING NEW DATA WITH ID #238',8,1486552145,8,1486552145),(1205,'SUCCESS','smk3_title','INSERTING NEW DATA WITH ID #17',8,1486552301,8,1486552301),(1206,'SUCCESS','smk3_subtitle','INSERTING NEW DATA WITH ID #22',8,1486552301,8,1486552301),(1207,'SUCCESS','smk3_criteria','INSERTING NEW DATA WITH ID #45',8,1486552301,8,1486552301),(1208,'SUCCESS','smk3_detail','INSERTING NEW DATA WITH ID #239',8,1486552301,8,1486552301),(1209,'SUCCESS','smk3_detail','INSERTING NEW DATA WITH ID #240',8,1486552301,8,1486552301),(1210,'SUCCESS','smk3_criteria','INSERTING NEW DATA WITH ID #46',8,1486552301,8,1486552301),(1211,'SUCCESS','smk3_detail','INSERTING NEW DATA WITH ID #241',8,1486552301,8,1486552301),(1212,'SUCCESS','smk3_detail','INSERTING NEW DATA WITH ID #242',8,1486552301,8,1486552301),(1213,'SUCCESS','smk3_criteria','INSERTING NEW DATA WITH ID #47',8,1486552301,8,1486552301),(1214,'SUCCESS','smk3_detail','INSERTING NEW DATA WITH ID #243',8,1486552301,8,1486552301),(1215,'SUCCESS','smk3_detail','INSERTING NEW DATA WITH ID #244',8,1486552301,8,1486552301),(1216,'SUCCESS','smk3_subtitle','INSERTING NEW DATA WITH ID #23',8,1486552301,8,1486552301),(1217,'SUCCESS','smk3_criteria','INSERTING NEW DATA WITH ID #48',8,1486552301,8,1486552301),(1218,'SUCCESS','smk3_detail','INSERTING NEW DATA WITH ID #245',8,1486552301,8,1486552301),(1219,'SUCCESS','smk3_detail','INSERTING NEW DATA WITH ID #246',8,1486552301,8,1486552301),(1220,'SUCCESS','smk3_criteria','INSERTING NEW DATA WITH ID #49',8,1486552301,8,1486552301),(1221,'SUCCESS','smk3_detail','INSERTING NEW DATA WITH ID #247',8,1486552301,8,1486552301),(1222,'SUCCESS','smk3_detail','INSERTING NEW DATA WITH ID #248',8,1486552301,8,1486552301),(1223,'SUCCESS','smk3_title','INSERTING NEW DATA WITH ID #18',8,1486552355,8,1486552355),(1224,'SUCCESS','smk3_subtitle','INSERTING NEW DATA WITH ID #24',8,1486552355,8,1486552355),(1225,'SUCCESS','smk3_criteria','INSERTING NEW DATA WITH ID #50',8,1486552355,8,1486552355),(1226,'SUCCESS','smk3_detail','INSERTING NEW DATA WITH ID #249',8,1486552355,8,1486552355),(1227,'SUCCESS','smk3_detail','INSERTING NEW DATA WITH ID #250',8,1486552355,8,1486552355),(1228,'SUCCESS','smk3_criteria','INSERTING NEW DATA WITH ID #51',8,1486552355,8,1486552355),(1229,'SUCCESS','smk3_detail','INSERTING NEW DATA WITH ID #251',8,1486552356,8,1486552356),(1230,'SUCCESS','smk3_detail','INSERTING NEW DATA WITH ID #252',8,1486552356,8,1486552356),(1231,'SUCCESS','smk3_criteria','INSERTING NEW DATA WITH ID #52',8,1486552356,8,1486552356),(1232,'SUCCESS','smk3_detail','INSERTING NEW DATA WITH ID #253',8,1486552356,8,1486552356),(1233,'SUCCESS','smk3_detail','INSERTING NEW DATA WITH ID #254',8,1486552356,8,1486552356),(1234,'SUCCESS','smk3_subtitle','INSERTING NEW DATA WITH ID #25',8,1486552356,8,1486552356),(1235,'SUCCESS','smk3_criteria','INSERTING NEW DATA WITH ID #53',8,1486552356,8,1486552356),(1236,'SUCCESS','smk3_detail','INSERTING NEW DATA WITH ID #255',8,1486552356,8,1486552356),(1237,'SUCCESS','smk3_detail','INSERTING NEW DATA WITH ID #256',8,1486552356,8,1486552356),(1238,'SUCCESS','smk3_criteria','INSERTING NEW DATA WITH ID #54',8,1486552356,8,1486552356),(1239,'SUCCESS','smk3_detail','INSERTING NEW DATA WITH ID #257',8,1486552356,8,1486552356),(1240,'SUCCESS','smk3_detail','INSERTING NEW DATA WITH ID #258',8,1486552356,8,1486552356),(1241,'SUCCESS','smk3_subtitle','INSERTING NEW DATA WITH ID #26',8,1486552356,8,1486552356),(1242,'SUCCESS','smk3_criteria','INSERTING NEW DATA WITH ID #55',8,1486552356,8,1486552356),(1243,'SUCCESS','smk3_detail','INSERTING NEW DATA WITH ID #259',8,1486552356,8,1486552356),(1244,'SUCCESS','smk3_detail','INSERTING NEW DATA WITH ID #260',8,1486552356,8,1486552356),(1245,'SUCCESS','smk3_title','UPDATING DATA ID #5',8,1486564003,8,1486564003),(1246,'SUCCESS','smk3_subtitle','UPDATING DATA ID #3',8,1486564003,8,1486564003),(1247,'SUCCESS','smk3_criteria','UPDATING DATA ID #4',8,1486564003,8,1486564003),(1248,'SUCCESS','log_dirty','INSERTING NEW DATA WITH ID #41',8,1486564003,8,1486564003),(1249,'SUCCESS','smk3_detail','INSERTING NEW DATA WITH ID #261',8,1486564003,8,1486564003),(1250,'SUCCESS','smk3_detail','INSERTING NEW DATA WITH ID #262',8,1486564003,8,1486564003),(1251,'SUCCESS','smk3_detail','INSERTING NEW DATA WITH ID #263',8,1486564003,8,1486564003),(1252,'SUCCESS','smk3_detail','INSERTING NEW DATA WITH ID #264',8,1486564003,8,1486564003),(1253,'SUCCESS','smk3_criteria','UPDATING DATA ID #5',8,1486564003,8,1486564003),(1254,'SUCCESS','log_dirty','INSERTING NEW DATA WITH ID #42',8,1486564003,8,1486564003),(1255,'SUCCESS','smk3_detail','INSERTING NEW DATA WITH ID #265',8,1486564003,8,1486564003),(1256,'SUCCESS','smk3_detail','INSERTING NEW DATA WITH ID #266',8,1486564003,8,1486564003),(1257,'SUCCESS','smk3_detail','INSERTING NEW DATA WITH ID #267',8,1486564003,8,1486564003),(1258,'SUCCESS','smk3_detail','INSERTING NEW DATA WITH ID #268',8,1486564003,8,1486564003),(1259,'SUCCESS','smk3_criteria','UPDATING DATA ID #6',8,1486564003,8,1486564003),(1260,'SUCCESS','log_dirty','INSERTING NEW DATA WITH ID #43',8,1486564003,8,1486564003),(1261,'SUCCESS','smk3_detail','INSERTING NEW DATA WITH ID #269',8,1486564003,8,1486564003),(1262,'SUCCESS','smk3_detail','INSERTING NEW DATA WITH ID #270',8,1486564003,8,1486564003),(1263,'SUCCESS','smk3_detail','INSERTING NEW DATA WITH ID #271',8,1486564003,8,1486564003),(1264,'SUCCESS','smk3_detail','INSERTING NEW DATA WITH ID #272',8,1486564003,8,1486564003),(1265,'SUCCESS','smk3_criteria','UPDATING DATA ID #20',8,1486564003,8,1486564003),(1266,'SUCCESS','log_dirty','INSERTING NEW DATA WITH ID #44',8,1486564003,8,1486564003),(1267,'SUCCESS','smk3_detail','INSERTING NEW DATA WITH ID #273',8,1486564003,8,1486564003),(1268,'SUCCESS','smk3_detail','INSERTING NEW DATA WITH ID #274',8,1486564003,8,1486564003),(1269,'SUCCESS','smk3_detail','INSERTING NEW DATA WITH ID #275',8,1486564003,8,1486564003),(1270,'SUCCESS','smk3_detail','INSERTING NEW DATA WITH ID #276',8,1486564003,8,1486564003),(1271,'SUCCESS','smk3_subtitle','UPDATING DATA ID #4',8,1486564003,8,1486564003),(1272,'SUCCESS','smk3_criteria','UPDATING DATA ID #7',8,1486564003,8,1486564003),(1273,'SUCCESS','log_dirty','INSERTING NEW DATA WITH ID #45',8,1486564003,8,1486564003),(1274,'SUCCESS','smk3_detail','INSERTING NEW DATA WITH ID #277',8,1486564003,8,1486564003),(1275,'SUCCESS','smk3_detail','INSERTING NEW DATA WITH ID #278',8,1486564003,8,1486564003),(1276,'SUCCESS','smk3_detail','INSERTING NEW DATA WITH ID #279',8,1486564003,8,1486564003),(1277,'SUCCESS','smk3_detail','INSERTING NEW DATA WITH ID #280',8,1486564003,8,1486564003),(1278,'SUCCESS','smk3_criteria','UPDATING DATA ID #8',8,1486564003,8,1486564003),(1279,'SUCCESS','log_dirty','INSERTING NEW DATA WITH ID #46',8,1486564003,8,1486564003),(1280,'SUCCESS','smk3_detail','INSERTING NEW DATA WITH ID #281',8,1486564003,8,1486564003),(1281,'SUCCESS','smk3_detail','INSERTING NEW DATA WITH ID #282',8,1486564003,8,1486564003),(1282,'SUCCESS','smk3_detail','INSERTING NEW DATA WITH ID #283',8,1486564003,8,1486564003),(1283,'SUCCESS','smk3_detail','INSERTING NEW DATA WITH ID #284',8,1486564003,8,1486564003),(1284,'SUCCESS','smk3_criteria','UPDATING DATA ID #13',8,1486564003,8,1486564003),(1285,'SUCCESS','log_dirty','INSERTING NEW DATA WITH ID #47',8,1486564003,8,1486564003),(1286,'SUCCESS','smk3_detail','INSERTING NEW DATA WITH ID #285',8,1486564004,8,1486564004),(1287,'SUCCESS','smk3_detail','INSERTING NEW DATA WITH ID #286',8,1486564004,8,1486564004),(1288,'SUCCESS','smk3_detail','INSERTING NEW DATA WITH ID #287',8,1486564004,8,1486564004),(1289,'SUCCESS','smk3_detail','INSERTING NEW DATA WITH ID #288',8,1486564004,8,1486564004),(1290,'SUCCESS','smk3_criteria','UPDATING DATA ID #14',8,1486564004,8,1486564004),(1291,'SUCCESS','log_dirty','INSERTING NEW DATA WITH ID #48',8,1486564004,8,1486564004),(1292,'SUCCESS','smk3_detail','INSERTING NEW DATA WITH ID #289',8,1486564004,8,1486564004),(1293,'SUCCESS','smk3_detail','INSERTING NEW DATA WITH ID #290',8,1486564004,8,1486564004),(1294,'SUCCESS','smk3_detail','INSERTING NEW DATA WITH ID #291',8,1486564004,8,1486564004),(1295,'SUCCESS','smk3_detail','INSERTING NEW DATA WITH ID #292',8,1486564004,8,1486564004),(1296,'SUCCESS','smk3_criteria','UPDATING DATA ID #15',8,1486564004,8,1486564004),(1297,'SUCCESS','log_dirty','INSERTING NEW DATA WITH ID #49',8,1486564004,8,1486564004),(1298,'SUCCESS','smk3_detail','INSERTING NEW DATA WITH ID #293',8,1486564004,8,1486564004),(1299,'SUCCESS','smk3_detail','INSERTING NEW DATA WITH ID #294',8,1486564004,8,1486564004),(1300,'SUCCESS','smk3_detail','INSERTING NEW DATA WITH ID #295',8,1486564004,8,1486564004),(1301,'SUCCESS','smk3_detail','INSERTING NEW DATA WITH ID #296',8,1486564004,8,1486564004),(1302,'SUCCESS','smk3_criteria','UPDATING DATA ID #16',8,1486564004,8,1486564004),(1303,'SUCCESS','log_dirty','INSERTING NEW DATA WITH ID #50',8,1486564004,8,1486564004),(1304,'SUCCESS','smk3_detail','INSERTING NEW DATA WITH ID #297',8,1486564004,8,1486564004),(1305,'SUCCESS','smk3_detail','INSERTING NEW DATA WITH ID #298',8,1486564004,8,1486564004),(1306,'SUCCESS','smk3_detail','INSERTING NEW DATA WITH ID #299',8,1486564004,8,1486564004),(1307,'SUCCESS','smk3_detail','INSERTING NEW DATA WITH ID #300',8,1486564004,8,1486564004),(1308,'SUCCESS','smk3_subtitle','UPDATING DATA ID #5',8,1486564004,8,1486564004),(1309,'SUCCESS','smk3_criteria','UPDATING DATA ID #9',8,1486564004,8,1486564004),(1310,'SUCCESS','log_dirty','INSERTING NEW DATA WITH ID #51',8,1486564004,8,1486564004),(1311,'SUCCESS','smk3_detail','INSERTING NEW DATA WITH ID #301',8,1486564004,8,1486564004),(1312,'SUCCESS','smk3_detail','INSERTING NEW DATA WITH ID #302',8,1486564004,8,1486564004),(1313,'SUCCESS','smk3_detail','INSERTING NEW DATA WITH ID #303',8,1486564004,8,1486564004),(1314,'SUCCESS','smk3_detail','INSERTING NEW DATA WITH ID #304',8,1486564004,8,1486564004),(1315,'SUCCESS','smk3_criteria','UPDATING DATA ID #10',8,1486564004,8,1486564004),(1316,'SUCCESS','log_dirty','INSERTING NEW DATA WITH ID #52',8,1486564004,8,1486564004),(1317,'SUCCESS','smk3_detail','INSERTING NEW DATA WITH ID #305',8,1486564004,8,1486564004),(1318,'SUCCESS','smk3_detail','INSERTING NEW DATA WITH ID #306',8,1486564004,8,1486564004),(1319,'SUCCESS','smk3_detail','INSERTING NEW DATA WITH ID #307',8,1486564004,8,1486564004),(1320,'SUCCESS','smk3_detail','INSERTING NEW DATA WITH ID #308',8,1486564004,8,1486564004),(1321,'SUCCESS','smk3_criteria','UPDATING DATA ID #11',8,1486564004,8,1486564004),(1322,'SUCCESS','log_dirty','INSERTING NEW DATA WITH ID #53',8,1486564004,8,1486564004),(1323,'SUCCESS','smk3_detail','INSERTING NEW DATA WITH ID #309',8,1486564004,8,1486564004),(1324,'SUCCESS','smk3_detail','INSERTING NEW DATA WITH ID #310',8,1486564004,8,1486564004),(1325,'SUCCESS','smk3_detail','INSERTING NEW DATA WITH ID #311',8,1486564004,8,1486564004),(1326,'SUCCESS','smk3_detail','INSERTING NEW DATA WITH ID #312',8,1486564004,8,1486564004),(1327,'SUCCESS','smk3_criteria','UPDATING DATA ID #12',8,1486564004,8,1486564004),(1328,'SUCCESS','log_dirty','INSERTING NEW DATA WITH ID #54',8,1486564004,8,1486564004),(1329,'SUCCESS','smk3_detail','INSERTING NEW DATA WITH ID #313',8,1486564004,8,1486564004),(1330,'SUCCESS','smk3_detail','INSERTING NEW DATA WITH ID #314',8,1486564004,8,1486564004),(1331,'SUCCESS','smk3_detail','INSERTING NEW DATA WITH ID #315',8,1486564004,8,1486564004),(1332,'SUCCESS','smk3_detail','INSERTING NEW DATA WITH ID #316',8,1486564004,8,1486564004),(1333,'SUCCESS','smk3_criteria','UPDATING DATA ID #17',8,1486564004,8,1486564004),(1334,'SUCCESS','log_dirty','INSERTING NEW DATA WITH ID #55',8,1486564004,8,1486564004),(1335,'SUCCESS','smk3_detail','INSERTING NEW DATA WITH ID #317',8,1486564004,8,1486564004),(1336,'SUCCESS','smk3_detail','INSERTING NEW DATA WITH ID #318',8,1486564004,8,1486564004),(1337,'SUCCESS','smk3_detail','INSERTING NEW DATA WITH ID #319',8,1486564004,8,1486564004),(1338,'SUCCESS','smk3_detail','INSERTING NEW DATA WITH ID #320',8,1486564004,8,1486564004),(1339,'SUCCESS','smk3_criteria','UPDATING DATA ID #18',8,1486564004,8,1486564004),(1340,'SUCCESS','log_dirty','INSERTING NEW DATA WITH ID #56',8,1486564004,8,1486564004),(1341,'SUCCESS','smk3_detail','INSERTING NEW DATA WITH ID #321',8,1486564004,8,1486564004),(1342,'SUCCESS','smk3_detail','INSERTING NEW DATA WITH ID #322',8,1486564004,8,1486564004),(1343,'SUCCESS','smk3_detail','INSERTING NEW DATA WITH ID #323',8,1486564004,8,1486564004),(1344,'SUCCESS','smk3_detail','INSERTING NEW DATA WITH ID #324',8,1486564004,8,1486564004),(1345,'SUCCESS','smk3_criteria','UPDATING DATA ID #19',8,1486564004,8,1486564004),(1346,'SUCCESS','log_dirty','INSERTING NEW DATA WITH ID #57',8,1486564004,8,1486564004),(1347,'SUCCESS','smk3_detail','INSERTING NEW DATA WITH ID #325',8,1486564004,8,1486564004),(1348,'SUCCESS','smk3_detail','INSERTING NEW DATA WITH ID #326',8,1486564004,8,1486564004),(1349,'SUCCESS','smk3_detail','INSERTING NEW DATA WITH ID #327',8,1486564004,8,1486564004),(1350,'SUCCESS','smk3_detail','INSERTING NEW DATA WITH ID #328',8,1486564004,8,1486564004),(1351,'SUCCESS','smk3_title','DELETING DATA ID #5',8,1486564335,8,1486564335),(1352,'SUCCESS','smk3_title','UPDATING DATA ID #6',8,1486564491,8,1486564491),(1353,'SUCCESS','smk3_subtitle','UPDATING DATA ID #6',8,1486564491,8,1486564491),(1354,'SUCCESS','smk3_criteria','UPDATING DATA ID #21',8,1486564491,8,1486564491),(1355,'SUCCESS','log_dirty','INSERTING NEW DATA WITH ID #58',8,1486564491,8,1486564491),(1356,'SUCCESS','smk3_detail','INSERTING NEW DATA WITH ID #329',8,1486564491,8,1486564491),(1357,'SUCCESS','smk3_detail','INSERTING NEW DATA WITH ID #330',8,1486564491,8,1486564491),(1358,'SUCCESS','smk3_detail','INSERTING NEW DATA WITH ID #331',8,1486564491,8,1486564491),(1359,'SUCCESS','smk3_detail','INSERTING NEW DATA WITH ID #332',8,1486564491,8,1486564491),(1391,'SUCCESS','smk3_title','INSERTING NEW DATA WITH ID #24',8,1486565158,8,1486565158),(1392,'SUCCESS','smk3_subtitle','INSERTING NEW DATA WITH ID #32',8,1486565158,8,1486565158),(1393,'SUCCESS','smk3_criteria','INSERTING NEW DATA WITH ID #61',8,1486565158,8,1486565158),(1394,'SUCCESS','smk3_detail','INSERTING NEW DATA WITH ID #333',8,1486565158,8,1486565158),(1395,'SUCCESS','smk3_detail','INSERTING NEW DATA WITH ID #334',8,1486565158,8,1486565158),(1396,'SUCCESS','smk3_title','DELETING DATA ID #6',8,1486565220,8,1486565220),(1397,'SUCCESS','smk3_title','UPDATING DATA ID #7',8,1486565232,8,1486565232),(1398,'SUCCESS','smk3_subtitle','UPDATING DATA ID #7',8,1486565232,8,1486565232),(1399,'SUCCESS','smk3_criteria','UPDATING DATA ID #22',8,1486565232,8,1486565232),(1400,'SUCCESS','log_dirty','INSERTING NEW DATA WITH ID #63',8,1486565232,8,1486565232),(1401,'SUCCESS','smk3_criteria','UPDATING DATA ID #23',8,1486565232,8,1486565232),(1402,'SUCCESS','smk3_subtitle','UPDATING DATA ID #8',8,1486565232,8,1486565232),(1403,'SUCCESS','smk3_criteria','UPDATING DATA ID #24',8,1486565232,8,1486565232),(1404,'SUCCESS','budget_monitoring_detail','DELETING DATA ID #1',8,1486565699,8,1486565699),(1405,'SUCCESS','budget_monitoring','UPDATING DATA ID #2',8,1486565752,8,1486565752),(1406,'SUCCESS','budget_monitoring_detail','UPDATING DATA ID #2',8,1486565753,8,1486565753),(1407,'SUCCESS','budget_monitoring_month','UPDATING DATA ID #13',8,1486565753,8,1486565753),(1408,'SUCCESS','budget_monitoring_month','UPDATING DATA ID #14',8,1486565753,8,1486565753),(1409,'SUCCESS','budget_monitoring_month','UPDATING DATA ID #15',8,1486565753,8,1486565753),(1410,'SUCCESS','budget_monitoring_month','UPDATING DATA ID #16',8,1486565753,8,1486565753),(1411,'SUCCESS','budget_monitoring_month','UPDATING DATA ID #17',8,1486565753,8,1486565753),(1412,'SUCCESS','budget_monitoring_month','UPDATING DATA ID #18',8,1486565753,8,1486565753),(1413,'SUCCESS','budget_monitoring_month','UPDATING DATA ID #19',8,1486565753,8,1486565753),(1414,'SUCCESS','budget_monitoring_month','UPDATING DATA ID #20',8,1486565753,8,1486565753),(1415,'SUCCESS','budget_monitoring_month','UPDATING DATA ID #21',8,1486565753,8,1486565753),(1416,'SUCCESS','budget_monitoring_month','UPDATING DATA ID #22',8,1486565753,8,1486565753),(1417,'SUCCESS','budget_monitoring_month','UPDATING DATA ID #23',8,1486565753,8,1486565753),(1418,'SUCCESS','budget_monitoring_month','UPDATING DATA ID #24',8,1486565753,8,1486565753),(1419,'SUCCESS','budget_monitoring_detail','INSERTING NEW DATA WITH ID #6',8,1486565753,8,1486565753),(1420,'SUCCESS','budget_monitoring_month','INSERTING NEW DATA WITH ID #61',8,1486565753,8,1486565753),(1421,'SUCCESS','budget_monitoring_month','INSERTING NEW DATA WITH ID #62',8,1486565753,8,1486565753),(1422,'SUCCESS','budget_monitoring_month','INSERTING NEW DATA WITH ID #63',8,1486565753,8,1486565753),(1423,'SUCCESS','budget_monitoring_month','INSERTING NEW DATA WITH ID #64',8,1486565753,8,1486565753),(1424,'SUCCESS','budget_monitoring_month','INSERTING NEW DATA WITH ID #65',8,1486565753,8,1486565753),(1425,'SUCCESS','budget_monitoring_month','INSERTING NEW DATA WITH ID #66',8,1486565753,8,1486565753),(1426,'SUCCESS','budget_monitoring_month','INSERTING NEW DATA WITH ID #67',8,1486565753,8,1486565753),(1427,'SUCCESS','budget_monitoring_month','INSERTING NEW DATA WITH ID #68',8,1486565753,8,1486565753),(1428,'SUCCESS','budget_monitoring_month','INSERTING NEW DATA WITH ID #69',8,1486565753,8,1486565753),(1429,'SUCCESS','budget_monitoring_month','INSERTING NEW DATA WITH ID #70',8,1486565753,8,1486565753),(1430,'SUCCESS','budget_monitoring_month','INSERTING NEW DATA WITH ID #71',8,1486565753,8,1486565753),(1431,'SUCCESS','budget_monitoring_month','INSERTING NEW DATA WITH ID #72',8,1486565753,8,1486565753),(1432,'SUCCESS','budget_monitoring_detail','INSERTING NEW DATA WITH ID #7',8,1486565753,8,1486565753),(1433,'SUCCESS','budget_monitoring_month','INSERTING NEW DATA WITH ID #73',8,1486565753,8,1486565753),(1434,'SUCCESS','budget_monitoring_month','INSERTING NEW DATA WITH ID #74',8,1486565753,8,1486565753),(1435,'SUCCESS','budget_monitoring_month','INSERTING NEW DATA WITH ID #75',8,1486565753,8,1486565753),(1436,'SUCCESS','budget_monitoring_month','INSERTING NEW DATA WITH ID #76',8,1486565753,8,1486565753),(1437,'SUCCESS','budget_monitoring_month','INSERTING NEW DATA WITH ID #77',8,1486565753,8,1486565753),(1438,'SUCCESS','budget_monitoring_month','INSERTING NEW DATA WITH ID #78',8,1486565753,8,1486565753),(1439,'SUCCESS','budget_monitoring_month','INSERTING NEW DATA WITH ID #79',8,1486565753,8,1486565753),(1440,'SUCCESS','budget_monitoring_month','INSERTING NEW DATA WITH ID #80',8,1486565753,8,1486565753),(1441,'SUCCESS','budget_monitoring_month','INSERTING NEW DATA WITH ID #81',8,1486565753,8,1486565753),(1442,'SUCCESS','budget_monitoring_month','INSERTING NEW DATA WITH ID #82',8,1486565753,8,1486565753),(1443,'SUCCESS','budget_monitoring_month','INSERTING NEW DATA WITH ID #83',8,1486565753,8,1486565753),(1444,'SUCCESS','budget_monitoring_month','INSERTING NEW DATA WITH ID #84',8,1486565753,8,1486565753),(1445,'SUCCESS','budget_monitoring_detail','DELETING DATA ID #7',8,1486565840,8,1486565840),(1446,'SUCCESS','budget_monitoring_detail','DELETING DATA ID #6',8,1486565871,8,1486565871),(1447,'SUCCESS','smk3_criteria','DELETING DATA ID #23',8,1486567637,8,1486567637),(1448,'SUCCESS','smk3_subtitle','DELETING DATA ID #8',8,1486567658,8,1486567658),(1449,'SUCCESS','smk3_subtitle','DELETING DATA ID #7',8,1486567673,8,1486567673),(1450,'SUCCESS','smk3_title','UPDATING DATA ID #7',8,1486568027,8,1486568027),(1451,'SUCCESS','smk3_subtitle','INSERTING NEW DATA WITH ID #33',8,1486568027,8,1486568027),(1452,'SUCCESS','smk3_criteria','INSERTING NEW DATA WITH ID #62',8,1486568027,8,1486568027),(1453,'SUCCESS','smk3_detail','INSERTING NEW DATA WITH ID #335',8,1486568027,8,1486568027),(1454,'SUCCESS','smk3_detail','INSERTING NEW DATA WITH ID #336',8,1486568027,8,1486568027),(1455,'SUCCESS','smk3_criteria','DELETING DATA ID #62',8,1486568083,8,1486568083),(1456,'SUCCESS','smk3_subtitle','DELETING DATA ID #33',8,1486635547,8,1486635547),(1457,'SUCCESS','smk3_title','UPDATING DATA ID #7',8,1486635551,8,1486635551),(1458,'SUCCESS','smk3_title','INSERTING NEW DATA WITH ID #25',8,1486635593,8,1486635593),(1459,'SUCCESS','smk3_subtitle','INSERTING NEW DATA WITH ID #34',8,1486635594,8,1486635594),(1460,'SUCCESS','smk3_criteria','INSERTING NEW DATA WITH ID #62',8,1486635594,8,1486635594),(1461,'SUCCESS','smk3_detail','INSERTING NEW DATA WITH ID #335',8,1486635594,8,1486635594),(1462,'SUCCESS','smk3_detail','INSERTING NEW DATA WITH ID #336',8,1486635594,8,1486635594),(1463,'SUCCESS','smk3_subtitle','DELETING DATA ID #34',8,1486635604,8,1486635604),(1464,'SUCCESS','smk3_title','UPDATING DATA ID #25',8,1486635607,8,1486635607),(1465,'SUCCESS','smk3','UPDATING DATA ID #5',8,1486636814,8,1486636814),(1466,'SUCCESS','log_dirty','INSERTING NEW DATA WITH ID #64',8,1486636814,8,1486636814),(1467,'SUCCESS','smk3_detail','UPDATING DATA ID #190',8,1486636814,8,1486636814),(1468,'SUCCESS','smk3_detail','UPDATING DATA ID #213',8,1486636814,8,1486636814),(1469,'SUCCESS','smk3_detail','UPDATING DATA ID #215',8,1486636814,8,1486636814),(1470,'SUCCESS','smk3_detail','UPDATING DATA ID #217',8,1486636814,8,1486636814),(1471,'SUCCESS','smk3_detail','UPDATING DATA ID #219',8,1486636814,8,1486636814),(1472,'SUCCESS','smk3_detail','UPDATING DATA ID #221',8,1486636814,8,1486636814),(1473,'SUCCESS','smk3_detail','UPDATING DATA ID #223',8,1486636814,8,1486636814),(1474,'SUCCESS','smk3_detail','UPDATING DATA ID #225',8,1486636814,8,1486636814),(1475,'SUCCESS','smk3_detail','UPDATING DATA ID #227',8,1486636814,8,1486636814),(1476,'SUCCESS','smk3_detail','UPDATING DATA ID #229',8,1486636814,8,1486636814),(1477,'SUCCESS','smk3_detail','UPDATING DATA ID #231',8,1486636814,8,1486636814),(1478,'SUCCESS','smk3_detail','UPDATING DATA ID #233',8,1486636814,8,1486636814),(1479,'SUCCESS','smk3_detail','UPDATING DATA ID #235',8,1486636814,8,1486636814),(1480,'SUCCESS','smk3_detail','UPDATING DATA ID #237',8,1486636814,8,1486636814),(1481,'SUCCESS','smk3_detail','UPDATING DATA ID #239',8,1486636814,8,1486636814),(1482,'SUCCESS','smk3_detail','UPDATING DATA ID #241',8,1486636814,8,1486636814),(1483,'SUCCESS','smk3_detail','UPDATING DATA ID #243',8,1486636814,8,1486636814),(1484,'SUCCESS','smk3_detail','UPDATING DATA ID #245',8,1486636814,8,1486636814),(1485,'SUCCESS','smk3_detail','UPDATING DATA ID #247',8,1486636814,8,1486636814),(1486,'SUCCESS','smk3_detail','UPDATING DATA ID #249',8,1486636814,8,1486636814),(1487,'SUCCESS','smk3_detail','UPDATING DATA ID #251',8,1486636814,8,1486636814),(1488,'SUCCESS','smk3_detail','UPDATING DATA ID #253',8,1486636814,8,1486636814),(1489,'SUCCESS','smk3_detail','UPDATING DATA ID #255',8,1486636814,8,1486636814),(1490,'SUCCESS','smk3_detail','UPDATING DATA ID #257',8,1486636814,8,1486636814),(1491,'SUCCESS','smk3_detail','UPDATING DATA ID #259',8,1486636814,8,1486636814),(1492,'SUCCESS','smk3_detail','UPDATING DATA ID #333',8,1486636814,8,1486636814),(1493,'SUCCESS','smk3','UPDATING DATA ID #6',8,1486636827,8,1486636827),(1494,'SUCCESS','log_dirty','INSERTING NEW DATA WITH ID #65',8,1486636827,8,1486636827),(1495,'SUCCESS','smk3_detail','UPDATING DATA ID #212',8,1486636827,8,1486636827),(1496,'SUCCESS','smk3_detail','UPDATING DATA ID #214',8,1486636827,8,1486636827),(1497,'SUCCESS','smk3_detail','UPDATING DATA ID #216',8,1486636827,8,1486636827),(1498,'SUCCESS','smk3_detail','UPDATING DATA ID #218',8,1486636827,8,1486636827),(1499,'SUCCESS','smk3_detail','UPDATING DATA ID #220',8,1486636827,8,1486636827),(1500,'SUCCESS','smk3_detail','UPDATING DATA ID #222',8,1486636827,8,1486636827),(1501,'SUCCESS','smk3_detail','UPDATING DATA ID #224',8,1486636827,8,1486636827),(1502,'SUCCESS','smk3_detail','UPDATING DATA ID #226',8,1486636827,8,1486636827),(1503,'SUCCESS','smk3_detail','UPDATING DATA ID #228',8,1486636827,8,1486636827),(1504,'SUCCESS','smk3_detail','UPDATING DATA ID #230',8,1486636827,8,1486636827),(1505,'SUCCESS','smk3_detail','UPDATING DATA ID #232',8,1486636827,8,1486636827),(1506,'SUCCESS','smk3_detail','UPDATING DATA ID #234',8,1486636827,8,1486636827),(1507,'SUCCESS','smk3_detail','UPDATING DATA ID #236',8,1486636827,8,1486636827),(1508,'SUCCESS','smk3_detail','UPDATING DATA ID #238',8,1486636827,8,1486636827),(1509,'SUCCESS','smk3_detail','UPDATING DATA ID #240',8,1486636827,8,1486636827),(1510,'SUCCESS','smk3_detail','UPDATING DATA ID #242',8,1486636827,8,1486636827),(1511,'SUCCESS','smk3_detail','UPDATING DATA ID #244',8,1486636827,8,1486636827),(1512,'SUCCESS','smk3_detail','UPDATING DATA ID #246',8,1486636827,8,1486636827),(1513,'SUCCESS','smk3_detail','UPDATING DATA ID #248',8,1486636827,8,1486636827),(1514,'SUCCESS','smk3_detail','UPDATING DATA ID #250',8,1486636827,8,1486636827),(1515,'SUCCESS','smk3_detail','UPDATING DATA ID #252',8,1486636827,8,1486636827),(1516,'SUCCESS','smk3_detail','UPDATING DATA ID #254',8,1486636827,8,1486636827),(1517,'SUCCESS','smk3_detail','UPDATING DATA ID #256',8,1486636827,8,1486636827),(1518,'SUCCESS','smk3_detail','UPDATING DATA ID #258',8,1486636827,8,1486636827),(1519,'SUCCESS','smk3_detail','UPDATING DATA ID #260',8,1486636827,8,1486636827),(1520,'SUCCESS','smk3_detail','UPDATING DATA ID #334',8,1486636827,8,1486636827),(1521,'SUCCESS','smk3_title','INSERTING NEW DATA WITH ID #26',8,1486640348,8,1486640348),(1522,'SUCCESS','smk3_subtitle','INSERTING NEW DATA WITH ID #35',8,1486640348,8,1486640348),(1523,'SUCCESS','smk3_criteria','INSERTING NEW DATA WITH ID #63',8,1486640348,8,1486640348),(1524,'SUCCESS','smk3_detail','INSERTING NEW DATA WITH ID #337',8,1486640348,8,1486640348),(1525,'SUCCESS','smk3_detail','INSERTING NEW DATA WITH ID #338',8,1486640348,8,1486640348),(1537,'SUCCESS','smk3_title','INSERTING NEW DATA WITH ID #28',8,1486641950,8,1486641950),(1538,'SUCCESS','smk3_subtitle','INSERTING NEW DATA WITH ID #37',8,1486641950,8,1486641950),(1539,'SUCCESS','smk3_criteria','INSERTING NEW DATA WITH ID #67',8,1486641950,8,1486641950),(1540,'SUCCESS','smk3_detail','INSERTING NEW DATA WITH ID #345',8,1486641950,8,1486641950),(1541,'SUCCESS','smk3_detail','INSERTING NEW DATA WITH ID #346',8,1486641951,8,1486641951),(1542,'SUCCESS','smk3_criteria','INSERTING NEW DATA WITH ID #68',8,1486641951,8,1486641951),(1543,'SUCCESS','smk3_detail','INSERTING NEW DATA WITH ID #347',8,1486641951,8,1486641951),(1544,'SUCCESS','smk3_detail','INSERTING NEW DATA WITH ID #348',8,1486641951,8,1486641951),(1545,'SUCCESS','smk3_criteria','INSERTING NEW DATA WITH ID #69',8,1486641951,8,1486641951),(1546,'SUCCESS','smk3_detail','INSERTING NEW DATA WITH ID #349',8,1486641951,8,1486641951),(1547,'SUCCESS','smk3_detail','INSERTING NEW DATA WITH ID #350',8,1486641951,8,1486641951),(1548,'SUCCESS','smk3_subtitle','INSERTING NEW DATA WITH ID #38',8,1486641951,8,1486641951),(1549,'SUCCESS','smk3_criteria','INSERTING NEW DATA WITH ID #70',8,1486641951,8,1486641951),(1550,'SUCCESS','smk3_detail','INSERTING NEW DATA WITH ID #351',8,1486641951,8,1486641951),(1551,'SUCCESS','smk3_detail','INSERTING NEW DATA WITH ID #352',8,1486641951,8,1486641951),(1552,'SUCCESS','smk3_criteria','INSERTING NEW DATA WITH ID #71',8,1486641951,8,1486641951),(1553,'SUCCESS','smk3_detail','INSERTING NEW DATA WITH ID #353',8,1486641951,8,1486641951),(1554,'SUCCESS','smk3_detail','INSERTING NEW DATA WITH ID #354',8,1486641951,8,1486641951),(1555,'SUCCESS','smk3_criteria','INSERTING NEW DATA WITH ID #72',8,1486641951,8,1486641951),(1556,'SUCCESS','smk3_detail','INSERTING NEW DATA WITH ID #355',8,1486641951,8,1486641951),(1557,'SUCCESS','smk3_detail','INSERTING NEW DATA WITH ID #356',8,1486641951,8,1486641951),(1558,'SUCCESS','smk3','INSERTING NEW DATA WITH ID #7',8,1486653338,8,1486653338),(1559,'SUCCESS','smk3_detail','INSERTING NEW DATA WITH ID #357',8,1486653338,8,1486653338),(1560,'SUCCESS','smk3_detail','INSERTING NEW DATA WITH ID #358',8,1486653338,8,1486653338),(1561,'SUCCESS','smk3_detail','INSERTING NEW DATA WITH ID #359',8,1486653338,8,1486653338),(1562,'SUCCESS','smk3_detail','INSERTING NEW DATA WITH ID #360',8,1486653338,8,1486653338),(1563,'SUCCESS','smk3_detail','INSERTING NEW DATA WITH ID #361',8,1486653338,8,1486653338),(1564,'SUCCESS','smk3_detail','INSERTING NEW DATA WITH ID #362',8,1486653338,8,1486653338),(1565,'SUCCESS','smk3_detail','INSERTING NEW DATA WITH ID #363',8,1486653338,8,1486653338),(1566,'SUCCESS','smk3_detail','INSERTING NEW DATA WITH ID #364',8,1486653338,8,1486653338),(1567,'SUCCESS','smk3_detail','INSERTING NEW DATA WITH ID #365',8,1486653338,8,1486653338),(1568,'SUCCESS','smk3_detail','INSERTING NEW DATA WITH ID #366',8,1486653339,8,1486653339),(1569,'SUCCESS','smk3_detail','INSERTING NEW DATA WITH ID #367',8,1486653339,8,1486653339),(1570,'SUCCESS','smk3_detail','INSERTING NEW DATA WITH ID #368',8,1486653339,8,1486653339),(1571,'SUCCESS','smk3_detail','INSERTING NEW DATA WITH ID #369',8,1486653339,8,1486653339),(1572,'SUCCESS','smk3_detail','INSERTING NEW DATA WITH ID #370',8,1486653339,8,1486653339),(1573,'SUCCESS','smk3_detail','INSERTING NEW DATA WITH ID #371',8,1486653339,8,1486653339),(1574,'SUCCESS','smk3_detail','INSERTING NEW DATA WITH ID #372',8,1486653339,8,1486653339),(1575,'SUCCESS','smk3_detail','INSERTING NEW DATA WITH ID #373',8,1486653339,8,1486653339),(1576,'SUCCESS','smk3_detail','INSERTING NEW DATA WITH ID #374',8,1486653339,8,1486653339),(1577,'SUCCESS','smk3_detail','INSERTING NEW DATA WITH ID #375',8,1486653339,8,1486653339),(1578,'SUCCESS','smk3_detail','INSERTING NEW DATA WITH ID #376',8,1486653339,8,1486653339),(1579,'SUCCESS','smk3_detail','INSERTING NEW DATA WITH ID #377',8,1486653339,8,1486653339),(1580,'SUCCESS','smk3_detail','INSERTING NEW DATA WITH ID #378',8,1486653339,8,1486653339),(1581,'SUCCESS','smk3_detail','INSERTING NEW DATA WITH ID #379',8,1486653339,8,1486653339),(1582,'SUCCESS','smk3_detail','INSERTING NEW DATA WITH ID #380',8,1486653339,8,1486653339),(1583,'SUCCESS','smk3_detail','INSERTING NEW DATA WITH ID #381',8,1486653339,8,1486653339),(1584,'SUCCESS','smk3_detail','INSERTING NEW DATA WITH ID #382',8,1486653339,8,1486653339),(1585,'SUCCESS','smk3_detail','INSERTING NEW DATA WITH ID #383',8,1486653339,8,1486653339),(1586,'SUCCESS','smk3_detail','INSERTING NEW DATA WITH ID #384',8,1486653339,8,1486653339),(1587,'SUCCESS','smk3_detail','INSERTING NEW DATA WITH ID #385',8,1486653339,8,1486653339),(1588,'SUCCESS','smk3_detail','INSERTING NEW DATA WITH ID #386',8,1486653339,8,1486653339),(1589,'SUCCESS','smk3_detail','INSERTING NEW DATA WITH ID #387',8,1486653339,8,1486653339),(1590,'SUCCESS','smk3_detail','INSERTING NEW DATA WITH ID #388',8,1486653339,8,1486653339),(1591,'SUCCESS','smk3_detail','INSERTING NEW DATA WITH ID #389',8,1486653339,8,1486653339),(1592,'SUCCESS','working_plan','INSERTING NEW DATA WITH ID #2',8,1486740207,8,1486740207),(1593,'SUCCESS','environment_permit','INSERTING NEW DATA WITH ID #1',8,1486791057,8,1486791057),(1594,'SUCCESS','environment_permit','DELETING DATA ID #1',8,1486791310,8,1486791310),(1595,'SUCCESS','environment_permit','INSERTING NEW DATA WITH ID #2',8,1486805408,8,1486805408),(1596,'SUCCESS','environment_permit_detail','INSERTING NEW DATA WITH ID #1',8,1486805408,8,1486805408),(1603,'SUCCESS','environment_permit','INSERTING NEW DATA WITH ID #6',8,1486820278,8,1486820278),(1604,'SUCCESS','environment_permit_detail','INSERTING NEW DATA WITH ID #5',8,1486820278,8,1486820278),(1609,'SUCCESS','environment_permit','INSERTING NEW DATA WITH ID #9',8,1486820592,8,1486820592),(1610,'SUCCESS','environment_permit_detail','INSERTING NEW DATA WITH ID #8',8,1486820592,8,1486820592),(1611,'SUCCESS','attachment','INSERTING NEW DATA WITH ID #4',8,1486820592,8,1486820592),(1612,'SUCCESS','attachment_owner','INSERTING NEW DATA WITH ID #10',8,1486820592,8,1486820592),(1613,'SUCCESS','environment_permit','DELETING DATA ID #9',8,1486820857,8,1486820857),(1614,'SUCCESS','environment_permit','DELETING DATA ID #2',8,1486820985,8,1486820985),(1615,'SUCCESS','environment_permit','DELETING DATA ID #6',8,1486820988,8,1486820988),(1616,'SUCCESS','environment_permit','INSERTING NEW DATA WITH ID #10',8,1486821633,8,1486821633),(1617,'SUCCESS','environment_permit_detail','INSERTING NEW DATA WITH ID #9',8,1486821633,8,1486821633),(1618,'SUCCESS','attachment','INSERTING NEW DATA WITH ID #5',8,1486821633,8,1486821633),(1619,'SUCCESS','attachment_owner','INSERTING NEW DATA WITH ID #11',8,1486821633,8,1486821633),(1620,'SUCCESS','environment_permit','INSERTING NEW DATA WITH ID #11',8,1486838453,8,1486838453),(1621,'SUCCESS','environment_permit_detail','INSERTING NEW DATA WITH ID #10',8,1486838453,8,1486838453),(1622,'SUCCESS','attachment','INSERTING NEW DATA WITH ID #6',8,1486838453,8,1486838453),(1623,'SUCCESS','attachment_owner','INSERTING NEW DATA WITH ID #12',8,1486838453,8,1486838453),(1624,'SUCCESS','environment_permit_detail','INSERTING NEW DATA WITH ID #11',8,1486838453,8,1486838453),(1625,'SUCCESS','attachment','INSERTING NEW DATA WITH ID #7',8,1486838453,8,1486838453),(1626,'SUCCESS','attachment_owner','INSERTING NEW DATA WITH ID #13',8,1486838453,8,1486838453),(1627,'SUCCESS','environment_permit_detail','INSERTING NEW DATA WITH ID #12',8,1486838453,8,1486838453),(1628,'SUCCESS','attachment','INSERTING NEW DATA WITH ID #8',8,1486838453,8,1486838453),(1629,'SUCCESS','attachment_owner','INSERTING NEW DATA WITH ID #14',8,1486838453,8,1486838453),(1630,'SUCCESS','working_plan','INSERTING NEW DATA WITH ID #3',8,1486839310,8,1486839310),(1631,'SUCCESS','working_plan_detail','INSERTING NEW DATA WITH ID #7',8,1486839310,8,1486839310),(1632,'SUCCESS','attachment','INSERTING NEW DATA WITH ID #9',8,1486839310,8,1486839310),(1633,'SUCCESS','attachment_owner','INSERTING NEW DATA WITH ID #15',8,1486839310,8,1486839310),(1634,'SUCCESS','environment_permit','UPDATING DATA ID #11',8,1486840140,8,1486840140),(1635,'SUCCESS','environment_permit','UPDATING DATA ID #11',8,1486840150,8,1486840150),(1636,'SUCCESS','environment_permit','UPDATING DATA ID #11',8,1486840181,8,1486840181),(1637,'SUCCESS','environment_permit_detail','UPDATING DATA ID #10',8,1486840181,8,1486840181),(1638,'SUCCESS','log_dirty','INSERTING NEW DATA WITH ID #66',8,1486840181,8,1486840181),(1639,'SUCCESS','environment_permit_detail','UPDATING DATA ID #11',8,1486840181,8,1486840181),(1640,'SUCCESS','environment_permit_detail','UPDATING DATA ID #12',8,1486840181,8,1486840181),(1641,'SUCCESS','environment_permit','UPDATING DATA ID #11',8,1486840589,8,1486840589),(1642,'SUCCESS','environment_permit_detail','UPDATING DATA ID #10',8,1486840589,8,1486840589),(1643,'SUCCESS','environment_permit_detail','UPDATING DATA ID #11',8,1486840589,8,1486840589),(1644,'SUCCESS','environment_permit_detail','UPDATING DATA ID #12',8,1486840589,8,1486840589),(1645,'SUCCESS','environment_permit_detail','INSERTING NEW DATA WITH ID #13',8,1486840589,8,1486840589),(1646,'SUCCESS','attachment','INSERTING NEW DATA WITH ID #10',8,1486840589,8,1486840589),(1647,'SUCCESS','attachment_owner','INSERTING NEW DATA WITH ID #16',8,1486840590,8,1486840590),(1648,'SUCCESS','environment_permit_detail','INSERTING NEW DATA WITH ID #14',8,1486840590,8,1486840590),(1649,'SUCCESS','attachment','INSERTING NEW DATA WITH ID #11',8,1486840590,8,1486840590),(1650,'SUCCESS','attachment_owner','INSERTING NEW DATA WITH ID #17',8,1486840590,8,1486840590),(1651,'SUCCESS','attachment','DELETING DATA ID #11',8,1486841229,8,1486841229),(1652,'SUCCESS','attachment','DELETING DATA ID #10',8,1486841242,8,1486841242),(1653,'SUCCESS','attachment','DELETING DATA ID #8',8,1486841246,8,1486841246),(1654,'SUCCESS','environment_permit','UPDATING DATA ID #11',8,1486841254,8,1486841254),(1655,'SUCCESS','environment_permit_detail','UPDATING DATA ID #10',8,1486841254,8,1486841254),(1656,'SUCCESS','environment_permit_detail','UPDATING DATA ID #11',8,1486841254,8,1486841254),(1657,'SUCCESS','environment_permit_detail','UPDATING DATA ID #12',8,1486841254,8,1486841254),(1658,'SUCCESS','environment_permit_detail','UPDATING DATA ID #13',8,1486841254,8,1486841254),(1659,'SUCCESS','environment_permit_detail','UPDATING DATA ID #14',8,1486841254,8,1486841254),(1660,'SUCCESS','environment_permit_detail','DELETING DATA ID #9',8,1486887186,8,1486887186),(1661,'SUCCESS','environment_permit_detail','DELETING DATA ID #10',8,1486887230,8,1486887230),(1662,'SUCCESS','environment_permit','DELETING DATA ID #10',8,1486908977,8,1486908977),(1663,'SUCCESS','environment_permit','DELETING DATA ID #11',8,1486908994,8,1486908994),(1664,'SUCCESS','environment_permit','INSERTING NEW DATA WITH ID #12',8,1486909069,8,1486909069),(1665,'SUCCESS','environment_permit_detail','INSERTING NEW DATA WITH ID #15',8,1486909069,8,1486909069),(1666,'SUCCESS','attachment','INSERTING NEW DATA WITH ID #10',8,1486909069,8,1486909069),(1667,'SUCCESS','attachment_owner','INSERTING NEW DATA WITH ID #16',8,1486909069,8,1486909069),(1668,'SUCCESS','environment_permit_detail','INSERTING NEW DATA WITH ID #16',8,1486909069,8,1486909069),(1669,'SUCCESS','attachment','INSERTING NEW DATA WITH ID #11',8,1486909069,8,1486909069),(1670,'SUCCESS','attachment_owner','INSERTING NEW DATA WITH ID #17',8,1486909070,8,1486909070),(1671,'SUCCESS','environment_permit_detail','INSERTING NEW DATA WITH ID #17',8,1486909070,8,1486909070),(1672,'SUCCESS','attachment','INSERTING NEW DATA WITH ID #12',8,1486909070,8,1486909070),(1673,'SUCCESS','attachment_owner','INSERTING NEW DATA WITH ID #18',8,1486909070,8,1486909070),(1674,'SUCCESS','attachment_owner','DELETING DATA ID #16',8,1486909114,8,1486909114),(1675,'SUCCESS','environment_permit_detail','DELETING DATA ID #15',8,1486909114,8,1486909114),(1676,'SUCCESS','attachment_owner','DELETING DATA ID #17',8,1486909416,8,1486909416),(1677,'SUCCESS','attachment_owner','DELETING DATA ID #18',8,1486909416,8,1486909416),(1678,'SUCCESS','environment_permit','DELETING DATA ID #12',8,1486909417,8,1486909417),(1679,'SUCCESS','environment_permit','INSERTING NEW DATA WITH ID #1',8,1487061100,8,1487061100),(1680,'SUCCESS','environment_permit_detail','INSERTING NEW DATA WITH ID #1',8,1487061100,8,1487061100),(1681,'SUCCESS','attachment','INSERTING NEW DATA WITH ID #13',8,1487061100,8,1487061100),(1682,'SUCCESS','attachment_owner','INSERTING NEW DATA WITH ID #16',8,1487061100,8,1487061100),(1683,'SUCCESS','environment_permit','UPDATING DATA ID #1',8,1487061634,8,1487061634),(1684,'SUCCESS','environment_permit_detail','UPDATING DATA ID #1',8,1487061634,8,1487061634),(1685,'SUCCESS','log_dirty','INSERTING NEW DATA WITH ID #67',8,1487061634,8,1487061634),(1686,'SUCCESS','environment_permit','INSERTING NEW DATA WITH ID #2',8,1487061974,8,1487061974),(1687,'SUCCESS','environment_permit_detail','INSERTING NEW DATA WITH ID #2',8,1487061975,8,1487061975),(1688,'SUCCESS','attachment','INSERTING NEW DATA WITH ID #14',8,1487061975,8,1487061975),(1689,'SUCCESS','attachment_owner','INSERTING NEW DATA WITH ID #17',8,1487061975,8,1487061975),(1690,'SUCCESS','environment_permit_detail','INSERTING NEW DATA WITH ID #3',8,1487061975,8,1487061975),(1691,'SUCCESS','attachment','INSERTING NEW DATA WITH ID #15',8,1487061975,8,1487061975),(1692,'SUCCESS','attachment_owner','INSERTING NEW DATA WITH ID #18',8,1487061975,8,1487061975),(1693,'SUCCESS','environment_permit_detail','INSERTING NEW DATA WITH ID #4',8,1487061975,8,1487061975),(1694,'SUCCESS','attachment','INSERTING NEW DATA WITH ID #16',8,1487061975,8,1487061975),(1695,'SUCCESS','attachment_owner','INSERTING NEW DATA WITH ID #19',8,1487061975,8,1487061975),(1696,'SUCCESS','attachment_owner','DELETING DATA ID #19',8,1487062536,8,1487062536),(1697,'SUCCESS','environment_permit_detail','DELETING DATA ID #4',8,1487062536,8,1487062536),(1698,'SUCCESS','attachment','DELETING DATA ID #14',8,1487062999,8,1487062999),(1699,'SUCCESS','environment_permit_detail','DELETING DATA ID #2',8,1487062999,8,1487062999),(1700,'SUCCESS','ppu','INSERTING NEW DATA WITH ID #1',8,1487327123,8,1487327123),(1701,'SUCCESS','ppu','INSERTING NEW DATA WITH ID #2',8,1487327211,8,1487327211),(1702,'SUCCESS','ppu','INSERTING NEW DATA WITH ID #3',8,1487327355,8,1487327355),(1703,'SUCCESS','ppa','INSERTING NEW DATA WITH ID #3',8,1487327431,8,1487327431),(1704,'SUCCESS','ppa','INSERTING NEW DATA WITH ID #4',8,1487327628,8,1487327628),(1705,'SUCCESS','codeset','INSERTING NEW DATA WITH ID #15',8,1487361039,8,1487361039),(1706,'SUCCESS','codeset','INSERTING NEW DATA WITH ID #16',8,1487361113,8,1487361113),(1707,'SUCCESS','codeset','INSERTING NEW DATA WITH ID #17',8,1487361144,8,1487361144),(1708,'SUCCESS','codeset','INSERTING NEW DATA WITH ID #18',8,1487416823,8,1487416823),(1709,'SUCCESS','codeset','INSERTING NEW DATA WITH ID #19',8,1487416843,8,1487416843),(1710,'SUCCESS','codeset','INSERTING NEW DATA WITH ID #20',8,1487417000,8,1487417000),(1711,'SUCCESS','codeset','INSERTING NEW DATA WITH ID #21',8,1487417127,8,1487417127),(1712,'SUCCESS','codeset','INSERTING NEW DATA WITH ID #22',8,1487417150,8,1487417150),(1713,'SUCCESS','ppu_emission_source','INSERTING NEW DATA WITH ID #1',8,1487418963,8,1487418963),(1714,'SUCCESS','ppu_emission_source','UPDATING DATA ID #1',8,1487419278,8,1487419278),(1715,'SUCCESS','log_dirty','INSERTING NEW DATA WITH ID #68',8,1487419278,8,1487419278),(1716,'SUCCESS','ppu_emission_source','UPDATING DATA ID #1',8,1487430511,8,1487430511),(1717,'SUCCESS','log_dirty','INSERTING NEW DATA WITH ID #69',8,1487430511,8,1487430511),(1718,'SUCCESS','ppu_emission_source','UPDATING DATA ID #1',8,1487434850,8,1487434850),(1719,'SUCCESS','ppu_emission_source','UPDATING DATA ID #1',8,1487435060,8,1487435060),(1720,'SUCCESS','ppu_emission_source','UPDATING DATA ID #1',8,1487435113,8,1487435113),(1721,'SUCCESS','environment_permit','INSERTING NEW DATA WITH ID #3',8,1487435241,8,1487435241),(1722,'SUCCESS','environment_permit_detail','INSERTING NEW DATA WITH ID #4',8,1487435241,8,1487435241),(1723,'SUCCESS','attachment','INSERTING NEW DATA WITH ID #17',8,1487435241,8,1487435241),(1724,'SUCCESS','attachment_owner','INSERTING NEW DATA WITH ID #19',8,1487435241,8,1487435241),(1725,'SUCCESS','environment_permit','INSERTING NEW DATA WITH ID #4',8,1487435277,8,1487435277),(1726,'SUCCESS','environment_permit_detail','INSERTING NEW DATA WITH ID #5',8,1487435277,8,1487435277),(1727,'SUCCESS','attachment','INSERTING NEW DATA WITH ID #18',8,1487435277,8,1487435277),(1728,'SUCCESS','attachment_owner','INSERTING NEW DATA WITH ID #20',8,1487435277,8,1487435277),(1729,'SUCCESS','ppu_emission_source','UPDATING DATA ID #1',8,1487435526,8,1487435526),(1733,'SUCCESS','ppu_emission_source','UPDATING DATA ID #1',8,1487435691,8,1487435691),(1734,'SUCCESS','attachment','INSERTING NEW DATA WITH ID #19',8,1487435691,8,1487435691),(1735,'SUCCESS','attachment_owner','INSERTING NEW DATA WITH ID #21',8,1487435691,8,1487435691),(1737,'SUCCESS','ppu_compulsory_monitored_emission_source','INSERTING NEW DATA WITH ID #2',8,1487522284,8,1487522284),(1738,'SUCCESS','ppucmes_month','INSERTING NEW DATA WITH ID #1',8,1487522284,8,1487522284),(1739,'SUCCESS','ppucmes_month','INSERTING NEW DATA WITH ID #2',8,1487522284,8,1487522284),(1740,'SUCCESS','ppucmes_month','INSERTING NEW DATA WITH ID #3',8,1487522284,8,1487522284),(1741,'SUCCESS','ppucmes_month','INSERTING NEW DATA WITH ID #4',8,1487522284,8,1487522284),(1742,'SUCCESS','ppucmes_month','INSERTING NEW DATA WITH ID #5',8,1487522284,8,1487522284),(1743,'SUCCESS','ppucmes_month','INSERTING NEW DATA WITH ID #6',8,1487522284,8,1487522284),(1744,'SUCCESS','ppucmes_month','INSERTING NEW DATA WITH ID #7',8,1487522284,8,1487522284),(1745,'SUCCESS','ppucmes_month','INSERTING NEW DATA WITH ID #8',8,1487522284,8,1487522284),(1746,'SUCCESS','ppucmes_month','INSERTING NEW DATA WITH ID #9',8,1487522284,8,1487522284),(1747,'SUCCESS','ppucmes_month','INSERTING NEW DATA WITH ID #10',8,1487522284,8,1487522284),(1748,'SUCCESS','ppucmes_month','INSERTING NEW DATA WITH ID #11',8,1487522284,8,1487522284),(1749,'SUCCESS','ppucmes_month','INSERTING NEW DATA WITH ID #12',8,1487522284,8,1487522284),(1750,'SUCCESS','ppu_compulsory_monitored_emission_source','UPDATING DATA ID #2',8,1487560552,8,1487560552),(1751,'SUCCESS','ppu_compulsory_monitored_emission_source','UPDATING DATA ID #2',8,1487560583,8,1487560583),(1752,'SUCCESS','ppucmes_month','UPDATING DATA ID #1',8,1487560583,8,1487560583),(1753,'SUCCESS','log_dirty','INSERTING NEW DATA WITH ID #70',8,1487560583,8,1487560583),(1754,'SUCCESS','ppucmes_month','UPDATING DATA ID #2',8,1487560583,8,1487560583),(1755,'SUCCESS','ppucmes_month','UPDATING DATA ID #3',8,1487560583,8,1487560583),(1756,'SUCCESS','ppucmes_month','UPDATING DATA ID #4',8,1487560583,8,1487560583),(1757,'SUCCESS','ppucmes_month','UPDATING DATA ID #5',8,1487560583,8,1487560583),(1758,'SUCCESS','ppucmes_month','UPDATING DATA ID #6',8,1487560583,8,1487560583),(1759,'SUCCESS','ppucmes_month','UPDATING DATA ID #7',8,1487560583,8,1487560583),(1760,'SUCCESS','ppucmes_month','UPDATING DATA ID #8',8,1487560583,8,1487560583),(1761,'SUCCESS','ppucmes_month','UPDATING DATA ID #9',8,1487560583,8,1487560583),(1762,'SUCCESS','ppucmes_month','UPDATING DATA ID #10',8,1487560583,8,1487560583),(1763,'SUCCESS','ppucmes_month','UPDATING DATA ID #11',8,1487560583,8,1487560583),(1764,'SUCCESS','ppucmes_month','UPDATING DATA ID #12',8,1487560583,8,1487560583),(1765,'SUCCESS','ppu_compulsory_monitored_emission_source','UPDATING DATA ID #2',8,1487586573,8,1487586573),(1766,'SUCCESS','log_dirty','INSERTING NEW DATA WITH ID #71',8,1487586573,8,1487586573),(1767,'SUCCESS','log_dirty','INSERTING NEW DATA WITH ID #72',8,1487586573,8,1487586573),(1768,'SUCCESS','log_dirty','INSERTING NEW DATA WITH ID #73',8,1487586573,8,1487586573),(1769,'SUCCESS','ppucmes_month','UPDATING DATA ID #1',8,1487586573,8,1487586573),(1770,'SUCCESS','log_dirty','INSERTING NEW DATA WITH ID #74',8,1487586573,8,1487586573),(1771,'SUCCESS','ppucmes_month','UPDATING DATA ID #2',8,1487586573,8,1487586573),(1772,'SUCCESS','log_dirty','INSERTING NEW DATA WITH ID #75',8,1487586573,8,1487586573),(1773,'SUCCESS','ppucmes_month','UPDATING DATA ID #3',8,1487586573,8,1487586573),(1774,'SUCCESS','log_dirty','INSERTING NEW DATA WITH ID #76',8,1487586573,8,1487586573),(1775,'SUCCESS','ppucmes_month','UPDATING DATA ID #4',8,1487586573,8,1487586573),(1776,'SUCCESS','log_dirty','INSERTING NEW DATA WITH ID #77',8,1487586573,8,1487586573),(1777,'SUCCESS','ppucmes_month','UPDATING DATA ID #5',8,1487586573,8,1487586573),(1778,'SUCCESS','log_dirty','INSERTING NEW DATA WITH ID #78',8,1487586573,8,1487586573),(1779,'SUCCESS','ppucmes_month','UPDATING DATA ID #6',8,1487586573,8,1487586573),(1780,'SUCCESS','log_dirty','INSERTING NEW DATA WITH ID #79',8,1487586573,8,1487586573),(1781,'SUCCESS','ppucmes_month','UPDATING DATA ID #7',8,1487586573,8,1487586573),(1782,'SUCCESS','log_dirty','INSERTING NEW DATA WITH ID #80',8,1487586573,8,1487586573),(1783,'SUCCESS','ppucmes_month','UPDATING DATA ID #8',8,1487586573,8,1487586573),(1784,'SUCCESS','log_dirty','INSERTING NEW DATA WITH ID #81',8,1487586573,8,1487586573),(1785,'SUCCESS','ppucmes_month','UPDATING DATA ID #9',8,1487586573,8,1487586573),(1786,'SUCCESS','log_dirty','INSERTING NEW DATA WITH ID #82',8,1487586573,8,1487586573),(1787,'SUCCESS','ppucmes_month','UPDATING DATA ID #10',8,1487586573,8,1487586573),(1788,'SUCCESS','log_dirty','INSERTING NEW DATA WITH ID #83',8,1487586573,8,1487586573),(1789,'SUCCESS','ppucmes_month','UPDATING DATA ID #11',8,1487586573,8,1487586573),(1790,'SUCCESS','log_dirty','INSERTING NEW DATA WITH ID #84',8,1487586573,8,1487586573),(1791,'SUCCESS','ppucmes_month','UPDATING DATA ID #12',8,1487586573,8,1487586573),(1792,'SUCCESS','log_dirty','INSERTING NEW DATA WITH ID #85',8,1487586573,8,1487586573),(1793,'SUCCESS','ppu_compulsory_monitored_emission_source','UPDATING DATA ID #2',8,1487586760,8,1487586760),(1794,'SUCCESS','ppucmes_month','UPDATING DATA ID #1',8,1487586760,8,1487586760),(1795,'SUCCESS','ppucmes_month','UPDATING DATA ID #2',8,1487586760,8,1487586760),(1796,'SUCCESS','ppucmes_month','UPDATING DATA ID #3',8,1487586760,8,1487586760),(1797,'SUCCESS','ppucmes_month','UPDATING DATA ID #4',8,1487586760,8,1487586760),(1798,'SUCCESS','ppucmes_month','UPDATING DATA ID #5',8,1487586760,8,1487586760),(1799,'SUCCESS','ppucmes_month','UPDATING DATA ID #6',8,1487586760,8,1487586760),(1800,'SUCCESS','ppucmes_month','UPDATING DATA ID #7',8,1487586760,8,1487586760),(1801,'SUCCESS','ppucmes_month','UPDATING DATA ID #8',8,1487586760,8,1487586760),(1802,'SUCCESS','ppucmes_month','UPDATING DATA ID #9',8,1487586760,8,1487586760),(1803,'SUCCESS','ppucmes_month','UPDATING DATA ID #10',8,1487586760,8,1487586760),(1804,'SUCCESS','ppucmes_month','UPDATING DATA ID #11',8,1487586760,8,1487586760),(1805,'SUCCESS','ppucmes_month','UPDATING DATA ID #12',8,1487586760,8,1487586760),(1806,'SUCCESS','codeset','INSERTING NEW DATA WITH ID #23',8,1487669901,8,1487669901),(1807,'SUCCESS','codeset','INSERTING NEW DATA WITH ID #24',8,1487669918,8,1487669918),(1808,'SUCCESS','codeset','INSERTING NEW DATA WITH ID #25',8,1487669954,8,1487669954),(1809,'SUCCESS','codeset','INSERTING NEW DATA WITH ID #26',8,1487669998,8,1487669998),(1810,'SUCCESS','codeset','INSERTING NEW DATA WITH ID #27',8,1487670022,8,1487670022),(1811,'SUCCESS','ppu_parameter_obligation','INSERTING NEW DATA WITH ID #1',8,1487670482,8,1487670482),(1812,'SUCCESS','ppupo_month','INSERTING NEW DATA WITH ID #1',8,1487670482,8,1487670482),(1813,'SUCCESS','ppupo_month','INSERTING NEW DATA WITH ID #2',8,1487670482,8,1487670482),(1814,'SUCCESS','ppupo_month','INSERTING NEW DATA WITH ID #3',8,1487670482,8,1487670482),(1815,'SUCCESS','ppupo_month','INSERTING NEW DATA WITH ID #4',8,1487670482,8,1487670482),(1816,'SUCCESS','ppupo_month','INSERTING NEW DATA WITH ID #5',8,1487670482,8,1487670482),(1817,'SUCCESS','ppupo_month','INSERTING NEW DATA WITH ID #6',8,1487670482,8,1487670482),(1818,'SUCCESS','ppupo_month','INSERTING NEW DATA WITH ID #7',8,1487670482,8,1487670482),(1819,'SUCCESS','ppupo_month','INSERTING NEW DATA WITH ID #8',8,1487670482,8,1487670482),(1820,'SUCCESS','ppupo_month','INSERTING NEW DATA WITH ID #9',8,1487670482,8,1487670482),(1821,'SUCCESS','ppupo_month','INSERTING NEW DATA WITH ID #10',8,1487670482,8,1487670482),(1822,'SUCCESS','ppupo_month','INSERTING NEW DATA WITH ID #11',8,1487670482,8,1487670482),(1823,'SUCCESS','ppupo_month','INSERTING NEW DATA WITH ID #12',8,1487670482,8,1487670482),(1824,'SUCCESS','codeset','UPDATING DATA ID #15',8,1487676284,8,1487676284),(1825,'SUCCESS','codeset','UPDATING DATA ID #17',8,1487676294,8,1487676294),(1826,'SUCCESS','codeset','UPDATING DATA ID #16',8,1487676301,8,1487676301),(1827,'SUCCESS','codeset','UPDATING DATA ID #20',8,1487676312,8,1487676312),(1828,'SUCCESS','codeset','UPDATING DATA ID #18',8,1487676322,8,1487676322),(1829,'SUCCESS','codeset','UPDATING DATA ID #19',8,1487676327,8,1487676327),(1830,'SUCCESS','codeset','UPDATING DATA ID #21',8,1487676341,8,1487676341),(1831,'SUCCESS','codeset','UPDATING DATA ID #22',8,1487676352,8,1487676352),(1832,'SUCCESS','codeset','INSERTING NEW DATA WITH ID #28',8,1487677803,8,1487677803),(1833,'SUCCESS','ppu_compulsory_monitored_emission_source','UPDATING DATA ID #2',8,1487677825,8,1487677825),(1834,'SUCCESS','log_dirty','INSERTING NEW DATA WITH ID #86',8,1487677825,8,1487677825),(1835,'SUCCESS','ppucmes_month','UPDATING DATA ID #1',8,1487677825,8,1487677825),(1836,'SUCCESS','ppucmes_month','UPDATING DATA ID #2',8,1487677825,8,1487677825),(1837,'SUCCESS','ppucmes_month','UPDATING DATA ID #3',8,1487677825,8,1487677825),(1838,'SUCCESS','ppucmes_month','UPDATING DATA ID #4',8,1487677825,8,1487677825),(1839,'SUCCESS','ppucmes_month','UPDATING DATA ID #5',8,1487677825,8,1487677825),(1840,'SUCCESS','ppucmes_month','UPDATING DATA ID #6',8,1487677825,8,1487677825),(1841,'SUCCESS','ppucmes_month','UPDATING DATA ID #7',8,1487677825,8,1487677825),(1842,'SUCCESS','ppucmes_month','UPDATING DATA ID #8',8,1487677825,8,1487677825),(1843,'SUCCESS','ppucmes_month','UPDATING DATA ID #9',8,1487677825,8,1487677825),(1844,'SUCCESS','ppucmes_month','UPDATING DATA ID #10',8,1487677825,8,1487677825),(1845,'SUCCESS','ppucmes_month','UPDATING DATA ID #11',8,1487677825,8,1487677825),(1846,'SUCCESS','ppucmes_month','UPDATING DATA ID #12',8,1487677825,8,1487677825),(1847,'SUCCESS','ppu_emission_load_grk','INSERTING NEW DATA WITH ID #1',8,1487745785,8,1487745785),(1848,'SUCCESS','ppu_emission_load_grk_calc','INSERTING NEW DATA WITH ID #1',8,1487745785,8,1487745785),(1849,'SUCCESS','ppu_emission_load_grk_calc','INSERTING NEW DATA WITH ID #2',8,1487745785,8,1487745785),(1850,'SUCCESS','ppu_emission_load_grk','UPDATING DATA ID #1',8,1487746141,8,1487746141),(1851,'SUCCESS','ppu_emission_load_grk','UPDATING DATA ID #1',8,1487746178,8,1487746178),(1852,'SUCCESS','ppu_emission_load_grk_calc','INSERTING NEW DATA WITH ID #3',8,1487746178,8,1487746178),(1853,'SUCCESS','ppu_emission_load_grk_calc','INSERTING NEW DATA WITH ID #4',8,1487746178,8,1487746178),(1854,'SUCCESS','ppu_parameter_obligation','UPDATING DATA ID #1',8,1487746257,8,1487746257),(1855,'SUCCESS','log_dirty','INSERTING NEW DATA WITH ID #87',8,1487746257,8,1487746257),(1856,'SUCCESS','ppu_parameter_obligation','UPDATING DATA ID #1',8,1487746279,8,1487746279),(1857,'SUCCESS','log_dirty','INSERTING NEW DATA WITH ID #88',8,1487746279,8,1487746279),(1858,'SUCCESS','ppu_emission_load_grk','UPDATING DATA ID #1',8,1487746462,8,1487746462),(1859,'SUCCESS','ppu_emission_load_grk_calc','UPDATING DATA ID #1',8,1487746462,8,1487746462),(1860,'SUCCESS','log_dirty','INSERTING NEW DATA WITH ID #89',8,1487746462,8,1487746462),(1861,'SUCCESS','ppu_emission_load_grk_calc','UPDATING DATA ID #2',8,1487746462,8,1487746462),(1862,'SUCCESS','ppu_emission_load_grk','UPDATING DATA ID #1',8,1487746612,8,1487746612),(1863,'SUCCESS','log_dirty','INSERTING NEW DATA WITH ID #90',8,1487746612,8,1487746612),(1864,'SUCCESS','ppu_emission_load_grk_calc','UPDATING DATA ID #1',8,1487746612,8,1487746612),(1865,'SUCCESS','ppu_emission_load_grk_calc','UPDATING DATA ID #2',8,1487746612,8,1487746612),(1866,'SUCCESS','ppu_emission_load_grk','UPDATING DATA ID #1',8,1487748744,8,1487748744),(1867,'SUCCESS','ppu_emission_load_grk_calc','UPDATING DATA ID #1',8,1487748744,8,1487748744),(1868,'SUCCESS','log_dirty','INSERTING NEW DATA WITH ID #91',8,1487748744,8,1487748744),(1869,'SUCCESS','ppu_emission_load_grk_calc','UPDATING DATA ID #2',8,1487748744,8,1487748744),(1870,'SUCCESS','ppu_emission_load_grk','UPDATING DATA ID #1',8,1487748758,8,1487748758),(1871,'SUCCESS','log_dirty','INSERTING NEW DATA WITH ID #92',8,1487748758,8,1487748758),(1872,'SUCCESS','ppu_emission_load_grk_calc','UPDATING DATA ID #1',8,1487748758,8,1487748758),(1873,'SUCCESS','ppu_emission_load_grk_calc','UPDATING DATA ID #2',8,1487748758,8,1487748758),(1874,'SUCCESS','codeset','INSERTING NEW DATA WITH ID #29',8,1487775071,8,1487775071),(1875,'SUCCESS','ppu_parameter_obligation','INSERTING NEW DATA WITH ID #2',8,1487775167,8,1487775167),(1876,'SUCCESS','ppupo_month','INSERTING NEW DATA WITH ID #13',8,1487775167,8,1487775167),(1877,'SUCCESS','ppupo_month','INSERTING NEW DATA WITH ID #14',8,1487775167,8,1487775167),(1878,'SUCCESS','ppupo_month','INSERTING NEW DATA WITH ID #15',8,1487775167,8,1487775167),(1879,'SUCCESS','ppupo_month','INSERTING NEW DATA WITH ID #16',8,1487775168,8,1487775168),(1880,'SUCCESS','ppupo_month','INSERTING NEW DATA WITH ID #17',8,1487775168,8,1487775168),(1881,'SUCCESS','ppupo_month','INSERTING NEW DATA WITH ID #18',8,1487775168,8,1487775168),(1882,'SUCCESS','ppupo_month','INSERTING NEW DATA WITH ID #19',8,1487775168,8,1487775168),(1883,'SUCCESS','ppupo_month','INSERTING NEW DATA WITH ID #20',8,1487775168,8,1487775168),(1884,'SUCCESS','ppupo_month','INSERTING NEW DATA WITH ID #21',8,1487775168,8,1487775168),(1885,'SUCCESS','ppupo_month','INSERTING NEW DATA WITH ID #22',8,1487775168,8,1487775168),(1886,'SUCCESS','ppupo_month','INSERTING NEW DATA WITH ID #23',8,1487775168,8,1487775168),(1887,'SUCCESS','ppupo_month','INSERTING NEW DATA WITH ID #24',8,1487775168,8,1487775168),(1888,'SUCCESS','ppu_parameter_obligation','UPDATING DATA ID #1',8,1487776557,8,1487776557),(1889,'SUCCESS','ppu_parameter_obligation','UPDATING DATA ID #1',8,1487790514,8,1487790514),(1890,'SUCCESS','ppu_parameter_obligation','UPDATING DATA ID #1',8,1487790596,8,1487790596),(1891,'SUCCESS','ppu_parameter_obligation','UPDATING DATA ID #1',8,1487790691,8,1487790691),(1892,'SUCCESS','ppu_parameter_obligation','UPDATING DATA ID #1',8,1487790794,8,1487790794),(1893,'SUCCESS','ppu_parameter_obligation','UPDATING DATA ID #1',8,1487791027,8,1487791027),(1894,'SUCCESS','ppu_parameter_obligation','UPDATING DATA ID #1',8,1487791045,8,1487791045),(1895,'SUCCESS','log_dirty','INSERTING NEW DATA WITH ID #93',8,1487791045,8,1487791045),(1896,'SUCCESS','ppu_parameter_obligation','UPDATING DATA ID #1',8,1487791094,8,1487791094),(1897,'SUCCESS','ppu_parameter_obligation','UPDATING DATA ID #1',8,1487791138,8,1487791138),(1898,'SUCCESS','ppupo_month','UPDATING DATA ID #1',8,1487791138,8,1487791138),(1899,'SUCCESS','log_dirty','INSERTING NEW DATA WITH ID #94',8,1487791138,8,1487791138),(1900,'SUCCESS','ppupo_month','UPDATING DATA ID #2',8,1487791138,8,1487791138),(1901,'SUCCESS','ppupo_month','UPDATING DATA ID #3',8,1487791138,8,1487791138),(1902,'SUCCESS','ppupo_month','UPDATING DATA ID #4',8,1487791138,8,1487791138),(1903,'SUCCESS','ppupo_month','UPDATING DATA ID #5',8,1487791138,8,1487791138),(1904,'SUCCESS','ppupo_month','UPDATING DATA ID #6',8,1487791138,8,1487791138),(1905,'SUCCESS','ppupo_month','UPDATING DATA ID #7',8,1487791138,8,1487791138),(1906,'SUCCESS','ppupo_month','UPDATING DATA ID #8',8,1487791138,8,1487791138),(1907,'SUCCESS','ppupo_month','UPDATING DATA ID #9',8,1487791138,8,1487791138),(1908,'SUCCESS','ppupo_month','UPDATING DATA ID #10',8,1487791138,8,1487791138),(1909,'SUCCESS','ppupo_month','UPDATING DATA ID #11',8,1487791138,8,1487791138),(1910,'SUCCESS','ppupo_month','UPDATING DATA ID #12',8,1487791138,8,1487791138),(1911,'SUCCESS','ppu_parameter_obligation','UPDATING DATA ID #2',8,1487791173,8,1487791173),(1912,'SUCCESS','ppupo_month','UPDATING DATA ID #13',8,1487791173,8,1487791173),(1913,'SUCCESS','ppupo_month','UPDATING DATA ID #14',8,1487791173,8,1487791173),(1914,'SUCCESS','log_dirty','INSERTING NEW DATA WITH ID #95',8,1487791173,8,1487791173),(1915,'SUCCESS','ppupo_month','UPDATING DATA ID #15',8,1487791173,8,1487791173),(1916,'SUCCESS','ppupo_month','UPDATING DATA ID #16',8,1487791173,8,1487791173),(1917,'SUCCESS','ppupo_month','UPDATING DATA ID #17',8,1487791173,8,1487791173),(1918,'SUCCESS','ppupo_month','UPDATING DATA ID #18',8,1487791173,8,1487791173),(1919,'SUCCESS','ppupo_month','UPDATING DATA ID #19',8,1487791173,8,1487791173),(1920,'SUCCESS','ppupo_month','UPDATING DATA ID #20',8,1487791173,8,1487791173),(1921,'SUCCESS','ppupo_month','UPDATING DATA ID #21',8,1487791173,8,1487791173),(1922,'SUCCESS','ppupo_month','UPDATING DATA ID #22',8,1487791173,8,1487791173),(1923,'SUCCESS','ppupo_month','UPDATING DATA ID #23',8,1487791173,8,1487791173),(1924,'SUCCESS','ppupo_month','UPDATING DATA ID #24',8,1487791173,8,1487791173),(1925,'SUCCESS','ppu_compulsory_monitored_emission_source','UPDATING DATA ID #2',8,1487791238,8,1487791238),(1926,'SUCCESS','log_dirty','INSERTING NEW DATA WITH ID #96',8,1487791238,8,1487791238),(1927,'SUCCESS','ppucmes_month','UPDATING DATA ID #1',8,1487791238,8,1487791238),(1928,'SUCCESS','ppucmes_month','UPDATING DATA ID #2',8,1487791238,8,1487791238),(1929,'SUCCESS','ppucmes_month','UPDATING DATA ID #3',8,1487791238,8,1487791238),(1930,'SUCCESS','ppucmes_month','UPDATING DATA ID #4',8,1487791238,8,1487791238),(1931,'SUCCESS','ppucmes_month','UPDATING DATA ID #5',8,1487791238,8,1487791238),(1932,'SUCCESS','ppucmes_month','UPDATING DATA ID #6',8,1487791238,8,1487791238),(1933,'SUCCESS','ppucmes_month','UPDATING DATA ID #7',8,1487791238,8,1487791238),(1934,'SUCCESS','ppucmes_month','UPDATING DATA ID #8',8,1487791238,8,1487791238),(1935,'SUCCESS','ppucmes_month','UPDATING DATA ID #9',8,1487791238,8,1487791238),(1936,'SUCCESS','ppucmes_month','UPDATING DATA ID #10',8,1487791238,8,1487791238),(1937,'SUCCESS','ppucmes_month','UPDATING DATA ID #11',8,1487791238,8,1487791238),(1938,'SUCCESS','ppucmes_month','UPDATING DATA ID #12',8,1487791238,8,1487791238),(1939,'SUCCESS','ppu_emission_source','INSERTING NEW DATA WITH ID #2',8,1487791777,8,1487791777),(1940,'SUCCESS','ppu_emission_source','UPDATING DATA ID #2',8,1487791794,8,1487791794),(1941,'SUCCESS','log_dirty','INSERTING NEW DATA WITH ID #97',8,1487791794,8,1487791794),(1942,'SUCCESS','ppu_compulsory_monitored_emission_source','INSERTING NEW DATA WITH ID #3',8,1487791855,8,1487791855),(1943,'SUCCESS','ppucmes_month','INSERTING NEW DATA WITH ID #13',8,1487791855,8,1487791855),(1944,'SUCCESS','ppucmes_month','INSERTING NEW DATA WITH ID #14',8,1487791855,8,1487791855),(1945,'SUCCESS','ppucmes_month','INSERTING NEW DATA WITH ID #15',8,1487791855,8,1487791855),(1946,'SUCCESS','ppucmes_month','INSERTING NEW DATA WITH ID #16',8,1487791855,8,1487791855),(1947,'SUCCESS','ppucmes_month','INSERTING NEW DATA WITH ID #17',8,1487791855,8,1487791855),(1948,'SUCCESS','ppucmes_month','INSERTING NEW DATA WITH ID #18',8,1487791855,8,1487791855),(1949,'SUCCESS','ppucmes_month','INSERTING NEW DATA WITH ID #19',8,1487791855,8,1487791855),(1950,'SUCCESS','ppucmes_month','INSERTING NEW DATA WITH ID #20',8,1487791855,8,1487791855),(1951,'SUCCESS','ppucmes_month','INSERTING NEW DATA WITH ID #21',8,1487791855,8,1487791855),(1952,'SUCCESS','ppucmes_month','INSERTING NEW DATA WITH ID #22',8,1487791855,8,1487791855),(1953,'SUCCESS','ppucmes_month','INSERTING NEW DATA WITH ID #23',8,1487791855,8,1487791855),(1954,'SUCCESS','ppucmes_month','INSERTING NEW DATA WITH ID #24',8,1487791855,8,1487791855),(1955,'SUCCESS','ppu_parameter_obligation','INSERTING NEW DATA WITH ID #3',8,1487791947,8,1487791947),(1956,'SUCCESS','ppupo_month','INSERTING NEW DATA WITH ID #25',8,1487791948,8,1487791948),(1957,'SUCCESS','ppupo_month','INSERTING NEW DATA WITH ID #26',8,1487791948,8,1487791948),(1958,'SUCCESS','ppupo_month','INSERTING NEW DATA WITH ID #27',8,1487791948,8,1487791948),(1959,'SUCCESS','ppupo_month','INSERTING NEW DATA WITH ID #28',8,1487791948,8,1487791948),(1960,'SUCCESS','ppupo_month','INSERTING NEW DATA WITH ID #29',8,1487791948,8,1487791948),(1961,'SUCCESS','ppupo_month','INSERTING NEW DATA WITH ID #30',8,1487791948,8,1487791948),(1962,'SUCCESS','ppupo_month','INSERTING NEW DATA WITH ID #31',8,1487791948,8,1487791948),(1963,'SUCCESS','ppupo_month','INSERTING NEW DATA WITH ID #32',8,1487791948,8,1487791948),(1964,'SUCCESS','ppupo_month','INSERTING NEW DATA WITH ID #33',8,1487791948,8,1487791948),(1965,'SUCCESS','ppupo_month','INSERTING NEW DATA WITH ID #34',8,1487791948,8,1487791948),(1966,'SUCCESS','ppupo_month','INSERTING NEW DATA WITH ID #35',8,1487791948,8,1487791948),(1967,'SUCCESS','ppupo_month','INSERTING NEW DATA WITH ID #36',8,1487791948,8,1487791948),(1968,'SUCCESS','ppu_parameter_obligation','INSERTING NEW DATA WITH ID #4',8,1487792013,8,1487792013),(1969,'SUCCESS','ppupo_month','INSERTING NEW DATA WITH ID #37',8,1487792013,8,1487792013),(1970,'SUCCESS','ppupo_month','INSERTING NEW DATA WITH ID #38',8,1487792013,8,1487792013),(1971,'SUCCESS','ppupo_month','INSERTING NEW DATA WITH ID #39',8,1487792013,8,1487792013),(1972,'SUCCESS','ppupo_month','INSERTING NEW DATA WITH ID #40',8,1487792013,8,1487792013),(1973,'SUCCESS','ppupo_month','INSERTING NEW DATA WITH ID #41',8,1487792013,8,1487792013),(1974,'SUCCESS','ppupo_month','INSERTING NEW DATA WITH ID #42',8,1487792013,8,1487792013),(1975,'SUCCESS','ppupo_month','INSERTING NEW DATA WITH ID #43',8,1487792013,8,1487792013),(1976,'SUCCESS','ppupo_month','INSERTING NEW DATA WITH ID #44',8,1487792013,8,1487792013),(1977,'SUCCESS','ppupo_month','INSERTING NEW DATA WITH ID #45',8,1487792013,8,1487792013),(1978,'SUCCESS','ppupo_month','INSERTING NEW DATA WITH ID #46',8,1487792013,8,1487792013),(1979,'SUCCESS','ppupo_month','INSERTING NEW DATA WITH ID #47',8,1487792013,8,1487792013),(1980,'SUCCESS','ppupo_month','INSERTING NEW DATA WITH ID #48',8,1487792013,8,1487792013),(1981,'SUCCESS','ppu_parameter_obligation','UPDATING DATA ID #3',8,1487792026,8,1487792026),(1982,'SUCCESS','ppupo_month','UPDATING DATA ID #25',8,1487792026,8,1487792026),(1983,'SUCCESS','ppupo_month','UPDATING DATA ID #26',8,1487792026,8,1487792026),(1984,'SUCCESS','ppupo_month','UPDATING DATA ID #27',8,1487792026,8,1487792026),(1985,'SUCCESS','ppupo_month','UPDATING DATA ID #28',8,1487792026,8,1487792026),(1986,'SUCCESS','ppupo_month','UPDATING DATA ID #29',8,1487792026,8,1487792026),(1987,'SUCCESS','ppupo_month','UPDATING DATA ID #30',8,1487792026,8,1487792026),(1988,'SUCCESS','ppupo_month','UPDATING DATA ID #31',8,1487792026,8,1487792026),(1989,'SUCCESS','ppupo_month','UPDATING DATA ID #32',8,1487792026,8,1487792026),(1990,'SUCCESS','ppupo_month','UPDATING DATA ID #33',8,1487792026,8,1487792026),(1991,'SUCCESS','ppupo_month','UPDATING DATA ID #34',8,1487792026,8,1487792026),(1992,'SUCCESS','ppupo_month','UPDATING DATA ID #35',8,1487792026,8,1487792026),(1993,'SUCCESS','ppupo_month','UPDATING DATA ID #36',8,1487792026,8,1487792026),(1994,'SUCCESS','ppu','UPDATING DATA ID #1',8,1487792049,8,1487792049),(1995,'SUCCESS','log_dirty','INSERTING NEW DATA WITH ID #98',8,1487792049,8,1487792049),(1996,'SUCCESS','ppu_parameter_obligation','INSERTING NEW DATA WITH ID #5',8,1487836653,8,1487836653),(1997,'SUCCESS','ppupo_month','INSERTING NEW DATA WITH ID #49',8,1487836653,8,1487836653),(1998,'SUCCESS','ppupo_month','INSERTING NEW DATA WITH ID #50',8,1487836653,8,1487836653),(1999,'SUCCESS','ppupo_month','INSERTING NEW DATA WITH ID #51',8,1487836653,8,1487836653),(2000,'SUCCESS','ppupo_month','INSERTING NEW DATA WITH ID #52',8,1487836653,8,1487836653),(2001,'SUCCESS','ppupo_month','INSERTING NEW DATA WITH ID #53',8,1487836653,8,1487836653),(2002,'SUCCESS','ppupo_month','INSERTING NEW DATA WITH ID #54',8,1487836653,8,1487836653),(2003,'SUCCESS','ppupo_month','INSERTING NEW DATA WITH ID #55',8,1487836653,8,1487836653),(2004,'SUCCESS','ppupo_month','INSERTING NEW DATA WITH ID #56',8,1487836653,8,1487836653),(2005,'SUCCESS','ppupo_month','INSERTING NEW DATA WITH ID #57',8,1487836653,8,1487836653),(2006,'SUCCESS','ppupo_month','INSERTING NEW DATA WITH ID #58',8,1487836653,8,1487836653),(2007,'SUCCESS','ppupo_month','INSERTING NEW DATA WITH ID #59',8,1487836653,8,1487836653),(2008,'SUCCESS','ppupo_month','INSERTING NEW DATA WITH ID #60',8,1487836653,8,1487836653),(2009,'SUCCESS','ppu_parameter_obligation','DELETING DATA ID #5',8,1487836755,8,1487836755),(2010,'SUCCESS','ppu_parameter_obligation','INSERTING NEW DATA WITH ID #6',8,1487836909,8,1487836909),(2011,'SUCCESS','ppupo_month','INSERTING NEW DATA WITH ID #61',8,1487836909,8,1487836909),(2012,'SUCCESS','ppupo_month','INSERTING NEW DATA WITH ID #62',8,1487836909,8,1487836909),(2013,'SUCCESS','ppupo_month','INSERTING NEW DATA WITH ID #63',8,1487836909,8,1487836909),(2014,'SUCCESS','ppupo_month','INSERTING NEW DATA WITH ID #64',8,1487836909,8,1487836909),(2015,'SUCCESS','ppupo_month','INSERTING NEW DATA WITH ID #65',8,1487836909,8,1487836909),(2016,'SUCCESS','ppupo_month','INSERTING NEW DATA WITH ID #66',8,1487836909,8,1487836909),(2017,'SUCCESS','ppupo_month','INSERTING NEW DATA WITH ID #67',8,1487836909,8,1487836909),(2018,'SUCCESS','ppupo_month','INSERTING NEW DATA WITH ID #68',8,1487836909,8,1487836909),(2019,'SUCCESS','ppupo_month','INSERTING NEW DATA WITH ID #69',8,1487836909,8,1487836909),(2020,'SUCCESS','ppupo_month','INSERTING NEW DATA WITH ID #70',8,1487836909,8,1487836909),(2021,'SUCCESS','ppupo_month','INSERTING NEW DATA WITH ID #71',8,1487836909,8,1487836909),(2022,'SUCCESS','ppupo_month','INSERTING NEW DATA WITH ID #72',8,1487836909,8,1487836909),(2023,'SUCCESS','ppu_parameter_obligation','INSERTING NEW DATA WITH ID #7',8,1487837356,8,1487837356),(2024,'SUCCESS','ppupo_month','INSERTING NEW DATA WITH ID #73',8,1487837356,8,1487837356),(2025,'SUCCESS','ppupo_month','INSERTING NEW DATA WITH ID #74',8,1487837356,8,1487837356),(2026,'SUCCESS','ppupo_month','INSERTING NEW DATA WITH ID #75',8,1487837356,8,1487837356),(2027,'SUCCESS','ppupo_month','INSERTING NEW DATA WITH ID #76',8,1487837356,8,1487837356),(2028,'SUCCESS','ppupo_month','INSERTING NEW DATA WITH ID #77',8,1487837356,8,1487837356),(2029,'SUCCESS','ppupo_month','INSERTING NEW DATA WITH ID #78',8,1487837356,8,1487837356),(2030,'SUCCESS','ppupo_month','INSERTING NEW DATA WITH ID #79',8,1487837356,8,1487837356),(2031,'SUCCESS','ppupo_month','INSERTING NEW DATA WITH ID #80',8,1487837356,8,1487837356),(2032,'SUCCESS','ppupo_month','INSERTING NEW DATA WITH ID #81',8,1487837356,8,1487837356),(2033,'SUCCESS','ppupo_month','INSERTING NEW DATA WITH ID #82',8,1487837356,8,1487837356),(2034,'SUCCESS','ppupo_month','INSERTING NEW DATA WITH ID #83',8,1487837356,8,1487837356),(2035,'SUCCESS','ppupo_month','INSERTING NEW DATA WITH ID #84',8,1487837356,8,1487837356),(2036,'SUCCESS','ppu_parameter_obligation','INSERTING NEW DATA WITH ID #8',8,1487837741,8,1487837741),(2037,'SUCCESS','ppupo_month','INSERTING NEW DATA WITH ID #85',8,1487837741,8,1487837741),(2038,'SUCCESS','ppupo_month','INSERTING NEW DATA WITH ID #86',8,1487837741,8,1487837741),(2039,'SUCCESS','ppupo_month','INSERTING NEW DATA WITH ID #87',8,1487837741,8,1487837741),(2040,'SUCCESS','ppupo_month','INSERTING NEW DATA WITH ID #88',8,1487837741,8,1487837741),(2041,'SUCCESS','ppupo_month','INSERTING NEW DATA WITH ID #89',8,1487837741,8,1487837741),(2042,'SUCCESS','ppupo_month','INSERTING NEW DATA WITH ID #90',8,1487837741,8,1487837741),(2043,'SUCCESS','ppupo_month','INSERTING NEW DATA WITH ID #91',8,1487837741,8,1487837741),(2044,'SUCCESS','ppupo_month','INSERTING NEW DATA WITH ID #92',8,1487837741,8,1487837741),(2045,'SUCCESS','ppupo_month','INSERTING NEW DATA WITH ID #93',8,1487837741,8,1487837741),(2046,'SUCCESS','ppupo_month','INSERTING NEW DATA WITH ID #94',8,1487837741,8,1487837741),(2047,'SUCCESS','ppupo_month','INSERTING NEW DATA WITH ID #95',8,1487837741,8,1487837741),(2048,'SUCCESS','ppupo_month','INSERTING NEW DATA WITH ID #96',8,1487837741,8,1487837741),(2049,'SUCCESS','ppu_parameter_obligation','INSERTING NEW DATA WITH ID #9',8,1487837807,8,1487837807),(2050,'SUCCESS','ppupo_month','INSERTING NEW DATA WITH ID #97',8,1487837807,8,1487837807),(2051,'SUCCESS','ppupo_month','INSERTING NEW DATA WITH ID #98',8,1487837807,8,1487837807),(2052,'SUCCESS','ppupo_month','INSERTING NEW DATA WITH ID #99',8,1487837807,8,1487837807),(2053,'SUCCESS','ppupo_month','INSERTING NEW DATA WITH ID #100',8,1487837807,8,1487837807),(2054,'SUCCESS','ppupo_month','INSERTING NEW DATA WITH ID #101',8,1487837807,8,1487837807),(2055,'SUCCESS','ppupo_month','INSERTING NEW DATA WITH ID #102',8,1487837807,8,1487837807),(2056,'SUCCESS','ppupo_month','INSERTING NEW DATA WITH ID #103',8,1487837807,8,1487837807),(2057,'SUCCESS','ppupo_month','INSERTING NEW DATA WITH ID #104',8,1487837807,8,1487837807),(2058,'SUCCESS','ppupo_month','INSERTING NEW DATA WITH ID #105',8,1487837807,8,1487837807),(2059,'SUCCESS','ppupo_month','INSERTING NEW DATA WITH ID #106',8,1487837807,8,1487837807),(2060,'SUCCESS','ppupo_month','INSERTING NEW DATA WITH ID #107',8,1487837807,8,1487837807),(2061,'SUCCESS','ppupo_month','INSERTING NEW DATA WITH ID #108',8,1487837807,8,1487837807),(2062,'SUCCESS','ppu_parameter_obligation','UPDATING DATA ID #8',8,1487838674,8,1487838674),(2063,'SUCCESS','ppupo_month','UPDATING DATA ID #85',8,1487838674,8,1487838674),(2064,'SUCCESS','ppupo_month','UPDATING DATA ID #86',8,1487838674,8,1487838674),(2065,'SUCCESS','ppupo_month','UPDATING DATA ID #87',8,1487838674,8,1487838674),(2066,'SUCCESS','ppupo_month','UPDATING DATA ID #88',8,1487838674,8,1487838674),(2067,'SUCCESS','ppupo_month','UPDATING DATA ID #89',8,1487838674,8,1487838674),(2068,'SUCCESS','ppupo_month','UPDATING DATA ID #90',8,1487838674,8,1487838674),(2069,'SUCCESS','ppupo_month','UPDATING DATA ID #91',8,1487838674,8,1487838674),(2070,'SUCCESS','ppupo_month','UPDATING DATA ID #92',8,1487838674,8,1487838674),(2071,'SUCCESS','ppupo_month','UPDATING DATA ID #93',8,1487838674,8,1487838674),(2072,'SUCCESS','ppupo_month','UPDATING DATA ID #94',8,1487838674,8,1487838674),(2073,'SUCCESS','ppupo_month','UPDATING DATA ID #95',8,1487838674,8,1487838674),(2074,'SUCCESS','ppupo_month','UPDATING DATA ID #96',8,1487838674,8,1487838674),(2075,'SUCCESS','ppu_parameter_obligation','UPDATING DATA ID #9',8,1487838686,8,1487838686),(2076,'SUCCESS','ppupo_month','UPDATING DATA ID #97',8,1487838686,8,1487838686),(2077,'SUCCESS','ppupo_month','UPDATING DATA ID #98',8,1487838686,8,1487838686),(2078,'SUCCESS','ppupo_month','UPDATING DATA ID #99',8,1487838686,8,1487838686),(2079,'SUCCESS','ppupo_month','UPDATING DATA ID #100',8,1487838686,8,1487838686),(2080,'SUCCESS','ppupo_month','UPDATING DATA ID #101',8,1487838686,8,1487838686),(2081,'SUCCESS','ppupo_month','UPDATING DATA ID #102',8,1487838686,8,1487838686),(2082,'SUCCESS','ppupo_month','UPDATING DATA ID #103',8,1487838686,8,1487838686),(2083,'SUCCESS','ppupo_month','UPDATING DATA ID #104',8,1487838686,8,1487838686),(2084,'SUCCESS','ppupo_month','UPDATING DATA ID #105',8,1487838686,8,1487838686),(2085,'SUCCESS','ppupo_month','UPDATING DATA ID #106',8,1487838686,8,1487838686),(2086,'SUCCESS','ppupo_month','UPDATING DATA ID #107',8,1487838686,8,1487838686),(2087,'SUCCESS','ppupo_month','UPDATING DATA ID #108',8,1487838686,8,1487838686),(2088,'SUCCESS','ppu_parameter_obligation','INSERTING NEW DATA WITH ID #10',8,1487839448,8,1487839448),(2089,'SUCCESS','ppupo_month','INSERTING NEW DATA WITH ID #109',8,1487839448,8,1487839448),(2090,'SUCCESS','ppupo_month','INSERTING NEW DATA WITH ID #110',8,1487839448,8,1487839448),(2091,'SUCCESS','ppupo_month','INSERTING NEW DATA WITH ID #111',8,1487839448,8,1487839448),(2092,'SUCCESS','ppupo_month','INSERTING NEW DATA WITH ID #112',8,1487839448,8,1487839448),(2093,'SUCCESS','ppupo_month','INSERTING NEW DATA WITH ID #113',8,1487839448,8,1487839448),(2094,'SUCCESS','ppupo_month','INSERTING NEW DATA WITH ID #114',8,1487839448,8,1487839448),(2095,'SUCCESS','ppupo_month','INSERTING NEW DATA WITH ID #115',8,1487839448,8,1487839448),(2096,'SUCCESS','ppupo_month','INSERTING NEW DATA WITH ID #116',8,1487839448,8,1487839448),(2097,'SUCCESS','ppupo_month','INSERTING NEW DATA WITH ID #117',8,1487839448,8,1487839448),(2098,'SUCCESS','ppupo_month','INSERTING NEW DATA WITH ID #118',8,1487839448,8,1487839448),(2099,'SUCCESS','ppupo_month','INSERTING NEW DATA WITH ID #119',8,1487839448,8,1487839448),(2100,'SUCCESS','ppupo_month','INSERTING NEW DATA WITH ID #120',8,1487839448,8,1487839448),(2101,'SUCCESS','ppu_parameter_obligation','INSERTING NEW DATA WITH ID #11',8,1487839517,8,1487839517),(2102,'SUCCESS','ppupo_month','INSERTING NEW DATA WITH ID #121',8,1487839517,8,1487839517),(2103,'SUCCESS','ppupo_month','INSERTING NEW DATA WITH ID #122',8,1487839517,8,1487839517),(2104,'SUCCESS','ppupo_month','INSERTING NEW DATA WITH ID #123',8,1487839517,8,1487839517),(2105,'SUCCESS','ppupo_month','INSERTING NEW DATA WITH ID #124',8,1487839517,8,1487839517),(2106,'SUCCESS','ppupo_month','INSERTING NEW DATA WITH ID #125',8,1487839517,8,1487839517),(2107,'SUCCESS','ppupo_month','INSERTING NEW DATA WITH ID #126',8,1487839517,8,1487839517),(2108,'SUCCESS','ppupo_month','INSERTING NEW DATA WITH ID #127',8,1487839517,8,1487839517),(2109,'SUCCESS','ppupo_month','INSERTING NEW DATA WITH ID #128',8,1487839517,8,1487839517),(2110,'SUCCESS','ppupo_month','INSERTING NEW DATA WITH ID #129',8,1487839518,8,1487839518),(2111,'SUCCESS','ppupo_month','INSERTING NEW DATA WITH ID #130',8,1487839518,8,1487839518),(2112,'SUCCESS','ppupo_month','INSERTING NEW DATA WITH ID #131',8,1487839518,8,1487839518),(2113,'SUCCESS','ppupo_month','INSERTING NEW DATA WITH ID #132',8,1487839518,8,1487839518),(2114,'SUCCESS','ppu_parameter_obligation','UPDATING DATA ID #8',8,1487841784,8,1487841784),(2115,'SUCCESS','ppupo_month','UPDATING DATA ID #85',8,1487841784,8,1487841784),(2116,'SUCCESS','ppupo_month','UPDATING DATA ID #86',8,1487841784,8,1487841784),(2117,'SUCCESS','ppupo_month','UPDATING DATA ID #87',8,1487841784,8,1487841784),(2118,'SUCCESS','ppupo_month','UPDATING DATA ID #88',8,1487841784,8,1487841784),(2119,'SUCCESS','ppupo_month','UPDATING DATA ID #89',8,1487841784,8,1487841784),(2120,'SUCCESS','ppupo_month','UPDATING DATA ID #90',8,1487841784,8,1487841784),(2121,'SUCCESS','ppupo_month','UPDATING DATA ID #91',8,1487841784,8,1487841784),(2122,'SUCCESS','ppupo_month','UPDATING DATA ID #92',8,1487841784,8,1487841784),(2123,'SUCCESS','ppupo_month','UPDATING DATA ID #93',8,1487841784,8,1487841784),(2124,'SUCCESS','ppupo_month','UPDATING DATA ID #94',8,1487841784,8,1487841784),(2125,'SUCCESS','ppupo_month','UPDATING DATA ID #95',8,1487841784,8,1487841784),(2126,'SUCCESS','ppupo_month','UPDATING DATA ID #96',8,1487841784,8,1487841784),(2127,'SUCCESS','ppu_parameter_obligation','UPDATING DATA ID #9',8,1487841795,8,1487841795),(2128,'SUCCESS','ppupo_month','UPDATING DATA ID #97',8,1487841795,8,1487841795),(2129,'SUCCESS','ppupo_month','UPDATING DATA ID #98',8,1487841795,8,1487841795),(2130,'SUCCESS','ppupo_month','UPDATING DATA ID #99',8,1487841795,8,1487841795),(2131,'SUCCESS','ppupo_month','UPDATING DATA ID #100',8,1487841795,8,1487841795),(2132,'SUCCESS','ppupo_month','UPDATING DATA ID #101',8,1487841795,8,1487841795),(2133,'SUCCESS','ppupo_month','UPDATING DATA ID #102',8,1487841795,8,1487841795),(2134,'SUCCESS','ppupo_month','UPDATING DATA ID #103',8,1487841795,8,1487841795),(2135,'SUCCESS','ppupo_month','UPDATING DATA ID #104',8,1487841795,8,1487841795),(2136,'SUCCESS','ppupo_month','UPDATING DATA ID #105',8,1487841795,8,1487841795),(2137,'SUCCESS','ppupo_month','UPDATING DATA ID #106',8,1487841796,8,1487841796),(2138,'SUCCESS','ppupo_month','UPDATING DATA ID #107',8,1487841796,8,1487841796),(2139,'SUCCESS','ppupo_month','UPDATING DATA ID #108',8,1487841796,8,1487841796),(2140,'SUCCESS','ppu_compulsory_monitored_emission_source','UPDATING DATA ID #2',8,1487841876,8,1487841876),(2141,'SUCCESS','log_dirty','INSERTING NEW DATA WITH ID #99',8,1487841877,8,1487841877),(2142,'SUCCESS','ppucmes_month','UPDATING DATA ID #1',8,1487841877,8,1487841877),(2143,'SUCCESS','log_dirty','INSERTING NEW DATA WITH ID #100',8,1487841877,8,1487841877),(2144,'SUCCESS','ppucmes_month','UPDATING DATA ID #2',8,1487841877,8,1487841877),(2145,'SUCCESS','log_dirty','INSERTING NEW DATA WITH ID #101',8,1487841877,8,1487841877),(2146,'SUCCESS','ppucmes_month','UPDATING DATA ID #3',8,1487841877,8,1487841877),(2147,'SUCCESS','log_dirty','INSERTING NEW DATA WITH ID #102',8,1487841877,8,1487841877),(2148,'SUCCESS','ppucmes_month','UPDATING DATA ID #4',8,1487841877,8,1487841877),(2149,'SUCCESS','log_dirty','INSERTING NEW DATA WITH ID #103',8,1487841877,8,1487841877),(2150,'SUCCESS','ppucmes_month','UPDATING DATA ID #5',8,1487841877,8,1487841877),(2151,'SUCCESS','log_dirty','INSERTING NEW DATA WITH ID #104',8,1487841877,8,1487841877),(2152,'SUCCESS','ppucmes_month','UPDATING DATA ID #6',8,1487841877,8,1487841877),(2153,'SUCCESS','log_dirty','INSERTING NEW DATA WITH ID #105',8,1487841877,8,1487841877),(2154,'SUCCESS','ppucmes_month','UPDATING DATA ID #7',8,1487841877,8,1487841877),(2155,'SUCCESS','log_dirty','INSERTING NEW DATA WITH ID #106',8,1487841877,8,1487841877),(2156,'SUCCESS','ppucmes_month','UPDATING DATA ID #8',8,1487841877,8,1487841877),(2157,'SUCCESS','log_dirty','INSERTING NEW DATA WITH ID #107',8,1487841877,8,1487841877),(2158,'SUCCESS','ppucmes_month','UPDATING DATA ID #9',8,1487841877,8,1487841877),(2159,'SUCCESS','log_dirty','INSERTING NEW DATA WITH ID #108',8,1487841877,8,1487841877),(2160,'SUCCESS','ppucmes_month','UPDATING DATA ID #10',8,1487841877,8,1487841877),(2161,'SUCCESS','log_dirty','INSERTING NEW DATA WITH ID #109',8,1487841877,8,1487841877),(2162,'SUCCESS','ppucmes_month','UPDATING DATA ID #11',8,1487841877,8,1487841877),(2163,'SUCCESS','log_dirty','INSERTING NEW DATA WITH ID #110',8,1487841877,8,1487841877),(2164,'SUCCESS','ppucmes_month','UPDATING DATA ID #12',8,1487841877,8,1487841877),(2165,'SUCCESS','log_dirty','INSERTING NEW DATA WITH ID #111',8,1487841877,8,1487841877),(2166,'SUCCESS','ppu_compulsory_monitored_emission_source','UPDATING DATA ID #3',8,1487841902,8,1487841902),(2167,'SUCCESS','log_dirty','INSERTING NEW DATA WITH ID #112',8,1487841902,8,1487841902),(2168,'SUCCESS','ppucmes_month','UPDATING DATA ID #13',8,1487841902,8,1487841902),(2169,'SUCCESS','log_dirty','INSERTING NEW DATA WITH ID #113',8,1487841902,8,1487841902),(2170,'SUCCESS','ppucmes_month','UPDATING DATA ID #14',8,1487841902,8,1487841902),(2171,'SUCCESS','log_dirty','INSERTING NEW DATA WITH ID #114',8,1487841902,8,1487841902),(2172,'SUCCESS','ppucmes_month','UPDATING DATA ID #15',8,1487841902,8,1487841902),(2173,'SUCCESS','log_dirty','INSERTING NEW DATA WITH ID #115',8,1487841902,8,1487841902),(2174,'SUCCESS','ppucmes_month','UPDATING DATA ID #16',8,1487841902,8,1487841902),(2175,'SUCCESS','log_dirty','INSERTING NEW DATA WITH ID #116',8,1487841902,8,1487841902),(2176,'SUCCESS','ppucmes_month','UPDATING DATA ID #17',8,1487841902,8,1487841902),(2177,'SUCCESS','log_dirty','INSERTING NEW DATA WITH ID #117',8,1487841902,8,1487841902),(2178,'SUCCESS','ppucmes_month','UPDATING DATA ID #18',8,1487841902,8,1487841902),(2179,'SUCCESS','log_dirty','INSERTING NEW DATA WITH ID #118',8,1487841902,8,1487841902),(2180,'SUCCESS','ppucmes_month','UPDATING DATA ID #19',8,1487841902,8,1487841902),(2181,'SUCCESS','log_dirty','INSERTING NEW DATA WITH ID #119',8,1487841902,8,1487841902),(2182,'SUCCESS','ppucmes_month','UPDATING DATA ID #20',8,1487841902,8,1487841902),(2183,'SUCCESS','log_dirty','INSERTING NEW DATA WITH ID #120',8,1487841902,8,1487841902),(2184,'SUCCESS','ppucmes_month','UPDATING DATA ID #21',8,1487841902,8,1487841902),(2185,'SUCCESS','log_dirty','INSERTING NEW DATA WITH ID #121',8,1487841902,8,1487841902),(2186,'SUCCESS','ppucmes_month','UPDATING DATA ID #22',8,1487841902,8,1487841902),(2187,'SUCCESS','log_dirty','INSERTING NEW DATA WITH ID #122',8,1487841903,8,1487841903),(2188,'SUCCESS','ppucmes_month','UPDATING DATA ID #23',8,1487841903,8,1487841903),(2189,'SUCCESS','log_dirty','INSERTING NEW DATA WITH ID #123',8,1487841903,8,1487841903),(2190,'SUCCESS','ppucmes_month','UPDATING DATA ID #24',8,1487841903,8,1487841903),(2191,'SUCCESS','log_dirty','INSERTING NEW DATA WITH ID #124',8,1487841903,8,1487841903),(2192,'SUCCESS','ppu_parameter_obligation','UPDATING DATA ID #8',8,1487842148,8,1487842148),(2193,'SUCCESS','ppupo_month','UPDATING DATA ID #85',8,1487842149,8,1487842149),(2194,'SUCCESS','ppupo_month','UPDATING DATA ID #86',8,1487842149,8,1487842149),(2195,'SUCCESS','log_dirty','INSERTING NEW DATA WITH ID #125',8,1487842149,8,1487842149),(2196,'SUCCESS','ppupo_month','UPDATING DATA ID #87',8,1487842149,8,1487842149),(2197,'SUCCESS','ppupo_month','UPDATING DATA ID #88',8,1487842149,8,1487842149),(2198,'SUCCESS','ppupo_month','UPDATING DATA ID #89',8,1487842150,8,1487842150),(2199,'SUCCESS','ppupo_month','UPDATING DATA ID #90',8,1487842150,8,1487842150),(2200,'SUCCESS','log_dirty','INSERTING NEW DATA WITH ID #126',8,1487842150,8,1487842150),(2201,'SUCCESS','ppupo_month','UPDATING DATA ID #91',8,1487842150,8,1487842150),(2202,'SUCCESS','ppupo_month','UPDATING DATA ID #92',8,1487842150,8,1487842150),(2203,'SUCCESS','ppupo_month','UPDATING DATA ID #93',8,1487842150,8,1487842150),(2204,'SUCCESS','log_dirty','INSERTING NEW DATA WITH ID #127',8,1487842150,8,1487842150),(2205,'SUCCESS','ppupo_month','UPDATING DATA ID #94',8,1487842150,8,1487842150),(2206,'SUCCESS','ppupo_month','UPDATING DATA ID #95',8,1487842150,8,1487842150),(2207,'SUCCESS','ppupo_month','UPDATING DATA ID #96',8,1487842150,8,1487842150),(2208,'SUCCESS','ppu_parameter_obligation','UPDATING DATA ID #9',8,1487842172,8,1487842172),(2209,'SUCCESS','ppupo_month','UPDATING DATA ID #97',8,1487842172,8,1487842172),(2210,'SUCCESS','ppupo_month','UPDATING DATA ID #98',8,1487842172,8,1487842172),(2211,'SUCCESS','ppupo_month','UPDATING DATA ID #99',8,1487842172,8,1487842172),(2212,'SUCCESS','ppupo_month','UPDATING DATA ID #100',8,1487842172,8,1487842172),(2213,'SUCCESS','ppupo_month','UPDATING DATA ID #101',8,1487842172,8,1487842172),(2214,'SUCCESS','ppupo_month','UPDATING DATA ID #102',8,1487842172,8,1487842172),(2215,'SUCCESS','ppupo_month','UPDATING DATA ID #103',8,1487842172,8,1487842172),(2216,'SUCCESS','ppupo_month','UPDATING DATA ID #104',8,1487842172,8,1487842172),(2217,'SUCCESS','ppupo_month','UPDATING DATA ID #105',8,1487842172,8,1487842172),(2218,'SUCCESS','ppupo_month','UPDATING DATA ID #106',8,1487842172,8,1487842172),(2219,'SUCCESS','ppupo_month','UPDATING DATA ID #107',8,1487842172,8,1487842172),(2220,'SUCCESS','ppupo_month','UPDATING DATA ID #108',8,1487842172,8,1487842172),(2221,'SUCCESS','ppu_parameter_obligation','UPDATING DATA ID #10',8,1487842240,8,1487842240),(2222,'SUCCESS','ppupo_month','UPDATING DATA ID #109',8,1487842240,8,1487842240),(2223,'SUCCESS','ppupo_month','UPDATING DATA ID #110',8,1487842240,8,1487842240),(2224,'SUCCESS','ppupo_month','UPDATING DATA ID #111',8,1487842240,8,1487842240),(2225,'SUCCESS','log_dirty','INSERTING NEW DATA WITH ID #128',8,1487842240,8,1487842240),(2226,'SUCCESS','ppupo_month','UPDATING DATA ID #112',8,1487842240,8,1487842240),(2227,'SUCCESS','ppupo_month','UPDATING DATA ID #113',8,1487842240,8,1487842240),(2228,'SUCCESS','log_dirty','INSERTING NEW DATA WITH ID #129',8,1487842240,8,1487842240),(2229,'SUCCESS','ppupo_month','UPDATING DATA ID #114',8,1487842240,8,1487842240),(2230,'SUCCESS','ppupo_month','UPDATING DATA ID #115',8,1487842240,8,1487842240),(2231,'SUCCESS','ppupo_month','UPDATING DATA ID #116',8,1487842240,8,1487842240),(2232,'SUCCESS','ppupo_month','UPDATING DATA ID #117',8,1487842240,8,1487842240),(2233,'SUCCESS','ppupo_month','UPDATING DATA ID #118',8,1487842240,8,1487842240),(2234,'SUCCESS','ppupo_month','UPDATING DATA ID #119',8,1487842240,8,1487842240),(2235,'SUCCESS','ppupo_month','UPDATING DATA ID #120',8,1487842240,8,1487842240),(2236,'SUCCESS','codeset','INSERTING NEW DATA WITH ID #30',8,1487842345,8,1487842345),(2237,'SUCCESS','codeset','INSERTING NEW DATA WITH ID #31',8,1487842359,8,1487842359),(2238,'SUCCESS','codeset','INSERTING NEW DATA WITH ID #32',8,1487842427,8,1487842427),(2239,'SUCCESS','ppu_parameter_obligation','UPDATING DATA ID #10',8,1487842455,8,1487842455),(2240,'SUCCESS','log_dirty','INSERTING NEW DATA WITH ID #130',8,1487842455,8,1487842455),(2241,'SUCCESS','ppupo_month','UPDATING DATA ID #109',8,1487842455,8,1487842455),(2242,'SUCCESS','ppupo_month','UPDATING DATA ID #110',8,1487842455,8,1487842455),(2243,'SUCCESS','ppupo_month','UPDATING DATA ID #111',8,1487842455,8,1487842455),(2244,'SUCCESS','ppupo_month','UPDATING DATA ID #112',8,1487842455,8,1487842455),(2245,'SUCCESS','ppupo_month','UPDATING DATA ID #113',8,1487842455,8,1487842455),(2246,'SUCCESS','ppupo_month','UPDATING DATA ID #114',8,1487842455,8,1487842455),(2247,'SUCCESS','ppupo_month','UPDATING DATA ID #115',8,1487842455,8,1487842455),(2248,'SUCCESS','ppupo_month','UPDATING DATA ID #116',8,1487842455,8,1487842455),(2249,'SUCCESS','ppupo_month','UPDATING DATA ID #117',8,1487842455,8,1487842455),(2250,'SUCCESS','ppupo_month','UPDATING DATA ID #118',8,1487842455,8,1487842455),(2251,'SUCCESS','ppupo_month','UPDATING DATA ID #119',8,1487842455,8,1487842455),(2252,'SUCCESS','ppupo_month','UPDATING DATA ID #120',8,1487842455,8,1487842455),(2253,'SUCCESS','ppu_parameter_obligation','UPDATING DATA ID #10',8,1487842456,8,1487842456),(2254,'SUCCESS','ppupo_month','UPDATING DATA ID #109',8,1487842456,8,1487842456),(2255,'SUCCESS','ppupo_month','UPDATING DATA ID #110',8,1487842456,8,1487842456),(2256,'SUCCESS','ppupo_month','UPDATING DATA ID #111',8,1487842456,8,1487842456),(2257,'SUCCESS','ppupo_month','UPDATING DATA ID #112',8,1487842456,8,1487842456),(2258,'SUCCESS','ppupo_month','UPDATING DATA ID #113',8,1487842456,8,1487842456),(2259,'SUCCESS','ppupo_month','UPDATING DATA ID #114',8,1487842456,8,1487842456),(2260,'SUCCESS','ppupo_month','UPDATING DATA ID #115',8,1487842456,8,1487842456),(2261,'SUCCESS','ppupo_month','UPDATING DATA ID #116',8,1487842456,8,1487842456),(2262,'SUCCESS','ppupo_month','UPDATING DATA ID #117',8,1487842456,8,1487842456),(2263,'SUCCESS','ppupo_month','UPDATING DATA ID #118',8,1487842456,8,1487842456),(2264,'SUCCESS','ppupo_month','UPDATING DATA ID #119',8,1487842456,8,1487842456),(2265,'SUCCESS','ppupo_month','UPDATING DATA ID #120',8,1487842456,8,1487842456),(2266,'SUCCESS','ppu_parameter_obligation','UPDATING DATA ID #11',8,1487842468,8,1487842468),(2267,'SUCCESS','log_dirty','INSERTING NEW DATA WITH ID #131',8,1487842468,8,1487842468),(2268,'SUCCESS','ppupo_month','UPDATING DATA ID #121',8,1487842468,8,1487842468),(2269,'SUCCESS','ppupo_month','UPDATING DATA ID #122',8,1487842468,8,1487842468),(2270,'SUCCESS','ppupo_month','UPDATING DATA ID #123',8,1487842468,8,1487842468),(2271,'SUCCESS','ppupo_month','UPDATING DATA ID #124',8,1487842468,8,1487842468),(2272,'SUCCESS','ppupo_month','UPDATING DATA ID #125',8,1487842468,8,1487842468),(2273,'SUCCESS','ppupo_month','UPDATING DATA ID #126',8,1487842468,8,1487842468),(2274,'SUCCESS','ppupo_month','UPDATING DATA ID #127',8,1487842468,8,1487842468),(2275,'SUCCESS','ppupo_month','UPDATING DATA ID #128',8,1487842468,8,1487842468),(2276,'SUCCESS','ppupo_month','UPDATING DATA ID #129',8,1487842468,8,1487842468),(2277,'SUCCESS','ppupo_month','UPDATING DATA ID #130',8,1487842468,8,1487842468),(2278,'SUCCESS','ppupo_month','UPDATING DATA ID #131',8,1487842468,8,1487842468),(2279,'SUCCESS','ppupo_month','UPDATING DATA ID #132',8,1487842468,8,1487842468),(2280,'SUCCESS','ppu_parameter_obligation','INSERTING NEW DATA WITH ID #12',8,1487842526,8,1487842526),(2281,'SUCCESS','ppupo_month','INSERTING NEW DATA WITH ID #133',8,1487842526,8,1487842526),(2282,'SUCCESS','ppupo_month','INSERTING NEW DATA WITH ID #134',8,1487842526,8,1487842526),(2283,'SUCCESS','ppupo_month','INSERTING NEW DATA WITH ID #135',8,1487842526,8,1487842526),(2284,'SUCCESS','ppupo_month','INSERTING NEW DATA WITH ID #136',8,1487842526,8,1487842526),(2285,'SUCCESS','ppupo_month','INSERTING NEW DATA WITH ID #137',8,1487842526,8,1487842526),(2286,'SUCCESS','ppupo_month','INSERTING NEW DATA WITH ID #138',8,1487842526,8,1487842526),(2287,'SUCCESS','ppupo_month','INSERTING NEW DATA WITH ID #139',8,1487842526,8,1487842526),(2288,'SUCCESS','ppupo_month','INSERTING NEW DATA WITH ID #140',8,1487842526,8,1487842526),(2289,'SUCCESS','ppupo_month','INSERTING NEW DATA WITH ID #141',8,1487842526,8,1487842526),(2290,'SUCCESS','ppupo_month','INSERTING NEW DATA WITH ID #142',8,1487842526,8,1487842526),(2291,'SUCCESS','ppupo_month','INSERTING NEW DATA WITH ID #143',8,1487842526,8,1487842526),(2292,'SUCCESS','ppupo_month','INSERTING NEW DATA WITH ID #144',8,1487842526,8,1487842526),(2293,'SUCCESS','ppu_parameter_obligation','INSERTING NEW DATA WITH ID #13',8,1487842556,8,1487842556),(2294,'SUCCESS','ppupo_month','INSERTING NEW DATA WITH ID #145',8,1487842556,8,1487842556),(2295,'SUCCESS','ppupo_month','INSERTING NEW DATA WITH ID #146',8,1487842556,8,1487842556),(2296,'SUCCESS','ppupo_month','INSERTING NEW DATA WITH ID #147',8,1487842556,8,1487842556),(2297,'SUCCESS','ppupo_month','INSERTING NEW DATA WITH ID #148',8,1487842556,8,1487842556),(2298,'SUCCESS','ppupo_month','INSERTING NEW DATA WITH ID #149',8,1487842557,8,1487842557),(2299,'SUCCESS','ppupo_month','INSERTING NEW DATA WITH ID #150',8,1487842557,8,1487842557),(2300,'SUCCESS','ppupo_month','INSERTING NEW DATA WITH ID #151',8,1487842557,8,1487842557),(2301,'SUCCESS','ppupo_month','INSERTING NEW DATA WITH ID #152',8,1487842557,8,1487842557),(2302,'SUCCESS','ppupo_month','INSERTING NEW DATA WITH ID #153',8,1487842557,8,1487842557),(2303,'SUCCESS','ppupo_month','INSERTING NEW DATA WITH ID #154',8,1487842557,8,1487842557),(2304,'SUCCESS','ppupo_month','INSERTING NEW DATA WITH ID #155',8,1487842557,8,1487842557),(2305,'SUCCESS','ppupo_month','INSERTING NEW DATA WITH ID #156',8,1487842557,8,1487842557),(2306,'SUCCESS','ppu_parameter_obligation','INSERTING NEW DATA WITH ID #14',8,1487842621,8,1487842621),(2307,'SUCCESS','ppupo_month','INSERTING NEW DATA WITH ID #157',8,1487842621,8,1487842621),(2308,'SUCCESS','ppupo_month','INSERTING NEW DATA WITH ID #158',8,1487842621,8,1487842621),(2309,'SUCCESS','ppupo_month','INSERTING NEW DATA WITH ID #159',8,1487842621,8,1487842621),(2310,'SUCCESS','ppupo_month','INSERTING NEW DATA WITH ID #160',8,1487842622,8,1487842622),(2311,'SUCCESS','ppupo_month','INSERTING NEW DATA WITH ID #161',8,1487842622,8,1487842622),(2312,'SUCCESS','ppupo_month','INSERTING NEW DATA WITH ID #162',8,1487842622,8,1487842622),(2313,'SUCCESS','ppupo_month','INSERTING NEW DATA WITH ID #163',8,1487842622,8,1487842622),(2314,'SUCCESS','ppupo_month','INSERTING NEW DATA WITH ID #164',8,1487842622,8,1487842622),(2315,'SUCCESS','ppupo_month','INSERTING NEW DATA WITH ID #165',8,1487842622,8,1487842622),(2316,'SUCCESS','ppupo_month','INSERTING NEW DATA WITH ID #166',8,1487842622,8,1487842622),(2317,'SUCCESS','ppupo_month','INSERTING NEW DATA WITH ID #167',8,1487842622,8,1487842622),(2318,'SUCCESS','ppupo_month','INSERTING NEW DATA WITH ID #168',8,1487842622,8,1487842622),(2319,'SUCCESS','ppu_parameter_obligation','INSERTING NEW DATA WITH ID #15',8,1487842669,8,1487842669),(2320,'SUCCESS','ppupo_month','INSERTING NEW DATA WITH ID #169',8,1487842669,8,1487842669),(2321,'SUCCESS','ppupo_month','INSERTING NEW DATA WITH ID #170',8,1487842669,8,1487842669),(2322,'SUCCESS','ppupo_month','INSERTING NEW DATA WITH ID #171',8,1487842669,8,1487842669),(2323,'SUCCESS','ppupo_month','INSERTING NEW DATA WITH ID #172',8,1487842669,8,1487842669),(2324,'SUCCESS','ppupo_month','INSERTING NEW DATA WITH ID #173',8,1487842669,8,1487842669),(2325,'SUCCESS','ppupo_month','INSERTING NEW DATA WITH ID #174',8,1487842669,8,1487842669),(2326,'SUCCESS','ppupo_month','INSERTING NEW DATA WITH ID #175',8,1487842669,8,1487842669),(2327,'SUCCESS','ppupo_month','INSERTING NEW DATA WITH ID #176',8,1487842669,8,1487842669),(2328,'SUCCESS','ppupo_month','INSERTING NEW DATA WITH ID #177',8,1487842669,8,1487842669),(2329,'SUCCESS','ppupo_month','INSERTING NEW DATA WITH ID #178',8,1487842669,8,1487842669),(2330,'SUCCESS','ppupo_month','INSERTING NEW DATA WITH ID #179',8,1487842669,8,1487842669),(2331,'SUCCESS','ppupo_month','INSERTING NEW DATA WITH ID #180',8,1487842669,8,1487842669),(2332,'SUCCESS','ppu_question','INSERTING NEW DATA WITH ID #1',8,1487928179,8,1487928179),(2333,'SUCCESS','ppu_question','INSERTING NEW DATA WITH ID #2',8,1487928199,8,1487928199),(2334,'SUCCESS','ppu_question','INSERTING NEW DATA WITH ID #3',8,1487928227,8,1487928227),(2335,'SUCCESS','ppu_technical_provision','INSERTING NEW DATA WITH ID #1',8,1487930067,8,1487930067),(2336,'SUCCESS','ppu_technical_provision','INSERTING NEW DATA WITH ID #2',8,1487933367,8,1487933367),(2337,'SUCCESS','ppu_technical_provision','INSERTING NEW DATA WITH ID #3',8,1487933378,8,1487933378),(2338,'SUCCESS','ppu_technical_provision','INSERTING NEW DATA WITH ID #4',8,1487943397,8,1487943397),(2339,'SUCCESS','ppu_technical_provision','INSERTING NEW DATA WITH ID #5',8,1487943467,8,1487943467),(2340,'SUCCESS','ppu_technical_provision','INSERTING NEW DATA WITH ID #6',8,1487943517,8,1487943517),(2341,'SUCCESS','ppu_technical_provision','INSERTING NEW DATA WITH ID #1',8,1488011279,8,1488011279),(2342,'SUCCESS','ppu_technical_provision_detail','INSERTING NEW DATA WITH ID #1',8,1488011279,8,1488011279),(2343,'SUCCESS','ppu_technical_provision_detail','INSERTING NEW DATA WITH ID #2',8,1488011279,8,1488011279),(2344,'SUCCESS','ppu_technical_provision_detail','INSERTING NEW DATA WITH ID #3',8,1488011280,8,1488011280),(2345,'SUCCESS','ppu_technical_provision','INSERTING NEW DATA WITH ID #2',8,1488011795,8,1488011795),(2346,'SUCCESS','ppu_technical_provision_detail','INSERTING NEW DATA WITH ID #4',8,1488011795,8,1488011795),(2347,'SUCCESS','ppu_technical_provision_detail','INSERTING NEW DATA WITH ID #5',8,1488011795,8,1488011795),(2348,'SUCCESS','ppu_technical_provision_detail','INSERTING NEW DATA WITH ID #6',8,1488011795,8,1488011795),(2377,'SUCCESS','maturity_level_title','INSERTING NEW DATA WITH ID #1',8,1488015723,8,1488015723),(2378,'SUCCESS','ppu_technical_provision','INSERTING NEW DATA WITH ID #20',8,1488015894,8,1488015894),(2379,'SUCCESS','ppu_technical_provision_detail','INSERTING NEW DATA WITH ID #18',8,1488015894,8,1488015894),(2380,'SUCCESS','ppu_technical_provision_detail','INSERTING NEW DATA WITH ID #19',8,1488015894,8,1488015894),(2381,'SUCCESS','ppu_technical_provision_detail','INSERTING NEW DATA WITH ID #20',8,1488015894,8,1488015894),(2382,'SUCCESS','ppu_technical_provision','INSERTING NEW DATA WITH ID #21',8,1488015983,8,1488015983),(2383,'SUCCESS','ppu_technical_provision_detail','INSERTING NEW DATA WITH ID #21',8,1488015983,8,1488015983),(2384,'SUCCESS','ppu_technical_provision_detail','INSERTING NEW DATA WITH ID #22',8,1488015983,8,1488015983),(2385,'SUCCESS','ppu_technical_provision_detail','INSERTING NEW DATA WITH ID #23',8,1488015983,8,1488015983),(2397,'SUCCESS','ppu_emission_source','UPDATING DATA ID #2',8,1488016922,8,1488016922),(2398,'SUCCESS','attachment','INSERTING NEW DATA WITH ID #20',8,1488016922,8,1488016922),(2399,'SUCCESS','attachment_owner','INSERTING NEW DATA WITH ID #22',8,1488016922,8,1488016922),(2400,'SUCCESS','ppu_emission_source','UPDATING DATA ID #2',8,1488016931,8,1488016931),(2401,'SUCCESS','attachment','INSERTING NEW DATA WITH ID #21',8,1488016931,8,1488016931),(2402,'SUCCESS','attachment_owner','INSERTING NEW DATA WITH ID #23',8,1488016931,8,1488016931),(2411,'SUCCESS','ppu_technical_provision','INSERTING NEW DATA WITH ID #30',8,1488017270,8,1488017270),(2412,'SUCCESS','ppu_technical_provision_detail','INSERTING NEW DATA WITH ID #32',8,1488017270,8,1488017270),(2413,'SUCCESS','attachment','INSERTING NEW DATA WITH ID #23',8,1488017270,8,1488017270),(2414,'SUCCESS','attachment_owner','INSERTING NEW DATA WITH ID #25',8,1488017270,8,1488017270),(2415,'SUCCESS','ppu_technical_provision_detail','INSERTING NEW DATA WITH ID #33',8,1488017270,8,1488017270),(2416,'SUCCESS','attachment','INSERTING NEW DATA WITH ID #24',8,1488017270,8,1488017270),(2417,'SUCCESS','attachment_owner','INSERTING NEW DATA WITH ID #26',8,1488017270,8,1488017270),(2418,'SUCCESS','ppu_technical_provision_detail','INSERTING NEW DATA WITH ID #34',8,1488017270,8,1488017270),(2419,'SUCCESS','attachment','INSERTING NEW DATA WITH ID #25',8,1488017270,8,1488017270),(2420,'SUCCESS','attachment_owner','INSERTING NEW DATA WITH ID #27',8,1488017270,8,1488017270),(2422,'SUCCESS','attachment','DELETING DATA ID #23',8,1488017521,8,1488017521),(2423,'SUCCESS','ppu_technical_provision','UPDATING DATA ID #30',8,1488017523,8,1488017523),(2424,'SUCCESS','ppu_technical_provision_detail','UPDATING DATA ID #32',8,1488017523,8,1488017523),(2425,'SUCCESS','ppu_technical_provision_detail','UPDATING DATA ID #33',8,1488017523,8,1488017523),(2426,'SUCCESS','ppu_technical_provision_detail','UPDATING DATA ID #34',8,1488017523,8,1488017523),(2427,'SUCCESS','ppu_technical_provision','UPDATING DATA ID #30',8,1488017532,8,1488017532),(2428,'SUCCESS','ppu_technical_provision_detail','UPDATING DATA ID #32',8,1488017532,8,1488017532),(2429,'SUCCESS','attachment','INSERTING NEW DATA WITH ID #26',8,1488017532,8,1488017532),(2430,'SUCCESS','attachment_owner','INSERTING NEW DATA WITH ID #28',8,1488017532,8,1488017532),(2431,'SUCCESS','ppu_technical_provision_detail','UPDATING DATA ID #33',8,1488017532,8,1488017532),(2432,'SUCCESS','ppu_technical_provision_detail','UPDATING DATA ID #34',8,1488017532,8,1488017532),(2433,'SUCCESS','ppu_ambient','INSERTING NEW DATA WITH ID #1',8,1488121324,8,1488121324),(2434,'SUCCESS','codeset','INSERTING NEW DATA WITH ID #33',8,1488135214,8,1488135214),(2435,'SUCCESS','codeset','INSERTING NEW DATA WITH ID #34',8,1488135241,8,1488135241),(2436,'SUCCESS','ppua_monitoring_point','INSERTING NEW DATA WITH ID #1',8,1488135696,8,1488135696),(2437,'SUCCESS','ppu_emission_source','INSERTING NEW DATA WITH ID #3',8,1488135820,8,1488135820),(2438,'SUCCESS','codeset','INSERTING NEW DATA WITH ID #35',8,1488185215,8,1488185215),(2439,'SUCCESS','codeset','INSERTING NEW DATA WITH ID #36',8,1488185227,8,1488185227),(2440,'SUCCESS','codeset','INSERTING NEW DATA WITH ID #37',8,1488185234,8,1488185234),(2441,'SUCCESS','codeset','INSERTING NEW DATA WITH ID #38',8,1488185245,8,1488185245),(2442,'SUCCESS','codeset','INSERTING NEW DATA WITH ID #39',8,1488185253,8,1488185253),(2443,'SUCCESS','codeset','INSERTING NEW DATA WITH ID #40',8,1488185284,8,1488185284),(2444,'SUCCESS','codeset','INSERTING NEW DATA WITH ID #41',8,1488185298,8,1488185298),(2445,'SUCCESS','ppua_parameter_obligation','INSERTING NEW DATA WITH ID #1',8,1488185521,8,1488185521),(2446,'SUCCESS','ppua_parameter_obligation','INSERTING NEW DATA WITH ID #2',8,1488185685,8,1488185685),(2447,'SUCCESS','ppuapo_month','INSERTING NEW DATA WITH ID #1',8,1488185685,8,1488185685),(2448,'SUCCESS','ppuapo_month','INSERTING NEW DATA WITH ID #2',8,1488185685,8,1488185685),(2449,'SUCCESS','ppuapo_month','INSERTING NEW DATA WITH ID #3',8,1488185685,8,1488185685),(2450,'SUCCESS','ppuapo_month','INSERTING NEW DATA WITH ID #4',8,1488185685,8,1488185685),(2451,'SUCCESS','ppuapo_month','INSERTING NEW DATA WITH ID #5',8,1488185685,8,1488185685),(2452,'SUCCESS','ppuapo_month','INSERTING NEW DATA WITH ID #6',8,1488185685,8,1488185685),(2453,'SUCCESS','ppuapo_month','INSERTING NEW DATA WITH ID #7',8,1488185685,8,1488185685),(2454,'SUCCESS','ppuapo_month','INSERTING NEW DATA WITH ID #8',8,1488185685,8,1488185685),(2455,'SUCCESS','ppuapo_month','INSERTING NEW DATA WITH ID #9',8,1488185685,8,1488185685),(2456,'SUCCESS','ppuapo_month','INSERTING NEW DATA WITH ID #10',8,1488185685,8,1488185685),(2457,'SUCCESS','ppuapo_month','INSERTING NEW DATA WITH ID #11',8,1488185685,8,1488185685),(2458,'SUCCESS','ppuapo_month','INSERTING NEW DATA WITH ID #12',8,1488185685,8,1488185685),(2459,'SUCCESS','codeset','INSERTING NEW DATA WITH ID #42',8,1488389278,8,1488389278),(2460,'SUCCESS','codeset','INSERTING NEW DATA WITH ID #43',8,1488389286,8,1488389286),(2461,'SUCCESS','codeset','INSERTING NEW DATA WITH ID #44',8,1488389298,8,1488389298),(2462,'SUCCESS','ppucems_report_bm','INSERTING NEW DATA WITH ID #1',8,1488442878,8,1488442878),(2463,'SUCCESS','ppucemsrb_quarter','INSERTING NEW DATA WITH ID #1',8,1488442878,8,1488442878),(2464,'SUCCESS','ppucemsrb_quarter','INSERTING NEW DATA WITH ID #2',8,1488442878,8,1488442878),(2465,'SUCCESS','ppucemsrb_quarter','INSERTING NEW DATA WITH ID #3',8,1488442878,8,1488442878),(2466,'SUCCESS','ppucemsrb_quarter','INSERTING NEW DATA WITH ID #4',8,1488442878,8,1488442878),(2467,'SUCCESS','ppucems_report_bm','UPDATING DATA ID #1',8,1488443327,8,1488443327),(2468,'SUCCESS','ppucemsrb_quarter','UPDATING DATA ID #1',8,1488443327,8,1488443327),(2469,'SUCCESS','log_dirty','INSERTING NEW DATA WITH ID #132',8,1488443327,8,1488443327),(2470,'SUCCESS','ppucemsrb_quarter','UPDATING DATA ID #2',8,1488443327,8,1488443327),(2471,'SUCCESS','ppucemsrb_quarter','UPDATING DATA ID #3',8,1488443327,8,1488443327),(2472,'SUCCESS','ppucemsrb_quarter','UPDATING DATA ID #4',8,1488443327,8,1488443327),(2473,'SUCCESS','ppucems_report_bm','UPDATING DATA ID #1',8,1488443346,8,1488443346),(2474,'SUCCESS','ppucemsrb_quarter','UPDATING DATA ID #1',8,1488443346,8,1488443346),(2475,'SUCCESS','log_dirty','INSERTING NEW DATA WITH ID #133',8,1488443346,8,1488443346),(2476,'SUCCESS','ppucemsrb_quarter','UPDATING DATA ID #2',8,1488443346,8,1488443346),(2477,'SUCCESS','ppucemsrb_quarter','UPDATING DATA ID #3',8,1488443346,8,1488443346),(2478,'SUCCESS','ppucemsrb_quarter','UPDATING DATA ID #4',8,1488443346,8,1488443346),(2479,'SUCCESS','ppucems_report_bm','UPDATING DATA ID #1',8,1488521426,8,1488521426),(2480,'SUCCESS','ppucemsrb_quarter','UPDATING DATA ID #1',8,1488521426,8,1488521426),(2481,'SUCCESS','ppucemsrb_quarter','UPDATING DATA ID #2',8,1488521426,8,1488521426),(2482,'SUCCESS','ppucemsrb_quarter','UPDATING DATA ID #3',8,1488521426,8,1488521426),(2483,'SUCCESS','ppucemsrb_quarter','UPDATING DATA ID #4',8,1488521426,8,1488521426),(2484,'SUCCESS','log_dirty','INSERTING NEW DATA WITH ID #134',8,1488521426,8,1488521426),(2485,'SUCCESS','codeset','INSERTING NEW DATA WITH ID #45',8,1488572218,8,1488572218),(2486,'SUCCESS','ppucemsrb_parameter_report','INSERTING NEW DATA WITH ID #1',8,1488573269,8,1488573269),(2487,'SUCCESS','ppucemsrb_parameter_report','INSERTING NEW DATA WITH ID #2',8,1488573344,8,1488573344),(2488,'SUCCESS','ppucems_report_bm','INSERTING NEW DATA WITH ID #2',8,1488653867,8,1488653867),(2489,'SUCCESS','ppucemsrb_quarter','INSERTING NEW DATA WITH ID #5',8,1488653867,8,1488653867),(2490,'SUCCESS','ppucemsrb_quarter','INSERTING NEW DATA WITH ID #6',8,1488653867,8,1488653867),(2491,'SUCCESS','ppucemsrb_quarter','INSERTING NEW DATA WITH ID #7',8,1488653867,8,1488653867),(2492,'SUCCESS','ppucemsrb_quarter','INSERTING NEW DATA WITH ID #8',8,1488653867,8,1488653867),(2493,'SUCCESS','ppucemsrb_parameter_report','INSERTING NEW DATA WITH ID #3',8,1488654706,8,1488654706),(2494,'SUCCESS','ppucemsrb_parameter_report','INSERTING NEW DATA WITH ID #4',8,1488655931,8,1488655931),(2495,'SUCCESS','ppu','INSERTING NEW DATA WITH ID #4',8,1488794829,8,1488794829),(2496,'SUCCESS','ppu','INSERTING NEW DATA WITH ID #5',8,1488794922,8,1488794922),(2497,'SUCCESS','ppu','INSERTING NEW DATA WITH ID #6',8,1488794978,8,1488794978),(2498,'SUCCESS','ppu','INSERTING NEW DATA WITH ID #7',8,1488795007,8,1488795007),(2499,'SUCCESS','ppu_emission_source','UPDATING DATA ID #3',8,1488798713,8,1488798713),(2500,'SUCCESS','log_dirty','INSERTING NEW DATA WITH ID #135',8,1488798713,8,1488798713),(2501,'SUCCESS','ppu_parameter_obligation','UPDATING DATA ID #7',8,1488799005,8,1488799005),(2502,'SUCCESS','ppupo_month','UPDATING DATA ID #73',8,1488799005,8,1488799005),(2503,'SUCCESS','log_dirty','INSERTING NEW DATA WITH ID #136',8,1488799005,8,1488799005),(2504,'SUCCESS','ppupo_month','UPDATING DATA ID #74',8,1488799005,8,1488799005),(2505,'SUCCESS','log_dirty','INSERTING NEW DATA WITH ID #137',8,1488799005,8,1488799005),(2506,'SUCCESS','ppupo_month','UPDATING DATA ID #75',8,1488799005,8,1488799005),(2507,'SUCCESS','log_dirty','INSERTING NEW DATA WITH ID #138',8,1488799005,8,1488799005),(2508,'SUCCESS','ppupo_month','UPDATING DATA ID #76',8,1488799005,8,1488799005),(2509,'SUCCESS','log_dirty','INSERTING NEW DATA WITH ID #139',8,1488799005,8,1488799005),(2510,'SUCCESS','ppupo_month','UPDATING DATA ID #77',8,1488799005,8,1488799005),(2511,'SUCCESS','log_dirty','INSERTING NEW DATA WITH ID #140',8,1488799005,8,1488799005),(2512,'SUCCESS','ppupo_month','UPDATING DATA ID #78',8,1488799005,8,1488799005),(2513,'SUCCESS','log_dirty','INSERTING NEW DATA WITH ID #141',8,1488799005,8,1488799005),(2514,'SUCCESS','ppupo_month','UPDATING DATA ID #79',8,1488799005,8,1488799005),(2515,'SUCCESS','log_dirty','INSERTING NEW DATA WITH ID #142',8,1488799005,8,1488799005),(2516,'SUCCESS','ppupo_month','UPDATING DATA ID #80',8,1488799005,8,1488799005),(2517,'SUCCESS','log_dirty','INSERTING NEW DATA WITH ID #143',8,1488799005,8,1488799005),(2518,'SUCCESS','ppupo_month','UPDATING DATA ID #81',8,1488799005,8,1488799005),(2519,'SUCCESS','log_dirty','INSERTING NEW DATA WITH ID #144',8,1488799005,8,1488799005),(2520,'SUCCESS','ppupo_month','UPDATING DATA ID #82',8,1488799005,8,1488799005),(2521,'SUCCESS','ppupo_month','UPDATING DATA ID #83',8,1488799005,8,1488799005),(2522,'SUCCESS','ppupo_month','UPDATING DATA ID #84',8,1488799005,8,1488799005),(2523,'SUCCESS','ppu_parameter_obligation','UPDATING DATA ID #9',8,1488799099,8,1488799099),(2524,'SUCCESS','ppupo_month','UPDATING DATA ID #97',8,1488799099,8,1488799099),(2525,'SUCCESS','log_dirty','INSERTING NEW DATA WITH ID #145',8,1488799099,8,1488799099),(2526,'SUCCESS','ppupo_month','UPDATING DATA ID #98',8,1488799100,8,1488799100),(2527,'SUCCESS','log_dirty','INSERTING NEW DATA WITH ID #146',8,1488799100,8,1488799100),(2528,'SUCCESS','ppupo_month','UPDATING DATA ID #99',8,1488799100,8,1488799100),(2529,'SUCCESS','log_dirty','INSERTING NEW DATA WITH ID #147',8,1488799100,8,1488799100),(2530,'SUCCESS','ppupo_month','UPDATING DATA ID #100',8,1488799100,8,1488799100),(2531,'SUCCESS','log_dirty','INSERTING NEW DATA WITH ID #148',8,1488799100,8,1488799100),(2532,'SUCCESS','ppupo_month','UPDATING DATA ID #101',8,1488799100,8,1488799100),(2533,'SUCCESS','log_dirty','INSERTING NEW DATA WITH ID #149',8,1488799100,8,1488799100),(2534,'SUCCESS','ppupo_month','UPDATING DATA ID #102',8,1488799100,8,1488799100),(2535,'SUCCESS','log_dirty','INSERTING NEW DATA WITH ID #150',8,1488799100,8,1488799100),(2536,'SUCCESS','ppupo_month','UPDATING DATA ID #103',8,1488799100,8,1488799100),(2537,'SUCCESS','log_dirty','INSERTING NEW DATA WITH ID #151',8,1488799100,8,1488799100),(2538,'SUCCESS','ppupo_month','UPDATING DATA ID #104',8,1488799100,8,1488799100),(2539,'SUCCESS','log_dirty','INSERTING NEW DATA WITH ID #152',8,1488799100,8,1488799100),(2540,'SUCCESS','ppupo_month','UPDATING DATA ID #105',8,1488799100,8,1488799100),(2541,'SUCCESS','log_dirty','INSERTING NEW DATA WITH ID #153',8,1488799100,8,1488799100),(2542,'SUCCESS','ppupo_month','UPDATING DATA ID #106',8,1488799100,8,1488799100),(2543,'SUCCESS','ppupo_month','UPDATING DATA ID #107',8,1488799100,8,1488799100),(2544,'SUCCESS','ppupo_month','UPDATING DATA ID #108',8,1488799100,8,1488799100),(2545,'SUCCESS','ppu_parameter_obligation','UPDATING DATA ID #6',8,1488799201,8,1488799201),(2546,'SUCCESS','ppupo_month','UPDATING DATA ID #61',8,1488799201,8,1488799201),(2547,'SUCCESS','log_dirty','INSERTING NEW DATA WITH ID #154',8,1488799201,8,1488799201),(2548,'SUCCESS','ppupo_month','UPDATING DATA ID #62',8,1488799201,8,1488799201),(2549,'SUCCESS','log_dirty','INSERTING NEW DATA WITH ID #155',8,1488799201,8,1488799201),(2550,'SUCCESS','ppupo_month','UPDATING DATA ID #63',8,1488799201,8,1488799201),(2551,'SUCCESS','log_dirty','INSERTING NEW DATA WITH ID #156',8,1488799201,8,1488799201),(2552,'SUCCESS','ppupo_month','UPDATING DATA ID #64',8,1488799201,8,1488799201),(2553,'SUCCESS','log_dirty','INSERTING NEW DATA WITH ID #157',8,1488799201,8,1488799201),(2554,'SUCCESS','ppupo_month','UPDATING DATA ID #65',8,1488799201,8,1488799201),(2555,'SUCCESS','log_dirty','INSERTING NEW DATA WITH ID #158',8,1488799201,8,1488799201),(2556,'SUCCESS','ppupo_month','UPDATING DATA ID #66',8,1488799201,8,1488799201),(2557,'SUCCESS','log_dirty','INSERTING NEW DATA WITH ID #159',8,1488799201,8,1488799201),(2558,'SUCCESS','ppupo_month','UPDATING DATA ID #67',8,1488799201,8,1488799201),(2559,'SUCCESS','log_dirty','INSERTING NEW DATA WITH ID #160',8,1488799201,8,1488799201),(2560,'SUCCESS','ppupo_month','UPDATING DATA ID #68',8,1488799201,8,1488799201),(2561,'SUCCESS','log_dirty','INSERTING NEW DATA WITH ID #161',8,1488799201,8,1488799201),(2562,'SUCCESS','ppupo_month','UPDATING DATA ID #69',8,1488799201,8,1488799201),(2563,'SUCCESS','log_dirty','INSERTING NEW DATA WITH ID #162',8,1488799201,8,1488799201),(2564,'SUCCESS','ppupo_month','UPDATING DATA ID #70',8,1488799201,8,1488799201),(2565,'SUCCESS','ppupo_month','UPDATING DATA ID #71',8,1488799201,8,1488799201),(2566,'SUCCESS','ppupo_month','UPDATING DATA ID #72',8,1488799201,8,1488799201),(2567,'SUCCESS','ppu_emission_source','UPDATING DATA ID #2',8,1488799302,8,1488799302),(2568,'SUCCESS','log_dirty','INSERTING NEW DATA WITH ID #163',8,1488799302,8,1488799302),(2569,'SUCCESS','ppu_emission_source','UPDATING DATA ID #2',8,1488799340,8,1488799340),(2570,'SUCCESS','log_dirty','INSERTING NEW DATA WITH ID #164',8,1488799340,8,1488799340),(2571,'SUCCESS','ppu_emission_source','INSERTING NEW DATA WITH ID #4',8,1488800399,8,1488800399),(2572,'SUCCESS','ppu_emission_source','INSERTING NEW DATA WITH ID #5',8,1488801111,8,1488801111),(2573,'SUCCESS','ppu_compulsory_monitored_emission_source','DELETING DATA ID #2',8,1488801494,8,1488801494),(2574,'SUCCESS','ppu_parameter_obligation','DELETING DATA ID #12',8,1488801508,8,1488801508),(2575,'SUCCESS','ppucems_report_bm','DELETING DATA ID #1',8,1488801535,8,1488801535),(2576,'SUCCESS','ppu_emission_source','DELETING DATA ID #5',8,1488801704,8,1488801704),(2577,'SUCCESS','ppu_emission_source','INSERTING NEW DATA WITH ID #6',8,1488801851,8,1488801851),(2578,'SUCCESS','ppu_emission_source','DELETING DATA ID #6',8,1488802106,8,1488802106),(2579,'SUCCESS','ppu_emission_source','INSERTING NEW DATA WITH ID #4',8,1488821905,8,1488821905),(2580,'SUCCESS','ppu_emission_source','DELETING DATA ID #4',8,1488822310,8,1488822310),(2581,'SUCCESS','attachment','DELETING DATA ID #20',8,1488822317,8,1488822317),(2582,'SUCCESS','ppu_emission_source','DELETING DATA ID #2',8,1488822317,8,1488822317),(2583,'SUCCESS','ppu_emission_source','DELETING DATA ID #3',8,1488822321,8,1488822321),(2584,'SUCCESS','ppu_emission_source','INSERTING NEW DATA WITH ID #5',8,1488823081,8,1488823081),(2585,'SUCCESS','ppues_month','INSERTING NEW DATA WITH ID #25',8,1488823081,8,1488823081),(2586,'SUCCESS','ppues_month','INSERTING NEW DATA WITH ID #26',8,1488823081,8,1488823081),(2587,'SUCCESS','ppues_month','INSERTING NEW DATA WITH ID #27',8,1488823081,8,1488823081),(2588,'SUCCESS','ppues_month','INSERTING NEW DATA WITH ID #28',8,1488823081,8,1488823081),(2589,'SUCCESS','ppues_month','INSERTING NEW DATA WITH ID #29',8,1488823081,8,1488823081),(2590,'SUCCESS','ppues_month','INSERTING NEW DATA WITH ID #30',8,1488823081,8,1488823081),(2591,'SUCCESS','ppues_month','INSERTING NEW DATA WITH ID #31',8,1488823081,8,1488823081),(2592,'SUCCESS','ppues_month','INSERTING NEW DATA WITH ID #32',8,1488823081,8,1488823081),(2593,'SUCCESS','ppues_month','INSERTING NEW DATA WITH ID #33',8,1488823081,8,1488823081),(2594,'SUCCESS','ppues_month','INSERTING NEW DATA WITH ID #34',8,1488823081,8,1488823081),(2595,'SUCCESS','ppues_month','INSERTING NEW DATA WITH ID #35',8,1488823081,8,1488823081),(2596,'SUCCESS','ppues_month','INSERTING NEW DATA WITH ID #36',8,1488823081,8,1488823081),(2597,'SUCCESS','ppu_emission_source','UPDATING DATA ID #5',8,1488823208,8,1488823208),(2598,'SUCCESS','ppues_month','UPDATING DATA ID #25',8,1488823208,8,1488823208),(2599,'SUCCESS','ppues_month','UPDATING DATA ID #26',8,1488823208,8,1488823208),(2600,'SUCCESS','ppues_month','UPDATING DATA ID #27',8,1488823208,8,1488823208),(2601,'SUCCESS','ppues_month','UPDATING DATA ID #28',8,1488823208,8,1488823208),(2602,'SUCCESS','ppues_month','UPDATING DATA ID #29',8,1488823209,8,1488823209),(2603,'SUCCESS','log_dirty','INSERTING NEW DATA WITH ID #165',8,1488823209,8,1488823209),(2604,'SUCCESS','ppues_month','UPDATING DATA ID #30',8,1488823209,8,1488823209),(2605,'SUCCESS','ppues_month','UPDATING DATA ID #31',8,1488823209,8,1488823209),(2606,'SUCCESS','ppues_month','UPDATING DATA ID #32',8,1488823209,8,1488823209),(2607,'SUCCESS','ppues_month','UPDATING DATA ID #33',8,1488823209,8,1488823209),(2608,'SUCCESS','ppues_month','UPDATING DATA ID #34',8,1488823209,8,1488823209),(2609,'SUCCESS','ppues_month','UPDATING DATA ID #35',8,1488823209,8,1488823209),(2610,'SUCCESS','ppues_month','UPDATING DATA ID #36',8,1488823209,8,1488823209),(2611,'SUCCESS','ppu_emission_source','UPDATING DATA ID #5',8,1488823217,8,1488823217),(2612,'SUCCESS','ppues_month','UPDATING DATA ID #25',8,1488823217,8,1488823217),(2613,'SUCCESS','ppues_month','UPDATING DATA ID #26',8,1488823217,8,1488823217),(2614,'SUCCESS','ppues_month','UPDATING DATA ID #27',8,1488823217,8,1488823217),(2615,'SUCCESS','ppues_month','UPDATING DATA ID #28',8,1488823217,8,1488823217),(2616,'SUCCESS','ppues_month','UPDATING DATA ID #29',8,1488823217,8,1488823217),(2617,'SUCCESS','log_dirty','INSERTING NEW DATA WITH ID #166',8,1488823217,8,1488823217),(2618,'SUCCESS','ppues_month','UPDATING DATA ID #30',8,1488823217,8,1488823217),(2619,'SUCCESS','ppues_month','UPDATING DATA ID #31',8,1488823217,8,1488823217),(2620,'SUCCESS','ppues_month','UPDATING DATA ID #32',8,1488823217,8,1488823217),(2621,'SUCCESS','ppues_month','UPDATING DATA ID #33',8,1488823217,8,1488823217),(2622,'SUCCESS','ppues_month','UPDATING DATA ID #34',8,1488823217,8,1488823217),(2623,'SUCCESS','ppues_month','UPDATING DATA ID #35',8,1488823217,8,1488823217),(2624,'SUCCESS','ppues_month','UPDATING DATA ID #36',8,1488823217,8,1488823217),(2625,'SUCCESS','ppu_emission_source','INSERTING NEW DATA WITH ID #6',8,1488823504,8,1488823504),(2626,'SUCCESS','ppues_month','INSERTING NEW DATA WITH ID #37',8,1488823504,8,1488823504),(2627,'SUCCESS','ppues_month','INSERTING NEW DATA WITH ID #38',8,1488823504,8,1488823504),(2628,'SUCCESS','ppues_month','INSERTING NEW DATA WITH ID #39',8,1488823504,8,1488823504),(2629,'SUCCESS','ppues_month','INSERTING NEW DATA WITH ID #40',8,1488823504,8,1488823504),(2630,'SUCCESS','ppues_month','INSERTING NEW DATA WITH ID #41',8,1488823504,8,1488823504),(2631,'SUCCESS','ppues_month','INSERTING NEW DATA WITH ID #42',8,1488823504,8,1488823504),(2632,'SUCCESS','ppues_month','INSERTING NEW DATA WITH ID #43',8,1488823504,8,1488823504),(2633,'SUCCESS','ppues_month','INSERTING NEW DATA WITH ID #44',8,1488823504,8,1488823504),(2634,'SUCCESS','ppues_month','INSERTING NEW DATA WITH ID #45',8,1488823504,8,1488823504),(2635,'SUCCESS','ppues_month','INSERTING NEW DATA WITH ID #46',8,1488823504,8,1488823504),(2636,'SUCCESS','ppues_month','INSERTING NEW DATA WITH ID #47',8,1488823504,8,1488823504),(2637,'SUCCESS','ppues_month','INSERTING NEW DATA WITH ID #48',8,1488823504,8,1488823504),(2638,'SUCCESS','ppu_emission_source','DELETING DATA ID #6',8,1488823509,8,1488823509),(2639,'SUCCESS','ppu_emission_source','INSERTING NEW DATA WITH ID #7',8,1488823658,8,1488823658),(2640,'SUCCESS','ppues_month','INSERTING NEW DATA WITH ID #49',8,1488823658,8,1488823658),(2641,'SUCCESS','ppues_month','INSERTING NEW DATA WITH ID #50',8,1488823658,8,1488823658),(2642,'SUCCESS','ppues_month','INSERTING NEW DATA WITH ID #51',8,1488823658,8,1488823658),(2643,'SUCCESS','ppues_month','INSERTING NEW DATA WITH ID #52',8,1488823659,8,1488823659),(2644,'SUCCESS','ppues_month','INSERTING NEW DATA WITH ID #53',8,1488823659,8,1488823659),(2645,'SUCCESS','ppues_month','INSERTING NEW DATA WITH ID #54',8,1488823659,8,1488823659),(2646,'SUCCESS','ppues_month','INSERTING NEW DATA WITH ID #55',8,1488823659,8,1488823659),(2647,'SUCCESS','ppues_month','INSERTING NEW DATA WITH ID #56',8,1488823659,8,1488823659),(2648,'SUCCESS','ppues_month','INSERTING NEW DATA WITH ID #57',8,1488823659,8,1488823659),(2649,'SUCCESS','ppues_month','INSERTING NEW DATA WITH ID #58',8,1488823659,8,1488823659),(2650,'SUCCESS','ppues_month','INSERTING NEW DATA WITH ID #59',8,1488823659,8,1488823659),(2651,'SUCCESS','ppues_month','INSERTING NEW DATA WITH ID #60',8,1488823659,8,1488823659),(2652,'SUCCESS','ppu_emission_source','DELETING DATA ID #7',8,1488823711,8,1488823711),(2653,'SUCCESS','ppu_emission_source','UPDATING DATA ID #5',8,1488823847,8,1488823847),(2654,'SUCCESS','ppues_month','UPDATING DATA ID #25',8,1488823847,8,1488823847),(2655,'SUCCESS','ppues_month','UPDATING DATA ID #26',8,1488823847,8,1488823847),(2656,'SUCCESS','ppues_month','UPDATING DATA ID #27',8,1488823847,8,1488823847),(2657,'SUCCESS','ppues_month','UPDATING DATA ID #28',8,1488823847,8,1488823847),(2658,'SUCCESS','ppues_month','UPDATING DATA ID #29',8,1488823847,8,1488823847),(2659,'SUCCESS','ppues_month','UPDATING DATA ID #30',8,1488823847,8,1488823847),(2660,'SUCCESS','ppues_month','UPDATING DATA ID #31',8,1488823847,8,1488823847),(2661,'SUCCESS','ppues_month','UPDATING DATA ID #32',8,1488823847,8,1488823847),(2662,'SUCCESS','ppues_month','UPDATING DATA ID #33',8,1488823847,8,1488823847),(2663,'SUCCESS','ppues_month','UPDATING DATA ID #34',8,1488823847,8,1488823847),(2664,'SUCCESS','ppues_month','UPDATING DATA ID #35',8,1488823847,8,1488823847),(2665,'SUCCESS','ppues_month','UPDATING DATA ID #36',8,1488823847,8,1488823847),(2666,'SUCCESS','ppu_emission_source','INSERTING NEW DATA WITH ID #8',8,1488824065,8,1488824065),(2667,'SUCCESS','ppues_month','INSERTING NEW DATA WITH ID #61',8,1488824065,8,1488824065),(2668,'SUCCESS','ppues_month','INSERTING NEW DATA WITH ID #62',8,1488824065,8,1488824065),(2669,'SUCCESS','ppues_month','INSERTING NEW DATA WITH ID #63',8,1488824065,8,1488824065),(2670,'SUCCESS','ppues_month','INSERTING NEW DATA WITH ID #64',8,1488824065,8,1488824065),(2671,'SUCCESS','ppues_month','INSERTING NEW DATA WITH ID #65',8,1488824065,8,1488824065),(2672,'SUCCESS','ppues_month','INSERTING NEW DATA WITH ID #66',8,1488824065,8,1488824065),(2673,'SUCCESS','ppues_month','INSERTING NEW DATA WITH ID #67',8,1488824065,8,1488824065),(2674,'SUCCESS','ppues_month','INSERTING NEW DATA WITH ID #68',8,1488824065,8,1488824065),(2675,'SUCCESS','ppues_month','INSERTING NEW DATA WITH ID #69',8,1488824065,8,1488824065),(2676,'SUCCESS','ppues_month','INSERTING NEW DATA WITH ID #70',8,1488824065,8,1488824065),(2677,'SUCCESS','ppues_month','INSERTING NEW DATA WITH ID #71',8,1488824065,8,1488824065),(2678,'SUCCESS','ppues_month','INSERTING NEW DATA WITH ID #72',8,1488824065,8,1488824065),(2679,'SUCCESS','ppu_emission_source','INSERTING NEW DATA WITH ID #9',8,1488824118,8,1488824118),(2680,'SUCCESS','ppues_month','INSERTING NEW DATA WITH ID #73',8,1488824118,8,1488824118),(2681,'SUCCESS','ppues_month','INSERTING NEW DATA WITH ID #74',8,1488824118,8,1488824118),(2682,'SUCCESS','ppues_month','INSERTING NEW DATA WITH ID #75',8,1488824118,8,1488824118),(2683,'SUCCESS','ppues_month','INSERTING NEW DATA WITH ID #76',8,1488824118,8,1488824118),(2684,'SUCCESS','ppues_month','INSERTING NEW DATA WITH ID #77',8,1488824118,8,1488824118),(2685,'SUCCESS','ppues_month','INSERTING NEW DATA WITH ID #78',8,1488824118,8,1488824118),(2686,'SUCCESS','ppues_month','INSERTING NEW DATA WITH ID #79',8,1488824118,8,1488824118),(2687,'SUCCESS','ppues_month','INSERTING NEW DATA WITH ID #80',8,1488824118,8,1488824118),(2688,'SUCCESS','ppues_month','INSERTING NEW DATA WITH ID #81',8,1488824118,8,1488824118),(2689,'SUCCESS','ppues_month','INSERTING NEW DATA WITH ID #82',8,1488824118,8,1488824118),(2690,'SUCCESS','ppues_month','INSERTING NEW DATA WITH ID #83',8,1488824118,8,1488824118),(2691,'SUCCESS','ppues_month','INSERTING NEW DATA WITH ID #84',8,1488824118,8,1488824118),(2692,'SUCCESS','ppu_parameter_obligation','INSERTING NEW DATA WITH ID #16',8,1488824274,8,1488824274),(2693,'SUCCESS','ppupo_month','INSERTING NEW DATA WITH ID #181',8,1488824274,8,1488824274),(2694,'SUCCESS','ppupo_month','INSERTING NEW DATA WITH ID #182',8,1488824274,8,1488824274),(2695,'SUCCESS','ppupo_month','INSERTING NEW DATA WITH ID #183',8,1488824274,8,1488824274),(2696,'SUCCESS','ppupo_month','INSERTING NEW DATA WITH ID #184',8,1488824274,8,1488824274),(2697,'SUCCESS','ppupo_month','INSERTING NEW DATA WITH ID #185',8,1488824274,8,1488824274),(2698,'SUCCESS','ppupo_month','INSERTING NEW DATA WITH ID #186',8,1488824274,8,1488824274),(2699,'SUCCESS','ppupo_month','INSERTING NEW DATA WITH ID #187',8,1488824274,8,1488824274),(2700,'SUCCESS','ppupo_month','INSERTING NEW DATA WITH ID #188',8,1488824274,8,1488824274),(2701,'SUCCESS','ppupo_month','INSERTING NEW DATA WITH ID #189',8,1488824274,8,1488824274),(2702,'SUCCESS','ppupo_month','INSERTING NEW DATA WITH ID #190',8,1488824274,8,1488824274),(2703,'SUCCESS','ppupo_month','INSERTING NEW DATA WITH ID #191',8,1488824274,8,1488824274),(2704,'SUCCESS','ppupo_month','INSERTING NEW DATA WITH ID #192',8,1488824274,8,1488824274),(2705,'SUCCESS','ppu_parameter_obligation','INSERTING NEW DATA WITH ID #17',8,1488824330,8,1488824330),(2706,'SUCCESS','ppupo_month','INSERTING NEW DATA WITH ID #193',8,1488824330,8,1488824330),(2707,'SUCCESS','ppupo_month','INSERTING NEW DATA WITH ID #194',8,1488824330,8,1488824330),(2708,'SUCCESS','ppupo_month','INSERTING NEW DATA WITH ID #195',8,1488824330,8,1488824330),(2709,'SUCCESS','ppupo_month','INSERTING NEW DATA WITH ID #196',8,1488824330,8,1488824330),(2710,'SUCCESS','ppupo_month','INSERTING NEW DATA WITH ID #197',8,1488824330,8,1488824330),(2711,'SUCCESS','ppupo_month','INSERTING NEW DATA WITH ID #198',8,1488824330,8,1488824330),(2712,'SUCCESS','ppupo_month','INSERTING NEW DATA WITH ID #199',8,1488824330,8,1488824330),(2713,'SUCCESS','ppupo_month','INSERTING NEW DATA WITH ID #200',8,1488824330,8,1488824330),(2714,'SUCCESS','ppupo_month','INSERTING NEW DATA WITH ID #201',8,1488824330,8,1488824330),(2715,'SUCCESS','ppupo_month','INSERTING NEW DATA WITH ID #202',8,1488824330,8,1488824330),(2716,'SUCCESS','ppupo_month','INSERTING NEW DATA WITH ID #203',8,1488824330,8,1488824330),(2717,'SUCCESS','ppupo_month','INSERTING NEW DATA WITH ID #204',8,1488824330,8,1488824330),(2718,'SUCCESS','ppu_parameter_obligation','UPDATING DATA ID #16',8,1488824352,8,1488824352),(2719,'SUCCESS','ppupo_month','UPDATING DATA ID #181',8,1488824352,8,1488824352),(2720,'SUCCESS','log_dirty','INSERTING NEW DATA WITH ID #167',8,1488824352,8,1488824352),(2721,'SUCCESS','ppupo_month','UPDATING DATA ID #182',8,1488824352,8,1488824352),(2722,'SUCCESS','ppupo_month','UPDATING DATA ID #183',8,1488824352,8,1488824352),(2723,'SUCCESS','ppupo_month','UPDATING DATA ID #184',8,1488824352,8,1488824352),(2724,'SUCCESS','ppupo_month','UPDATING DATA ID #185',8,1488824352,8,1488824352),(2725,'SUCCESS','ppupo_month','UPDATING DATA ID #186',8,1488824352,8,1488824352),(2726,'SUCCESS','ppupo_month','UPDATING DATA ID #187',8,1488824352,8,1488824352),(2727,'SUCCESS','ppupo_month','UPDATING DATA ID #188',8,1488824352,8,1488824352),(2728,'SUCCESS','ppupo_month','UPDATING DATA ID #189',8,1488824352,8,1488824352),(2729,'SUCCESS','ppupo_month','UPDATING DATA ID #190',8,1488824352,8,1488824352),(2730,'SUCCESS','ppupo_month','UPDATING DATA ID #191',8,1488824352,8,1488824352),(2731,'SUCCESS','ppupo_month','UPDATING DATA ID #192',8,1488824352,8,1488824352),(2732,'SUCCESS','ppu_parameter_obligation','UPDATING DATA ID #16',8,1488824360,8,1488824360),(2733,'SUCCESS','ppupo_month','UPDATING DATA ID #181',8,1488824360,8,1488824360),(2734,'SUCCESS','log_dirty','INSERTING NEW DATA WITH ID #168',8,1488824360,8,1488824360),(2735,'SUCCESS','ppupo_month','UPDATING DATA ID #182',8,1488824360,8,1488824360),(2736,'SUCCESS','ppupo_month','UPDATING DATA ID #183',8,1488824360,8,1488824360),(2737,'SUCCESS','ppupo_month','UPDATING DATA ID #184',8,1488824360,8,1488824360),(2738,'SUCCESS','ppupo_month','UPDATING DATA ID #185',8,1488824360,8,1488824360),(2739,'SUCCESS','ppupo_month','UPDATING DATA ID #186',8,1488824360,8,1488824360),(2740,'SUCCESS','ppupo_month','UPDATING DATA ID #187',8,1488824360,8,1488824360),(2741,'SUCCESS','ppupo_month','UPDATING DATA ID #188',8,1488824360,8,1488824360),(2742,'SUCCESS','ppupo_month','UPDATING DATA ID #189',8,1488824360,8,1488824360),(2743,'SUCCESS','ppupo_month','UPDATING DATA ID #190',8,1488824360,8,1488824360),(2744,'SUCCESS','ppupo_month','UPDATING DATA ID #191',8,1488824360,8,1488824360),(2745,'SUCCESS','ppupo_month','UPDATING DATA ID #192',8,1488824360,8,1488824360),(2746,'SUCCESS','ppu_parameter_obligation','INSERTING NEW DATA WITH ID #18',8,1488824647,8,1488824647),(2747,'SUCCESS','ppupo_month','INSERTING NEW DATA WITH ID #205',8,1488824647,8,1488824647),(2748,'SUCCESS','ppupo_month','INSERTING NEW DATA WITH ID #206',8,1488824647,8,1488824647),(2749,'SUCCESS','ppupo_month','INSERTING NEW DATA WITH ID #207',8,1488824647,8,1488824647),(2750,'SUCCESS','ppupo_month','INSERTING NEW DATA WITH ID #208',8,1488824647,8,1488824647),(2751,'SUCCESS','ppupo_month','INSERTING NEW DATA WITH ID #209',8,1488824647,8,1488824647),(2752,'SUCCESS','ppupo_month','INSERTING NEW DATA WITH ID #210',8,1488824647,8,1488824647),(2753,'SUCCESS','ppupo_month','INSERTING NEW DATA WITH ID #211',8,1488824647,8,1488824647),(2754,'SUCCESS','ppupo_month','INSERTING NEW DATA WITH ID #212',8,1488824647,8,1488824647),(2755,'SUCCESS','ppupo_month','INSERTING NEW DATA WITH ID #213',8,1488824647,8,1488824647),(2756,'SUCCESS','ppupo_month','INSERTING NEW DATA WITH ID #214',8,1488824647,8,1488824647),(2757,'SUCCESS','ppupo_month','INSERTING NEW DATA WITH ID #215',8,1488824647,8,1488824647),(2758,'SUCCESS','ppupo_month','INSERTING NEW DATA WITH ID #216',8,1488824647,8,1488824647),(2759,'SUCCESS','ppu_parameter_obligation','DELETING DATA ID #18',8,1488824655,8,1488824655),(2760,'SUCCESS','ppu_parameter_obligation','INSERTING NEW DATA WITH ID #19',8,1488824707,8,1488824707),(2761,'SUCCESS','ppupo_month','INSERTING NEW DATA WITH ID #217',8,1488824707,8,1488824707),(2762,'SUCCESS','ppupo_month','INSERTING NEW DATA WITH ID #218',8,1488824707,8,1488824707),(2763,'SUCCESS','ppupo_month','INSERTING NEW DATA WITH ID #219',8,1488824707,8,1488824707),(2764,'SUCCESS','ppupo_month','INSERTING NEW DATA WITH ID #220',8,1488824707,8,1488824707),(2765,'SUCCESS','ppupo_month','INSERTING NEW DATA WITH ID #221',8,1488824707,8,1488824707),(2766,'SUCCESS','ppupo_month','INSERTING NEW DATA WITH ID #222',8,1488824707,8,1488824707),(2767,'SUCCESS','ppupo_month','INSERTING NEW DATA WITH ID #223',8,1488824707,8,1488824707),(2768,'SUCCESS','ppupo_month','INSERTING NEW DATA WITH ID #224',8,1488824707,8,1488824707),(2769,'SUCCESS','ppupo_month','INSERTING NEW DATA WITH ID #225',8,1488824707,8,1488824707),(2770,'SUCCESS','ppupo_month','INSERTING NEW DATA WITH ID #226',8,1488824707,8,1488824707),(2771,'SUCCESS','ppupo_month','INSERTING NEW DATA WITH ID #227',8,1488824707,8,1488824707),(2772,'SUCCESS','ppupo_month','INSERTING NEW DATA WITH ID #228',8,1488824707,8,1488824707),(2773,'SUCCESS','ppu_parameter_obligation','INSERTING NEW DATA WITH ID #20',8,1488824757,8,1488824757),(2774,'SUCCESS','ppupo_month','INSERTING NEW DATA WITH ID #229',8,1488824757,8,1488824757),(2775,'SUCCESS','ppupo_month','INSERTING NEW DATA WITH ID #230',8,1488824757,8,1488824757),(2776,'SUCCESS','ppupo_month','INSERTING NEW DATA WITH ID #231',8,1488824757,8,1488824757),(2777,'SUCCESS','ppupo_month','INSERTING NEW DATA WITH ID #232',8,1488824757,8,1488824757),(2778,'SUCCESS','ppupo_month','INSERTING NEW DATA WITH ID #233',8,1488824757,8,1488824757),(2779,'SUCCESS','ppupo_month','INSERTING NEW DATA WITH ID #234',8,1488824757,8,1488824757),(2780,'SUCCESS','ppupo_month','INSERTING NEW DATA WITH ID #235',8,1488824758,8,1488824758),(2781,'SUCCESS','ppupo_month','INSERTING NEW DATA WITH ID #236',8,1488824758,8,1488824758),(2782,'SUCCESS','ppupo_month','INSERTING NEW DATA WITH ID #237',8,1488824758,8,1488824758),(2783,'SUCCESS','ppupo_month','INSERTING NEW DATA WITH ID #238',8,1488824758,8,1488824758),(2784,'SUCCESS','ppupo_month','INSERTING NEW DATA WITH ID #239',8,1488824758,8,1488824758),(2785,'SUCCESS','ppupo_month','INSERTING NEW DATA WITH ID #240',8,1488824758,8,1488824758),(2786,'SUCCESS','ppu_parameter_obligation','INSERTING NEW DATA WITH ID #21',8,1488824834,8,1488824834),(2787,'SUCCESS','ppupo_month','INSERTING NEW DATA WITH ID #241',8,1488824834,8,1488824834),(2788,'SUCCESS','ppupo_month','INSERTING NEW DATA WITH ID #242',8,1488824834,8,1488824834),(2789,'SUCCESS','ppupo_month','INSERTING NEW DATA WITH ID #243',8,1488824834,8,1488824834),(2790,'SUCCESS','ppupo_month','INSERTING NEW DATA WITH ID #244',8,1488824834,8,1488824834),(2791,'SUCCESS','ppupo_month','INSERTING NEW DATA WITH ID #245',8,1488824835,8,1488824835),(2792,'SUCCESS','ppupo_month','INSERTING NEW DATA WITH ID #246',8,1488824835,8,1488824835),(2793,'SUCCESS','ppupo_month','INSERTING NEW DATA WITH ID #247',8,1488824835,8,1488824835),(2794,'SUCCESS','ppupo_month','INSERTING NEW DATA WITH ID #248',8,1488824835,8,1488824835),(2795,'SUCCESS','ppupo_month','INSERTING NEW DATA WITH ID #249',8,1488824835,8,1488824835),(2796,'SUCCESS','ppupo_month','INSERTING NEW DATA WITH ID #250',8,1488824835,8,1488824835),(2797,'SUCCESS','ppupo_month','INSERTING NEW DATA WITH ID #251',8,1488824835,8,1488824835),(2798,'SUCCESS','ppupo_month','INSERTING NEW DATA WITH ID #252',8,1488824835,8,1488824835),(2799,'SUCCESS','ppu_parameter_obligation','UPDATING DATA ID #16',8,1488824846,8,1488824846),(2800,'SUCCESS','ppupo_month','UPDATING DATA ID #181',8,1488824846,8,1488824846),(2801,'SUCCESS','ppupo_month','UPDATING DATA ID #182',8,1488824846,8,1488824846),(2802,'SUCCESS','ppupo_month','UPDATING DATA ID #183',8,1488824847,8,1488824847),(2803,'SUCCESS','ppupo_month','UPDATING DATA ID #184',8,1488824847,8,1488824847),(2804,'SUCCESS','ppupo_month','UPDATING DATA ID #185',8,1488824847,8,1488824847),(2805,'SUCCESS','ppupo_month','UPDATING DATA ID #186',8,1488824847,8,1488824847),(2806,'SUCCESS','ppupo_month','UPDATING DATA ID #187',8,1488824847,8,1488824847),(2807,'SUCCESS','ppupo_month','UPDATING DATA ID #188',8,1488824847,8,1488824847),(2808,'SUCCESS','ppupo_month','UPDATING DATA ID #189',8,1488824847,8,1488824847),(2809,'SUCCESS','ppupo_month','UPDATING DATA ID #190',8,1488824847,8,1488824847),(2810,'SUCCESS','ppupo_month','UPDATING DATA ID #191',8,1488824847,8,1488824847),(2811,'SUCCESS','ppupo_month','UPDATING DATA ID #192',8,1488824847,8,1488824847),(2812,'SUCCESS','ppu_parameter_obligation','UPDATING DATA ID #17',8,1488824856,8,1488824856),(2813,'SUCCESS','ppupo_month','UPDATING DATA ID #193',8,1488824856,8,1488824856),(2814,'SUCCESS','ppupo_month','UPDATING DATA ID #194',8,1488824856,8,1488824856),(2815,'SUCCESS','ppupo_month','UPDATING DATA ID #195',8,1488824856,8,1488824856),(2816,'SUCCESS','ppupo_month','UPDATING DATA ID #196',8,1488824856,8,1488824856),(2817,'SUCCESS','ppupo_month','UPDATING DATA ID #197',8,1488824856,8,1488824856),(2818,'SUCCESS','ppupo_month','UPDATING DATA ID #198',8,1488824856,8,1488824856),(2819,'SUCCESS','ppupo_month','UPDATING DATA ID #199',8,1488824856,8,1488824856),(2820,'SUCCESS','ppupo_month','UPDATING DATA ID #200',8,1488824856,8,1488824856),(2821,'SUCCESS','ppupo_month','UPDATING DATA ID #201',8,1488824856,8,1488824856),(2822,'SUCCESS','ppupo_month','UPDATING DATA ID #202',8,1488824856,8,1488824856),(2823,'SUCCESS','ppupo_month','UPDATING DATA ID #203',8,1488824856,8,1488824856),(2824,'SUCCESS','ppupo_month','UPDATING DATA ID #204',8,1488824856,8,1488824856),(2825,'SUCCESS','ppu_parameter_obligation','UPDATING DATA ID #19',8,1488824864,8,1488824864),(2826,'SUCCESS','ppupo_month','UPDATING DATA ID #217',8,1488824864,8,1488824864),(2827,'SUCCESS','ppupo_month','UPDATING DATA ID #218',8,1488824864,8,1488824864),(2828,'SUCCESS','ppupo_month','UPDATING DATA ID #219',8,1488824864,8,1488824864),(2829,'SUCCESS','ppupo_month','UPDATING DATA ID #220',8,1488824864,8,1488824864),(2830,'SUCCESS','ppupo_month','UPDATING DATA ID #221',8,1488824864,8,1488824864),(2831,'SUCCESS','ppupo_month','UPDATING DATA ID #222',8,1488824864,8,1488824864),(2832,'SUCCESS','ppupo_month','UPDATING DATA ID #223',8,1488824864,8,1488824864),(2833,'SUCCESS','ppupo_month','UPDATING DATA ID #224',8,1488824864,8,1488824864),(2834,'SUCCESS','ppupo_month','UPDATING DATA ID #225',8,1488824864,8,1488824864),(2835,'SUCCESS','ppupo_month','UPDATING DATA ID #226',8,1488824864,8,1488824864),(2836,'SUCCESS','ppupo_month','UPDATING DATA ID #227',8,1488824864,8,1488824864),(2837,'SUCCESS','ppupo_month','UPDATING DATA ID #228',8,1488824864,8,1488824864),(2838,'SUCCESS','ppu_parameter_obligation','UPDATING DATA ID #20',8,1488824872,8,1488824872),(2839,'SUCCESS','ppupo_month','UPDATING DATA ID #229',8,1488824872,8,1488824872),(2840,'SUCCESS','ppupo_month','UPDATING DATA ID #230',8,1488824872,8,1488824872),(2841,'SUCCESS','ppupo_month','UPDATING DATA ID #231',8,1488824872,8,1488824872),(2842,'SUCCESS','ppupo_month','UPDATING DATA ID #232',8,1488824872,8,1488824872),(2843,'SUCCESS','ppupo_month','UPDATING DATA ID #233',8,1488824872,8,1488824872),(2844,'SUCCESS','ppupo_month','UPDATING DATA ID #234',8,1488824872,8,1488824872),(2845,'SUCCESS','ppupo_month','UPDATING DATA ID #235',8,1488824872,8,1488824872),(2846,'SUCCESS','ppupo_month','UPDATING DATA ID #236',8,1488824872,8,1488824872),(2847,'SUCCESS','ppupo_month','UPDATING DATA ID #237',8,1488824872,8,1488824872),(2848,'SUCCESS','ppupo_month','UPDATING DATA ID #238',8,1488824872,8,1488824872),(2849,'SUCCESS','ppupo_month','UPDATING DATA ID #239',8,1488824872,8,1488824872),(2850,'SUCCESS','ppupo_month','UPDATING DATA ID #240',8,1488824872,8,1488824872),(2851,'SUCCESS','ppu_parameter_obligation','INSERTING NEW DATA WITH ID #22',8,1488824933,8,1488824933),(2852,'SUCCESS','ppupo_month','INSERTING NEW DATA WITH ID #253',8,1488824933,8,1488824933),(2853,'SUCCESS','ppupo_month','INSERTING NEW DATA WITH ID #254',8,1488824933,8,1488824933),(2854,'SUCCESS','ppupo_month','INSERTING NEW DATA WITH ID #255',8,1488824933,8,1488824933),(2855,'SUCCESS','ppupo_month','INSERTING NEW DATA WITH ID #256',8,1488824933,8,1488824933),(2856,'SUCCESS','ppupo_month','INSERTING NEW DATA WITH ID #257',8,1488824933,8,1488824933),(2857,'SUCCESS','ppupo_month','INSERTING NEW DATA WITH ID #258',8,1488824933,8,1488824933),(2858,'SUCCESS','ppupo_month','INSERTING NEW DATA WITH ID #259',8,1488824933,8,1488824933),(2859,'SUCCESS','ppupo_month','INSERTING NEW DATA WITH ID #260',8,1488824933,8,1488824933),(2860,'SUCCESS','ppupo_month','INSERTING NEW DATA WITH ID #261',8,1488824933,8,1488824933),(2861,'SUCCESS','ppupo_month','INSERTING NEW DATA WITH ID #262',8,1488824933,8,1488824933),(2862,'SUCCESS','ppupo_month','INSERTING NEW DATA WITH ID #263',8,1488824933,8,1488824933),(2863,'SUCCESS','ppupo_month','INSERTING NEW DATA WITH ID #264',8,1488824933,8,1488824933),(2864,'SUCCESS','ppu_parameter_obligation','INSERTING NEW DATA WITH ID #23',8,1488825001,8,1488825001),(2865,'SUCCESS','ppupo_month','INSERTING NEW DATA WITH ID #265',8,1488825001,8,1488825001),(2866,'SUCCESS','ppupo_month','INSERTING NEW DATA WITH ID #266',8,1488825001,8,1488825001),(2867,'SUCCESS','ppupo_month','INSERTING NEW DATA WITH ID #267',8,1488825001,8,1488825001),(2868,'SUCCESS','ppupo_month','INSERTING NEW DATA WITH ID #268',8,1488825001,8,1488825001),(2869,'SUCCESS','ppupo_month','INSERTING NEW DATA WITH ID #269',8,1488825001,8,1488825001),(2870,'SUCCESS','ppupo_month','INSERTING NEW DATA WITH ID #270',8,1488825001,8,1488825001),(2871,'SUCCESS','ppupo_month','INSERTING NEW DATA WITH ID #271',8,1488825001,8,1488825001),(2872,'SUCCESS','ppupo_month','INSERTING NEW DATA WITH ID #272',8,1488825001,8,1488825001),(2873,'SUCCESS','ppupo_month','INSERTING NEW DATA WITH ID #273',8,1488825001,8,1488825001),(2874,'SUCCESS','ppupo_month','INSERTING NEW DATA WITH ID #274',8,1488825001,8,1488825001),(2875,'SUCCESS','ppupo_month','INSERTING NEW DATA WITH ID #275',8,1488825001,8,1488825001),(2876,'SUCCESS','ppupo_month','INSERTING NEW DATA WITH ID #276',8,1488825001,8,1488825001),(2877,'SUCCESS','ppu_parameter_obligation','INSERTING NEW DATA WITH ID #24',8,1488825030,8,1488825030),(2878,'SUCCESS','ppupo_month','INSERTING NEW DATA WITH ID #277',8,1488825030,8,1488825030),(2879,'SUCCESS','ppupo_month','INSERTING NEW DATA WITH ID #278',8,1488825030,8,1488825030),(2880,'SUCCESS','ppupo_month','INSERTING NEW DATA WITH ID #279',8,1488825030,8,1488825030),(2881,'SUCCESS','ppupo_month','INSERTING NEW DATA WITH ID #280',8,1488825030,8,1488825030),(2882,'SUCCESS','ppupo_month','INSERTING NEW DATA WITH ID #281',8,1488825030,8,1488825030),(2883,'SUCCESS','ppupo_month','INSERTING NEW DATA WITH ID #282',8,1488825030,8,1488825030),(2884,'SUCCESS','ppupo_month','INSERTING NEW DATA WITH ID #283',8,1488825030,8,1488825030),(2885,'SUCCESS','ppupo_month','INSERTING NEW DATA WITH ID #284',8,1488825030,8,1488825030),(2886,'SUCCESS','ppupo_month','INSERTING NEW DATA WITH ID #285',8,1488825031,8,1488825031),(2887,'SUCCESS','ppupo_month','INSERTING NEW DATA WITH ID #286',8,1488825031,8,1488825031),(2888,'SUCCESS','ppupo_month','INSERTING NEW DATA WITH ID #287',8,1488825031,8,1488825031),(2889,'SUCCESS','ppupo_month','INSERTING NEW DATA WITH ID #288',8,1488825031,8,1488825031),(2890,'SUCCESS','ppu_parameter_obligation','INSERTING NEW DATA WITH ID #25',8,1488825086,8,1488825086),(2891,'SUCCESS','ppupo_month','INSERTING NEW DATA WITH ID #289',8,1488825086,8,1488825086),(2892,'SUCCESS','ppupo_month','INSERTING NEW DATA WITH ID #290',8,1488825086,8,1488825086),(2893,'SUCCESS','ppupo_month','INSERTING NEW DATA WITH ID #291',8,1488825086,8,1488825086),(2894,'SUCCESS','ppupo_month','INSERTING NEW DATA WITH ID #292',8,1488825086,8,1488825086),(2895,'SUCCESS','ppupo_month','INSERTING NEW DATA WITH ID #293',8,1488825086,8,1488825086),(2896,'SUCCESS','ppupo_month','INSERTING NEW DATA WITH ID #294',8,1488825086,8,1488825086),(2897,'SUCCESS','ppupo_month','INSERTING NEW DATA WITH ID #295',8,1488825086,8,1488825086),(2898,'SUCCESS','ppupo_month','INSERTING NEW DATA WITH ID #296',8,1488825086,8,1488825086),(2899,'SUCCESS','ppupo_month','INSERTING NEW DATA WITH ID #297',8,1488825086,8,1488825086),(2900,'SUCCESS','ppupo_month','INSERTING NEW DATA WITH ID #298',8,1488825086,8,1488825086),(2901,'SUCCESS','ppupo_month','INSERTING NEW DATA WITH ID #299',8,1488825086,8,1488825086),(2902,'SUCCESS','ppupo_month','INSERTING NEW DATA WITH ID #300',8,1488825086,8,1488825086),(2903,'SUCCESS','ppu_parameter_obligation','INSERTING NEW DATA WITH ID #26',8,1488825143,8,1488825143),(2904,'SUCCESS','ppupo_month','INSERTING NEW DATA WITH ID #301',8,1488825143,8,1488825143),(2905,'SUCCESS','ppupo_month','INSERTING NEW DATA WITH ID #302',8,1488825143,8,1488825143),(2906,'SUCCESS','ppupo_month','INSERTING NEW DATA WITH ID #303',8,1488825143,8,1488825143),(2907,'SUCCESS','ppupo_month','INSERTING NEW DATA WITH ID #304',8,1488825143,8,1488825143),(2908,'SUCCESS','ppupo_month','INSERTING NEW DATA WITH ID #305',8,1488825143,8,1488825143),(2909,'SUCCESS','ppupo_month','INSERTING NEW DATA WITH ID #306',8,1488825143,8,1488825143),(2910,'SUCCESS','ppupo_month','INSERTING NEW DATA WITH ID #307',8,1488825143,8,1488825143),(2911,'SUCCESS','ppupo_month','INSERTING NEW DATA WITH ID #308',8,1488825143,8,1488825143),(2912,'SUCCESS','ppupo_month','INSERTING NEW DATA WITH ID #309',8,1488825143,8,1488825143),(2913,'SUCCESS','ppupo_month','INSERTING NEW DATA WITH ID #310',8,1488825143,8,1488825143),(2914,'SUCCESS','ppupo_month','INSERTING NEW DATA WITH ID #311',8,1488825144,8,1488825144),(2915,'SUCCESS','ppupo_month','INSERTING NEW DATA WITH ID #312',8,1488825144,8,1488825144),(2916,'SUCCESS','ppu_parameter_obligation','UPDATING DATA ID #19',8,1488825157,8,1488825157),(2917,'SUCCESS','log_dirty','INSERTING NEW DATA WITH ID #169',8,1488825157,8,1488825157),(2918,'SUCCESS','ppupo_month','UPDATING DATA ID #217',8,1488825157,8,1488825157),(2919,'SUCCESS','ppupo_month','UPDATING DATA ID #218',8,1488825157,8,1488825157),(2920,'SUCCESS','ppupo_month','UPDATING DATA ID #219',8,1488825157,8,1488825157),(2921,'SUCCESS','ppupo_month','UPDATING DATA ID #220',8,1488825157,8,1488825157),(2922,'SUCCESS','ppupo_month','UPDATING DATA ID #221',8,1488825157,8,1488825157),(2923,'SUCCESS','ppupo_month','UPDATING DATA ID #222',8,1488825157,8,1488825157),(2924,'SUCCESS','ppupo_month','UPDATING DATA ID #223',8,1488825157,8,1488825157),(2925,'SUCCESS','ppupo_month','UPDATING DATA ID #224',8,1488825157,8,1488825157),(2926,'SUCCESS','ppupo_month','UPDATING DATA ID #225',8,1488825157,8,1488825157),(2927,'SUCCESS','ppupo_month','UPDATING DATA ID #226',8,1488825157,8,1488825157),(2928,'SUCCESS','ppupo_month','UPDATING DATA ID #227',8,1488825157,8,1488825157),(2929,'SUCCESS','ppupo_month','UPDATING DATA ID #228',8,1488825157,8,1488825157),(2930,'SUCCESS','ppu_emission_load_grk','INSERTING NEW DATA WITH ID #1',8,1488825236,8,1488825236),(2931,'SUCCESS','ppu_emission_load_grk_calc','INSERTING NEW DATA WITH ID #1',8,1488825236,8,1488825236),(2932,'SUCCESS','ppu_emission_load_grk_calc','INSERTING NEW DATA WITH ID #2',8,1488825236,8,1488825236),(2933,'SUCCESS','ppu_emission_load_grk','INSERTING NEW DATA WITH ID #2',8,1488825332,8,1488825332),(2934,'SUCCESS','ppu_emission_load_grk_calc','INSERTING NEW DATA WITH ID #3',8,1488825333,8,1488825333),(2935,'SUCCESS','ppu_emission_load_grk_calc','INSERTING NEW DATA WITH ID #4',8,1488825333,8,1488825333),(2936,'SUCCESS','ppu_emission_load_grk','INSERTING NEW DATA WITH ID #3',8,1488825704,8,1488825704),(2937,'SUCCESS','ppu_emission_load_grk_calc','INSERTING NEW DATA WITH ID #5',8,1488825704,8,1488825704),(2938,'SUCCESS','ppu_emission_load_grk_calc','INSERTING NEW DATA WITH ID #6',8,1488825704,8,1488825704),(2939,'SUCCESS','ppu_emission_load_grk','DELETING DATA ID #3',8,1488825712,8,1488825712),(2940,'SUCCESS','ppu_emission_load_grk','INSERTING NEW DATA WITH ID #4',8,1488825746,8,1488825746),(2941,'SUCCESS','ppu_emission_load_grk_calc','INSERTING NEW DATA WITH ID #7',8,1488825746,8,1488825746),(2942,'SUCCESS','ppu_emission_load_grk_calc','INSERTING NEW DATA WITH ID #8',8,1488825746,8,1488825746),(2943,'SUCCESS','ppu_emission_load_grk','DELETING DATA ID #4',8,1488825751,8,1488825751),(2944,'SUCCESS','ppu_emission_load_grk','INSERTING NEW DATA WITH ID #5',8,1488825766,8,1488825766),(2945,'SUCCESS','ppu_emission_load_grk_calc','INSERTING NEW DATA WITH ID #9',8,1488825767,8,1488825767),(2946,'SUCCESS','ppu_emission_load_grk_calc','INSERTING NEW DATA WITH ID #10',8,1488825767,8,1488825767),(2947,'SUCCESS','ppu_emission_load_grk','DELETING DATA ID #5',8,1488825770,8,1488825770),(2948,'SUCCESS','ppu_emission_source','UPDATING DATA ID #5',8,1488826078,8,1488826078),(2949,'SUCCESS','log_dirty','INSERTING NEW DATA WITH ID #170',8,1488826078,8,1488826078),(2950,'SUCCESS','ppues_month','UPDATING DATA ID #25',8,1488826078,8,1488826078),(2951,'SUCCESS','log_dirty','INSERTING NEW DATA WITH ID #171',8,1488826078,8,1488826078),(2952,'SUCCESS','ppues_month','UPDATING DATA ID #26',8,1488826078,8,1488826078),(2953,'SUCCESS','log_dirty','INSERTING NEW DATA WITH ID #172',8,1488826078,8,1488826078),(2954,'SUCCESS','ppues_month','UPDATING DATA ID #27',8,1488826078,8,1488826078),(2955,'SUCCESS','ppues_month','UPDATING DATA ID #28',8,1488826078,8,1488826078),(2956,'SUCCESS','ppues_month','UPDATING DATA ID #29',8,1488826078,8,1488826078),(2957,'SUCCESS','ppues_month','UPDATING DATA ID #30',8,1488826078,8,1488826078),(2958,'SUCCESS','log_dirty','INSERTING NEW DATA WITH ID #173',8,1488826078,8,1488826078),(2959,'SUCCESS','ppues_month','UPDATING DATA ID #31',8,1488826078,8,1488826078),(2960,'SUCCESS','ppues_month','UPDATING DATA ID #32',8,1488826078,8,1488826078),(2961,'SUCCESS','log_dirty','INSERTING NEW DATA WITH ID #174',8,1488826078,8,1488826078),(2962,'SUCCESS','ppues_month','UPDATING DATA ID #33',8,1488826078,8,1488826078),(2963,'SUCCESS','ppues_month','UPDATING DATA ID #34',8,1488826078,8,1488826078),(2964,'SUCCESS','ppues_month','UPDATING DATA ID #35',8,1488826078,8,1488826078),(2965,'SUCCESS','ppues_month','UPDATING DATA ID #36',8,1488826078,8,1488826078),(2966,'SUCCESS','ppu_emission_source','UPDATING DATA ID #5',8,1488826209,8,1488826209),(2967,'SUCCESS','log_dirty','INSERTING NEW DATA WITH ID #175',8,1488826210,8,1488826210),(2968,'SUCCESS','ppues_month','UPDATING DATA ID #25',8,1488826210,8,1488826210),(2969,'SUCCESS','ppues_month','UPDATING DATA ID #26',8,1488826210,8,1488826210),(2970,'SUCCESS','ppues_month','UPDATING DATA ID #27',8,1488826210,8,1488826210),(2971,'SUCCESS','ppues_month','UPDATING DATA ID #28',8,1488826210,8,1488826210),(2972,'SUCCESS','ppues_month','UPDATING DATA ID #29',8,1488826210,8,1488826210),(2973,'SUCCESS','ppues_month','UPDATING DATA ID #30',8,1488826210,8,1488826210),(2974,'SUCCESS','ppues_month','UPDATING DATA ID #31',8,1488826210,8,1488826210),(2975,'SUCCESS','ppues_month','UPDATING DATA ID #32',8,1488826210,8,1488826210),(2976,'SUCCESS','ppues_month','UPDATING DATA ID #33',8,1488826210,8,1488826210),(2977,'SUCCESS','ppues_month','UPDATING DATA ID #34',8,1488826210,8,1488826210),(2978,'SUCCESS','ppues_month','UPDATING DATA ID #35',8,1488826210,8,1488826210),(2979,'SUCCESS','ppues_month','UPDATING DATA ID #36',8,1488826210,8,1488826210),(2980,'SUCCESS','ppu_emission_source','UPDATING DATA ID #5',8,1488826272,8,1488826272),(2981,'SUCCESS','log_dirty','INSERTING NEW DATA WITH ID #176',8,1488826272,8,1488826272),(2982,'SUCCESS','ppues_month','UPDATING DATA ID #25',8,1488826272,8,1488826272),(2983,'SUCCESS','log_dirty','INSERTING NEW DATA WITH ID #177',8,1488826272,8,1488826272),(2984,'SUCCESS','ppues_month','UPDATING DATA ID #26',8,1488826272,8,1488826272),(2985,'SUCCESS','ppues_month','UPDATING DATA ID #27',8,1488826272,8,1488826272),(2986,'SUCCESS','ppues_month','UPDATING DATA ID #28',8,1488826272,8,1488826272),(2987,'SUCCESS','ppues_month','UPDATING DATA ID #29',8,1488826272,8,1488826272),(2988,'SUCCESS','ppues_month','UPDATING DATA ID #30',8,1488826272,8,1488826272),(2989,'SUCCESS','ppues_month','UPDATING DATA ID #31',8,1488826272,8,1488826272),(2990,'SUCCESS','ppues_month','UPDATING DATA ID #32',8,1488826272,8,1488826272),(2991,'SUCCESS','ppues_month','UPDATING DATA ID #33',8,1488826272,8,1488826272),(2992,'SUCCESS','ppues_month','UPDATING DATA ID #34',8,1488826272,8,1488826272),(2993,'SUCCESS','ppues_month','UPDATING DATA ID #35',8,1488826272,8,1488826272),(2994,'SUCCESS','ppues_month','UPDATING DATA ID #36',8,1488826272,8,1488826272),(2995,'SUCCESS','ppucems_report_bm','INSERTING NEW DATA WITH ID #1',8,1488827683,8,1488827683),(2996,'SUCCESS','ppucemsrb_quarter','INSERTING NEW DATA WITH ID #1',8,1488827683,8,1488827683),(2997,'SUCCESS','ppucemsrb_quarter','INSERTING NEW DATA WITH ID #2',8,1488827683,8,1488827683),(2998,'SUCCESS','ppucemsrb_quarter','INSERTING NEW DATA WITH ID #3',8,1488827683,8,1488827683),(2999,'SUCCESS','ppucemsrb_quarter','INSERTING NEW DATA WITH ID #4',8,1488827683,8,1488827683),(3000,'SUCCESS','ppucemsrb_parameter_report','INSERTING NEW DATA WITH ID #1',8,1488827906,8,1488827906),(3001,'SUCCESS','ppucems_report_bm','INSERTING NEW DATA WITH ID #2',8,1488830997,8,1488830997),(3002,'SUCCESS','attachment','INSERTING NEW DATA WITH ID #27',8,1488830997,8,1488830997),(3003,'SUCCESS','attachment_owner','INSERTING NEW DATA WITH ID #29',8,1488830997,8,1488830997),(3004,'SUCCESS','ppucemsrb_quarter','INSERTING NEW DATA WITH ID #5',8,1488830997,8,1488830997),(3005,'SUCCESS','ppucemsrb_quarter','INSERTING NEW DATA WITH ID #6',8,1488830997,8,1488830997),(3006,'SUCCESS','ppucemsrb_quarter','INSERTING NEW DATA WITH ID #7',8,1488830998,8,1488830998),(3007,'SUCCESS','ppucemsrb_quarter','INSERTING NEW DATA WITH ID #8',8,1488830998,8,1488830998),(3008,'SUCCESS','ppu_emission_source','UPDATING DATA ID #5',8,1488831200,8,1488831200),(3009,'SUCCESS','attachment','INSERTING NEW DATA WITH ID #28',8,1488831200,8,1488831200),(3010,'SUCCESS','attachment_owner','INSERTING NEW DATA WITH ID #30',8,1488831200,8,1488831200),(3011,'SUCCESS','ppues_month','UPDATING DATA ID #25',8,1488831200,8,1488831200),(3012,'SUCCESS','ppues_month','UPDATING DATA ID #26',8,1488831200,8,1488831200),(3013,'SUCCESS','ppues_month','UPDATING DATA ID #27',8,1488831200,8,1488831200),(3014,'SUCCESS','ppues_month','UPDATING DATA ID #28',8,1488831200,8,1488831200),(3015,'SUCCESS','ppues_month','UPDATING DATA ID #29',8,1488831201,8,1488831201),(3016,'SUCCESS','ppues_month','UPDATING DATA ID #30',8,1488831201,8,1488831201),(3017,'SUCCESS','ppues_month','UPDATING DATA ID #31',8,1488831201,8,1488831201),(3018,'SUCCESS','ppues_month','UPDATING DATA ID #32',8,1488831201,8,1488831201),(3019,'SUCCESS','ppues_month','UPDATING DATA ID #33',8,1488831201,8,1488831201),(3020,'SUCCESS','ppues_month','UPDATING DATA ID #34',8,1488831201,8,1488831201),(3021,'SUCCESS','ppues_month','UPDATING DATA ID #35',8,1488831201,8,1488831201),(3022,'SUCCESS','ppues_month','UPDATING DATA ID #36',8,1488831201,8,1488831201),(3023,'SUCCESS','attachment','DELETING DATA ID #27',8,1488875642,8,1488875642),(3024,'SUCCESS','ppucems_report_bm','DELETING DATA ID #2',8,1488875643,8,1488875643),(3025,'SUCCESS','ppucems_report_bm','UPDATING DATA ID #1',8,1488875674,8,1488875674),(3026,'SUCCESS','ppucemsrb_quarter','UPDATING DATA ID #1',8,1488875674,8,1488875674),(3027,'SUCCESS','ppucemsrb_quarter','UPDATING DATA ID #2',8,1488875674,8,1488875674),(3028,'SUCCESS','ppucemsrb_quarter','UPDATING DATA ID #3',8,1488875674,8,1488875674),(3029,'SUCCESS','ppucemsrb_quarter','UPDATING DATA ID #4',8,1488875674,8,1488875674),(3030,'SUCCESS','ppucems_report_bm','INSERTING NEW DATA WITH ID #3',8,1488875702,8,1488875702),(3031,'SUCCESS','ppucemsrb_quarter','INSERTING NEW DATA WITH ID #9',8,1488875702,8,1488875702),(3032,'SUCCESS','ppucemsrb_quarter','INSERTING NEW DATA WITH ID #10',8,1488875702,8,1488875702),(3033,'SUCCESS','ppucemsrb_quarter','INSERTING NEW DATA WITH ID #11',8,1488875702,8,1488875702),(3034,'SUCCESS','ppucemsrb_quarter','INSERTING NEW DATA WITH ID #12',8,1488875702,8,1488875702),(3035,'SUCCESS','ppucems_report_bm','INSERTING NEW DATA WITH ID #4',8,1488875724,8,1488875724),(3036,'SUCCESS','ppucemsrb_quarter','INSERTING NEW DATA WITH ID #13',8,1488875724,8,1488875724),(3037,'SUCCESS','ppucemsrb_quarter','INSERTING NEW DATA WITH ID #14',8,1488875724,8,1488875724),(3038,'SUCCESS','ppucemsrb_quarter','INSERTING NEW DATA WITH ID #15',8,1488875724,8,1488875724),(3039,'SUCCESS','ppucemsrb_quarter','INSERTING NEW DATA WITH ID #16',8,1488875724,8,1488875724),(3040,'SUCCESS','ppucems_report_bm','INSERTING NEW DATA WITH ID #5',8,1488875747,8,1488875747),(3041,'SUCCESS','ppucemsrb_quarter','INSERTING NEW DATA WITH ID #17',8,1488875747,8,1488875747),(3042,'SUCCESS','ppucemsrb_quarter','INSERTING NEW DATA WITH ID #18',8,1488875747,8,1488875747),(3043,'SUCCESS','ppucemsrb_quarter','INSERTING NEW DATA WITH ID #19',8,1488875747,8,1488875747),(3044,'SUCCESS','ppucemsrb_quarter','INSERTING NEW DATA WITH ID #20',8,1488875747,8,1488875747),(3045,'SUCCESS','ppucems_report_bm','INSERTING NEW DATA WITH ID #6',8,1488875767,8,1488875767),(3046,'SUCCESS','ppucemsrb_quarter','INSERTING NEW DATA WITH ID #21',8,1488875767,8,1488875767),(3047,'SUCCESS','ppucemsrb_quarter','INSERTING NEW DATA WITH ID #22',8,1488875767,8,1488875767),(3048,'SUCCESS','ppucemsrb_quarter','INSERTING NEW DATA WITH ID #23',8,1488875767,8,1488875767),(3049,'SUCCESS','ppucemsrb_quarter','INSERTING NEW DATA WITH ID #24',8,1488875767,8,1488875767),(3050,'SUCCESS','ppucems_report_bm','INSERTING NEW DATA WITH ID #7',8,1488875783,8,1488875783),(3051,'SUCCESS','ppucemsrb_quarter','INSERTING NEW DATA WITH ID #25',8,1488875783,8,1488875783),(3052,'SUCCESS','ppucemsrb_quarter','INSERTING NEW DATA WITH ID #26',8,1488875783,8,1488875783),(3053,'SUCCESS','ppucemsrb_quarter','INSERTING NEW DATA WITH ID #27',8,1488875783,8,1488875783),(3054,'SUCCESS','ppucemsrb_quarter','INSERTING NEW DATA WITH ID #28',8,1488875783,8,1488875783),(3055,'SUCCESS','ppucemsrb_parameter_report','INSERTING NEW DATA WITH ID #2',8,1488877014,8,1488877014),(3056,'SUCCESS','ppucemsrb_parameter_report','UPDATING DATA ID #2',8,1488877035,8,1488877035),(3057,'SUCCESS','log_dirty','INSERTING NEW DATA WITH ID #178',8,1488877035,8,1488877035),(3058,'SUCCESS','ppucemsrb_parameter_report','UPDATING DATA ID #2',8,1488877093,8,1488877093),(3059,'SUCCESS','log_dirty','INSERTING NEW DATA WITH ID #179',8,1488877093,8,1488877093),(3060,'SUCCESS','ppucemsrb_parameter_report','UPDATING DATA ID #2',8,1488878113,8,1488878113),(3061,'SUCCESS','log_dirty','INSERTING NEW DATA WITH ID #180',8,1488878113,8,1488878113),(3062,'SUCCESS','log_dirty','INSERTING NEW DATA WITH ID #181',8,1488878113,8,1488878113),(3063,'SUCCESS','ppucemsrb_parameter_report','INSERTING NEW DATA WITH ID #3',8,1488878152,8,1488878152),(3064,'SUCCESS','ppucemsrb_parameter_report','INSERTING NEW DATA WITH ID #4',8,1488878222,8,1488878222),(3065,'SUCCESS','ppucemsrb_parameter_report','INSERTING NEW DATA WITH ID #5',8,1488878513,8,1488878513),(3066,'SUCCESS','ppucemsrb_parameter_report','DELETING DATA ID #5',8,1488878620,8,1488878620),(3067,'SUCCESS','ppucemsrb_parameter_report','INSERTING NEW DATA WITH ID #6',8,1488878649,8,1488878649),(3068,'SUCCESS','ppucemsrb_parameter_report','INSERTING NEW DATA WITH ID #7',8,1488878709,8,1488878709),(3069,'SUCCESS','ppucemsrb_parameter_report','INSERTING NEW DATA WITH ID #8',8,1488878761,8,1488878761),(3070,'SUCCESS','ppucemsrb_parameter_report','INSERTING NEW DATA WITH ID #9',8,1488878794,8,1488878794),(3071,'SUCCESS','ppu','DELETING DATA ID #7',8,1488986703,8,1488986703),(3072,'SUCCESS','ppua_parameter_obligation','DELETING DATA ID #2',8,1488987139,8,1488987139),(3073,'SUCCESS','ppua_monitoring_point','DELETING DATA ID #1',8,1488987308,8,1488987308),(3074,'SUCCESS','ppu_ambient','DELETING DATA ID #1',8,1488987325,8,1488987325),(3075,'SUCCESS','ppu_ambient','INSERTING NEW DATA WITH ID #2',8,1488987336,8,1488987336),(3076,'SUCCESS','ppu','INSERTING NEW DATA WITH ID #8',8,1488987479,8,1488987479),(3077,'SUCCESS','ppu','INSERTING NEW DATA WITH ID #9',8,1488987563,8,1488987563),(3078,'SUCCESS','ppu_ambient','INSERTING NEW DATA WITH ID #3',8,1488987603,8,1488987603),(3079,'SUCCESS','ppu_question','INSERTING NEW DATA WITH ID #4',8,1488987755,8,1488987755),(3080,'SUCCESS','ppu_question','INSERTING NEW DATA WITH ID #5',8,1488988967,8,1488988967),(3089,'SUCCESS','attachment','DELETING DATA ID #26',8,1488989181,8,1488989181),(3100,'SUCCESS','ppu_technical_provision','INSERTING NEW DATA WITH ID #31',8,1488989289,8,1488989289),(3101,'SUCCESS','ppu_technical_provision_detail','INSERTING NEW DATA WITH ID #35',8,1488989289,8,1488989289),(3102,'SUCCESS','attachment','INSERTING NEW DATA WITH ID #30',8,1488989289,8,1488989289),(3103,'SUCCESS','attachment_owner','INSERTING NEW DATA WITH ID #32',8,1488989289,8,1488989289),(3104,'SUCCESS','ppu_technical_provision_detail','INSERTING NEW DATA WITH ID #36',8,1488989289,8,1488989289),(3105,'SUCCESS','ppu_technical_provision_detail','INSERTING NEW DATA WITH ID #37',8,1488989289,8,1488989289),(3106,'SUCCESS','ppu_technical_provision_detail','INSERTING NEW DATA WITH ID #38',8,1488989289,8,1488989289),(3107,'SUCCESS','ppu_technical_provision','INSERTING NEW DATA WITH ID #32',8,1488989377,8,1488989377),(3108,'SUCCESS','ppu_technical_provision_detail','INSERTING NEW DATA WITH ID #39',8,1488989377,8,1488989377),(3109,'SUCCESS','attachment','INSERTING NEW DATA WITH ID #31',8,1488989377,8,1488989377),(3110,'SUCCESS','attachment_owner','INSERTING NEW DATA WITH ID #33',8,1488989377,8,1488989377),(3111,'SUCCESS','ppu_technical_provision_detail','INSERTING NEW DATA WITH ID #40',8,1488989377,8,1488989377),(3112,'SUCCESS','ppu_technical_provision_detail','INSERTING NEW DATA WITH ID #41',8,1488989378,8,1488989378),(3113,'SUCCESS','ppu_technical_provision_detail','INSERTING NEW DATA WITH ID #42',8,1488989378,8,1488989378),(3114,'SUCCESS','ppu_technical_provision','UPDATING DATA ID #32',8,1488989417,8,1488989417),(3115,'SUCCESS','ppu_technical_provision_detail','UPDATING DATA ID #39',8,1488989417,8,1488989417),(3116,'SUCCESS','ppu_technical_provision_detail','UPDATING DATA ID #40',8,1488989417,8,1488989417),(3117,'SUCCESS','attachment','INSERTING NEW DATA WITH ID #32',8,1488989417,8,1488989417),(3118,'SUCCESS','attachment_owner','INSERTING NEW DATA WITH ID #34',8,1488989417,8,1488989417),(3119,'SUCCESS','ppu_technical_provision_detail','UPDATING DATA ID #41',8,1488989417,8,1488989417),(3120,'SUCCESS','ppu_technical_provision_detail','UPDATING DATA ID #42',8,1488989417,8,1488989417),(3121,'SUCCESS','attachment','DELETING DATA ID #31',8,1488989427,8,1488989427),(3122,'SUCCESS','ppu_technical_provision','UPDATING DATA ID #32',8,1488989429,8,1488989429),(3123,'SUCCESS','ppu_technical_provision_detail','UPDATING DATA ID #39',8,1488989429,8,1488989429),(3124,'SUCCESS','ppu_technical_provision_detail','UPDATING DATA ID #40',8,1488989429,8,1488989429),(3125,'SUCCESS','ppu_technical_provision_detail','UPDATING DATA ID #41',8,1488989429,8,1488989429),(3126,'SUCCESS','ppu_technical_provision_detail','UPDATING DATA ID #42',8,1488989429,8,1488989429),(3127,'SUCCESS','ppu_question','INSERTING NEW DATA WITH ID #6',8,1488989480,8,1488989480),(3135,'SUCCESS','attachment','DELETING DATA ID #32',8,1488989878,8,1488989878),(3172,'SUCCESS','ppu_technical_provision','INSERTING NEW DATA WITH ID #35',8,1488991264,8,1488991264),(3173,'SUCCESS','ppu_technical_provision_detail','INSERTING NEW DATA WITH ID #51',8,1488991264,8,1488991264),(3174,'SUCCESS','ppu_technical_provision_detail','INSERTING NEW DATA WITH ID #52',8,1488991264,8,1488991264),(3175,'SUCCESS','ppu_technical_provision_detail','INSERTING NEW DATA WITH ID #53',8,1488991264,8,1488991264),(3176,'SUCCESS','ppu_technical_provision_detail','INSERTING NEW DATA WITH ID #54',8,1488991264,8,1488991264),(3177,'SUCCESS','ppu_technical_provision_detail','INSERTING NEW DATA WITH ID #55',8,1488991264,8,1488991264),(3178,'SUCCESS','ppu_question','INSERTING NEW DATA WITH ID #7',8,1488991276,8,1488991276),(3239,'SUCCESS','ppu_technical_provision','UPDATING DATA ID #35',8,1488991616,8,1488991616),(3240,'SUCCESS','ppu_technical_provision_detail','UPDATING DATA ID #51',8,1488991616,8,1488991616),(3241,'SUCCESS','ppu_technical_provision_detail','UPDATING DATA ID #52',8,1488991616,8,1488991616),(3242,'SUCCESS','ppu_technical_provision_detail','UPDATING DATA ID #53',8,1488991616,8,1488991616),(3243,'SUCCESS','ppu_technical_provision_detail','UPDATING DATA ID #54',8,1488991616,8,1488991616),(3244,'SUCCESS','ppu_technical_provision_detail','UPDATING DATA ID #55',8,1488991616,8,1488991616),(3245,'SUCCESS','ppu_technical_provision_detail','INSERTING NEW DATA WITH ID #56',8,1488991616,8,1488991616),(3246,'SUCCESS','ppu_technical_provision','UPDATING DATA ID #35',8,1488991628,8,1488991628),(3247,'SUCCESS','ppu_technical_provision_detail','UPDATING DATA ID #51',8,1488991628,8,1488991628),(3248,'SUCCESS','ppu_technical_provision_detail','UPDATING DATA ID #52',8,1488991628,8,1488991628),(3249,'SUCCESS','ppu_technical_provision_detail','UPDATING DATA ID #53',8,1488991628,8,1488991628),(3250,'SUCCESS','ppu_technical_provision_detail','UPDATING DATA ID #54',8,1488991628,8,1488991628),(3251,'SUCCESS','ppu_technical_provision_detail','UPDATING DATA ID #55',8,1488991628,8,1488991628),(3252,'SUCCESS','ppu_technical_provision_detail','UPDATING DATA ID #56',8,1488991628,8,1488991628),(3253,'SUCCESS','attachment','INSERTING NEW DATA WITH ID #34',8,1488991628,8,1488991628),(3254,'SUCCESS','attachment_owner','INSERTING NEW DATA WITH ID #36',8,1488991628,8,1488991628),(3255,'SUCCESS','ppu_technical_provision','UPDATING DATA ID #35',8,1488991704,8,1488991704),(3256,'SUCCESS','ppu_technical_provision_detail','UPDATING DATA ID #51',8,1488991704,8,1488991704),(3257,'SUCCESS','ppu_technical_provision_detail','UPDATING DATA ID #52',8,1488991704,8,1488991704),(3258,'SUCCESS','ppu_technical_provision_detail','UPDATING DATA ID #53',8,1488991704,8,1488991704),(3259,'SUCCESS','ppu_technical_provision_detail','UPDATING DATA ID #54',8,1488991704,8,1488991704),(3260,'SUCCESS','ppu_technical_provision_detail','UPDATING DATA ID #55',8,1488991704,8,1488991704),(3261,'SUCCESS','attachment','INSERTING NEW DATA WITH ID #35',8,1488991704,8,1488991704),(3262,'SUCCESS','attachment_owner','INSERTING NEW DATA WITH ID #37',8,1488991704,8,1488991704),(3263,'SUCCESS','ppu_technical_provision_detail','UPDATING DATA ID #56',8,1488991704,8,1488991704),(3264,'SUCCESS','ppu_technical_provision','UPDATING DATA ID #35',8,1488991729,8,1488991729),(3265,'SUCCESS','ppu_technical_provision_detail','UPDATING DATA ID #51',8,1488991729,8,1488991729),(3266,'SUCCESS','ppu_technical_provision_detail','UPDATING DATA ID #52',8,1488991729,8,1488991729),(3267,'SUCCESS','ppu_technical_provision_detail','UPDATING DATA ID #53',8,1488991729,8,1488991729),(3268,'SUCCESS','ppu_technical_provision_detail','UPDATING DATA ID #54',8,1488991729,8,1488991729),(3269,'SUCCESS','attachment','INSERTING NEW DATA WITH ID #36',8,1488991729,8,1488991729),(3270,'SUCCESS','attachment_owner','INSERTING NEW DATA WITH ID #38',8,1488991729,8,1488991729),(3271,'SUCCESS','ppu_technical_provision_detail','UPDATING DATA ID #55',8,1488991729,8,1488991729),(3272,'SUCCESS','ppu_technical_provision_detail','UPDATING DATA ID #56',8,1488991729,8,1488991729),(3273,'SUCCESS','ppu_technical_provision','UPDATING DATA ID #35',8,1488991785,8,1488991785),(3274,'SUCCESS','ppu_technical_provision_detail','UPDATING DATA ID #51',8,1488991785,8,1488991785),(3275,'SUCCESS','ppu_technical_provision_detail','UPDATING DATA ID #52',8,1488991785,8,1488991785),(3276,'SUCCESS','ppu_technical_provision_detail','UPDATING DATA ID #53',8,1488991785,8,1488991785),(3277,'SUCCESS','attachment','INSERTING NEW DATA WITH ID #37',8,1488991785,8,1488991785),(3278,'SUCCESS','attachment_owner','INSERTING NEW DATA WITH ID #39',8,1488991785,8,1488991785),(3279,'SUCCESS','ppu_technical_provision_detail','UPDATING DATA ID #54',8,1488991786,8,1488991786),(3280,'SUCCESS','ppu_technical_provision_detail','UPDATING DATA ID #55',8,1488991786,8,1488991786),(3281,'SUCCESS','ppu_technical_provision_detail','UPDATING DATA ID #56',8,1488991786,8,1488991786),(3282,'SUCCESS','ppu_technical_provision','UPDATING DATA ID #35',8,1488991802,8,1488991802),(3283,'SUCCESS','ppu_technical_provision_detail','UPDATING DATA ID #51',8,1488991803,8,1488991803),(3284,'SUCCESS','ppu_technical_provision_detail','UPDATING DATA ID #52',8,1488991803,8,1488991803),(3285,'SUCCESS','attachment','INSERTING NEW DATA WITH ID #38',8,1488991803,8,1488991803),(3286,'SUCCESS','attachment_owner','INSERTING NEW DATA WITH ID #40',8,1488991803,8,1488991803),(3287,'SUCCESS','ppu_technical_provision_detail','UPDATING DATA ID #53',8,1488991803,8,1488991803),(3288,'SUCCESS','ppu_technical_provision_detail','UPDATING DATA ID #54',8,1488991803,8,1488991803),(3289,'SUCCESS','ppu_technical_provision_detail','UPDATING DATA ID #55',8,1488991803,8,1488991803),(3290,'SUCCESS','ppu_technical_provision_detail','UPDATING DATA ID #56',8,1488991803,8,1488991803),(3291,'SUCCESS','ppu_technical_provision','UPDATING DATA ID #35',8,1488991824,8,1488991824),(3292,'SUCCESS','ppu_technical_provision_detail','UPDATING DATA ID #51',8,1488991824,8,1488991824),(3293,'SUCCESS','attachment','INSERTING NEW DATA WITH ID #39',8,1488991824,8,1488991824),(3294,'SUCCESS','attachment_owner','INSERTING NEW DATA WITH ID #41',8,1488991824,8,1488991824),(3295,'SUCCESS','ppu_technical_provision_detail','UPDATING DATA ID #52',8,1488991824,8,1488991824),(3296,'SUCCESS','ppu_technical_provision_detail','UPDATING DATA ID #53',8,1488991824,8,1488991824),(3297,'SUCCESS','ppu_technical_provision_detail','UPDATING DATA ID #54',8,1488991824,8,1488991824),(3298,'SUCCESS','ppu_technical_provision_detail','UPDATING DATA ID #55',8,1488991824,8,1488991824),(3299,'SUCCESS','ppu_technical_provision_detail','UPDATING DATA ID #56',8,1488991824,8,1488991824),(3300,'SUCCESS','attachment','DELETING DATA ID #39',8,1488991840,8,1488991840),(3301,'SUCCESS','attachment','DELETING DATA ID #38',8,1488991843,8,1488991843),(3302,'SUCCESS','attachment','DELETING DATA ID #37',8,1488991846,8,1488991846),(3303,'SUCCESS','ppu_technical_provision','UPDATING DATA ID #35',8,1488991875,8,1488991875),(3304,'SUCCESS','ppu_technical_provision_detail','UPDATING DATA ID #51',8,1488991875,8,1488991875),(3305,'SUCCESS','ppu_technical_provision_detail','UPDATING DATA ID #52',8,1488991875,8,1488991875),(3306,'SUCCESS','ppu_technical_provision_detail','UPDATING DATA ID #53',8,1488991875,8,1488991875),(3307,'SUCCESS','ppu_technical_provision_detail','UPDATING DATA ID #54',8,1488991875,8,1488991875),(3308,'SUCCESS','ppu_technical_provision_detail','UPDATING DATA ID #55',8,1488991875,8,1488991875),(3309,'SUCCESS','ppu_technical_provision_detail','UPDATING DATA ID #56',8,1488991875,8,1488991875),(3310,'SUCCESS','ppu_question','INSERTING NEW DATA WITH ID #8',8,1488991991,8,1488991991),(3311,'SUCCESS','ppu_technical_provision','UPDATING DATA ID #35',8,1488992000,8,1488992000),(3312,'SUCCESS','ppu_technical_provision_detail','UPDATING DATA ID #51',8,1488992000,8,1488992000),(3313,'SUCCESS','ppu_technical_provision_detail','UPDATING DATA ID #52',8,1488992000,8,1488992000),(3314,'SUCCESS','ppu_technical_provision_detail','UPDATING DATA ID #53',8,1488992000,8,1488992000),(3315,'SUCCESS','ppu_technical_provision_detail','UPDATING DATA ID #54',8,1488992000,8,1488992000),(3316,'SUCCESS','ppu_technical_provision_detail','UPDATING DATA ID #55',8,1488992000,8,1488992000),(3317,'SUCCESS','ppu_technical_provision_detail','UPDATING DATA ID #56',8,1488992000,8,1488992000),(3318,'SUCCESS','ppu_technical_provision_detail','INSERTING NEW DATA WITH ID #57',8,1488992000,8,1488992000),(3319,'SUCCESS','attachment','INSERTING NEW DATA WITH ID #40',8,1488992001,8,1488992001),(3320,'SUCCESS','attachment_owner','INSERTING NEW DATA WITH ID #42',8,1488992001,8,1488992001),(3321,'SUCCESS','attachment','DELETING DATA ID #36',8,1489660355,8,1489660355),(3330,'SUCCESS','ppu_emission_load_grk','INSERTING NEW DATA WITH ID #3',8,1490602357,8,1490602357),(3331,'SUCCESS','ppu_emission_load_grk_calc','INSERTING NEW DATA WITH ID #5',8,1490602357,8,1490602357),(3332,'SUCCESS','attachment','INSERTING NEW DATA WITH ID #41',8,1490602358,8,1490602358),(3333,'SUCCESS','attachment_owner','INSERTING NEW DATA WITH ID #43',8,1490602358,8,1490602358),(3334,'SUCCESS','ppu_emission_load_grk_calc','INSERTING NEW DATA WITH ID #6',8,1490602358,8,1490602358),(3335,'SUCCESS','attachment','INSERTING NEW DATA WITH ID #42',8,1490602358,8,1490602358),(3336,'SUCCESS','attachment_owner','INSERTING NEW DATA WITH ID #44',8,1490602358,8,1490602358),(3337,'SUCCESS','ppu_emission_load_grk','DELETING DATA ID #3',8,1490606681,8,1490606681),(3338,'SUCCESS','ppua_monitoring_point','INSERTING NEW DATA WITH ID #1',8,1490643184,8,1490643184),(3339,'SUCCESS','ppua_parameter_obligation','INSERTING NEW DATA WITH ID #1',8,1490644354,8,1490644354),(3340,'SUCCESS','ppuapo_month','INSERTING NEW DATA WITH ID #1',8,1490644354,8,1490644354),(3341,'SUCCESS','ppuapo_month','INSERTING NEW DATA WITH ID #2',8,1490644354,8,1490644354),(3342,'SUCCESS','ppuapo_month','INSERTING NEW DATA WITH ID #3',8,1490644354,8,1490644354),(3343,'SUCCESS','ppuapo_month','INSERTING NEW DATA WITH ID #4',8,1490644354,8,1490644354),(3344,'SUCCESS','ppuapo_month','INSERTING NEW DATA WITH ID #5',8,1490644354,8,1490644354),(3345,'SUCCESS','ppuapo_month','INSERTING NEW DATA WITH ID #6',8,1490644354,8,1490644354),(3346,'SUCCESS','ppuapo_month','INSERTING NEW DATA WITH ID #7',8,1490644354,8,1490644354),(3347,'SUCCESS','ppuapo_month','INSERTING NEW DATA WITH ID #8',8,1490644354,8,1490644354),(3348,'SUCCESS','ppuapo_month','INSERTING NEW DATA WITH ID #9',8,1490644354,8,1490644354),(3349,'SUCCESS','ppuapo_month','INSERTING NEW DATA WITH ID #10',8,1490644354,8,1490644354),(3350,'SUCCESS','ppuapo_month','INSERTING NEW DATA WITH ID #11',8,1490644354,8,1490644354),(3351,'SUCCESS','ppuapo_month','INSERTING NEW DATA WITH ID #12',8,1490644354,8,1490644354),(3352,'SUCCESS','ppua_parameter_obligation','INSERTING NEW DATA WITH ID #2',8,1490644535,8,1490644535),(3353,'SUCCESS','ppuapo_month','INSERTING NEW DATA WITH ID #13',8,1490644535,8,1490644535),(3354,'SUCCESS','ppuapo_month','INSERTING NEW DATA WITH ID #14',8,1490644535,8,1490644535),(3355,'SUCCESS','ppuapo_month','INSERTING NEW DATA WITH ID #15',8,1490644535,8,1490644535),(3356,'SUCCESS','ppuapo_month','INSERTING NEW DATA WITH ID #16',8,1490644535,8,1490644535),(3357,'SUCCESS','ppuapo_month','INSERTING NEW DATA WITH ID #17',8,1490644535,8,1490644535),(3358,'SUCCESS','ppuapo_month','INSERTING NEW DATA WITH ID #18',8,1490644535,8,1490644535),(3359,'SUCCESS','ppuapo_month','INSERTING NEW DATA WITH ID #19',8,1490644535,8,1490644535),(3360,'SUCCESS','ppuapo_month','INSERTING NEW DATA WITH ID #20',8,1490644535,8,1490644535),(3361,'SUCCESS','ppuapo_month','INSERTING NEW DATA WITH ID #21',8,1490644535,8,1490644535),(3362,'SUCCESS','ppuapo_month','INSERTING NEW DATA WITH ID #22',8,1490644535,8,1490644535),(3363,'SUCCESS','ppuapo_month','INSERTING NEW DATA WITH ID #23',8,1490644535,8,1490644535),(3364,'SUCCESS','ppuapo_month','INSERTING NEW DATA WITH ID #24',8,1490644535,8,1490644535),(3365,'SUCCESS','ppua_monitoring_point','INSERTING NEW DATA WITH ID #2',8,1490644577,8,1490644577),(3366,'SUCCESS','ppua_parameter_obligation','INSERTING NEW DATA WITH ID #3',8,1490644618,8,1490644618),(3367,'SUCCESS','ppuapo_month','INSERTING NEW DATA WITH ID #25',8,1490644618,8,1490644618),(3368,'SUCCESS','ppuapo_month','INSERTING NEW DATA WITH ID #26',8,1490644618,8,1490644618),(3369,'SUCCESS','ppuapo_month','INSERTING NEW DATA WITH ID #27',8,1490644618,8,1490644618),(3370,'SUCCESS','ppuapo_month','INSERTING NEW DATA WITH ID #28',8,1490644618,8,1490644618),(3371,'SUCCESS','ppuapo_month','INSERTING NEW DATA WITH ID #29',8,1490644618,8,1490644618),(3372,'SUCCESS','ppuapo_month','INSERTING NEW DATA WITH ID #30',8,1490644618,8,1490644618),(3373,'SUCCESS','ppuapo_month','INSERTING NEW DATA WITH ID #31',8,1490644618,8,1490644618),(3374,'SUCCESS','ppuapo_month','INSERTING NEW DATA WITH ID #32',8,1490644618,8,1490644618),(3375,'SUCCESS','ppuapo_month','INSERTING NEW DATA WITH ID #33',8,1490644618,8,1490644618),(3376,'SUCCESS','ppuapo_month','INSERTING NEW DATA WITH ID #34',8,1490644618,8,1490644618),(3377,'SUCCESS','ppuapo_month','INSERTING NEW DATA WITH ID #35',8,1490644618,8,1490644618),(3378,'SUCCESS','ppuapo_month','INSERTING NEW DATA WITH ID #36',8,1490644618,8,1490644618),(3379,'SUCCESS','ppua_parameter_obligation','INSERTING NEW DATA WITH ID #4',8,1490644654,8,1490644654),(3380,'SUCCESS','ppuapo_month','INSERTING NEW DATA WITH ID #37',8,1490644654,8,1490644654),(3381,'SUCCESS','ppuapo_month','INSERTING NEW DATA WITH ID #38',8,1490644654,8,1490644654),(3382,'SUCCESS','ppuapo_month','INSERTING NEW DATA WITH ID #39',8,1490644654,8,1490644654),(3383,'SUCCESS','ppuapo_month','INSERTING NEW DATA WITH ID #40',8,1490644654,8,1490644654),(3384,'SUCCESS','ppuapo_month','INSERTING NEW DATA WITH ID #41',8,1490644654,8,1490644654),(3385,'SUCCESS','ppuapo_month','INSERTING NEW DATA WITH ID #42',8,1490644654,8,1490644654),(3386,'SUCCESS','ppuapo_month','INSERTING NEW DATA WITH ID #43',8,1490644654,8,1490644654),(3387,'SUCCESS','ppuapo_month','INSERTING NEW DATA WITH ID #44',8,1490644654,8,1490644654),(3388,'SUCCESS','ppuapo_month','INSERTING NEW DATA WITH ID #45',8,1490644654,8,1490644654),(3389,'SUCCESS','ppuapo_month','INSERTING NEW DATA WITH ID #46',8,1490644654,8,1490644654),(3390,'SUCCESS','ppuapo_month','INSERTING NEW DATA WITH ID #47',8,1490644654,8,1490644654),(3391,'SUCCESS','ppuapo_month','INSERTING NEW DATA WITH ID #48',8,1490644654,8,1490644654),(3392,'SUCCESS','ppa_ba','INSERTING NEW DATA WITH ID #3',8,1491714734,8,1491714734),(3393,'SUCCESS','ppu','INSERTING NEW DATA WITH ID #10',8,1491747359,8,1491747359),(3394,'SUCCESS','environment_permit','INSERTING NEW DATA WITH ID #5',8,1491817741,8,1491817741),(3395,'SUCCESS','environment_permit_detail','INSERTING NEW DATA WITH ID #6',8,1491817741,8,1491817741),(3396,'SUCCESS','attachment','INSERTING NEW DATA WITH ID #41',8,1491817742,8,1491817742),(3397,'SUCCESS','attachment_owner','INSERTING NEW DATA WITH ID #43',8,1491817742,8,1491817742),(3398,'SUCCESS','ppu_ambient','INSERTING NEW DATA WITH ID #4',8,1491822034,8,1491822034),(3399,'SUCCESS','environment_permit','UPDATING DATA ID #5',8,1491822841,8,1491822841),(3400,'SUCCESS','log_dirty','INSERTING NEW DATA WITH ID #182',8,1491822841,8,1491822841),(3401,'SUCCESS','environment_permit_detail','UPDATING DATA ID #6',8,1491822842,8,1491822842),(3402,'SUCCESS','ppu','INSERTING NEW DATA WITH ID #11',8,1491822880,8,1491822880),(3403,'SUCCESS','ppu_ambient','INSERTING NEW DATA WITH ID #5',8,1491822892,8,1491822892),(3404,'SUCCESS','ppu_ambient','INSERTING NEW DATA WITH ID #6',8,1491822965,8,1491822965),(3405,'SUCCESS','ppu_ambient','INSERTING NEW DATA WITH ID #7',8,1491823003,8,1491823003),(3406,'SUCCESS','attachment_owner','DELETING DATA ID #20',8,1491823532,8,1491823532),(3407,'SUCCESS','environment_permit','DELETING DATA ID #4',8,1491823532,8,1491823532),(3408,'SUCCESS','attachment_owner','DELETING DATA ID #19',8,1491823660,8,1491823660),(3409,'SUCCESS','environment_permit','DELETING DATA ID #3',8,1491823660,8,1491823660),(3410,'SUCCESS','attachment_owner','DELETING DATA ID #18',8,1491823680,8,1491823680),(3411,'SUCCESS','environment_permit','DELETING DATA ID #2',8,1491823680,8,1491823680),(3412,'SUCCESS','environment_permit','INSERTING NEW DATA WITH ID #6',8,1491823764,8,1491823764),(3413,'SUCCESS','environment_permit_detail','INSERTING NEW DATA WITH ID #7',8,1491823764,8,1491823764),(3414,'SUCCESS','attachment','INSERTING NEW DATA WITH ID #42',8,1491823765,8,1491823765),(3415,'SUCCESS','attachment_owner','INSERTING NEW DATA WITH ID #44',8,1491823765,8,1491823765),(3416,'SUCCESS','attachment_owner','DELETING DATA ID #44',8,1491824416,8,1491824416),(3417,'SUCCESS','environment_permit','DELETING DATA ID #6',8,1491824416,8,1491824416),(3418,'SUCCESS','ppu','DELETING DATA ID #9',8,1491824457,8,1491824457),(3419,'SUCCESS','ppu','DELETING DATA ID #8',8,1491824500,8,1491824500),(3420,'SUCCESS','ppu_ambient','DELETING DATA ID #3',8,1491824515,8,1491824515),(3421,'SUCCESS','plb3_balance_sheet','INSERTING NEW DATA WITH ID #1',8,1491896765,8,1491896765),(3422,'SUCCESS','codeset','INSERTING NEW DATA WITH ID #75',8,1491901009,8,1491901009),(3423,'SUCCESS','codeset','INSERTING NEW DATA WITH ID #76',8,1491901030,8,1491901030),(3424,'SUCCESS','codeset','UPDATING DATA ID #75',8,1491901164,8,1491901164),(3425,'SUCCESS','codeset','UPDATING DATA ID #76',8,1491901182,8,1491901182),(3426,'SUCCESS','codeset','INSERTING NEW DATA WITH ID #77',8,1491923820,8,1491923820),(3427,'SUCCESS','codeset','INSERTING NEW DATA WITH ID #78',8,1491923832,8,1491923832),(3428,'SUCCESS','codeset','INSERTING NEW DATA WITH ID #79',8,1491923843,8,1491923843),(3429,'SUCCESS','codeset','INSERTING NEW DATA WITH ID #80',8,1491923955,8,1491923955),(3430,'SUCCESS','codeset','INSERTING NEW DATA WITH ID #81',8,1491983907,8,1491983907),(3431,'SUCCESS','codeset','INSERTING NEW DATA WITH ID #82',8,1491983983,8,1491983983),(3432,'SUCCESS','codeset','INSERTING NEW DATA WITH ID #83',8,1491983995,8,1491983995),(3433,'SUCCESS','codeset','INSERTING NEW DATA WITH ID #84',8,1491984008,8,1491984008),(3434,'SUCCESS','codeset','INSERTING NEW DATA WITH ID #85',8,1491984024,8,1491984024),(3435,'SUCCESS','codeset','INSERTING NEW DATA WITH ID #86',8,1491984048,8,1491984048),(3436,'SUCCESS','codeset','UPDATING DATA ID #81',8,1491984260,8,1491984260),(3437,'SUCCESS','codeset','UPDATING DATA ID #82',8,1491984564,8,1491984564),(3438,'SUCCESS','codeset','UPDATING DATA ID #82',8,1491984581,8,1491984581),(3439,'SUCCESS','codeset','UPDATING DATA ID #86',8,1491984597,8,1491984597),(3440,'SUCCESS','codeset','UPDATING DATA ID #85',8,1491984606,8,1491984606),(3441,'SUCCESS','codeset','UPDATING DATA ID #84',8,1491984616,8,1491984616),(3442,'SUCCESS','codeset','UPDATING DATA ID #83',8,1491984624,8,1491984624),(3443,'SUCCESS','codeset','UPDATING DATA ID #82',8,1491984633,8,1491984633),(3446,'SUCCESS','codeset','INSERTING NEW DATA WITH ID #87',8,1492052493,8,1492052493),(3447,'SUCCESS','codeset','UPDATING DATA ID #87',8,1492052511,8,1492052511),(3448,'SUCCESS','codeset','UPDATING DATA ID #87',8,1492052518,8,1492052518),(3449,'SUCCESS','codeset','UPDATING DATA ID #87',8,1492052524,8,1492052524),(3450,'SUCCESS','codeset','UPDATING DATA ID #87',8,1492052529,8,1492052529),(3451,'SUCCESS','codeset','UPDATING DATA ID #87',8,1492052536,8,1492052536),(3626,'SUCCESS','plb3_balance_sheet_detail','INSERTING NEW DATA WITH ID #30',8,1492147687,8,1492147687),(3627,'SUCCESS','plb3_balance_sheet_treatment','INSERTING NEW DATA WITH ID #37',8,1492147687,8,1492147687),(3628,'SUCCESS','plb3bsd_month','INSERTING NEW DATA WITH ID #97',8,1492147687,8,1492147687),(3629,'SUCCESS','plb3bsd_month','INSERTING NEW DATA WITH ID #98',8,1492147687,8,1492147687),(3630,'SUCCESS','plb3bsd_month','INSERTING NEW DATA WITH ID #99',8,1492147687,8,1492147687),(3631,'SUCCESS','plb3bsd_month','INSERTING NEW DATA WITH ID #100',8,1492147687,8,1492147687),(3632,'SUCCESS','plb3bsd_month','INSERTING NEW DATA WITH ID #101',8,1492147687,8,1492147687),(3633,'SUCCESS','plb3bsd_month','INSERTING NEW DATA WITH ID #102',8,1492147687,8,1492147687),(3634,'SUCCESS','plb3bsd_month','INSERTING NEW DATA WITH ID #103',8,1492147687,8,1492147687),(3635,'SUCCESS','plb3bsd_month','INSERTING NEW DATA WITH ID #104',8,1492147687,8,1492147687),(3636,'SUCCESS','plb3bsd_month','INSERTING NEW DATA WITH ID #105',8,1492147687,8,1492147687),(3637,'SUCCESS','plb3bsd_month','INSERTING NEW DATA WITH ID #106',8,1492147687,8,1492147687),(3638,'SUCCESS','plb3bsd_month','INSERTING NEW DATA WITH ID #107',8,1492147687,8,1492147687),(3639,'SUCCESS','plb3bsd_month','INSERTING NEW DATA WITH ID #108',8,1492147687,8,1492147687),(3640,'SUCCESS','plb3_balance_sheet_treatment','INSERTING NEW DATA WITH ID #38',8,1492147687,8,1492147687),(3641,'SUCCESS','plb3_balance_sheet_treatment','INSERTING NEW DATA WITH ID #39',8,1492147687,8,1492147687),(3642,'SUCCESS','plb3bsd_month','INSERTING NEW DATA WITH ID #109',8,1492147687,8,1492147687),(3643,'SUCCESS','plb3bsd_month','INSERTING NEW DATA WITH ID #110',8,1492147687,8,1492147687),(3644,'SUCCESS','plb3bsd_month','INSERTING NEW DATA WITH ID #111',8,1492147687,8,1492147687),(3645,'SUCCESS','plb3bsd_month','INSERTING NEW DATA WITH ID #112',8,1492147687,8,1492147687),(3646,'SUCCESS','plb3bsd_month','INSERTING NEW DATA WITH ID #113',8,1492147687,8,1492147687),(3647,'SUCCESS','plb3bsd_month','INSERTING NEW DATA WITH ID #114',8,1492147687,8,1492147687),(3648,'SUCCESS','plb3bsd_month','INSERTING NEW DATA WITH ID #115',8,1492147687,8,1492147687),(3649,'SUCCESS','plb3bsd_month','INSERTING NEW DATA WITH ID #116',8,1492147687,8,1492147687),(3650,'SUCCESS','plb3bsd_month','INSERTING NEW DATA WITH ID #117',8,1492147687,8,1492147687),(3651,'SUCCESS','plb3bsd_month','INSERTING NEW DATA WITH ID #118',8,1492147687,8,1492147687),(3652,'SUCCESS','plb3bsd_month','INSERTING NEW DATA WITH ID #119',8,1492147687,8,1492147687),(3653,'SUCCESS','plb3bsd_month','INSERTING NEW DATA WITH ID #120',8,1492147687,8,1492147687),(3654,'SUCCESS','plb3_balance_sheet_treatment','INSERTING NEW DATA WITH ID #40',8,1492147687,8,1492147687),(3655,'SUCCESS','plb3bsd_month','INSERTING NEW DATA WITH ID #121',8,1492147687,8,1492147687),(3656,'SUCCESS','plb3bsd_month','INSERTING NEW DATA WITH ID #122',8,1492147687,8,1492147687),(3657,'SUCCESS','plb3bsd_month','INSERTING NEW DATA WITH ID #123',8,1492147687,8,1492147687),(3658,'SUCCESS','plb3bsd_month','INSERTING NEW DATA WITH ID #124',8,1492147687,8,1492147687),(3659,'SUCCESS','plb3bsd_month','INSERTING NEW DATA WITH ID #125',8,1492147687,8,1492147687),(3660,'SUCCESS','plb3bsd_month','INSERTING NEW DATA WITH ID #126',8,1492147687,8,1492147687),(3661,'SUCCESS','plb3bsd_month','INSERTING NEW DATA WITH ID #127',8,1492147687,8,1492147687),(3662,'SUCCESS','plb3bsd_month','INSERTING NEW DATA WITH ID #128',8,1492147687,8,1492147687),(3663,'SUCCESS','plb3bsd_month','INSERTING NEW DATA WITH ID #129',8,1492147687,8,1492147687),(3664,'SUCCESS','plb3bsd_month','INSERTING NEW DATA WITH ID #130',8,1492147687,8,1492147687),(3665,'SUCCESS','plb3bsd_month','INSERTING NEW DATA WITH ID #131',8,1492147687,8,1492147687),(3666,'SUCCESS','plb3bsd_month','INSERTING NEW DATA WITH ID #132',8,1492147687,8,1492147687),(3667,'SUCCESS','plb3_balance_sheet_treatment','INSERTING NEW DATA WITH ID #41',8,1492147687,8,1492147687),(3668,'SUCCESS','plb3bsd_month','INSERTING NEW DATA WITH ID #133',8,1492147687,8,1492147687),(3669,'SUCCESS','plb3bsd_month','INSERTING NEW DATA WITH ID #134',8,1492147687,8,1492147687),(3670,'SUCCESS','plb3bsd_month','INSERTING NEW DATA WITH ID #135',8,1492147687,8,1492147687),(3671,'SUCCESS','plb3bsd_month','INSERTING NEW DATA WITH ID #136',8,1492147687,8,1492147687),(3672,'SUCCESS','plb3bsd_month','INSERTING NEW DATA WITH ID #137',8,1492147687,8,1492147687),(3673,'SUCCESS','plb3bsd_month','INSERTING NEW DATA WITH ID #138',8,1492147687,8,1492147687),(3674,'SUCCESS','plb3bsd_month','INSERTING NEW DATA WITH ID #139',8,1492147687,8,1492147687),(3675,'SUCCESS','plb3bsd_month','INSERTING NEW DATA WITH ID #140',8,1492147687,8,1492147687),(3676,'SUCCESS','plb3bsd_month','INSERTING NEW DATA WITH ID #141',8,1492147687,8,1492147687),(3677,'SUCCESS','plb3bsd_month','INSERTING NEW DATA WITH ID #142',8,1492147687,8,1492147687),(3678,'SUCCESS','plb3bsd_month','INSERTING NEW DATA WITH ID #143',8,1492147687,8,1492147687),(3679,'SUCCESS','plb3bsd_month','INSERTING NEW DATA WITH ID #144',8,1492147687,8,1492147687),(3680,'SUCCESS','plb3_balance_sheet_treatment','INSERTING NEW DATA WITH ID #42',8,1492147687,8,1492147687),(3681,'SUCCESS','plb3bsd_month','INSERTING NEW DATA WITH ID #145',8,1492147687,8,1492147687),(3682,'SUCCESS','plb3bsd_month','INSERTING NEW DATA WITH ID #146',8,1492147687,8,1492147687),(3683,'SUCCESS','plb3bsd_month','INSERTING NEW DATA WITH ID #147',8,1492147687,8,1492147687),(3684,'SUCCESS','plb3bsd_month','INSERTING NEW DATA WITH ID #148',8,1492147687,8,1492147687),(3685,'SUCCESS','plb3bsd_month','INSERTING NEW DATA WITH ID #149',8,1492147687,8,1492147687),(3686,'SUCCESS','plb3bsd_month','INSERTING NEW DATA WITH ID #150',8,1492147687,8,1492147687),(3687,'SUCCESS','plb3bsd_month','INSERTING NEW DATA WITH ID #151',8,1492147687,8,1492147687),(3688,'SUCCESS','plb3bsd_month','INSERTING NEW DATA WITH ID #152',8,1492147687,8,1492147687),(3689,'SUCCESS','plb3bsd_month','INSERTING NEW DATA WITH ID #153',8,1492147687,8,1492147687),(3690,'SUCCESS','plb3bsd_month','INSERTING NEW DATA WITH ID #154',8,1492147687,8,1492147687),(3691,'SUCCESS','plb3bsd_month','INSERTING NEW DATA WITH ID #155',8,1492147687,8,1492147687),(3692,'SUCCESS','plb3bsd_month','INSERTING NEW DATA WITH ID #156',8,1492147687,8,1492147687),(3693,'SUCCESS','plb3_balance_sheet_treatment','INSERTING NEW DATA WITH ID #43',8,1492147687,8,1492147687),(3694,'SUCCESS','plb3bsd_month','INSERTING NEW DATA WITH ID #157',8,1492147687,8,1492147687),(3695,'SUCCESS','plb3bsd_month','INSERTING NEW DATA WITH ID #158',8,1492147687,8,1492147687),(3696,'SUCCESS','plb3bsd_month','INSERTING NEW DATA WITH ID #159',8,1492147687,8,1492147687),(3697,'SUCCESS','plb3bsd_month','INSERTING NEW DATA WITH ID #160',8,1492147687,8,1492147687),(3698,'SUCCESS','plb3bsd_month','INSERTING NEW DATA WITH ID #161',8,1492147687,8,1492147687),(3699,'SUCCESS','plb3bsd_month','INSERTING NEW DATA WITH ID #162',8,1492147687,8,1492147687),(3700,'SUCCESS','plb3bsd_month','INSERTING NEW DATA WITH ID #163',8,1492147687,8,1492147687),(3701,'SUCCESS','plb3bsd_month','INSERTING NEW DATA WITH ID #164',8,1492147687,8,1492147687),(3702,'SUCCESS','plb3bsd_month','INSERTING NEW DATA WITH ID #165',8,1492147687,8,1492147687),(3703,'SUCCESS','plb3bsd_month','INSERTING NEW DATA WITH ID #166',8,1492147687,8,1492147687),(3704,'SUCCESS','plb3bsd_month','INSERTING NEW DATA WITH ID #167',8,1492147687,8,1492147687),(3705,'SUCCESS','plb3bsd_month','INSERTING NEW DATA WITH ID #168',8,1492147687,8,1492147687),(3706,'SUCCESS','plb3_balance_sheet_detail','INSERTING NEW DATA WITH ID #31',8,1492147693,8,1492147693),(3707,'SUCCESS','plb3_balance_sheet_treatment','INSERTING NEW DATA WITH ID #44',8,1492147693,8,1492147693),(3708,'SUCCESS','plb3bsd_month','INSERTING NEW DATA WITH ID #169',8,1492147693,8,1492147693),(3709,'SUCCESS','plb3bsd_month','INSERTING NEW DATA WITH ID #170',8,1492147693,8,1492147693),(3710,'SUCCESS','plb3bsd_month','INSERTING NEW DATA WITH ID #171',8,1492147693,8,1492147693),(3711,'SUCCESS','plb3bsd_month','INSERTING NEW DATA WITH ID #172',8,1492147693,8,1492147693),(3712,'SUCCESS','plb3bsd_month','INSERTING NEW DATA WITH ID #173',8,1492147693,8,1492147693),(3713,'SUCCESS','plb3bsd_month','INSERTING NEW DATA WITH ID #174',8,1492147693,8,1492147693),(3714,'SUCCESS','plb3bsd_month','INSERTING NEW DATA WITH ID #175',8,1492147693,8,1492147693),(3715,'SUCCESS','plb3bsd_month','INSERTING NEW DATA WITH ID #176',8,1492147693,8,1492147693),(3716,'SUCCESS','plb3bsd_month','INSERTING NEW DATA WITH ID #177',8,1492147693,8,1492147693),(3717,'SUCCESS','plb3bsd_month','INSERTING NEW DATA WITH ID #178',8,1492147693,8,1492147693),(3718,'SUCCESS','plb3bsd_month','INSERTING NEW DATA WITH ID #179',8,1492147693,8,1492147693),(3719,'SUCCESS','plb3bsd_month','INSERTING NEW DATA WITH ID #180',8,1492147693,8,1492147693),(3720,'SUCCESS','plb3_balance_sheet_treatment','INSERTING NEW DATA WITH ID #45',8,1492147693,8,1492147693),(3721,'SUCCESS','plb3_balance_sheet_treatment','INSERTING NEW DATA WITH ID #46',8,1492147693,8,1492147693),(3722,'SUCCESS','plb3bsd_month','INSERTING NEW DATA WITH ID #181',8,1492147693,8,1492147693),(3723,'SUCCESS','plb3bsd_month','INSERTING NEW DATA WITH ID #182',8,1492147693,8,1492147693),(3724,'SUCCESS','plb3bsd_month','INSERTING NEW DATA WITH ID #183',8,1492147693,8,1492147693),(3725,'SUCCESS','plb3bsd_month','INSERTING NEW DATA WITH ID #184',8,1492147693,8,1492147693),(3726,'SUCCESS','plb3bsd_month','INSERTING NEW DATA WITH ID #185',8,1492147693,8,1492147693),(3727,'SUCCESS','plb3bsd_month','INSERTING NEW DATA WITH ID #186',8,1492147693,8,1492147693),(3728,'SUCCESS','plb3bsd_month','INSERTING NEW DATA WITH ID #187',8,1492147693,8,1492147693),(3729,'SUCCESS','plb3bsd_month','INSERTING NEW DATA WITH ID #188',8,1492147693,8,1492147693),(3730,'SUCCESS','plb3bsd_month','INSERTING NEW DATA WITH ID #189',8,1492147693,8,1492147693),(3731,'SUCCESS','plb3bsd_month','INSERTING NEW DATA WITH ID #190',8,1492147693,8,1492147693),(3732,'SUCCESS','plb3bsd_month','INSERTING NEW DATA WITH ID #191',8,1492147693,8,1492147693),(3733,'SUCCESS','plb3bsd_month','INSERTING NEW DATA WITH ID #192',8,1492147693,8,1492147693),(3734,'SUCCESS','plb3_balance_sheet_treatment','INSERTING NEW DATA WITH ID #47',8,1492147693,8,1492147693),(3735,'SUCCESS','plb3bsd_month','INSERTING NEW DATA WITH ID #193',8,1492147693,8,1492147693),(3736,'SUCCESS','plb3bsd_month','INSERTING NEW DATA WITH ID #194',8,1492147693,8,1492147693),(3737,'SUCCESS','plb3bsd_month','INSERTING NEW DATA WITH ID #195',8,1492147693,8,1492147693),(3738,'SUCCESS','plb3bsd_month','INSERTING NEW DATA WITH ID #196',8,1492147693,8,1492147693),(3739,'SUCCESS','plb3bsd_month','INSERTING NEW DATA WITH ID #197',8,1492147693,8,1492147693),(3740,'SUCCESS','plb3bsd_month','INSERTING NEW DATA WITH ID #198',8,1492147693,8,1492147693),(3741,'SUCCESS','plb3bsd_month','INSERTING NEW DATA WITH ID #199',8,1492147693,8,1492147693),(3742,'SUCCESS','plb3bsd_month','INSERTING NEW DATA WITH ID #200',8,1492147693,8,1492147693),(3743,'SUCCESS','plb3bsd_month','INSERTING NEW DATA WITH ID #201',8,1492147693,8,1492147693),(3744,'SUCCESS','plb3bsd_month','INSERTING NEW DATA WITH ID #202',8,1492147693,8,1492147693),(3745,'SUCCESS','plb3bsd_month','INSERTING NEW DATA WITH ID #203',8,1492147693,8,1492147693),(3746,'SUCCESS','plb3bsd_month','INSERTING NEW DATA WITH ID #204',8,1492147693,8,1492147693),(3747,'SUCCESS','plb3_balance_sheet_treatment','INSERTING NEW DATA WITH ID #48',8,1492147693,8,1492147693),(3748,'SUCCESS','plb3bsd_month','INSERTING NEW DATA WITH ID #205',8,1492147693,8,1492147693),(3749,'SUCCESS','plb3bsd_month','INSERTING NEW DATA WITH ID #206',8,1492147693,8,1492147693),(3750,'SUCCESS','plb3bsd_month','INSERTING NEW DATA WITH ID #207',8,1492147693,8,1492147693),(3751,'SUCCESS','plb3bsd_month','INSERTING NEW DATA WITH ID #208',8,1492147693,8,1492147693),(3752,'SUCCESS','plb3bsd_month','INSERTING NEW DATA WITH ID #209',8,1492147693,8,1492147693),(3753,'SUCCESS','plb3bsd_month','INSERTING NEW DATA WITH ID #210',8,1492147693,8,1492147693),(3754,'SUCCESS','plb3bsd_month','INSERTING NEW DATA WITH ID #211',8,1492147693,8,1492147693),(3755,'SUCCESS','plb3bsd_month','INSERTING NEW DATA WITH ID #212',8,1492147693,8,1492147693),(3756,'SUCCESS','plb3bsd_month','INSERTING NEW DATA WITH ID #213',8,1492147693,8,1492147693),(3757,'SUCCESS','plb3bsd_month','INSERTING NEW DATA WITH ID #214',8,1492147693,8,1492147693),(3758,'SUCCESS','plb3bsd_month','INSERTING NEW DATA WITH ID #215',8,1492147693,8,1492147693),(3759,'SUCCESS','plb3bsd_month','INSERTING NEW DATA WITH ID #216',8,1492147693,8,1492147693),(3760,'SUCCESS','plb3_balance_sheet_treatment','INSERTING NEW DATA WITH ID #49',8,1492147693,8,1492147693),(3761,'SUCCESS','plb3bsd_month','INSERTING NEW DATA WITH ID #217',8,1492147693,8,1492147693),(3762,'SUCCESS','plb3bsd_month','INSERTING NEW DATA WITH ID #218',8,1492147693,8,1492147693),(3763,'SUCCESS','plb3bsd_month','INSERTING NEW DATA WITH ID #219',8,1492147693,8,1492147693),(3764,'SUCCESS','plb3bsd_month','INSERTING NEW DATA WITH ID #220',8,1492147693,8,1492147693),(3765,'SUCCESS','plb3bsd_month','INSERTING NEW DATA WITH ID #221',8,1492147693,8,1492147693),(3766,'SUCCESS','plb3bsd_month','INSERTING NEW DATA WITH ID #222',8,1492147693,8,1492147693),(3767,'SUCCESS','plb3bsd_month','INSERTING NEW DATA WITH ID #223',8,1492147693,8,1492147693),(3768,'SUCCESS','plb3bsd_month','INSERTING NEW DATA WITH ID #224',8,1492147693,8,1492147693),(3769,'SUCCESS','plb3bsd_month','INSERTING NEW DATA WITH ID #225',8,1492147694,8,1492147694),(3770,'SUCCESS','plb3bsd_month','INSERTING NEW DATA WITH ID #226',8,1492147694,8,1492147694),(3771,'SUCCESS','plb3bsd_month','INSERTING NEW DATA WITH ID #227',8,1492147694,8,1492147694),(3772,'SUCCESS','plb3bsd_month','INSERTING NEW DATA WITH ID #228',8,1492147694,8,1492147694),(3773,'SUCCESS','plb3_balance_sheet_treatment','INSERTING NEW DATA WITH ID #50',8,1492147694,8,1492147694),(3774,'SUCCESS','plb3bsd_month','INSERTING NEW DATA WITH ID #229',8,1492147694,8,1492147694),(3775,'SUCCESS','plb3bsd_month','INSERTING NEW DATA WITH ID #230',8,1492147694,8,1492147694),(3776,'SUCCESS','plb3bsd_month','INSERTING NEW DATA WITH ID #231',8,1492147694,8,1492147694),(3777,'SUCCESS','plb3bsd_month','INSERTING NEW DATA WITH ID #232',8,1492147694,8,1492147694),(3778,'SUCCESS','plb3bsd_month','INSERTING NEW DATA WITH ID #233',8,1492147694,8,1492147694),(3779,'SUCCESS','plb3bsd_month','INSERTING NEW DATA WITH ID #234',8,1492147694,8,1492147694),(3780,'SUCCESS','plb3bsd_month','INSERTING NEW DATA WITH ID #235',8,1492147694,8,1492147694),(3781,'SUCCESS','plb3bsd_month','INSERTING NEW DATA WITH ID #236',8,1492147694,8,1492147694),(3782,'SUCCESS','plb3bsd_month','INSERTING NEW DATA WITH ID #237',8,1492147694,8,1492147694),(3783,'SUCCESS','plb3bsd_month','INSERTING NEW DATA WITH ID #238',8,1492147694,8,1492147694),(3784,'SUCCESS','plb3bsd_month','INSERTING NEW DATA WITH ID #239',8,1492147694,8,1492147694),(3785,'SUCCESS','plb3bsd_month','INSERTING NEW DATA WITH ID #240',8,1492147694,8,1492147694),(3786,'SUCCESS','plb3_balance_sheet_detail','DELETING DATA ID #31',8,1492149552,8,1492149552),(3787,'SUCCESS','plb3_balance_sheet_detail','DELETING DATA ID #30',8,1492149731,8,1492149731),(3788,'SUCCESS','plb3_balance_sheet_detail','INSERTING NEW DATA WITH ID #32',8,1492149775,8,1492149775),(3789,'SUCCESS','plb3_balance_sheet_treatment','INSERTING NEW DATA WITH ID #51',8,1492149775,8,1492149775),(3790,'SUCCESS','plb3bsd_month','INSERTING NEW DATA WITH ID #241',8,1492149775,8,1492149775),(3791,'SUCCESS','plb3bsd_month','INSERTING NEW DATA WITH ID #242',8,1492149775,8,1492149775),(3792,'SUCCESS','plb3bsd_month','INSERTING NEW DATA WITH ID #243',8,1492149775,8,1492149775),(3793,'SUCCESS','plb3bsd_month','INSERTING NEW DATA WITH ID #244',8,1492149775,8,1492149775),(3794,'SUCCESS','plb3bsd_month','INSERTING NEW DATA WITH ID #245',8,1492149775,8,1492149775),(3795,'SUCCESS','plb3bsd_month','INSERTING NEW DATA WITH ID #246',8,1492149775,8,1492149775),(3796,'SUCCESS','plb3bsd_month','INSERTING NEW DATA WITH ID #247',8,1492149775,8,1492149775),(3797,'SUCCESS','plb3bsd_month','INSERTING NEW DATA WITH ID #248',8,1492149775,8,1492149775),(3798,'SUCCESS','plb3bsd_month','INSERTING NEW DATA WITH ID #249',8,1492149775,8,1492149775),(3799,'SUCCESS','plb3bsd_month','INSERTING NEW DATA WITH ID #250',8,1492149775,8,1492149775),(3800,'SUCCESS','plb3bsd_month','INSERTING NEW DATA WITH ID #251',8,1492149775,8,1492149775),(3801,'SUCCESS','plb3bsd_month','INSERTING NEW DATA WITH ID #252',8,1492149775,8,1492149775),(3802,'SUCCESS','plb3_balance_sheet_treatment','INSERTING NEW DATA WITH ID #52',8,1492149775,8,1492149775),(3803,'SUCCESS','plb3_balance_sheet_treatment','INSERTING NEW DATA WITH ID #53',8,1492149775,8,1492149775),(3804,'SUCCESS','plb3bsd_month','INSERTING NEW DATA WITH ID #253',8,1492149775,8,1492149775),(3805,'SUCCESS','plb3bsd_month','INSERTING NEW DATA WITH ID #254',8,1492149775,8,1492149775),(3806,'SUCCESS','plb3bsd_month','INSERTING NEW DATA WITH ID #255',8,1492149775,8,1492149775),(3807,'SUCCESS','plb3bsd_month','INSERTING NEW DATA WITH ID #256',8,1492149775,8,1492149775),(3808,'SUCCESS','plb3bsd_month','INSERTING NEW DATA WITH ID #257',8,1492149775,8,1492149775),(3809,'SUCCESS','plb3bsd_month','INSERTING NEW DATA WITH ID #258',8,1492149775,8,1492149775),(3810,'SUCCESS','plb3bsd_month','INSERTING NEW DATA WITH ID #259',8,1492149775,8,1492149775),(3811,'SUCCESS','plb3bsd_month','INSERTING NEW DATA WITH ID #260',8,1492149775,8,1492149775),(3812,'SUCCESS','plb3bsd_month','INSERTING NEW DATA WITH ID #261',8,1492149775,8,1492149775),(3813,'SUCCESS','plb3bsd_month','INSERTING NEW DATA WITH ID #262',8,1492149775,8,1492149775),(3814,'SUCCESS','plb3bsd_month','INSERTING NEW DATA WITH ID #263',8,1492149775,8,1492149775),(3815,'SUCCESS','plb3bsd_month','INSERTING NEW DATA WITH ID #264',8,1492149775,8,1492149775),(3816,'SUCCESS','plb3_balance_sheet_treatment','INSERTING NEW DATA WITH ID #54',8,1492149775,8,1492149775),(3817,'SUCCESS','plb3bsd_month','INSERTING NEW DATA WITH ID #265',8,1492149775,8,1492149775),(3818,'SUCCESS','plb3bsd_month','INSERTING NEW DATA WITH ID #266',8,1492149775,8,1492149775),(3819,'SUCCESS','plb3bsd_month','INSERTING NEW DATA WITH ID #267',8,1492149775,8,1492149775),(3820,'SUCCESS','plb3bsd_month','INSERTING NEW DATA WITH ID #268',8,1492149775,8,1492149775),(3821,'SUCCESS','plb3bsd_month','INSERTING NEW DATA WITH ID #269',8,1492149775,8,1492149775),(3822,'SUCCESS','plb3bsd_month','INSERTING NEW DATA WITH ID #270',8,1492149775,8,1492149775),(3823,'SUCCESS','plb3bsd_month','INSERTING NEW DATA WITH ID #271',8,1492149775,8,1492149775),(3824,'SUCCESS','plb3bsd_month','INSERTING NEW DATA WITH ID #272',8,1492149775,8,1492149775),(3825,'SUCCESS','plb3bsd_month','INSERTING NEW DATA WITH ID #273',8,1492149775,8,1492149775),(3826,'SUCCESS','plb3bsd_month','INSERTING NEW DATA WITH ID #274',8,1492149775,8,1492149775),(3827,'SUCCESS','plb3bsd_month','INSERTING NEW DATA WITH ID #275',8,1492149775,8,1492149775),(3828,'SUCCESS','plb3bsd_month','INSERTING NEW DATA WITH ID #276',8,1492149775,8,1492149775),(3829,'SUCCESS','plb3_balance_sheet_treatment','INSERTING NEW DATA WITH ID #55',8,1492149775,8,1492149775),(3830,'SUCCESS','plb3bsd_month','INSERTING NEW DATA WITH ID #277',8,1492149775,8,1492149775),(3831,'SUCCESS','plb3bsd_month','INSERTING NEW DATA WITH ID #278',8,1492149775,8,1492149775),(3832,'SUCCESS','plb3bsd_month','INSERTING NEW DATA WITH ID #279',8,1492149775,8,1492149775),(3833,'SUCCESS','plb3bsd_month','INSERTING NEW DATA WITH ID #280',8,1492149775,8,1492149775),(3834,'SUCCESS','plb3bsd_month','INSERTING NEW DATA WITH ID #281',8,1492149775,8,1492149775),(3835,'SUCCESS','plb3bsd_month','INSERTING NEW DATA WITH ID #282',8,1492149775,8,1492149775),(3836,'SUCCESS','plb3bsd_month','INSERTING NEW DATA WITH ID #283',8,1492149775,8,1492149775),(3837,'SUCCESS','plb3bsd_month','INSERTING NEW DATA WITH ID #284',8,1492149775,8,1492149775),(3838,'SUCCESS','plb3bsd_month','INSERTING NEW DATA WITH ID #285',8,1492149775,8,1492149775),(3839,'SUCCESS','plb3bsd_month','INSERTING NEW DATA WITH ID #286',8,1492149775,8,1492149775),(3840,'SUCCESS','plb3bsd_month','INSERTING NEW DATA WITH ID #287',8,1492149775,8,1492149775),(3841,'SUCCESS','plb3bsd_month','INSERTING NEW DATA WITH ID #288',8,1492149775,8,1492149775),(3842,'SUCCESS','plb3_balance_sheet_treatment','INSERTING NEW DATA WITH ID #56',8,1492149775,8,1492149775),(3843,'SUCCESS','plb3bsd_month','INSERTING NEW DATA WITH ID #289',8,1492149775,8,1492149775),(3844,'SUCCESS','plb3bsd_month','INSERTING NEW DATA WITH ID #290',8,1492149775,8,1492149775),(3845,'SUCCESS','plb3bsd_month','INSERTING NEW DATA WITH ID #291',8,1492149775,8,1492149775),(3846,'SUCCESS','plb3bsd_month','INSERTING NEW DATA WITH ID #292',8,1492149775,8,1492149775),(3847,'SUCCESS','plb3bsd_month','INSERTING NEW DATA WITH ID #293',8,1492149775,8,1492149775),(3848,'SUCCESS','plb3bsd_month','INSERTING NEW DATA WITH ID #294',8,1492149775,8,1492149775),(3849,'SUCCESS','plb3bsd_month','INSERTING NEW DATA WITH ID #295',8,1492149775,8,1492149775),(3850,'SUCCESS','plb3bsd_month','INSERTING NEW DATA WITH ID #296',8,1492149775,8,1492149775),(3851,'SUCCESS','plb3bsd_month','INSERTING NEW DATA WITH ID #297',8,1492149775,8,1492149775),(3852,'SUCCESS','plb3bsd_month','INSERTING NEW DATA WITH ID #298',8,1492149775,8,1492149775),(3853,'SUCCESS','plb3bsd_month','INSERTING NEW DATA WITH ID #299',8,1492149775,8,1492149775),(3854,'SUCCESS','plb3bsd_month','INSERTING NEW DATA WITH ID #300',8,1492149775,8,1492149775),(3855,'SUCCESS','plb3_balance_sheet_treatment','INSERTING NEW DATA WITH ID #57',8,1492149775,8,1492149775),(3856,'SUCCESS','plb3bsd_month','INSERTING NEW DATA WITH ID #301',8,1492149775,8,1492149775),(3857,'SUCCESS','plb3bsd_month','INSERTING NEW DATA WITH ID #302',8,1492149775,8,1492149775),(3858,'SUCCESS','plb3bsd_month','INSERTING NEW DATA WITH ID #303',8,1492149775,8,1492149775),(3859,'SUCCESS','plb3bsd_month','INSERTING NEW DATA WITH ID #304',8,1492149775,8,1492149775),(3860,'SUCCESS','plb3bsd_month','INSERTING NEW DATA WITH ID #305',8,1492149775,8,1492149775),(3861,'SUCCESS','plb3bsd_month','INSERTING NEW DATA WITH ID #306',8,1492149775,8,1492149775),(3862,'SUCCESS','plb3bsd_month','INSERTING NEW DATA WITH ID #307',8,1492149775,8,1492149775),(3863,'SUCCESS','plb3bsd_month','INSERTING NEW DATA WITH ID #308',8,1492149775,8,1492149775),(3864,'SUCCESS','plb3bsd_month','INSERTING NEW DATA WITH ID #309',8,1492149775,8,1492149775),(3865,'SUCCESS','plb3bsd_month','INSERTING NEW DATA WITH ID #310',8,1492149775,8,1492149775),(3866,'SUCCESS','plb3bsd_month','INSERTING NEW DATA WITH ID #311',8,1492149775,8,1492149775),(3867,'SUCCESS','plb3bsd_month','INSERTING NEW DATA WITH ID #312',8,1492149775,8,1492149775),(3868,'SUCCESS','plb3_balance_sheet_detail','DELETING DATA ID #32',8,1492149787,8,1492149787),(3869,'SUCCESS','plb3_balance_sheet_detail','INSERTING NEW DATA WITH ID #33',8,1492150522,8,1492150522),(3870,'SUCCESS','plb3_balance_sheet_treatment','INSERTING NEW DATA WITH ID #58',8,1492150522,8,1492150522),(3871,'SUCCESS','plb3bsd_month','INSERTING NEW DATA WITH ID #313',8,1492150522,8,1492150522),(3872,'SUCCESS','plb3bsd_month','INSERTING NEW DATA WITH ID #314',8,1492150522,8,1492150522),(3873,'SUCCESS','plb3bsd_month','INSERTING NEW DATA WITH ID #315',8,1492150522,8,1492150522),(3874,'SUCCESS','plb3bsd_month','INSERTING NEW DATA WITH ID #316',8,1492150522,8,1492150522),(3875,'SUCCESS','plb3bsd_month','INSERTING NEW DATA WITH ID #317',8,1492150522,8,1492150522),(3876,'SUCCESS','plb3bsd_month','INSERTING NEW DATA WITH ID #318',8,1492150522,8,1492150522),(3877,'SUCCESS','plb3bsd_month','INSERTING NEW DATA WITH ID #319',8,1492150522,8,1492150522),(3878,'SUCCESS','plb3bsd_month','INSERTING NEW DATA WITH ID #320',8,1492150522,8,1492150522),(3879,'SUCCESS','plb3bsd_month','INSERTING NEW DATA WITH ID #321',8,1492150522,8,1492150522),(3880,'SUCCESS','plb3bsd_month','INSERTING NEW DATA WITH ID #322',8,1492150522,8,1492150522),(3881,'SUCCESS','plb3bsd_month','INSERTING NEW DATA WITH ID #323',8,1492150522,8,1492150522),(3882,'SUCCESS','plb3bsd_month','INSERTING NEW DATA WITH ID #324',8,1492150522,8,1492150522),(3883,'SUCCESS','plb3_balance_sheet_treatment','INSERTING NEW DATA WITH ID #59',8,1492150522,8,1492150522),(3884,'SUCCESS','plb3_balance_sheet_treatment','INSERTING NEW DATA WITH ID #60',8,1492150522,8,1492150522),(3885,'SUCCESS','plb3bsd_month','INSERTING NEW DATA WITH ID #325',8,1492150522,8,1492150522),(3886,'SUCCESS','plb3bsd_month','INSERTING NEW DATA WITH ID #326',8,1492150522,8,1492150522),(3887,'SUCCESS','plb3bsd_month','INSERTING NEW DATA WITH ID #327',8,1492150522,8,1492150522),(3888,'SUCCESS','plb3bsd_month','INSERTING NEW DATA WITH ID #328',8,1492150522,8,1492150522),(3889,'SUCCESS','plb3bsd_month','INSERTING NEW DATA WITH ID #329',8,1492150522,8,1492150522),(3890,'SUCCESS','plb3bsd_month','INSERTING NEW DATA WITH ID #330',8,1492150522,8,1492150522),(3891,'SUCCESS','plb3bsd_month','INSERTING NEW DATA WITH ID #331',8,1492150522,8,1492150522),(3892,'SUCCESS','plb3bsd_month','INSERTING NEW DATA WITH ID #332',8,1492150522,8,1492150522),(3893,'SUCCESS','plb3bsd_month','INSERTING NEW DATA WITH ID #333',8,1492150522,8,1492150522),(3894,'SUCCESS','plb3bsd_month','INSERTING NEW DATA WITH ID #334',8,1492150522,8,1492150522),(3895,'SUCCESS','plb3bsd_month','INSERTING NEW DATA WITH ID #335',8,1492150522,8,1492150522),(3896,'SUCCESS','plb3bsd_month','INSERTING NEW DATA WITH ID #336',8,1492150522,8,1492150522),(3897,'SUCCESS','plb3_balance_sheet_treatment','INSERTING NEW DATA WITH ID #61',8,1492150522,8,1492150522),(3898,'SUCCESS','plb3bsd_month','INSERTING NEW DATA WITH ID #337',8,1492150522,8,1492150522),(3899,'SUCCESS','plb3bsd_month','INSERTING NEW DATA WITH ID #338',8,1492150522,8,1492150522),(3900,'SUCCESS','plb3bsd_month','INSERTING NEW DATA WITH ID #339',8,1492150522,8,1492150522),(3901,'SUCCESS','plb3bsd_month','INSERTING NEW DATA WITH ID #340',8,1492150522,8,1492150522),(3902,'SUCCESS','plb3bsd_month','INSERTING NEW DATA WITH ID #341',8,1492150522,8,1492150522),(3903,'SUCCESS','plb3bsd_month','INSERTING NEW DATA WITH ID #342',8,1492150522,8,1492150522),(3904,'SUCCESS','plb3bsd_month','INSERTING NEW DATA WITH ID #343',8,1492150522,8,1492150522),(3905,'SUCCESS','plb3bsd_month','INSERTING NEW DATA WITH ID #344',8,1492150522,8,1492150522),(3906,'SUCCESS','plb3bsd_month','INSERTING NEW DATA WITH ID #345',8,1492150522,8,1492150522),(3907,'SUCCESS','plb3bsd_month','INSERTING NEW DATA WITH ID #346',8,1492150522,8,1492150522),(3908,'SUCCESS','plb3bsd_month','INSERTING NEW DATA WITH ID #347',8,1492150522,8,1492150522),(3909,'SUCCESS','plb3bsd_month','INSERTING NEW DATA WITH ID #348',8,1492150522,8,1492150522),(3910,'SUCCESS','plb3_balance_sheet_treatment','INSERTING NEW DATA WITH ID #62',8,1492150522,8,1492150522),(3911,'SUCCESS','plb3bsd_month','INSERTING NEW DATA WITH ID #349',8,1492150522,8,1492150522),(3912,'SUCCESS','plb3bsd_month','INSERTING NEW DATA WITH ID #350',8,1492150522,8,1492150522),(3913,'SUCCESS','plb3bsd_month','INSERTING NEW DATA WITH ID #351',8,1492150522,8,1492150522),(3914,'SUCCESS','plb3bsd_month','INSERTING NEW DATA WITH ID #352',8,1492150522,8,1492150522),(3915,'SUCCESS','plb3bsd_month','INSERTING NEW DATA WITH ID #353',8,1492150522,8,1492150522),(3916,'SUCCESS','plb3bsd_month','INSERTING NEW DATA WITH ID #354',8,1492150522,8,1492150522),(3917,'SUCCESS','plb3bsd_month','INSERTING NEW DATA WITH ID #355',8,1492150522,8,1492150522),(3918,'SUCCESS','plb3bsd_month','INSERTING NEW DATA WITH ID #356',8,1492150522,8,1492150522),(3919,'SUCCESS','plb3bsd_month','INSERTING NEW DATA WITH ID #357',8,1492150522,8,1492150522),(3920,'SUCCESS','plb3bsd_month','INSERTING NEW DATA WITH ID #358',8,1492150522,8,1492150522),(3921,'SUCCESS','plb3bsd_month','INSERTING NEW DATA WITH ID #359',8,1492150522,8,1492150522),(3922,'SUCCESS','plb3bsd_month','INSERTING NEW DATA WITH ID #360',8,1492150522,8,1492150522),(3923,'SUCCESS','plb3_balance_sheet_treatment','INSERTING NEW DATA WITH ID #63',8,1492150522,8,1492150522),(3924,'SUCCESS','plb3bsd_month','INSERTING NEW DATA WITH ID #361',8,1492150522,8,1492150522),(3925,'SUCCESS','plb3bsd_month','INSERTING NEW DATA WITH ID #362',8,1492150522,8,1492150522),(3926,'SUCCESS','plb3bsd_month','INSERTING NEW DATA WITH ID #363',8,1492150522,8,1492150522),(3927,'SUCCESS','plb3bsd_month','INSERTING NEW DATA WITH ID #364',8,1492150522,8,1492150522),(3928,'SUCCESS','plb3bsd_month','INSERTING NEW DATA WITH ID #365',8,1492150522,8,1492150522),(3929,'SUCCESS','plb3bsd_month','INSERTING NEW DATA WITH ID #366',8,1492150522,8,1492150522),(3930,'SUCCESS','plb3bsd_month','INSERTING NEW DATA WITH ID #367',8,1492150522,8,1492150522),(3931,'SUCCESS','plb3bsd_month','INSERTING NEW DATA WITH ID #368',8,1492150522,8,1492150522),(3932,'SUCCESS','plb3bsd_month','INSERTING NEW DATA WITH ID #369',8,1492150522,8,1492150522),(3933,'SUCCESS','plb3bsd_month','INSERTING NEW DATA WITH ID #370',8,1492150522,8,1492150522),(3934,'SUCCESS','plb3bsd_month','INSERTING NEW DATA WITH ID #371',8,1492150522,8,1492150522),(3935,'SUCCESS','plb3bsd_month','INSERTING NEW DATA WITH ID #372',8,1492150522,8,1492150522),(3936,'SUCCESS','plb3_balance_sheet_treatment','INSERTING NEW DATA WITH ID #64',8,1492150522,8,1492150522),(3937,'SUCCESS','plb3bsd_month','INSERTING NEW DATA WITH ID #373',8,1492150522,8,1492150522),(3938,'SUCCESS','plb3bsd_month','INSERTING NEW DATA WITH ID #374',8,1492150522,8,1492150522),(3939,'SUCCESS','plb3bsd_month','INSERTING NEW DATA WITH ID #375',8,1492150522,8,1492150522),(3940,'SUCCESS','plb3bsd_month','INSERTING NEW DATA WITH ID #376',8,1492150522,8,1492150522),(3941,'SUCCESS','plb3bsd_month','INSERTING NEW DATA WITH ID #377',8,1492150522,8,1492150522),(3942,'SUCCESS','plb3bsd_month','INSERTING NEW DATA WITH ID #378',8,1492150522,8,1492150522),(3943,'SUCCESS','plb3bsd_month','INSERTING NEW DATA WITH ID #379',8,1492150522,8,1492150522),(3944,'SUCCESS','plb3bsd_month','INSERTING NEW DATA WITH ID #380',8,1492150522,8,1492150522),(3945,'SUCCESS','plb3bsd_month','INSERTING NEW DATA WITH ID #381',8,1492150522,8,1492150522),(3946,'SUCCESS','plb3bsd_month','INSERTING NEW DATA WITH ID #382',8,1492150522,8,1492150522),(3947,'SUCCESS','plb3bsd_month','INSERTING NEW DATA WITH ID #383',8,1492150522,8,1492150522),(3948,'SUCCESS','plb3bsd_month','INSERTING NEW DATA WITH ID #384',8,1492150522,8,1492150522),(3949,'SUCCESS','plb3_balance_sheet_detail','DELETING DATA ID #33',8,1492150529,8,1492150529),(3950,'SUCCESS','plb3_balance_sheet_detail','INSERTING NEW DATA WITH ID #34',8,1492150798,8,1492150798),(3951,'SUCCESS','plb3_balance_sheet_treatment','INSERTING NEW DATA WITH ID #65',8,1492150798,8,1492150798),(3952,'SUCCESS','plb3bsd_month','INSERTING NEW DATA WITH ID #385',8,1492150798,8,1492150798),(3953,'SUCCESS','plb3bsd_month','INSERTING NEW DATA WITH ID #386',8,1492150798,8,1492150798),(3954,'SUCCESS','plb3bsd_month','INSERTING NEW DATA WITH ID #387',8,1492150798,8,1492150798),(3955,'SUCCESS','plb3bsd_month','INSERTING NEW DATA WITH ID #388',8,1492150798,8,1492150798),(3956,'SUCCESS','plb3bsd_month','INSERTING NEW DATA WITH ID #389',8,1492150798,8,1492150798),(3957,'SUCCESS','plb3bsd_month','INSERTING NEW DATA WITH ID #390',8,1492150798,8,1492150798),(3958,'SUCCESS','plb3bsd_month','INSERTING NEW DATA WITH ID #391',8,1492150798,8,1492150798),(3959,'SUCCESS','plb3bsd_month','INSERTING NEW DATA WITH ID #392',8,1492150798,8,1492150798),(3960,'SUCCESS','plb3bsd_month','INSERTING NEW DATA WITH ID #393',8,1492150798,8,1492150798),(3961,'SUCCESS','plb3bsd_month','INSERTING NEW DATA WITH ID #394',8,1492150798,8,1492150798),(3962,'SUCCESS','plb3bsd_month','INSERTING NEW DATA WITH ID #395',8,1492150798,8,1492150798),(3963,'SUCCESS','plb3bsd_month','INSERTING NEW DATA WITH ID #396',8,1492150798,8,1492150798),(3964,'SUCCESS','plb3_balance_sheet_treatment','INSERTING NEW DATA WITH ID #66',8,1492150798,8,1492150798),(3965,'SUCCESS','plb3_balance_sheet_treatment','INSERTING NEW DATA WITH ID #67',8,1492150799,8,1492150799),(3966,'SUCCESS','plb3bsd_month','INSERTING NEW DATA WITH ID #397',8,1492150799,8,1492150799),(3967,'SUCCESS','plb3bsd_month','INSERTING NEW DATA WITH ID #398',8,1492150799,8,1492150799),(3968,'SUCCESS','plb3bsd_month','INSERTING NEW DATA WITH ID #399',8,1492150799,8,1492150799),(3969,'SUCCESS','plb3bsd_month','INSERTING NEW DATA WITH ID #400',8,1492150799,8,1492150799),(3970,'SUCCESS','plb3bsd_month','INSERTING NEW DATA WITH ID #401',8,1492150799,8,1492150799),(3971,'SUCCESS','plb3bsd_month','INSERTING NEW DATA WITH ID #402',8,1492150799,8,1492150799),(3972,'SUCCESS','plb3bsd_month','INSERTING NEW DATA WITH ID #403',8,1492150799,8,1492150799),(3973,'SUCCESS','plb3bsd_month','INSERTING NEW DATA WITH ID #404',8,1492150799,8,1492150799),(3974,'SUCCESS','plb3bsd_month','INSERTING NEW DATA WITH ID #405',8,1492150799,8,1492150799),(3975,'SUCCESS','plb3bsd_month','INSERTING NEW DATA WITH ID #406',8,1492150799,8,1492150799),(3976,'SUCCESS','plb3bsd_month','INSERTING NEW DATA WITH ID #407',8,1492150799,8,1492150799),(3977,'SUCCESS','plb3bsd_month','INSERTING NEW DATA WITH ID #408',8,1492150799,8,1492150799),(3978,'SUCCESS','plb3_balance_sheet_treatment','INSERTING NEW DATA WITH ID #68',8,1492150799,8,1492150799),(3979,'SUCCESS','plb3bsd_month','INSERTING NEW DATA WITH ID #409',8,1492150799,8,1492150799),(3980,'SUCCESS','plb3bsd_month','INSERTING NEW DATA WITH ID #410',8,1492150799,8,1492150799),(3981,'SUCCESS','plb3bsd_month','INSERTING NEW DATA WITH ID #411',8,1492150799,8,1492150799),(3982,'SUCCESS','plb3bsd_month','INSERTING NEW DATA WITH ID #412',8,1492150799,8,1492150799),(3983,'SUCCESS','plb3bsd_month','INSERTING NEW DATA WITH ID #413',8,1492150799,8,1492150799),(3984,'SUCCESS','plb3bsd_month','INSERTING NEW DATA WITH ID #414',8,1492150799,8,1492150799),(3985,'SUCCESS','plb3bsd_month','INSERTING NEW DATA WITH ID #415',8,1492150799,8,1492150799),(3986,'SUCCESS','plb3bsd_month','INSERTING NEW DATA WITH ID #416',8,1492150799,8,1492150799),(3987,'SUCCESS','plb3bsd_month','INSERTING NEW DATA WITH ID #417',8,1492150799,8,1492150799),(3988,'SUCCESS','plb3bsd_month','INSERTING NEW DATA WITH ID #418',8,1492150799,8,1492150799),(3989,'SUCCESS','plb3bsd_month','INSERTING NEW DATA WITH ID #419',8,1492150799,8,1492150799),(3990,'SUCCESS','plb3bsd_month','INSERTING NEW DATA WITH ID #420',8,1492150799,8,1492150799),(3991,'SUCCESS','plb3_balance_sheet_treatment','INSERTING NEW DATA WITH ID #69',8,1492150799,8,1492150799),(3992,'SUCCESS','plb3bsd_month','INSERTING NEW DATA WITH ID #421',8,1492150799,8,1492150799),(3993,'SUCCESS','plb3bsd_month','INSERTING NEW DATA WITH ID #422',8,1492150799,8,1492150799),(3994,'SUCCESS','plb3bsd_month','INSERTING NEW DATA WITH ID #423',8,1492150799,8,1492150799),(3995,'SUCCESS','plb3bsd_month','INSERTING NEW DATA WITH ID #424',8,1492150799,8,1492150799),(3996,'SUCCESS','plb3bsd_month','INSERTING NEW DATA WITH ID #425',8,1492150799,8,1492150799),(3997,'SUCCESS','plb3bsd_month','INSERTING NEW DATA WITH ID #426',8,1492150799,8,1492150799),(3998,'SUCCESS','plb3bsd_month','INSERTING NEW DATA WITH ID #427',8,1492150799,8,1492150799),(3999,'SUCCESS','plb3bsd_month','INSERTING NEW DATA WITH ID #428',8,1492150799,8,1492150799),(4000,'SUCCESS','plb3bsd_month','INSERTING NEW DATA WITH ID #429',8,1492150799,8,1492150799),(4001,'SUCCESS','plb3bsd_month','INSERTING NEW DATA WITH ID #430',8,1492150799,8,1492150799),(4002,'SUCCESS','plb3bsd_month','INSERTING NEW DATA WITH ID #431',8,1492150799,8,1492150799),(4003,'SUCCESS','plb3bsd_month','INSERTING NEW DATA WITH ID #432',8,1492150799,8,1492150799),(4004,'SUCCESS','plb3_balance_sheet_treatment','INSERTING NEW DATA WITH ID #70',8,1492150799,8,1492150799),(4005,'SUCCESS','plb3bsd_month','INSERTING NEW DATA WITH ID #433',8,1492150799,8,1492150799),(4006,'SUCCESS','plb3bsd_month','INSERTING NEW DATA WITH ID #434',8,1492150799,8,1492150799),(4007,'SUCCESS','plb3bsd_month','INSERTING NEW DATA WITH ID #435',8,1492150799,8,1492150799),(4008,'SUCCESS','plb3bsd_month','INSERTING NEW DATA WITH ID #436',8,1492150799,8,1492150799),(4009,'SUCCESS','plb3bsd_month','INSERTING NEW DATA WITH ID #437',8,1492150799,8,1492150799),(4010,'SUCCESS','plb3bsd_month','INSERTING NEW DATA WITH ID #438',8,1492150799,8,1492150799),(4011,'SUCCESS','plb3bsd_month','INSERTING NEW DATA WITH ID #439',8,1492150799,8,1492150799),(4012,'SUCCESS','plb3bsd_month','INSERTING NEW DATA WITH ID #440',8,1492150799,8,1492150799),(4013,'SUCCESS','plb3bsd_month','INSERTING NEW DATA WITH ID #441',8,1492150799,8,1492150799),(4014,'SUCCESS','plb3bsd_month','INSERTING NEW DATA WITH ID #442',8,1492150799,8,1492150799),(4015,'SUCCESS','plb3bsd_month','INSERTING NEW DATA WITH ID #443',8,1492150799,8,1492150799),(4016,'SUCCESS','plb3bsd_month','INSERTING NEW DATA WITH ID #444',8,1492150799,8,1492150799),(4017,'SUCCESS','plb3_balance_sheet_treatment','INSERTING NEW DATA WITH ID #71',8,1492150799,8,1492150799),(4018,'SUCCESS','plb3bsd_month','INSERTING NEW DATA WITH ID #445',8,1492150799,8,1492150799),(4019,'SUCCESS','plb3bsd_month','INSERTING NEW DATA WITH ID #446',8,1492150799,8,1492150799),(4020,'SUCCESS','plb3bsd_month','INSERTING NEW DATA WITH ID #447',8,1492150799,8,1492150799),(4021,'SUCCESS','plb3bsd_month','INSERTING NEW DATA WITH ID #448',8,1492150799,8,1492150799),(4022,'SUCCESS','plb3bsd_month','INSERTING NEW DATA WITH ID #449',8,1492150799,8,1492150799),(4023,'SUCCESS','plb3bsd_month','INSERTING NEW DATA WITH ID #450',8,1492150799,8,1492150799),(4024,'SUCCESS','plb3bsd_month','INSERTING NEW DATA WITH ID #451',8,1492150799,8,1492150799),(4025,'SUCCESS','plb3bsd_month','INSERTING NEW DATA WITH ID #452',8,1492150799,8,1492150799),(4026,'SUCCESS','plb3bsd_month','INSERTING NEW DATA WITH ID #453',8,1492150799,8,1492150799),(4027,'SUCCESS','plb3bsd_month','INSERTING NEW DATA WITH ID #454',8,1492150799,8,1492150799),(4028,'SUCCESS','plb3bsd_month','INSERTING NEW DATA WITH ID #455',8,1492150799,8,1492150799),(4029,'SUCCESS','plb3bsd_month','INSERTING NEW DATA WITH ID #456',8,1492150799,8,1492150799),(4030,'SUCCESS','plb3_balance_sheet_detail','UPDATING DATA ID #34',8,1492153175,8,1492153175),(4031,'SUCCESS','plb3_balance_sheet_treatment','INSERTING NEW DATA WITH ID #72',8,1492153177,8,1492153177),(4032,'SUCCESS','plb3bsd_month','INSERTING NEW DATA WITH ID #457',8,1492153177,8,1492153177),(4033,'SUCCESS','plb3bsd_month','INSERTING NEW DATA WITH ID #458',8,1492153177,8,1492153177),(4034,'SUCCESS','plb3bsd_month','INSERTING NEW DATA WITH ID #459',8,1492153177,8,1492153177),(4035,'SUCCESS','plb3bsd_month','INSERTING NEW DATA WITH ID #460',8,1492153177,8,1492153177),(4036,'SUCCESS','plb3bsd_month','INSERTING NEW DATA WITH ID #461',8,1492153177,8,1492153177),(4037,'SUCCESS','plb3bsd_month','INSERTING NEW DATA WITH ID #462',8,1492153177,8,1492153177),(4038,'SUCCESS','plb3bsd_month','INSERTING NEW DATA WITH ID #463',8,1492153177,8,1492153177),(4039,'SUCCESS','plb3bsd_month','INSERTING NEW DATA WITH ID #464',8,1492153177,8,1492153177),(4040,'SUCCESS','plb3bsd_month','INSERTING NEW DATA WITH ID #465',8,1492153177,8,1492153177),(4041,'SUCCESS','plb3bsd_month','INSERTING NEW DATA WITH ID #466',8,1492153177,8,1492153177),(4042,'SUCCESS','plb3bsd_month','INSERTING NEW DATA WITH ID #467',8,1492153177,8,1492153177),(4043,'SUCCESS','plb3bsd_month','INSERTING NEW DATA WITH ID #468',8,1492153177,8,1492153177),(4044,'SUCCESS','plb3_balance_sheet_treatment','INSERTING NEW DATA WITH ID #73',8,1492153177,8,1492153177),(4045,'SUCCESS','plb3_balance_sheet_treatment','INSERTING NEW DATA WITH ID #74',8,1492153177,8,1492153177),(4046,'SUCCESS','plb3bsd_month','INSERTING NEW DATA WITH ID #469',8,1492153177,8,1492153177),(4047,'SUCCESS','plb3bsd_month','INSERTING NEW DATA WITH ID #470',8,1492153177,8,1492153177),(4048,'SUCCESS','plb3bsd_month','INSERTING NEW DATA WITH ID #471',8,1492153177,8,1492153177),(4049,'SUCCESS','plb3bsd_month','INSERTING NEW DATA WITH ID #472',8,1492153177,8,1492153177),(4050,'SUCCESS','plb3bsd_month','INSERTING NEW DATA WITH ID #473',8,1492153177,8,1492153177),(4051,'SUCCESS','plb3bsd_month','INSERTING NEW DATA WITH ID #474',8,1492153177,8,1492153177),(4052,'SUCCESS','plb3bsd_month','INSERTING NEW DATA WITH ID #475',8,1492153177,8,1492153177),(4053,'SUCCESS','plb3bsd_month','INSERTING NEW DATA WITH ID #476',8,1492153177,8,1492153177),(4054,'SUCCESS','plb3bsd_month','INSERTING NEW DATA WITH ID #477',8,1492153177,8,1492153177),(4055,'SUCCESS','plb3bsd_month','INSERTING NEW DATA WITH ID #478',8,1492153177,8,1492153177),(4056,'SUCCESS','plb3bsd_month','INSERTING NEW DATA WITH ID #479',8,1492153177,8,1492153177),(4057,'SUCCESS','plb3bsd_month','INSERTING NEW DATA WITH ID #480',8,1492153177,8,1492153177),(4058,'SUCCESS','plb3_balance_sheet_treatment','INSERTING NEW DATA WITH ID #75',8,1492153177,8,1492153177),(4059,'SUCCESS','plb3bsd_month','INSERTING NEW DATA WITH ID #481',8,1492153177,8,1492153177),(4060,'SUCCESS','plb3bsd_month','INSERTING NEW DATA WITH ID #482',8,1492153177,8,1492153177),(4061,'SUCCESS','plb3bsd_month','INSERTING NEW DATA WITH ID #483',8,1492153177,8,1492153177),(4062,'SUCCESS','plb3bsd_month','INSERTING NEW DATA WITH ID #484',8,1492153177,8,1492153177),(4063,'SUCCESS','plb3bsd_month','INSERTING NEW DATA WITH ID #485',8,1492153177,8,1492153177),(4064,'SUCCESS','plb3bsd_month','INSERTING NEW DATA WITH ID #486',8,1492153177,8,1492153177),(4065,'SUCCESS','plb3bsd_month','INSERTING NEW DATA WITH ID #487',8,1492153177,8,1492153177),(4066,'SUCCESS','plb3bsd_month','INSERTING NEW DATA WITH ID #488',8,1492153177,8,1492153177),(4067,'SUCCESS','plb3bsd_month','INSERTING NEW DATA WITH ID #489',8,1492153178,8,1492153178),(4068,'SUCCESS','plb3bsd_month','INSERTING NEW DATA WITH ID #490',8,1492153178,8,1492153178),(4069,'SUCCESS','plb3bsd_month','INSERTING NEW DATA WITH ID #491',8,1492153178,8,1492153178),(4070,'SUCCESS','plb3bsd_month','INSERTING NEW DATA WITH ID #492',8,1492153178,8,1492153178),(4071,'SUCCESS','plb3_balance_sheet_treatment','INSERTING NEW DATA WITH ID #76',8,1492153178,8,1492153178),(4072,'SUCCESS','plb3bsd_month','INSERTING NEW DATA WITH ID #493',8,1492153178,8,1492153178),(4073,'SUCCESS','plb3bsd_month','INSERTING NEW DATA WITH ID #494',8,1492153178,8,1492153178),(4074,'SUCCESS','plb3bsd_month','INSERTING NEW DATA WITH ID #495',8,1492153178,8,1492153178),(4075,'SUCCESS','plb3bsd_month','INSERTING NEW DATA WITH ID #496',8,1492153178,8,1492153178),(4076,'SUCCESS','plb3bsd_month','INSERTING NEW DATA WITH ID #497',8,1492153178,8,1492153178),(4077,'SUCCESS','plb3bsd_month','INSERTING NEW DATA WITH ID #498',8,1492153178,8,1492153178),(4078,'SUCCESS','plb3bsd_month','INSERTING NEW DATA WITH ID #499',8,1492153178,8,1492153178),(4079,'SUCCESS','plb3bsd_month','INSERTING NEW DATA WITH ID #500',8,1492153178,8,1492153178),(4080,'SUCCESS','plb3bsd_month','INSERTING NEW DATA WITH ID #501',8,1492153178,8,1492153178),(4081,'SUCCESS','plb3bsd_month','INSERTING NEW DATA WITH ID #502',8,1492153178,8,1492153178),(4082,'SUCCESS','plb3bsd_month','INSERTING NEW DATA WITH ID #503',8,1492153178,8,1492153178),(4083,'SUCCESS','plb3bsd_month','INSERTING NEW DATA WITH ID #504',8,1492153178,8,1492153178),(4084,'SUCCESS','plb3_balance_sheet_treatment','INSERTING NEW DATA WITH ID #77',8,1492153178,8,1492153178),(4085,'SUCCESS','plb3bsd_month','INSERTING NEW DATA WITH ID #505',8,1492153178,8,1492153178),(4086,'SUCCESS','plb3bsd_month','INSERTING NEW DATA WITH ID #506',8,1492153178,8,1492153178),(4087,'SUCCESS','plb3bsd_month','INSERTING NEW DATA WITH ID #507',8,1492153178,8,1492153178),(4088,'SUCCESS','plb3bsd_month','INSERTING NEW DATA WITH ID #508',8,1492153178,8,1492153178),(4089,'SUCCESS','plb3bsd_month','INSERTING NEW DATA WITH ID #509',8,1492153178,8,1492153178),(4090,'SUCCESS','plb3bsd_month','INSERTING NEW DATA WITH ID #510',8,1492153178,8,1492153178),(4091,'SUCCESS','plb3bsd_month','INSERTING NEW DATA WITH ID #511',8,1492153178,8,1492153178),(4092,'SUCCESS','plb3bsd_month','INSERTING NEW DATA WITH ID #512',8,1492153178,8,1492153178),(4093,'SUCCESS','plb3bsd_month','INSERTING NEW DATA WITH ID #513',8,1492153178,8,1492153178),(4094,'SUCCESS','plb3bsd_month','INSERTING NEW DATA WITH ID #514',8,1492153178,8,1492153178),(4095,'SUCCESS','plb3bsd_month','INSERTING NEW DATA WITH ID #515',8,1492153178,8,1492153178),(4096,'SUCCESS','plb3bsd_month','INSERTING NEW DATA WITH ID #516',8,1492153178,8,1492153178),(4097,'SUCCESS','plb3_balance_sheet_treatment','INSERTING NEW DATA WITH ID #78',8,1492153178,8,1492153178),(4098,'SUCCESS','plb3bsd_month','INSERTING NEW DATA WITH ID #517',8,1492153178,8,1492153178),(4099,'SUCCESS','plb3bsd_month','INSERTING NEW DATA WITH ID #518',8,1492153178,8,1492153178),(4100,'SUCCESS','plb3bsd_month','INSERTING NEW DATA WITH ID #519',8,1492153178,8,1492153178),(4101,'SUCCESS','plb3bsd_month','INSERTING NEW DATA WITH ID #520',8,1492153178,8,1492153178),(4102,'SUCCESS','plb3bsd_month','INSERTING NEW DATA WITH ID #521',8,1492153178,8,1492153178),(4103,'SUCCESS','plb3bsd_month','INSERTING NEW DATA WITH ID #522',8,1492153178,8,1492153178),(4104,'SUCCESS','plb3bsd_month','INSERTING NEW DATA WITH ID #523',8,1492153178,8,1492153178),(4105,'SUCCESS','plb3bsd_month','INSERTING NEW DATA WITH ID #524',8,1492153178,8,1492153178),(4106,'SUCCESS','plb3bsd_month','INSERTING NEW DATA WITH ID #525',8,1492153178,8,1492153178),(4107,'SUCCESS','plb3bsd_month','INSERTING NEW DATA WITH ID #526',8,1492153178,8,1492153178),(4108,'SUCCESS','plb3bsd_month','INSERTING NEW DATA WITH ID #527',8,1492153178,8,1492153178),(4109,'SUCCESS','plb3bsd_month','INSERTING NEW DATA WITH ID #528',8,1492153178,8,1492153178),(4110,'SUCCESS','plb3_balance_sheet_detail','DELETING DATA ID #34',8,1492153218,8,1492153218),(4111,'SUCCESS','plb3_balance_sheet_detail','INSERTING NEW DATA WITH ID #35',8,1492153226,8,1492153226),(4112,'SUCCESS','plb3_balance_sheet_treatment','INSERTING NEW DATA WITH ID #79',8,1492153226,8,1492153226),(4113,'SUCCESS','plb3bsd_month','INSERTING NEW DATA WITH ID #529',8,1492153226,8,1492153226),(4114,'SUCCESS','plb3bsd_month','INSERTING NEW DATA WITH ID #530',8,1492153226,8,1492153226),(4115,'SUCCESS','plb3bsd_month','INSERTING NEW DATA WITH ID #531',8,1492153226,8,1492153226),(4116,'SUCCESS','plb3bsd_month','INSERTING NEW DATA WITH ID #532',8,1492153226,8,1492153226),(4117,'SUCCESS','plb3bsd_month','INSERTING NEW DATA WITH ID #533',8,1492153226,8,1492153226),(4118,'SUCCESS','plb3bsd_month','INSERTING NEW DATA WITH ID #534',8,1492153226,8,1492153226),(4119,'SUCCESS','plb3bsd_month','INSERTING NEW DATA WITH ID #535',8,1492153226,8,1492153226),(4120,'SUCCESS','plb3bsd_month','INSERTING NEW DATA WITH ID #536',8,1492153226,8,1492153226),(4121,'SUCCESS','plb3bsd_month','INSERTING NEW DATA WITH ID #537',8,1492153226,8,1492153226),(4122,'SUCCESS','plb3bsd_month','INSERTING NEW DATA WITH ID #538',8,1492153226,8,1492153226),(4123,'SUCCESS','plb3bsd_month','INSERTING NEW DATA WITH ID #539',8,1492153226,8,1492153226),(4124,'SUCCESS','plb3bsd_month','INSERTING NEW DATA WITH ID #540',8,1492153226,8,1492153226),(4125,'SUCCESS','plb3_balance_sheet_treatment','INSERTING NEW DATA WITH ID #80',8,1492153226,8,1492153226),(4126,'SUCCESS','plb3_balance_sheet_treatment','INSERTING NEW DATA WITH ID #81',8,1492153226,8,1492153226),(4127,'SUCCESS','plb3bsd_month','INSERTING NEW DATA WITH ID #541',8,1492153226,8,1492153226),(4128,'SUCCESS','plb3bsd_month','INSERTING NEW DATA WITH ID #542',8,1492153226,8,1492153226),(4129,'SUCCESS','plb3bsd_month','INSERTING NEW DATA WITH ID #543',8,1492153226,8,1492153226),(4130,'SUCCESS','plb3bsd_month','INSERTING NEW DATA WITH ID #544',8,1492153226,8,1492153226),(4131,'SUCCESS','plb3bsd_month','INSERTING NEW DATA WITH ID #545',8,1492153226,8,1492153226),(4132,'SUCCESS','plb3bsd_month','INSERTING NEW DATA WITH ID #546',8,1492153226,8,1492153226),(4133,'SUCCESS','plb3bsd_month','INSERTING NEW DATA WITH ID #547',8,1492153226,8,1492153226),(4134,'SUCCESS','plb3bsd_month','INSERTING NEW DATA WITH ID #548',8,1492153226,8,1492153226),(4135,'SUCCESS','plb3bsd_month','INSERTING NEW DATA WITH ID #549',8,1492153226,8,1492153226),(4136,'SUCCESS','plb3bsd_month','INSERTING NEW DATA WITH ID #550',8,1492153226,8,1492153226),(4137,'SUCCESS','plb3bsd_month','INSERTING NEW DATA WITH ID #551',8,1492153226,8,1492153226),(4138,'SUCCESS','plb3bsd_month','INSERTING NEW DATA WITH ID #552',8,1492153227,8,1492153227),(4139,'SUCCESS','plb3_balance_sheet_treatment','INSERTING NEW DATA WITH ID #82',8,1492153227,8,1492153227),(4140,'SUCCESS','plb3bsd_month','INSERTING NEW DATA WITH ID #553',8,1492153227,8,1492153227),(4141,'SUCCESS','plb3bsd_month','INSERTING NEW DATA WITH ID #554',8,1492153227,8,1492153227),(4142,'SUCCESS','plb3bsd_month','INSERTING NEW DATA WITH ID #555',8,1492153227,8,1492153227),(4143,'SUCCESS','plb3bsd_month','INSERTING NEW DATA WITH ID #556',8,1492153227,8,1492153227),(4144,'SUCCESS','plb3bsd_month','INSERTING NEW DATA WITH ID #557',8,1492153227,8,1492153227),(4145,'SUCCESS','plb3bsd_month','INSERTING NEW DATA WITH ID #558',8,1492153227,8,1492153227),(4146,'SUCCESS','plb3bsd_month','INSERTING NEW DATA WITH ID #559',8,1492153227,8,1492153227),(4147,'SUCCESS','plb3bsd_month','INSERTING NEW DATA WITH ID #560',8,1492153227,8,1492153227),(4148,'SUCCESS','plb3bsd_month','INSERTING NEW DATA WITH ID #561',8,1492153227,8,1492153227),(4149,'SUCCESS','plb3bsd_month','INSERTING NEW DATA WITH ID #562',8,1492153227,8,1492153227),(4150,'SUCCESS','plb3bsd_month','INSERTING NEW DATA WITH ID #563',8,1492153227,8,1492153227),(4151,'SUCCESS','plb3bsd_month','INSERTING NEW DATA WITH ID #564',8,1492153227,8,1492153227),(4152,'SUCCESS','plb3_balance_sheet_treatment','INSERTING NEW DATA WITH ID #83',8,1492153227,8,1492153227),(4153,'SUCCESS','plb3bsd_month','INSERTING NEW DATA WITH ID #565',8,1492153227,8,1492153227),(4154,'SUCCESS','plb3bsd_month','INSERTING NEW DATA WITH ID #566',8,1492153227,8,1492153227),(4155,'SUCCESS','plb3bsd_month','INSERTING NEW DATA WITH ID #567',8,1492153227,8,1492153227),(4156,'SUCCESS','plb3bsd_month','INSERTING NEW DATA WITH ID #568',8,1492153227,8,1492153227),(4157,'SUCCESS','plb3bsd_month','INSERTING NEW DATA WITH ID #569',8,1492153227,8,1492153227),(4158,'SUCCESS','plb3bsd_month','INSERTING NEW DATA WITH ID #570',8,1492153227,8,1492153227),(4159,'SUCCESS','plb3bsd_month','INSERTING NEW DATA WITH ID #571',8,1492153227,8,1492153227),(4160,'SUCCESS','plb3bsd_month','INSERTING NEW DATA WITH ID #572',8,1492153227,8,1492153227),(4161,'SUCCESS','plb3bsd_month','INSERTING NEW DATA WITH ID #573',8,1492153227,8,1492153227),(4162,'SUCCESS','plb3bsd_month','INSERTING NEW DATA WITH ID #574',8,1492153227,8,1492153227),(4163,'SUCCESS','plb3bsd_month','INSERTING NEW DATA WITH ID #575',8,1492153227,8,1492153227),(4164,'SUCCESS','plb3bsd_month','INSERTING NEW DATA WITH ID #576',8,1492153227,8,1492153227),(4165,'SUCCESS','plb3_balance_sheet_treatment','INSERTING NEW DATA WITH ID #84',8,1492153227,8,1492153227),(4166,'SUCCESS','plb3bsd_month','INSERTING NEW DATA WITH ID #577',8,1492153227,8,1492153227),(4167,'SUCCESS','plb3bsd_month','INSERTING NEW DATA WITH ID #578',8,1492153227,8,1492153227),(4168,'SUCCESS','plb3bsd_month','INSERTING NEW DATA WITH ID #579',8,1492153227,8,1492153227),(4169,'SUCCESS','plb3bsd_month','INSERTING NEW DATA WITH ID #580',8,1492153227,8,1492153227),(4170,'SUCCESS','plb3bsd_month','INSERTING NEW DATA WITH ID #581',8,1492153227,8,1492153227),(4171,'SUCCESS','plb3bsd_month','INSERTING NEW DATA WITH ID #582',8,1492153227,8,1492153227),(4172,'SUCCESS','plb3bsd_month','INSERTING NEW DATA WITH ID #583',8,1492153227,8,1492153227),(4173,'SUCCESS','plb3bsd_month','INSERTING NEW DATA WITH ID #584',8,1492153227,8,1492153227),(4174,'SUCCESS','plb3bsd_month','INSERTING NEW DATA WITH ID #585',8,1492153227,8,1492153227),(4175,'SUCCESS','plb3bsd_month','INSERTING NEW DATA WITH ID #586',8,1492153227,8,1492153227),(4176,'SUCCESS','plb3bsd_month','INSERTING NEW DATA WITH ID #587',8,1492153227,8,1492153227),(4177,'SUCCESS','plb3bsd_month','INSERTING NEW DATA WITH ID #588',8,1492153227,8,1492153227),(4178,'SUCCESS','plb3_balance_sheet_treatment','INSERTING NEW DATA WITH ID #85',8,1492153227,8,1492153227),(4179,'SUCCESS','plb3bsd_month','INSERTING NEW DATA WITH ID #589',8,1492153227,8,1492153227),(4180,'SUCCESS','plb3bsd_month','INSERTING NEW DATA WITH ID #590',8,1492153227,8,1492153227),(4181,'SUCCESS','plb3bsd_month','INSERTING NEW DATA WITH ID #591',8,1492153227,8,1492153227),(4182,'SUCCESS','plb3bsd_month','INSERTING NEW DATA WITH ID #592',8,1492153227,8,1492153227),(4183,'SUCCESS','plb3bsd_month','INSERTING NEW DATA WITH ID #593',8,1492153227,8,1492153227),(4184,'SUCCESS','plb3bsd_month','INSERTING NEW DATA WITH ID #594',8,1492153227,8,1492153227),(4185,'SUCCESS','plb3bsd_month','INSERTING NEW DATA WITH ID #595',8,1492153227,8,1492153227),(4186,'SUCCESS','plb3bsd_month','INSERTING NEW DATA WITH ID #596',8,1492153227,8,1492153227),(4187,'SUCCESS','plb3bsd_month','INSERTING NEW DATA WITH ID #597',8,1492153227,8,1492153227),(4188,'SUCCESS','plb3bsd_month','INSERTING NEW DATA WITH ID #598',8,1492153227,8,1492153227),(4189,'SUCCESS','plb3bsd_month','INSERTING NEW DATA WITH ID #599',8,1492153227,8,1492153227),(4190,'SUCCESS','plb3bsd_month','INSERTING NEW DATA WITH ID #600',8,1492153227,8,1492153227),(4191,'SUCCESS','plb3_balance_sheet_detail','UPDATING DATA ID #35',8,1492153238,8,1492153238),(4192,'SUCCESS','log_dirty','INSERTING NEW DATA WITH ID #183',8,1492153238,8,1492153238),(4193,'SUCCESS','plb3_balance_sheet_treatment','INSERTING NEW DATA WITH ID #86',8,1492153238,8,1492153238),(4194,'SUCCESS','plb3bsd_month','INSERTING NEW DATA WITH ID #601',8,1492153238,8,1492153238),(4195,'SUCCESS','plb3bsd_month','INSERTING NEW DATA WITH ID #602',8,1492153238,8,1492153238),(4196,'SUCCESS','plb3bsd_month','INSERTING NEW DATA WITH ID #603',8,1492153238,8,1492153238),(4197,'SUCCESS','plb3bsd_month','INSERTING NEW DATA WITH ID #604',8,1492153238,8,1492153238),(4198,'SUCCESS','plb3bsd_month','INSERTING NEW DATA WITH ID #605',8,1492153238,8,1492153238),(4199,'SUCCESS','plb3bsd_month','INSERTING NEW DATA WITH ID #606',8,1492153238,8,1492153238),(4200,'SUCCESS','plb3bsd_month','INSERTING NEW DATA WITH ID #607',8,1492153238,8,1492153238),(4201,'SUCCESS','plb3bsd_month','INSERTING NEW DATA WITH ID #608',8,1492153238,8,1492153238),(4202,'SUCCESS','plb3bsd_month','INSERTING NEW DATA WITH ID #609',8,1492153238,8,1492153238),(4203,'SUCCESS','plb3bsd_month','INSERTING NEW DATA WITH ID #610',8,1492153238,8,1492153238),(4204,'SUCCESS','plb3bsd_month','INSERTING NEW DATA WITH ID #611',8,1492153238,8,1492153238),(4205,'SUCCESS','plb3bsd_month','INSERTING NEW DATA WITH ID #612',8,1492153238,8,1492153238),(4206,'SUCCESS','plb3_balance_sheet_treatment','INSERTING NEW DATA WITH ID #87',8,1492153238,8,1492153238),(4207,'SUCCESS','plb3_balance_sheet_treatment','INSERTING NEW DATA WITH ID #88',8,1492153238,8,1492153238),(4208,'SUCCESS','plb3bsd_month','INSERTING NEW DATA WITH ID #613',8,1492153238,8,1492153238),(4209,'SUCCESS','plb3bsd_month','INSERTING NEW DATA WITH ID #614',8,1492153238,8,1492153238),(4210,'SUCCESS','plb3bsd_month','INSERTING NEW DATA WITH ID #615',8,1492153238,8,1492153238),(4211,'SUCCESS','plb3bsd_month','INSERTING NEW DATA WITH ID #616',8,1492153238,8,1492153238),(4212,'SUCCESS','plb3bsd_month','INSERTING NEW DATA WITH ID #617',8,1492153238,8,1492153238),(4213,'SUCCESS','plb3bsd_month','INSERTING NEW DATA WITH ID #618',8,1492153238,8,1492153238),(4214,'SUCCESS','plb3bsd_month','INSERTING NEW DATA WITH ID #619',8,1492153238,8,1492153238),(4215,'SUCCESS','plb3bsd_month','INSERTING NEW DATA WITH ID #620',8,1492153238,8,1492153238),(4216,'SUCCESS','plb3bsd_month','INSERTING NEW DATA WITH ID #621',8,1492153238,8,1492153238),(4217,'SUCCESS','plb3bsd_month','INSERTING NEW DATA WITH ID #622',8,1492153238,8,1492153238),(4218,'SUCCESS','plb3bsd_month','INSERTING NEW DATA WITH ID #623',8,1492153238,8,1492153238),(4219,'SUCCESS','plb3bsd_month','INSERTING NEW DATA WITH ID #624',8,1492153238,8,1492153238),(4220,'SUCCESS','plb3_balance_sheet_treatment','INSERTING NEW DATA WITH ID #89',8,1492153238,8,1492153238),(4221,'SUCCESS','plb3bsd_month','INSERTING NEW DATA WITH ID #625',8,1492153238,8,1492153238),(4222,'SUCCESS','plb3bsd_month','INSERTING NEW DATA WITH ID #626',8,1492153238,8,1492153238),(4223,'SUCCESS','plb3bsd_month','INSERTING NEW DATA WITH ID #627',8,1492153238,8,1492153238),(4224,'SUCCESS','plb3bsd_month','INSERTING NEW DATA WITH ID #628',8,1492153238,8,1492153238),(4225,'SUCCESS','plb3bsd_month','INSERTING NEW DATA WITH ID #629',8,1492153238,8,1492153238),(4226,'SUCCESS','plb3bsd_month','INSERTING NEW DATA WITH ID #630',8,1492153238,8,1492153238),(4227,'SUCCESS','plb3bsd_month','INSERTING NEW DATA WITH ID #631',8,1492153238,8,1492153238),(4228,'SUCCESS','plb3bsd_month','INSERTING NEW DATA WITH ID #632',8,1492153238,8,1492153238),(4229,'SUCCESS','plb3bsd_month','INSERTING NEW DATA WITH ID #633',8,1492153238,8,1492153238),(4230,'SUCCESS','plb3bsd_month','INSERTING NEW DATA WITH ID #634',8,1492153238,8,1492153238),(4231,'SUCCESS','plb3bsd_month','INSERTING NEW DATA WITH ID #635',8,1492153238,8,1492153238),(4232,'SUCCESS','plb3bsd_month','INSERTING NEW DATA WITH ID #636',8,1492153238,8,1492153238),(4233,'SUCCESS','plb3_balance_sheet_treatment','INSERTING NEW DATA WITH ID #90',8,1492153238,8,1492153238),(4234,'SUCCESS','plb3bsd_month','INSERTING NEW DATA WITH ID #637',8,1492153238,8,1492153238),(4235,'SUCCESS','plb3bsd_month','INSERTING NEW DATA WITH ID #638',8,1492153238,8,1492153238),(4236,'SUCCESS','plb3bsd_month','INSERTING NEW DATA WITH ID #639',8,1492153238,8,1492153238),(4237,'SUCCESS','plb3bsd_month','INSERTING NEW DATA WITH ID #640',8,1492153238,8,1492153238),(4238,'SUCCESS','plb3bsd_month','INSERTING NEW DATA WITH ID #641',8,1492153238,8,1492153238),(4239,'SUCCESS','plb3bsd_month','INSERTING NEW DATA WITH ID #642',8,1492153238,8,1492153238),(4240,'SUCCESS','plb3bsd_month','INSERTING NEW DATA WITH ID #643',8,1492153238,8,1492153238),(4241,'SUCCESS','plb3bsd_month','INSERTING NEW DATA WITH ID #644',8,1492153238,8,1492153238),(4242,'SUCCESS','plb3bsd_month','INSERTING NEW DATA WITH ID #645',8,1492153238,8,1492153238),(4243,'SUCCESS','plb3bsd_month','INSERTING NEW DATA WITH ID #646',8,1492153238,8,1492153238),(4244,'SUCCESS','plb3bsd_month','INSERTING NEW DATA WITH ID #647',8,1492153238,8,1492153238),(4245,'SUCCESS','plb3bsd_month','INSERTING NEW DATA WITH ID #648',8,1492153238,8,1492153238),(4246,'SUCCESS','plb3_balance_sheet_treatment','INSERTING NEW DATA WITH ID #91',8,1492153238,8,1492153238),(4247,'SUCCESS','plb3bsd_month','INSERTING NEW DATA WITH ID #649',8,1492153238,8,1492153238),(4248,'SUCCESS','plb3bsd_month','INSERTING NEW DATA WITH ID #650',8,1492153238,8,1492153238),(4249,'SUCCESS','plb3bsd_month','INSERTING NEW DATA WITH ID #651',8,1492153238,8,1492153238),(4250,'SUCCESS','plb3bsd_month','INSERTING NEW DATA WITH ID #652',8,1492153238,8,1492153238),(4251,'SUCCESS','plb3bsd_month','INSERTING NEW DATA WITH ID #653',8,1492153238,8,1492153238),(4252,'SUCCESS','plb3bsd_month','INSERTING NEW DATA WITH ID #654',8,1492153238,8,1492153238),(4253,'SUCCESS','plb3bsd_month','INSERTING NEW DATA WITH ID #655',8,1492153238,8,1492153238),(4254,'SUCCESS','plb3bsd_month','INSERTING NEW DATA WITH ID #656',8,1492153238,8,1492153238),(4255,'SUCCESS','plb3bsd_month','INSERTING NEW DATA WITH ID #657',8,1492153238,8,1492153238),(4256,'SUCCESS','plb3bsd_month','INSERTING NEW DATA WITH ID #658',8,1492153238,8,1492153238),(4257,'SUCCESS','plb3bsd_month','INSERTING NEW DATA WITH ID #659',8,1492153238,8,1492153238),(4258,'SUCCESS','plb3bsd_month','INSERTING NEW DATA WITH ID #660',8,1492153238,8,1492153238),(4259,'SUCCESS','plb3_balance_sheet_treatment','INSERTING NEW DATA WITH ID #92',8,1492153238,8,1492153238),(4260,'SUCCESS','plb3bsd_month','INSERTING NEW DATA WITH ID #661',8,1492153238,8,1492153238),(4261,'SUCCESS','plb3bsd_month','INSERTING NEW DATA WITH ID #662',8,1492153238,8,1492153238),(4262,'SUCCESS','plb3bsd_month','INSERTING NEW DATA WITH ID #663',8,1492153238,8,1492153238),(4263,'SUCCESS','plb3bsd_month','INSERTING NEW DATA WITH ID #664',8,1492153238,8,1492153238),(4264,'SUCCESS','plb3bsd_month','INSERTING NEW DATA WITH ID #665',8,1492153238,8,1492153238),(4265,'SUCCESS','plb3bsd_month','INSERTING NEW DATA WITH ID #666',8,1492153238,8,1492153238),(4266,'SUCCESS','plb3bsd_month','INSERTING NEW DATA WITH ID #667',8,1492153238,8,1492153238),(4267,'SUCCESS','plb3bsd_month','INSERTING NEW DATA WITH ID #668',8,1492153238,8,1492153238),(4268,'SUCCESS','plb3bsd_month','INSERTING NEW DATA WITH ID #669',8,1492153238,8,1492153238),(4269,'SUCCESS','plb3bsd_month','INSERTING NEW DATA WITH ID #670',8,1492153238,8,1492153238),(4270,'SUCCESS','plb3bsd_month','INSERTING NEW DATA WITH ID #671',8,1492153238,8,1492153238),(4271,'SUCCESS','plb3bsd_month','INSERTING NEW DATA WITH ID #672',8,1492153238,8,1492153238),(4272,'SUCCESS','plb3_balance_sheet_detail','DELETING DATA ID #35',8,1492153249,8,1492153249),(4273,'SUCCESS','plb3_balance_sheet_detail','INSERTING NEW DATA WITH ID #36',8,1492153261,8,1492153261),(4274,'SUCCESS','plb3_balance_sheet_treatment','INSERTING NEW DATA WITH ID #93',8,1492153261,8,1492153261),(4275,'SUCCESS','plb3bsd_month','INSERTING NEW DATA WITH ID #673',8,1492153261,8,1492153261),(4276,'SUCCESS','plb3bsd_month','INSERTING NEW DATA WITH ID #674',8,1492153261,8,1492153261),(4277,'SUCCESS','plb3bsd_month','INSERTING NEW DATA WITH ID #675',8,1492153261,8,1492153261),(4278,'SUCCESS','plb3bsd_month','INSERTING NEW DATA WITH ID #676',8,1492153261,8,1492153261),(4279,'SUCCESS','plb3bsd_month','INSERTING NEW DATA WITH ID #677',8,1492153261,8,1492153261),(4280,'SUCCESS','plb3bsd_month','INSERTING NEW DATA WITH ID #678',8,1492153261,8,1492153261),(4281,'SUCCESS','plb3bsd_month','INSERTING NEW DATA WITH ID #679',8,1492153261,8,1492153261),(4282,'SUCCESS','plb3bsd_month','INSERTING NEW DATA WITH ID #680',8,1492153261,8,1492153261),(4283,'SUCCESS','plb3bsd_month','INSERTING NEW DATA WITH ID #681',8,1492153261,8,1492153261),(4284,'SUCCESS','plb3bsd_month','INSERTING NEW DATA WITH ID #682',8,1492153261,8,1492153261),(4285,'SUCCESS','plb3bsd_month','INSERTING NEW DATA WITH ID #683',8,1492153261,8,1492153261),(4286,'SUCCESS','plb3bsd_month','INSERTING NEW DATA WITH ID #684',8,1492153261,8,1492153261),(4287,'SUCCESS','plb3_balance_sheet_treatment','INSERTING NEW DATA WITH ID #94',8,1492153261,8,1492153261),(4288,'SUCCESS','plb3_balance_sheet_treatment','INSERTING NEW DATA WITH ID #95',8,1492153261,8,1492153261),(4289,'SUCCESS','plb3bsd_month','INSERTING NEW DATA WITH ID #685',8,1492153261,8,1492153261),(4290,'SUCCESS','plb3bsd_month','INSERTING NEW DATA WITH ID #686',8,1492153261,8,1492153261),(4291,'SUCCESS','plb3bsd_month','INSERTING NEW DATA WITH ID #687',8,1492153261,8,1492153261),(4292,'SUCCESS','plb3bsd_month','INSERTING NEW DATA WITH ID #688',8,1492153261,8,1492153261),(4293,'SUCCESS','plb3bsd_month','INSERTING NEW DATA WITH ID #689',8,1492153261,8,1492153261),(4294,'SUCCESS','plb3bsd_month','INSERTING NEW DATA WITH ID #690',8,1492153261,8,1492153261),(4295,'SUCCESS','plb3bsd_month','INSERTING NEW DATA WITH ID #691',8,1492153261,8,1492153261),(4296,'SUCCESS','plb3bsd_month','INSERTING NEW DATA WITH ID #692',8,1492153261,8,1492153261),(4297,'SUCCESS','plb3bsd_month','INSERTING NEW DATA WITH ID #693',8,1492153261,8,1492153261),(4298,'SUCCESS','plb3bsd_month','INSERTING NEW DATA WITH ID #694',8,1492153261,8,1492153261),(4299,'SUCCESS','plb3bsd_month','INSERTING NEW DATA WITH ID #695',8,1492153261,8,1492153261),(4300,'SUCCESS','plb3bsd_month','INSERTING NEW DATA WITH ID #696',8,1492153261,8,1492153261),(4301,'SUCCESS','plb3_balance_sheet_treatment','INSERTING NEW DATA WITH ID #96',8,1492153261,8,1492153261),(4302,'SUCCESS','plb3bsd_month','INSERTING NEW DATA WITH ID #697',8,1492153261,8,1492153261),(4303,'SUCCESS','plb3bsd_month','INSERTING NEW DATA WITH ID #698',8,1492153261,8,1492153261),(4304,'SUCCESS','plb3bsd_month','INSERTING NEW DATA WITH ID #699',8,1492153261,8,1492153261),(4305,'SUCCESS','plb3bsd_month','INSERTING NEW DATA WITH ID #700',8,1492153261,8,1492153261),(4306,'SUCCESS','plb3bsd_month','INSERTING NEW DATA WITH ID #701',8,1492153261,8,1492153261),(4307,'SUCCESS','plb3bsd_month','INSERTING NEW DATA WITH ID #702',8,1492153261,8,1492153261),(4308,'SUCCESS','plb3bsd_month','INSERTING NEW DATA WITH ID #703',8,1492153261,8,1492153261),(4309,'SUCCESS','plb3bsd_month','INSERTING NEW DATA WITH ID #704',8,1492153261,8,1492153261),(4310,'SUCCESS','plb3bsd_month','INSERTING NEW DATA WITH ID #705',8,1492153261,8,1492153261),(4311,'SUCCESS','plb3bsd_month','INSERTING NEW DATA WITH ID #706',8,1492153261,8,1492153261),(4312,'SUCCESS','plb3bsd_month','INSERTING NEW DATA WITH ID #707',8,1492153261,8,1492153261),(4313,'SUCCESS','plb3bsd_month','INSERTING NEW DATA WITH ID #708',8,1492153261,8,1492153261),(4314,'SUCCESS','plb3_balance_sheet_treatment','INSERTING NEW DATA WITH ID #97',8,1492153261,8,1492153261),(4315,'SUCCESS','plb3bsd_month','INSERTING NEW DATA WITH ID #709',8,1492153261,8,1492153261),(4316,'SUCCESS','plb3bsd_month','INSERTING NEW DATA WITH ID #710',8,1492153261,8,1492153261),(4317,'SUCCESS','plb3bsd_month','INSERTING NEW DATA WITH ID #711',8,1492153261,8,1492153261),(4318,'SUCCESS','plb3bsd_month','INSERTING NEW DATA WITH ID #712',8,1492153261,8,1492153261),(4319,'SUCCESS','plb3bsd_month','INSERTING NEW DATA WITH ID #713',8,1492153261,8,1492153261),(4320,'SUCCESS','plb3bsd_month','INSERTING NEW DATA WITH ID #714',8,1492153261,8,1492153261),(4321,'SUCCESS','plb3bsd_month','INSERTING NEW DATA WITH ID #715',8,1492153261,8,1492153261),(4322,'SUCCESS','plb3bsd_month','INSERTING NEW DATA WITH ID #716',8,1492153261,8,1492153261),(4323,'SUCCESS','plb3bsd_month','INSERTING NEW DATA WITH ID #717',8,1492153261,8,1492153261),(4324,'SUCCESS','plb3bsd_month','INSERTING NEW DATA WITH ID #718',8,1492153261,8,1492153261),(4325,'SUCCESS','plb3bsd_month','INSERTING NEW DATA WITH ID #719',8,1492153261,8,1492153261),(4326,'SUCCESS','plb3bsd_month','INSERTING NEW DATA WITH ID #720',8,1492153261,8,1492153261),(4327,'SUCCESS','plb3_balance_sheet_treatment','INSERTING NEW DATA WITH ID #98',8,1492153261,8,1492153261),(4328,'SUCCESS','plb3bsd_month','INSERTING NEW DATA WITH ID #721',8,1492153261,8,1492153261),(4329,'SUCCESS','plb3bsd_month','INSERTING NEW DATA WITH ID #722',8,1492153261,8,1492153261),(4330,'SUCCESS','plb3bsd_month','INSERTING NEW DATA WITH ID #723',8,1492153261,8,1492153261),(4331,'SUCCESS','plb3bsd_month','INSERTING NEW DATA WITH ID #724',8,1492153261,8,1492153261),(4332,'SUCCESS','plb3bsd_month','INSERTING NEW DATA WITH ID #725',8,1492153261,8,1492153261),(4333,'SUCCESS','plb3bsd_month','INSERTING NEW DATA WITH ID #726',8,1492153261,8,1492153261),(4334,'SUCCESS','plb3bsd_month','INSERTING NEW DATA WITH ID #727',8,1492153261,8,1492153261),(4335,'SUCCESS','plb3bsd_month','INSERTING NEW DATA WITH ID #728',8,1492153261,8,1492153261),(4336,'SUCCESS','plb3bsd_month','INSERTING NEW DATA WITH ID #729',8,1492153261,8,1492153261),(4337,'SUCCESS','plb3bsd_month','INSERTING NEW DATA WITH ID #730',8,1492153261,8,1492153261),(4338,'SUCCESS','plb3bsd_month','INSERTING NEW DATA WITH ID #731',8,1492153261,8,1492153261),(4339,'SUCCESS','plb3bsd_month','INSERTING NEW DATA WITH ID #732',8,1492153261,8,1492153261),(4340,'SUCCESS','plb3_balance_sheet_treatment','INSERTING NEW DATA WITH ID #99',8,1492153261,8,1492153261),(4341,'SUCCESS','plb3bsd_month','INSERTING NEW DATA WITH ID #733',8,1492153261,8,1492153261),(4342,'SUCCESS','plb3bsd_month','INSERTING NEW DATA WITH ID #734',8,1492153261,8,1492153261),(4343,'SUCCESS','plb3bsd_month','INSERTING NEW DATA WITH ID #735',8,1492153261,8,1492153261),(4344,'SUCCESS','plb3bsd_month','INSERTING NEW DATA WITH ID #736',8,1492153261,8,1492153261),(4345,'SUCCESS','plb3bsd_month','INSERTING NEW DATA WITH ID #737',8,1492153261,8,1492153261),(4346,'SUCCESS','plb3bsd_month','INSERTING NEW DATA WITH ID #738',8,1492153261,8,1492153261),(4347,'SUCCESS','plb3bsd_month','INSERTING NEW DATA WITH ID #739',8,1492153261,8,1492153261),(4348,'SUCCESS','plb3bsd_month','INSERTING NEW DATA WITH ID #740',8,1492153261,8,1492153261),(4349,'SUCCESS','plb3bsd_month','INSERTING NEW DATA WITH ID #741',8,1492153261,8,1492153261),(4350,'SUCCESS','plb3bsd_month','INSERTING NEW DATA WITH ID #742',8,1492153261,8,1492153261),(4351,'SUCCESS','plb3bsd_month','INSERTING NEW DATA WITH ID #743',8,1492153261,8,1492153261),(4352,'SUCCESS','plb3bsd_month','INSERTING NEW DATA WITH ID #744',8,1492153261,8,1492153261),(4353,'SUCCESS','plb3_balance_sheet_detail','UPDATING DATA ID #36',8,1492153627,8,1492153627),(4354,'SUCCESS','plb3_balance_sheet_treatment','UPDATING DATA ID #93',8,1492153627,8,1492153627),(4355,'SUCCESS','plb3bsd_month','UPDATING DATA ID #673',8,1492153627,8,1492153627),(4356,'SUCCESS','plb3bsd_month','UPDATING DATA ID #674',8,1492153627,8,1492153627),(4357,'SUCCESS','plb3bsd_month','UPDATING DATA ID #675',8,1492153627,8,1492153627),(4358,'SUCCESS','plb3bsd_month','UPDATING DATA ID #676',8,1492153627,8,1492153627),(4359,'SUCCESS','plb3bsd_month','UPDATING DATA ID #677',8,1492153627,8,1492153627),(4360,'SUCCESS','plb3bsd_month','UPDATING DATA ID #678',8,1492153627,8,1492153627),(4361,'SUCCESS','plb3bsd_month','UPDATING DATA ID #679',8,1492153627,8,1492153627),(4362,'SUCCESS','plb3bsd_month','UPDATING DATA ID #680',8,1492153627,8,1492153627),(4363,'SUCCESS','plb3bsd_month','UPDATING DATA ID #681',8,1492153627,8,1492153627),(4364,'SUCCESS','plb3bsd_month','UPDATING DATA ID #682',8,1492153627,8,1492153627),(4365,'SUCCESS','plb3bsd_month','UPDATING DATA ID #683',8,1492153627,8,1492153627),(4366,'SUCCESS','plb3bsd_month','UPDATING DATA ID #684',8,1492153627,8,1492153627),(4367,'SUCCESS','plb3_balance_sheet_treatment','INSERTING NEW DATA WITH ID #100',8,1492153627,8,1492153627),(4368,'SUCCESS','plb3_balance_sheet_treatment','INSERTING NEW DATA WITH ID #101',8,1492153627,8,1492153627),(4369,'SUCCESS','plb3bsd_month','UPDATING DATA ID #685',8,1492153627,8,1492153627),(4370,'SUCCESS','plb3bsd_month','UPDATING DATA ID #686',8,1492153627,8,1492153627),(4371,'SUCCESS','plb3bsd_month','UPDATING DATA ID #687',8,1492153627,8,1492153627),(4372,'SUCCESS','plb3bsd_month','UPDATING DATA ID #688',8,1492153627,8,1492153627),(4373,'SUCCESS','plb3bsd_month','UPDATING DATA ID #689',8,1492153627,8,1492153627),(4374,'SUCCESS','plb3bsd_month','UPDATING DATA ID #690',8,1492153627,8,1492153627),(4375,'SUCCESS','plb3bsd_month','UPDATING DATA ID #691',8,1492153627,8,1492153627),(4376,'SUCCESS','plb3bsd_month','UPDATING DATA ID #692',8,1492153627,8,1492153627),(4377,'SUCCESS','plb3bsd_month','UPDATING DATA ID #693',8,1492153627,8,1492153627),(4378,'SUCCESS','plb3bsd_month','UPDATING DATA ID #694',8,1492153627,8,1492153627),(4379,'SUCCESS','plb3bsd_month','UPDATING DATA ID #695',8,1492153627,8,1492153627),(4380,'SUCCESS','plb3bsd_month','UPDATING DATA ID #696',8,1492153627,8,1492153627),(4381,'SUCCESS','plb3_balance_sheet_treatment','INSERTING NEW DATA WITH ID #102',8,1492153627,8,1492153627),(4382,'SUCCESS','plb3bsd_month','UPDATING DATA ID #697',8,1492153627,8,1492153627),(4383,'SUCCESS','plb3bsd_month','UPDATING DATA ID #698',8,1492153627,8,1492153627),(4384,'SUCCESS','plb3bsd_month','UPDATING DATA ID #699',8,1492153627,8,1492153627),(4385,'SUCCESS','plb3bsd_month','UPDATING DATA ID #700',8,1492153627,8,1492153627),(4386,'SUCCESS','plb3bsd_month','UPDATING DATA ID #701',8,1492153627,8,1492153627),(4387,'SUCCESS','plb3bsd_month','UPDATING DATA ID #702',8,1492153627,8,1492153627),(4388,'SUCCESS','plb3bsd_month','UPDATING DATA ID #703',8,1492153627,8,1492153627),(4389,'SUCCESS','plb3bsd_month','UPDATING DATA ID #704',8,1492153627,8,1492153627),(4390,'SUCCESS','plb3bsd_month','UPDATING DATA ID #705',8,1492153627,8,1492153627),(4391,'SUCCESS','plb3bsd_month','UPDATING DATA ID #706',8,1492153627,8,1492153627),(4392,'SUCCESS','plb3bsd_month','UPDATING DATA ID #707',8,1492153627,8,1492153627),(4393,'SUCCESS','plb3bsd_month','UPDATING DATA ID #708',8,1492153627,8,1492153627),(4394,'SUCCESS','plb3_balance_sheet_treatment','INSERTING NEW DATA WITH ID #103',8,1492153627,8,1492153627),(4395,'SUCCESS','plb3bsd_month','UPDATING DATA ID #709',8,1492153627,8,1492153627),(4396,'SUCCESS','plb3bsd_month','UPDATING DATA ID #710',8,1492153627,8,1492153627),(4397,'SUCCESS','plb3bsd_month','UPDATING DATA ID #711',8,1492153627,8,1492153627),(4398,'SUCCESS','plb3bsd_month','UPDATING DATA ID #712',8,1492153627,8,1492153627),(4399,'SUCCESS','plb3bsd_month','UPDATING DATA ID #713',8,1492153627,8,1492153627),(4400,'SUCCESS','plb3bsd_month','UPDATING DATA ID #714',8,1492153627,8,1492153627),(4401,'SUCCESS','plb3bsd_month','UPDATING DATA ID #715',8,1492153627,8,1492153627),(4402,'SUCCESS','plb3bsd_month','UPDATING DATA ID #716',8,1492153627,8,1492153627),(4403,'SUCCESS','plb3bsd_month','UPDATING DATA ID #717',8,1492153627,8,1492153627),(4404,'SUCCESS','plb3bsd_month','UPDATING DATA ID #718',8,1492153627,8,1492153627),(4405,'SUCCESS','plb3bsd_month','UPDATING DATA ID #719',8,1492153627,8,1492153627),(4406,'SUCCESS','plb3bsd_month','UPDATING DATA ID #720',8,1492153627,8,1492153627),(4407,'SUCCESS','plb3_balance_sheet_treatment','INSERTING NEW DATA WITH ID #104',8,1492153627,8,1492153627),(4408,'SUCCESS','plb3bsd_month','UPDATING DATA ID #721',8,1492153627,8,1492153627),(4409,'SUCCESS','plb3bsd_month','UPDATING DATA ID #722',8,1492153627,8,1492153627),(4410,'SUCCESS','plb3bsd_month','UPDATING DATA ID #723',8,1492153627,8,1492153627),(4411,'SUCCESS','plb3bsd_month','UPDATING DATA ID #724',8,1492153627,8,1492153627),(4412,'SUCCESS','plb3bsd_month','UPDATING DATA ID #725',8,1492153627,8,1492153627),(4413,'SUCCESS','plb3bsd_month','UPDATING DATA ID #726',8,1492153627,8,1492153627),(4414,'SUCCESS','plb3bsd_month','UPDATING DATA ID #727',8,1492153627,8,1492153627),(4415,'SUCCESS','plb3bsd_month','UPDATING DATA ID #728',8,1492153627,8,1492153627),(4416,'SUCCESS','plb3bsd_month','UPDATING DATA ID #729',8,1492153627,8,1492153627),(4417,'SUCCESS','plb3bsd_month','UPDATING DATA ID #730',8,1492153627,8,1492153627),(4418,'SUCCESS','plb3bsd_month','UPDATING DATA ID #731',8,1492153627,8,1492153627),(4419,'SUCCESS','plb3bsd_month','UPDATING DATA ID #732',8,1492153627,8,1492153627),(4420,'SUCCESS','plb3_balance_sheet_treatment','INSERTING NEW DATA WITH ID #105',8,1492153627,8,1492153627),(4421,'SUCCESS','plb3bsd_month','UPDATING DATA ID #733',8,1492153627,8,1492153627),(4422,'SUCCESS','plb3bsd_month','UPDATING DATA ID #734',8,1492153627,8,1492153627),(4423,'SUCCESS','plb3bsd_month','UPDATING DATA ID #735',8,1492153627,8,1492153627),(4424,'SUCCESS','plb3bsd_month','UPDATING DATA ID #736',8,1492153627,8,1492153627),(4425,'SUCCESS','plb3bsd_month','UPDATING DATA ID #737',8,1492153627,8,1492153627),(4426,'SUCCESS','plb3bsd_month','UPDATING DATA ID #738',8,1492153627,8,1492153627),(4427,'SUCCESS','plb3bsd_month','UPDATING DATA ID #739',8,1492153627,8,1492153627),(4428,'SUCCESS','plb3bsd_month','UPDATING DATA ID #740',8,1492153627,8,1492153627),(4429,'SUCCESS','plb3bsd_month','UPDATING DATA ID #741',8,1492153627,8,1492153627),(4430,'SUCCESS','plb3bsd_month','UPDATING DATA ID #742',8,1492153627,8,1492153627),(4431,'SUCCESS','plb3bsd_month','UPDATING DATA ID #743',8,1492153627,8,1492153627),(4432,'SUCCESS','plb3bsd_month','UPDATING DATA ID #744',8,1492153627,8,1492153627),(4433,'SUCCESS','plb3_balance_sheet_detail','INSERTING NEW DATA WITH ID #37',8,1492153728,8,1492153728),(4434,'SUCCESS','plb3_balance_sheet_treatment','INSERTING NEW DATA WITH ID #106',8,1492153728,8,1492153728),(4435,'SUCCESS','plb3bsd_month','INSERTING NEW DATA WITH ID #745',8,1492153728,8,1492153728),(4436,'SUCCESS','plb3bsd_month','INSERTING NEW DATA WITH ID #746',8,1492153728,8,1492153728),(4437,'SUCCESS','plb3bsd_month','INSERTING NEW DATA WITH ID #747',8,1492153728,8,1492153728),(4438,'SUCCESS','plb3bsd_month','INSERTING NEW DATA WITH ID #748',8,1492153728,8,1492153728),(4439,'SUCCESS','plb3bsd_month','INSERTING NEW DATA WITH ID #749',8,1492153728,8,1492153728),(4440,'SUCCESS','plb3bsd_month','INSERTING NEW DATA WITH ID #750',8,1492153728,8,1492153728),(4441,'SUCCESS','plb3bsd_month','INSERTING NEW DATA WITH ID #751',8,1492153728,8,1492153728),(4442,'SUCCESS','plb3bsd_month','INSERTING NEW DATA WITH ID #752',8,1492153728,8,1492153728),(4443,'SUCCESS','plb3bsd_month','INSERTING NEW DATA WITH ID #753',8,1492153728,8,1492153728),(4444,'SUCCESS','plb3bsd_month','INSERTING NEW DATA WITH ID #754',8,1492153728,8,1492153728),(4445,'SUCCESS','plb3bsd_month','INSERTING NEW DATA WITH ID #755',8,1492153728,8,1492153728),(4446,'SUCCESS','plb3bsd_month','INSERTING NEW DATA WITH ID #756',8,1492153728,8,1492153728),(4447,'SUCCESS','plb3_balance_sheet_treatment','INSERTING NEW DATA WITH ID #107',8,1492153728,8,1492153728),(4448,'SUCCESS','plb3_balance_sheet_treatment','INSERTING NEW DATA WITH ID #108',8,1492153728,8,1492153728),(4449,'SUCCESS','plb3bsd_month','INSERTING NEW DATA WITH ID #757',8,1492153728,8,1492153728),(4450,'SUCCESS','plb3bsd_month','INSERTING NEW DATA WITH ID #758',8,1492153728,8,1492153728),(4451,'SUCCESS','plb3bsd_month','INSERTING NEW DATA WITH ID #759',8,1492153728,8,1492153728),(4452,'SUCCESS','plb3bsd_month','INSERTING NEW DATA WITH ID #760',8,1492153728,8,1492153728),(4453,'SUCCESS','plb3bsd_month','INSERTING NEW DATA WITH ID #761',8,1492153728,8,1492153728),(4454,'SUCCESS','plb3bsd_month','INSERTING NEW DATA WITH ID #762',8,1492153728,8,1492153728),(4455,'SUCCESS','plb3bsd_month','INSERTING NEW DATA WITH ID #763',8,1492153728,8,1492153728),(4456,'SUCCESS','plb3bsd_month','INSERTING NEW DATA WITH ID #764',8,1492153728,8,1492153728),(4457,'SUCCESS','plb3bsd_month','INSERTING NEW DATA WITH ID #765',8,1492153728,8,1492153728),(4458,'SUCCESS','plb3bsd_month','INSERTING NEW DATA WITH ID #766',8,1492153728,8,1492153728),(4459,'SUCCESS','plb3bsd_month','INSERTING NEW DATA WITH ID #767',8,1492153728,8,1492153728),(4460,'SUCCESS','plb3bsd_month','INSERTING NEW DATA WITH ID #768',8,1492153728,8,1492153728),(4461,'SUCCESS','plb3_balance_sheet_treatment','INSERTING NEW DATA WITH ID #109',8,1492153728,8,1492153728),(4462,'SUCCESS','plb3bsd_month','INSERTING NEW DATA WITH ID #769',8,1492153728,8,1492153728),(4463,'SUCCESS','plb3bsd_month','INSERTING NEW DATA WITH ID #770',8,1492153728,8,1492153728),(4464,'SUCCESS','plb3bsd_month','INSERTING NEW DATA WITH ID #771',8,1492153728,8,1492153728),(4465,'SUCCESS','plb3bsd_month','INSERTING NEW DATA WITH ID #772',8,1492153728,8,1492153728),(4466,'SUCCESS','plb3bsd_month','INSERTING NEW DATA WITH ID #773',8,1492153728,8,1492153728),(4467,'SUCCESS','plb3bsd_month','INSERTING NEW DATA WITH ID #774',8,1492153728,8,1492153728),(4468,'SUCCESS','plb3bsd_month','INSERTING NEW DATA WITH ID #775',8,1492153728,8,1492153728),(4469,'SUCCESS','plb3bsd_month','INSERTING NEW DATA WITH ID #776',8,1492153728,8,1492153728),(4470,'SUCCESS','plb3bsd_month','INSERTING NEW DATA WITH ID #777',8,1492153728,8,1492153728),(4471,'SUCCESS','plb3bsd_month','INSERTING NEW DATA WITH ID #778',8,1492153728,8,1492153728),(4472,'SUCCESS','plb3bsd_month','INSERTING NEW DATA WITH ID #779',8,1492153728,8,1492153728),(4473,'SUCCESS','plb3bsd_month','INSERTING NEW DATA WITH ID #780',8,1492153728,8,1492153728),(4474,'SUCCESS','plb3_balance_sheet_treatment','INSERTING NEW DATA WITH ID #110',8,1492153728,8,1492153728),(4475,'SUCCESS','plb3bsd_month','INSERTING NEW DATA WITH ID #781',8,1492153728,8,1492153728),(4476,'SUCCESS','plb3bsd_month','INSERTING NEW DATA WITH ID #782',8,1492153728,8,1492153728),(4477,'SUCCESS','plb3bsd_month','INSERTING NEW DATA WITH ID #783',8,1492153728,8,1492153728),(4478,'SUCCESS','plb3bsd_month','INSERTING NEW DATA WITH ID #784',8,1492153728,8,1492153728),(4479,'SUCCESS','plb3bsd_month','INSERTING NEW DATA WITH ID #785',8,1492153728,8,1492153728),(4480,'SUCCESS','plb3bsd_month','INSERTING NEW DATA WITH ID #786',8,1492153728,8,1492153728),(4481,'SUCCESS','plb3bsd_month','INSERTING NEW DATA WITH ID #787',8,1492153728,8,1492153728),(4482,'SUCCESS','plb3bsd_month','INSERTING NEW DATA WITH ID #788',8,1492153728,8,1492153728),(4483,'SUCCESS','plb3bsd_month','INSERTING NEW DATA WITH ID #789',8,1492153728,8,1492153728),(4484,'SUCCESS','plb3bsd_month','INSERTING NEW DATA WITH ID #790',8,1492153728,8,1492153728),(4485,'SUCCESS','plb3bsd_month','INSERTING NEW DATA WITH ID #791',8,1492153728,8,1492153728),(4486,'SUCCESS','plb3bsd_month','INSERTING NEW DATA WITH ID #792',8,1492153728,8,1492153728),(4487,'SUCCESS','plb3_balance_sheet_treatment','INSERTING NEW DATA WITH ID #111',8,1492153728,8,1492153728),(4488,'SUCCESS','plb3bsd_month','INSERTING NEW DATA WITH ID #793',8,1492153728,8,1492153728),(4489,'SUCCESS','plb3bsd_month','INSERTING NEW DATA WITH ID #794',8,1492153728,8,1492153728),(4490,'SUCCESS','plb3bsd_month','INSERTING NEW DATA WITH ID #795',8,1492153728,8,1492153728),(4491,'SUCCESS','plb3bsd_month','INSERTING NEW DATA WITH ID #796',8,1492153728,8,1492153728),(4492,'SUCCESS','plb3bsd_month','INSERTING NEW DATA WITH ID #797',8,1492153728,8,1492153728),(4493,'SUCCESS','plb3bsd_month','INSERTING NEW DATA WITH ID #798',8,1492153728,8,1492153728),(4494,'SUCCESS','plb3bsd_month','INSERTING NEW DATA WITH ID #799',8,1492153728,8,1492153728),(4495,'SUCCESS','plb3bsd_month','INSERTING NEW DATA WITH ID #800',8,1492153728,8,1492153728),(4496,'SUCCESS','plb3bsd_month','INSERTING NEW DATA WITH ID #801',8,1492153728,8,1492153728),(4497,'SUCCESS','plb3bsd_month','INSERTING NEW DATA WITH ID #802',8,1492153728,8,1492153728),(4498,'SUCCESS','plb3bsd_month','INSERTING NEW DATA WITH ID #803',8,1492153728,8,1492153728),(4499,'SUCCESS','plb3bsd_month','INSERTING NEW DATA WITH ID #804',8,1492153728,8,1492153728),(4500,'SUCCESS','plb3_balance_sheet_treatment','INSERTING NEW DATA WITH ID #112',8,1492153728,8,1492153728),(4501,'SUCCESS','plb3bsd_month','INSERTING NEW DATA WITH ID #805',8,1492153728,8,1492153728),(4502,'SUCCESS','plb3bsd_month','INSERTING NEW DATA WITH ID #806',8,1492153728,8,1492153728),(4503,'SUCCESS','plb3bsd_month','INSERTING NEW DATA WITH ID #807',8,1492153728,8,1492153728),(4504,'SUCCESS','plb3bsd_month','INSERTING NEW DATA WITH ID #808',8,1492153728,8,1492153728),(4505,'SUCCESS','plb3bsd_month','INSERTING NEW DATA WITH ID #809',8,1492153728,8,1492153728),(4506,'SUCCESS','plb3bsd_month','INSERTING NEW DATA WITH ID #810',8,1492153728,8,1492153728),(4507,'SUCCESS','plb3bsd_month','INSERTING NEW DATA WITH ID #811',8,1492153728,8,1492153728),(4508,'SUCCESS','plb3bsd_month','INSERTING NEW DATA WITH ID #812',8,1492153728,8,1492153728),(4509,'SUCCESS','plb3bsd_month','INSERTING NEW DATA WITH ID #813',8,1492153728,8,1492153728),(4510,'SUCCESS','plb3bsd_month','INSERTING NEW DATA WITH ID #814',8,1492153728,8,1492153728),(4511,'SUCCESS','plb3bsd_month','INSERTING NEW DATA WITH ID #815',8,1492153728,8,1492153728),(4512,'SUCCESS','plb3bsd_month','INSERTING NEW DATA WITH ID #816',8,1492153728,8,1492153728),(4513,'SUCCESS','plb3_balance_sheet_detail','INSERTING NEW DATA WITH ID #38',8,1492153744,8,1492153744),(4514,'SUCCESS','plb3_balance_sheet_treatment','INSERTING NEW DATA WITH ID #113',8,1492153744,8,1492153744),(4515,'SUCCESS','plb3bsd_month','INSERTING NEW DATA WITH ID #817',8,1492153744,8,1492153744),(4516,'SUCCESS','plb3bsd_month','INSERTING NEW DATA WITH ID #818',8,1492153744,8,1492153744),(4517,'SUCCESS','plb3bsd_month','INSERTING NEW DATA WITH ID #819',8,1492153744,8,1492153744),(4518,'SUCCESS','plb3bsd_month','INSERTING NEW DATA WITH ID #820',8,1492153744,8,1492153744),(4519,'SUCCESS','plb3bsd_month','INSERTING NEW DATA WITH ID #821',8,1492153744,8,1492153744),(4520,'SUCCESS','plb3bsd_month','INSERTING NEW DATA WITH ID #822',8,1492153744,8,1492153744),(4521,'SUCCESS','plb3bsd_month','INSERTING NEW DATA WITH ID #823',8,1492153744,8,1492153744),(4522,'SUCCESS','plb3bsd_month','INSERTING NEW DATA WITH ID #824',8,1492153744,8,1492153744),(4523,'SUCCESS','plb3bsd_month','INSERTING NEW DATA WITH ID #825',8,1492153744,8,1492153744),(4524,'SUCCESS','plb3bsd_month','INSERTING NEW DATA WITH ID #826',8,1492153744,8,1492153744),(4525,'SUCCESS','plb3bsd_month','INSERTING NEW DATA WITH ID #827',8,1492153744,8,1492153744),(4526,'SUCCESS','plb3bsd_month','INSERTING NEW DATA WITH ID #828',8,1492153744,8,1492153744),(4527,'SUCCESS','plb3_balance_sheet_treatment','INSERTING NEW DATA WITH ID #114',8,1492153744,8,1492153744),(4528,'SUCCESS','plb3_balance_sheet_treatment','INSERTING NEW DATA WITH ID #115',8,1492153744,8,1492153744),(4529,'SUCCESS','plb3bsd_month','INSERTING NEW DATA WITH ID #829',8,1492153744,8,1492153744),(4530,'SUCCESS','plb3bsd_month','INSERTING NEW DATA WITH ID #830',8,1492153744,8,1492153744),(4531,'SUCCESS','plb3bsd_month','INSERTING NEW DATA WITH ID #831',8,1492153744,8,1492153744),(4532,'SUCCESS','plb3bsd_month','INSERTING NEW DATA WITH ID #832',8,1492153744,8,1492153744),(4533,'SUCCESS','plb3bsd_month','INSERTING NEW DATA WITH ID #833',8,1492153744,8,1492153744),(4534,'SUCCESS','plb3bsd_month','INSERTING NEW DATA WITH ID #834',8,1492153744,8,1492153744),(4535,'SUCCESS','plb3bsd_month','INSERTING NEW DATA WITH ID #835',8,1492153744,8,1492153744),(4536,'SUCCESS','plb3bsd_month','INSERTING NEW DATA WITH ID #836',8,1492153744,8,1492153744),(4537,'SUCCESS','plb3bsd_month','INSERTING NEW DATA WITH ID #837',8,1492153744,8,1492153744),(4538,'SUCCESS','plb3bsd_month','INSERTING NEW DATA WITH ID #838',8,1492153744,8,1492153744),(4539,'SUCCESS','plb3bsd_month','INSERTING NEW DATA WITH ID #839',8,1492153744,8,1492153744),(4540,'SUCCESS','plb3bsd_month','INSERTING NEW DATA WITH ID #840',8,1492153744,8,1492153744),(4541,'SUCCESS','plb3_balance_sheet_treatment','INSERTING NEW DATA WITH ID #116',8,1492153744,8,1492153744),(4542,'SUCCESS','plb3bsd_month','INSERTING NEW DATA WITH ID #841',8,1492153744,8,1492153744),(4543,'SUCCESS','plb3bsd_month','INSERTING NEW DATA WITH ID #842',8,1492153744,8,1492153744),(4544,'SUCCESS','plb3bsd_month','INSERTING NEW DATA WITH ID #843',8,1492153745,8,1492153745),(4545,'SUCCESS','plb3bsd_month','INSERTING NEW DATA WITH ID #844',8,1492153745,8,1492153745),(4546,'SUCCESS','plb3bsd_month','INSERTING NEW DATA WITH ID #845',8,1492153745,8,1492153745),(4547,'SUCCESS','plb3bsd_month','INSERTING NEW DATA WITH ID #846',8,1492153745,8,1492153745),(4548,'SUCCESS','plb3bsd_month','INSERTING NEW DATA WITH ID #847',8,1492153745,8,1492153745),(4549,'SUCCESS','plb3bsd_month','INSERTING NEW DATA WITH ID #848',8,1492153745,8,1492153745),(4550,'SUCCESS','plb3bsd_month','INSERTING NEW DATA WITH ID #849',8,1492153745,8,1492153745),(4551,'SUCCESS','plb3bsd_month','INSERTING NEW DATA WITH ID #850',8,1492153745,8,1492153745),(4552,'SUCCESS','plb3bsd_month','INSERTING NEW DATA WITH ID #851',8,1492153745,8,1492153745),(4553,'SUCCESS','plb3bsd_month','INSERTING NEW DATA WITH ID #852',8,1492153745,8,1492153745),(4554,'SUCCESS','plb3_balance_sheet_treatment','INSERTING NEW DATA WITH ID #117',8,1492153745,8,1492153745),(4555,'SUCCESS','plb3bsd_month','INSERTING NEW DATA WITH ID #853',8,1492153745,8,1492153745),(4556,'SUCCESS','plb3bsd_month','INSERTING NEW DATA WITH ID #854',8,1492153745,8,1492153745),(4557,'SUCCESS','plb3bsd_month','INSERTING NEW DATA WITH ID #855',8,1492153745,8,1492153745),(4558,'SUCCESS','plb3bsd_month','INSERTING NEW DATA WITH ID #856',8,1492153745,8,1492153745),(4559,'SUCCESS','plb3bsd_month','INSERTING NEW DATA WITH ID #857',8,1492153745,8,1492153745),(4560,'SUCCESS','plb3bsd_month','INSERTING NEW DATA WITH ID #858',8,1492153745,8,1492153745),(4561,'SUCCESS','plb3bsd_month','INSERTING NEW DATA WITH ID #859',8,1492153745,8,1492153745),(4562,'SUCCESS','plb3bsd_month','INSERTING NEW DATA WITH ID #860',8,1492153745,8,1492153745),(4563,'SUCCESS','plb3bsd_month','INSERTING NEW DATA WITH ID #861',8,1492153745,8,1492153745),(4564,'SUCCESS','plb3bsd_month','INSERTING NEW DATA WITH ID #862',8,1492153745,8,1492153745),(4565,'SUCCESS','plb3bsd_month','INSERTING NEW DATA WITH ID #863',8,1492153745,8,1492153745),(4566,'SUCCESS','plb3bsd_month','INSERTING NEW DATA WITH ID #864',8,1492153745,8,1492153745),(4567,'SUCCESS','plb3_balance_sheet_treatment','INSERTING NEW DATA WITH ID #118',8,1492153745,8,1492153745),(4568,'SUCCESS','plb3bsd_month','INSERTING NEW DATA WITH ID #865',8,1492153745,8,1492153745),(4569,'SUCCESS','plb3bsd_month','INSERTING NEW DATA WITH ID #866',8,1492153745,8,1492153745),(4570,'SUCCESS','plb3bsd_month','INSERTING NEW DATA WITH ID #867',8,1492153745,8,1492153745),(4571,'SUCCESS','plb3bsd_month','INSERTING NEW DATA WITH ID #868',8,1492153745,8,1492153745),(4572,'SUCCESS','plb3bsd_month','INSERTING NEW DATA WITH ID #869',8,1492153745,8,1492153745),(4573,'SUCCESS','plb3bsd_month','INSERTING NEW DATA WITH ID #870',8,1492153745,8,1492153745),(4574,'SUCCESS','plb3bsd_month','INSERTING NEW DATA WITH ID #871',8,1492153745,8,1492153745),(4575,'SUCCESS','plb3bsd_month','INSERTING NEW DATA WITH ID #872',8,1492153745,8,1492153745),(4576,'SUCCESS','plb3bsd_month','INSERTING NEW DATA WITH ID #873',8,1492153745,8,1492153745),(4577,'SUCCESS','plb3bsd_month','INSERTING NEW DATA WITH ID #874',8,1492153745,8,1492153745),(4578,'SUCCESS','plb3bsd_month','INSERTING NEW DATA WITH ID #875',8,1492153745,8,1492153745),(4579,'SUCCESS','plb3bsd_month','INSERTING NEW DATA WITH ID #876',8,1492153745,8,1492153745),(4580,'SUCCESS','plb3_balance_sheet_treatment','INSERTING NEW DATA WITH ID #119',8,1492153745,8,1492153745),(4581,'SUCCESS','plb3bsd_month','INSERTING NEW DATA WITH ID #877',8,1492153745,8,1492153745),(4582,'SUCCESS','plb3bsd_month','INSERTING NEW DATA WITH ID #878',8,1492153745,8,1492153745),(4583,'SUCCESS','plb3bsd_month','INSERTING NEW DATA WITH ID #879',8,1492153745,8,1492153745),(4584,'SUCCESS','plb3bsd_month','INSERTING NEW DATA WITH ID #880',8,1492153745,8,1492153745),(4585,'SUCCESS','plb3bsd_month','INSERTING NEW DATA WITH ID #881',8,1492153745,8,1492153745),(4586,'SUCCESS','plb3bsd_month','INSERTING NEW DATA WITH ID #882',8,1492153745,8,1492153745),(4587,'SUCCESS','plb3bsd_month','INSERTING NEW DATA WITH ID #883',8,1492153745,8,1492153745),(4588,'SUCCESS','plb3bsd_month','INSERTING NEW DATA WITH ID #884',8,1492153745,8,1492153745),(4589,'SUCCESS','plb3bsd_month','INSERTING NEW DATA WITH ID #885',8,1492153745,8,1492153745),(4590,'SUCCESS','plb3bsd_month','INSERTING NEW DATA WITH ID #886',8,1492153745,8,1492153745),(4591,'SUCCESS','plb3bsd_month','INSERTING NEW DATA WITH ID #887',8,1492153745,8,1492153745),(4592,'SUCCESS','plb3bsd_month','INSERTING NEW DATA WITH ID #888',8,1492153745,8,1492153745),(4593,'SUCCESS','plb3_balance_sheet_detail','DELETING DATA ID #36',8,1492153763,8,1492153763),(4594,'SUCCESS','plb3_balance_sheet_detail','DELETING DATA ID #37',8,1492153766,8,1492153766),(4595,'SUCCESS','plb3_balance_sheet_detail','UPDATING DATA ID #38',8,1492153826,8,1492153826),(4596,'SUCCESS','plb3_balance_sheet_treatment','UPDATING DATA ID #113',8,1492153826,8,1492153826),(4597,'SUCCESS','plb3bsd_month','UPDATING DATA ID #817',8,1492153826,8,1492153826),(4598,'SUCCESS','plb3bsd_month','UPDATING DATA ID #818',8,1492153826,8,1492153826),(4599,'SUCCESS','plb3bsd_month','UPDATING DATA ID #819',8,1492153826,8,1492153826),(4600,'SUCCESS','plb3bsd_month','UPDATING DATA ID #820',8,1492153826,8,1492153826),(4601,'SUCCESS','plb3bsd_month','UPDATING DATA ID #821',8,1492153826,8,1492153826),(4602,'SUCCESS','plb3bsd_month','UPDATING DATA ID #822',8,1492153826,8,1492153826),(4603,'SUCCESS','plb3bsd_month','UPDATING DATA ID #823',8,1492153826,8,1492153826),(4604,'SUCCESS','plb3bsd_month','UPDATING DATA ID #824',8,1492153826,8,1492153826),(4605,'SUCCESS','plb3bsd_month','UPDATING DATA ID #825',8,1492153826,8,1492153826),(4606,'SUCCESS','plb3bsd_month','UPDATING DATA ID #826',8,1492153826,8,1492153826),(4607,'SUCCESS','plb3bsd_month','UPDATING DATA ID #827',8,1492153826,8,1492153826),(4608,'SUCCESS','plb3bsd_month','UPDATING DATA ID #828',8,1492153826,8,1492153826),(4609,'SUCCESS','plb3_balance_sheet_treatment','INSERTING NEW DATA WITH ID #120',8,1492153826,8,1492153826),(4610,'SUCCESS','plb3_balance_sheet_treatment','UPDATING DATA ID #115',8,1492153826,8,1492153826),(4611,'SUCCESS','plb3bsd_month','UPDATING DATA ID #829',8,1492153826,8,1492153826),(4612,'SUCCESS','plb3bsd_month','UPDATING DATA ID #830',8,1492153826,8,1492153826),(4613,'SUCCESS','plb3bsd_month','UPDATING DATA ID #831',8,1492153826,8,1492153826),(4614,'SUCCESS','plb3bsd_month','UPDATING DATA ID #832',8,1492153826,8,1492153826),(4615,'SUCCESS','plb3bsd_month','UPDATING DATA ID #833',8,1492153826,8,1492153826),(4616,'SUCCESS','plb3bsd_month','UPDATING DATA ID #834',8,1492153826,8,1492153826),(4617,'SUCCESS','plb3bsd_month','UPDATING DATA ID #835',8,1492153826,8,1492153826),(4618,'SUCCESS','plb3bsd_month','UPDATING DATA ID #836',8,1492153826,8,1492153826),(4619,'SUCCESS','plb3bsd_month','UPDATING DATA ID #837',8,1492153826,8,1492153826),(4620,'SUCCESS','plb3bsd_month','UPDATING DATA ID #838',8,1492153826,8,1492153826),(4621,'SUCCESS','plb3bsd_month','UPDATING DATA ID #839',8,1492153826,8,1492153826),(4622,'SUCCESS','plb3bsd_month','UPDATING DATA ID #840',8,1492153826,8,1492153826),(4623,'SUCCESS','plb3_balance_sheet_treatment','UPDATING DATA ID #116',8,1492153826,8,1492153826),(4624,'SUCCESS','plb3bsd_month','UPDATING DATA ID #841',8,1492153826,8,1492153826),(4625,'SUCCESS','plb3bsd_month','UPDATING DATA ID #842',8,1492153826,8,1492153826),(4626,'SUCCESS','plb3bsd_month','UPDATING DATA ID #843',8,1492153826,8,1492153826),(4627,'SUCCESS','plb3bsd_month','UPDATING DATA ID #844',8,1492153826,8,1492153826),(4628,'SUCCESS','plb3bsd_month','UPDATING DATA ID #845',8,1492153826,8,1492153826),(4629,'SUCCESS','plb3bsd_month','UPDATING DATA ID #846',8,1492153826,8,1492153826),(4630,'SUCCESS','plb3bsd_month','UPDATING DATA ID #847',8,1492153826,8,1492153826),(4631,'SUCCESS','plb3bsd_month','UPDATING DATA ID #848',8,1492153826,8,1492153826),(4632,'SUCCESS','plb3bsd_month','UPDATING DATA ID #849',8,1492153826,8,1492153826),(4633,'SUCCESS','plb3bsd_month','UPDATING DATA ID #850',8,1492153826,8,1492153826),(4634,'SUCCESS','plb3bsd_month','UPDATING DATA ID #851',8,1492153826,8,1492153826),(4635,'SUCCESS','plb3bsd_month','UPDATING DATA ID #852',8,1492153826,8,1492153826),(4636,'SUCCESS','plb3_balance_sheet_treatment','UPDATING DATA ID #117',8,1492153826,8,1492153826),(4637,'SUCCESS','plb3bsd_month','UPDATING DATA ID #853',8,1492153826,8,1492153826),(4638,'SUCCESS','plb3bsd_month','UPDATING DATA ID #854',8,1492153826,8,1492153826),(4639,'SUCCESS','plb3bsd_month','UPDATING DATA ID #855',8,1492153826,8,1492153826),(4640,'SUCCESS','plb3bsd_month','UPDATING DATA ID #856',8,1492153826,8,1492153826),(4641,'SUCCESS','plb3bsd_month','UPDATING DATA ID #857',8,1492153826,8,1492153826),(4642,'SUCCESS','plb3bsd_month','UPDATING DATA ID #858',8,1492153826,8,1492153826),(4643,'SUCCESS','plb3bsd_month','UPDATING DATA ID #859',8,1492153826,8,1492153826),(4644,'SUCCESS','plb3bsd_month','UPDATING DATA ID #860',8,1492153826,8,1492153826),(4645,'SUCCESS','plb3bsd_month','UPDATING DATA ID #861',8,1492153826,8,1492153826),(4646,'SUCCESS','plb3bsd_month','UPDATING DATA ID #862',8,1492153826,8,1492153826),(4647,'SUCCESS','plb3bsd_month','UPDATING DATA ID #863',8,1492153826,8,1492153826),(4648,'SUCCESS','plb3bsd_month','UPDATING DATA ID #864',8,1492153826,8,1492153826),(4649,'SUCCESS','plb3_balance_sheet_treatment','UPDATING DATA ID #118',8,1492153826,8,1492153826),(4650,'SUCCESS','plb3bsd_month','UPDATING DATA ID #865',8,1492153826,8,1492153826),(4651,'SUCCESS','plb3bsd_month','UPDATING DATA ID #866',8,1492153826,8,1492153826),(4652,'SUCCESS','plb3bsd_month','UPDATING DATA ID #867',8,1492153826,8,1492153826),(4653,'SUCCESS','plb3bsd_month','UPDATING DATA ID #868',8,1492153826,8,1492153826),(4654,'SUCCESS','plb3bsd_month','UPDATING DATA ID #869',8,1492153826,8,1492153826),(4655,'SUCCESS','plb3bsd_month','UPDATING DATA ID #870',8,1492153826,8,1492153826),(4656,'SUCCESS','plb3bsd_month','UPDATING DATA ID #871',8,1492153826,8,1492153826),(4657,'SUCCESS','plb3bsd_month','UPDATING DATA ID #872',8,1492153826,8,1492153826),(4658,'SUCCESS','plb3bsd_month','UPDATING DATA ID #873',8,1492153826,8,1492153826),(4659,'SUCCESS','plb3bsd_month','UPDATING DATA ID #874',8,1492153826,8,1492153826),(4660,'SUCCESS','plb3bsd_month','UPDATING DATA ID #875',8,1492153826,8,1492153826),(4661,'SUCCESS','plb3bsd_month','UPDATING DATA ID #876',8,1492153826,8,1492153826),(4662,'SUCCESS','plb3_balance_sheet_treatment','UPDATING DATA ID #119',8,1492153826,8,1492153826),(4663,'SUCCESS','plb3bsd_month','UPDATING DATA ID #877',8,1492153826,8,1492153826),(4664,'SUCCESS','plb3bsd_month','UPDATING DATA ID #878',8,1492153826,8,1492153826),(4665,'SUCCESS','plb3bsd_month','UPDATING DATA ID #879',8,1492153826,8,1492153826),(4666,'SUCCESS','plb3bsd_month','UPDATING DATA ID #880',8,1492153826,8,1492153826),(4667,'SUCCESS','plb3bsd_month','UPDATING DATA ID #881',8,1492153826,8,1492153826),(4668,'SUCCESS','plb3bsd_month','UPDATING DATA ID #882',8,1492153826,8,1492153826),(4669,'SUCCESS','plb3bsd_month','UPDATING DATA ID #883',8,1492153826,8,1492153826),(4670,'SUCCESS','plb3bsd_month','UPDATING DATA ID #884',8,1492153826,8,1492153826),(4671,'SUCCESS','plb3bsd_month','UPDATING DATA ID #885',8,1492153826,8,1492153826),(4672,'SUCCESS','plb3bsd_month','UPDATING DATA ID #886',8,1492153826,8,1492153826),(4673,'SUCCESS','plb3bsd_month','UPDATING DATA ID #887',8,1492153826,8,1492153826),(4674,'SUCCESS','plb3bsd_month','UPDATING DATA ID #888',8,1492153826,8,1492153826),(4675,'SUCCESS','plb3_balance_sheet_detail','DELETING DATA ID #38',8,1492153883,8,1492153883),(4676,'SUCCESS','plb3_balance_sheet_detail','INSERTING NEW DATA WITH ID #39',8,1492153904,8,1492153904),(4677,'SUCCESS','plb3_balance_sheet_treatment','INSERTING NEW DATA WITH ID #121',8,1492153904,8,1492153904),(4678,'SUCCESS','plb3bsd_month','INSERTING NEW DATA WITH ID #889',8,1492153904,8,1492153904),(4679,'SUCCESS','plb3bsd_month','INSERTING NEW DATA WITH ID #890',8,1492153904,8,1492153904),(4680,'SUCCESS','plb3bsd_month','INSERTING NEW DATA WITH ID #891',8,1492153904,8,1492153904),(4681,'SUCCESS','plb3bsd_month','INSERTING NEW DATA WITH ID #892',8,1492153904,8,1492153904),(4682,'SUCCESS','plb3bsd_month','INSERTING NEW DATA WITH ID #893',8,1492153904,8,1492153904),(4683,'SUCCESS','plb3bsd_month','INSERTING NEW DATA WITH ID #894',8,1492153904,8,1492153904),(4684,'SUCCESS','plb3bsd_month','INSERTING NEW DATA WITH ID #895',8,1492153904,8,1492153904),(4685,'SUCCESS','plb3bsd_month','INSERTING NEW DATA WITH ID #896',8,1492153904,8,1492153904),(4686,'SUCCESS','plb3bsd_month','INSERTING NEW DATA WITH ID #897',8,1492153904,8,1492153904),(4687,'SUCCESS','plb3bsd_month','INSERTING NEW DATA WITH ID #898',8,1492153904,8,1492153904),(4688,'SUCCESS','plb3bsd_month','INSERTING NEW DATA WITH ID #899',8,1492153904,8,1492153904),(4689,'SUCCESS','plb3bsd_month','INSERTING NEW DATA WITH ID #900',8,1492153904,8,1492153904),(4690,'SUCCESS','plb3_balance_sheet_treatment','INSERTING NEW DATA WITH ID #122',8,1492153904,8,1492153904),(4691,'SUCCESS','plb3_balance_sheet_treatment','INSERTING NEW DATA WITH ID #123',8,1492153904,8,1492153904),(4692,'SUCCESS','plb3bsd_month','INSERTING NEW DATA WITH ID #901',8,1492153904,8,1492153904),(4693,'SUCCESS','plb3bsd_month','INSERTING NEW DATA WITH ID #902',8,1492153904,8,1492153904),(4694,'SUCCESS','plb3bsd_month','INSERTING NEW DATA WITH ID #903',8,1492153904,8,1492153904),(4695,'SUCCESS','plb3bsd_month','INSERTING NEW DATA WITH ID #904',8,1492153904,8,1492153904),(4696,'SUCCESS','plb3bsd_month','INSERTING NEW DATA WITH ID #905',8,1492153904,8,1492153904),(4697,'SUCCESS','plb3bsd_month','INSERTING NEW DATA WITH ID #906',8,1492153904,8,1492153904),(4698,'SUCCESS','plb3bsd_month','INSERTING NEW DATA WITH ID #907',8,1492153904,8,1492153904),(4699,'SUCCESS','plb3bsd_month','INSERTING NEW DATA WITH ID #908',8,1492153904,8,1492153904),(4700,'SUCCESS','plb3bsd_month','INSERTING NEW DATA WITH ID #909',8,1492153904,8,1492153904),(4701,'SUCCESS','plb3bsd_month','INSERTING NEW DATA WITH ID #910',8,1492153904,8,1492153904),(4702,'SUCCESS','plb3bsd_month','INSERTING NEW DATA WITH ID #911',8,1492153904,8,1492153904),(4703,'SUCCESS','plb3bsd_month','INSERTING NEW DATA WITH ID #912',8,1492153904,8,1492153904),(4704,'SUCCESS','plb3_balance_sheet_treatment','INSERTING NEW DATA WITH ID #124',8,1492153904,8,1492153904),(4705,'SUCCESS','plb3bsd_month','INSERTING NEW DATA WITH ID #913',8,1492153904,8,1492153904),(4706,'SUCCESS','plb3bsd_month','INSERTING NEW DATA WITH ID #914',8,1492153904,8,1492153904),(4707,'SUCCESS','plb3bsd_month','INSERTING NEW DATA WITH ID #915',8,1492153904,8,1492153904),(4708,'SUCCESS','plb3bsd_month','INSERTING NEW DATA WITH ID #916',8,1492153904,8,1492153904),(4709,'SUCCESS','plb3bsd_month','INSERTING NEW DATA WITH ID #917',8,1492153904,8,1492153904),(4710,'SUCCESS','plb3bsd_month','INSERTING NEW DATA WITH ID #918',8,1492153904,8,1492153904),(4711,'SUCCESS','plb3bsd_month','INSERTING NEW DATA WITH ID #919',8,1492153904,8,1492153904),(4712,'SUCCESS','plb3bsd_month','INSERTING NEW DATA WITH ID #920',8,1492153904,8,1492153904),(4713,'SUCCESS','plb3bsd_month','INSERTING NEW DATA WITH ID #921',8,1492153904,8,1492153904),(4714,'SUCCESS','plb3bsd_month','INSERTING NEW DATA WITH ID #922',8,1492153904,8,1492153904),(4715,'SUCCESS','plb3bsd_month','INSERTING NEW DATA WITH ID #923',8,1492153904,8,1492153904),(4716,'SUCCESS','plb3bsd_month','INSERTING NEW DATA WITH ID #924',8,1492153904,8,1492153904),(4717,'SUCCESS','plb3_balance_sheet_treatment','INSERTING NEW DATA WITH ID #125',8,1492153904,8,1492153904),(4718,'SUCCESS','plb3bsd_month','INSERTING NEW DATA WITH ID #925',8,1492153904,8,1492153904),(4719,'SUCCESS','plb3bsd_month','INSERTING NEW DATA WITH ID #926',8,1492153904,8,1492153904),(4720,'SUCCESS','plb3bsd_month','INSERTING NEW DATA WITH ID #927',8,1492153904,8,1492153904),(4721,'SUCCESS','plb3bsd_month','INSERTING NEW DATA WITH ID #928',8,1492153904,8,1492153904),(4722,'SUCCESS','plb3bsd_month','INSERTING NEW DATA WITH ID #929',8,1492153904,8,1492153904),(4723,'SUCCESS','plb3bsd_month','INSERTING NEW DATA WITH ID #930',8,1492153904,8,1492153904),(4724,'SUCCESS','plb3bsd_month','INSERTING NEW DATA WITH ID #931',8,1492153904,8,1492153904),(4725,'SUCCESS','plb3bsd_month','INSERTING NEW DATA WITH ID #932',8,1492153904,8,1492153904),(4726,'SUCCESS','plb3bsd_month','INSERTING NEW DATA WITH ID #933',8,1492153904,8,1492153904),(4727,'SUCCESS','plb3bsd_month','INSERTING NEW DATA WITH ID #934',8,1492153904,8,1492153904),(4728,'SUCCESS','plb3bsd_month','INSERTING NEW DATA WITH ID #935',8,1492153904,8,1492153904),(4729,'SUCCESS','plb3bsd_month','INSERTING NEW DATA WITH ID #936',8,1492153904,8,1492153904),(4730,'SUCCESS','plb3_balance_sheet_treatment','INSERTING NEW DATA WITH ID #126',8,1492153904,8,1492153904),(4731,'SUCCESS','plb3bsd_month','INSERTING NEW DATA WITH ID #937',8,1492153904,8,1492153904),(4732,'SUCCESS','plb3bsd_month','INSERTING NEW DATA WITH ID #938',8,1492153905,8,1492153905),(4733,'SUCCESS','plb3bsd_month','INSERTING NEW DATA WITH ID #939',8,1492153905,8,1492153905),(4734,'SUCCESS','plb3bsd_month','INSERTING NEW DATA WITH ID #940',8,1492153905,8,1492153905),(4735,'SUCCESS','plb3bsd_month','INSERTING NEW DATA WITH ID #941',8,1492153905,8,1492153905),(4736,'SUCCESS','plb3bsd_month','INSERTING NEW DATA WITH ID #942',8,1492153905,8,1492153905),(4737,'SUCCESS','plb3bsd_month','INSERTING NEW DATA WITH ID #943',8,1492153905,8,1492153905),(4738,'SUCCESS','plb3bsd_month','INSERTING NEW DATA WITH ID #944',8,1492153905,8,1492153905),(4739,'SUCCESS','plb3bsd_month','INSERTING NEW DATA WITH ID #945',8,1492153905,8,1492153905),(4740,'SUCCESS','plb3bsd_month','INSERTING NEW DATA WITH ID #946',8,1492153905,8,1492153905),(4741,'SUCCESS','plb3bsd_month','INSERTING NEW DATA WITH ID #947',8,1492153905,8,1492153905),(4742,'SUCCESS','plb3bsd_month','INSERTING NEW DATA WITH ID #948',8,1492153905,8,1492153905),(4743,'SUCCESS','plb3_balance_sheet_treatment','INSERTING NEW DATA WITH ID #127',8,1492153905,8,1492153905),(4744,'SUCCESS','plb3bsd_month','INSERTING NEW DATA WITH ID #949',8,1492153905,8,1492153905),(4745,'SUCCESS','plb3bsd_month','INSERTING NEW DATA WITH ID #950',8,1492153905,8,1492153905),(4746,'SUCCESS','plb3bsd_month','INSERTING NEW DATA WITH ID #951',8,1492153905,8,1492153905),(4747,'SUCCESS','plb3bsd_month','INSERTING NEW DATA WITH ID #952',8,1492153905,8,1492153905),(4748,'SUCCESS','plb3bsd_month','INSERTING NEW DATA WITH ID #953',8,1492153905,8,1492153905),(4749,'SUCCESS','plb3bsd_month','INSERTING NEW DATA WITH ID #954',8,1492153905,8,1492153905),(4750,'SUCCESS','plb3bsd_month','INSERTING NEW DATA WITH ID #955',8,1492153905,8,1492153905),(4751,'SUCCESS','plb3bsd_month','INSERTING NEW DATA WITH ID #956',8,1492153905,8,1492153905),(4752,'SUCCESS','plb3bsd_month','INSERTING NEW DATA WITH ID #957',8,1492153905,8,1492153905),(4753,'SUCCESS','plb3bsd_month','INSERTING NEW DATA WITH ID #958',8,1492153905,8,1492153905),(4754,'SUCCESS','plb3bsd_month','INSERTING NEW DATA WITH ID #959',8,1492153905,8,1492153905),(4755,'SUCCESS','plb3bsd_month','INSERTING NEW DATA WITH ID #960',8,1492153905,8,1492153905),(4756,'SUCCESS','plb3_balance_sheet_detail','UPDATING DATA ID #39',8,1492153915,8,1492153915),(4757,'SUCCESS','plb3_balance_sheet_treatment','UPDATING DATA ID #121',8,1492153915,8,1492153915),(4758,'SUCCESS','plb3bsd_month','UPDATING DATA ID #889',8,1492153915,8,1492153915),(4759,'SUCCESS','plb3bsd_month','UPDATING DATA ID #890',8,1492153915,8,1492153915),(4760,'SUCCESS','plb3bsd_month','UPDATING DATA ID #891',8,1492153915,8,1492153915),(4761,'SUCCESS','plb3bsd_month','UPDATING DATA ID #892',8,1492153915,8,1492153915),(4762,'SUCCESS','plb3bsd_month','UPDATING DATA ID #893',8,1492153915,8,1492153915),(4763,'SUCCESS','plb3bsd_month','UPDATING DATA ID #894',8,1492153915,8,1492153915),(4764,'SUCCESS','plb3bsd_month','UPDATING DATA ID #895',8,1492153915,8,1492153915),(4765,'SUCCESS','plb3bsd_month','UPDATING DATA ID #896',8,1492153915,8,1492153915),(4766,'SUCCESS','plb3bsd_month','UPDATING DATA ID #897',8,1492153915,8,1492153915),(4767,'SUCCESS','plb3bsd_month','UPDATING DATA ID #898',8,1492153915,8,1492153915),(4768,'SUCCESS','plb3bsd_month','UPDATING DATA ID #899',8,1492153915,8,1492153915),(4769,'SUCCESS','plb3bsd_month','UPDATING DATA ID #900',8,1492153915,8,1492153915),(4770,'SUCCESS','plb3_balance_sheet_treatment','UPDATING DATA ID #122',8,1492153915,8,1492153915),(4771,'SUCCESS','plb3_balance_sheet_treatment','UPDATING DATA ID #123',8,1492153915,8,1492153915),(4772,'SUCCESS','plb3bsd_month','UPDATING DATA ID #901',8,1492153915,8,1492153915),(4773,'SUCCESS','plb3bsd_month','UPDATING DATA ID #902',8,1492153915,8,1492153915),(4774,'SUCCESS','plb3bsd_month','UPDATING DATA ID #903',8,1492153915,8,1492153915),(4775,'SUCCESS','plb3bsd_month','UPDATING DATA ID #904',8,1492153915,8,1492153915),(4776,'SUCCESS','plb3bsd_month','UPDATING DATA ID #905',8,1492153915,8,1492153915),(4777,'SUCCESS','plb3bsd_month','UPDATING DATA ID #906',8,1492153915,8,1492153915),(4778,'SUCCESS','plb3bsd_month','UPDATING DATA ID #907',8,1492153915,8,1492153915),(4779,'SUCCESS','plb3bsd_month','UPDATING DATA ID #908',8,1492153915,8,1492153915),(4780,'SUCCESS','plb3bsd_month','UPDATING DATA ID #909',8,1492153915,8,1492153915),(4781,'SUCCESS','plb3bsd_month','UPDATING DATA ID #910',8,1492153915,8,1492153915),(4782,'SUCCESS','plb3bsd_month','UPDATING DATA ID #911',8,1492153915,8,1492153915),(4783,'SUCCESS','plb3bsd_month','UPDATING DATA ID #912',8,1492153915,8,1492153915),(4784,'SUCCESS','plb3_balance_sheet_treatment','UPDATING DATA ID #124',8,1492153915,8,1492153915),(4785,'SUCCESS','plb3bsd_month','UPDATING DATA ID #913',8,1492153915,8,1492153915),(4786,'SUCCESS','plb3bsd_month','UPDATING DATA ID #914',8,1492153915,8,1492153915),(4787,'SUCCESS','plb3bsd_month','UPDATING DATA ID #915',8,1492153915,8,1492153915),(4788,'SUCCESS','plb3bsd_month','UPDATING DATA ID #916',8,1492153915,8,1492153915),(4789,'SUCCESS','plb3bsd_month','UPDATING DATA ID #917',8,1492153915,8,1492153915),(4790,'SUCCESS','plb3bsd_month','UPDATING DATA ID #918',8,1492153915,8,1492153915),(4791,'SUCCESS','plb3bsd_month','UPDATING DATA ID #919',8,1492153915,8,1492153915),(4792,'SUCCESS','plb3bsd_month','UPDATING DATA ID #920',8,1492153915,8,1492153915),(4793,'SUCCESS','plb3bsd_month','UPDATING DATA ID #921',8,1492153915,8,1492153915),(4794,'SUCCESS','plb3bsd_month','UPDATING DATA ID #922',8,1492153915,8,1492153915),(4795,'SUCCESS','plb3bsd_month','UPDATING DATA ID #923',8,1492153915,8,1492153915),(4796,'SUCCESS','plb3bsd_month','UPDATING DATA ID #924',8,1492153915,8,1492153915),(4797,'SUCCESS','plb3_balance_sheet_treatment','UPDATING DATA ID #125',8,1492153915,8,1492153915),(4798,'SUCCESS','plb3bsd_month','UPDATING DATA ID #925',8,1492153915,8,1492153915),(4799,'SUCCESS','plb3bsd_month','UPDATING DATA ID #926',8,1492153915,8,1492153915),(4800,'SUCCESS','plb3bsd_month','UPDATING DATA ID #927',8,1492153915,8,1492153915),(4801,'SUCCESS','plb3bsd_month','UPDATING DATA ID #928',8,1492153915,8,1492153915),(4802,'SUCCESS','plb3bsd_month','UPDATING DATA ID #929',8,1492153915,8,1492153915),(4803,'SUCCESS','plb3bsd_month','UPDATING DATA ID #930',8,1492153915,8,1492153915),(4804,'SUCCESS','plb3bsd_month','UPDATING DATA ID #931',8,1492153915,8,1492153915),(4805,'SUCCESS','plb3bsd_month','UPDATING DATA ID #932',8,1492153915,8,1492153915),(4806,'SUCCESS','plb3bsd_month','UPDATING DATA ID #933',8,1492153915,8,1492153915),(4807,'SUCCESS','plb3bsd_month','UPDATING DATA ID #934',8,1492153915,8,1492153915),(4808,'SUCCESS','plb3bsd_month','UPDATING DATA ID #935',8,1492153915,8,1492153915),(4809,'SUCCESS','plb3bsd_month','UPDATING DATA ID #936',8,1492153915,8,1492153915),(4810,'SUCCESS','plb3_balance_sheet_treatment','UPDATING DATA ID #126',8,1492153915,8,1492153915),(4811,'SUCCESS','plb3bsd_month','UPDATING DATA ID #937',8,1492153915,8,1492153915),(4812,'SUCCESS','plb3bsd_month','UPDATING DATA ID #938',8,1492153915,8,1492153915),(4813,'SUCCESS','plb3bsd_month','UPDATING DATA ID #939',8,1492153915,8,1492153915),(4814,'SUCCESS','plb3bsd_month','UPDATING DATA ID #940',8,1492153915,8,1492153915),(4815,'SUCCESS','plb3bsd_month','UPDATING DATA ID #941',8,1492153915,8,1492153915),(4816,'SUCCESS','plb3bsd_month','UPDATING DATA ID #942',8,1492153915,8,1492153915),(4817,'SUCCESS','plb3bsd_month','UPDATING DATA ID #943',8,1492153915,8,1492153915),(4818,'SUCCESS','plb3bsd_month','UPDATING DATA ID #944',8,1492153915,8,1492153915),(4819,'SUCCESS','plb3bsd_month','UPDATING DATA ID #945',8,1492153915,8,1492153915),(4820,'SUCCESS','plb3bsd_month','UPDATING DATA ID #946',8,1492153915,8,1492153915),(4821,'SUCCESS','plb3bsd_month','UPDATING DATA ID #947',8,1492153915,8,1492153915),(4822,'SUCCESS','plb3bsd_month','UPDATING DATA ID #948',8,1492153915,8,1492153915),(4823,'SUCCESS','plb3_balance_sheet_treatment','UPDATING DATA ID #127',8,1492153915,8,1492153915),(4824,'SUCCESS','plb3bsd_month','UPDATING DATA ID #949',8,1492153915,8,1492153915),(4825,'SUCCESS','plb3bsd_month','UPDATING DATA ID #950',8,1492153915,8,1492153915),(4826,'SUCCESS','plb3bsd_month','UPDATING DATA ID #951',8,1492153915,8,1492153915),(4827,'SUCCESS','plb3bsd_month','UPDATING DATA ID #952',8,1492153915,8,1492153915),(4828,'SUCCESS','plb3bsd_month','UPDATING DATA ID #953',8,1492153915,8,1492153915),(4829,'SUCCESS','plb3bsd_month','UPDATING DATA ID #954',8,1492153915,8,1492153915),(4830,'SUCCESS','plb3bsd_month','UPDATING DATA ID #955',8,1492153915,8,1492153915),(4831,'SUCCESS','plb3bsd_month','UPDATING DATA ID #956',8,1492153915,8,1492153915),(4832,'SUCCESS','plb3bsd_month','UPDATING DATA ID #957',8,1492153915,8,1492153915),(4833,'SUCCESS','plb3bsd_month','UPDATING DATA ID #958',8,1492153915,8,1492153915),(4834,'SUCCESS','plb3bsd_month','UPDATING DATA ID #959',8,1492153915,8,1492153915),(4835,'SUCCESS','plb3bsd_month','UPDATING DATA ID #960',8,1492153915,8,1492153915),(4836,'SUCCESS','plb3_balance_sheet_detail','UPDATING DATA ID #39',8,1492153931,8,1492153931),(4837,'SUCCESS','plb3_balance_sheet_treatment','UPDATING DATA ID #121',8,1492153931,8,1492153931),(4838,'SUCCESS','plb3bsd_month','UPDATING DATA ID #889',8,1492153931,8,1492153931),(4839,'SUCCESS','log_dirty','INSERTING NEW DATA WITH ID #184',8,1492153931,8,1492153931),(4840,'SUCCESS','plb3bsd_month','UPDATING DATA ID #890',8,1492153931,8,1492153931),(4841,'SUCCESS','plb3bsd_month','UPDATING DATA ID #891',8,1492153931,8,1492153931),(4842,'SUCCESS','plb3bsd_month','UPDATING DATA ID #892',8,1492153931,8,1492153931),(4843,'SUCCESS','plb3bsd_month','UPDATING DATA ID #893',8,1492153931,8,1492153931),(4844,'SUCCESS','plb3bsd_month','UPDATING DATA ID #894',8,1492153931,8,1492153931),(4845,'SUCCESS','plb3bsd_month','UPDATING DATA ID #895',8,1492153931,8,1492153931),(4846,'SUCCESS','plb3bsd_month','UPDATING DATA ID #896',8,1492153931,8,1492153931),(4847,'SUCCESS','plb3bsd_month','UPDATING DATA ID #897',8,1492153931,8,1492153931),(4848,'SUCCESS','plb3bsd_month','UPDATING DATA ID #898',8,1492153931,8,1492153931),(4849,'SUCCESS','plb3bsd_month','UPDATING DATA ID #899',8,1492153931,8,1492153931),(4850,'SUCCESS','plb3bsd_month','UPDATING DATA ID #900',8,1492153931,8,1492153931),(4851,'SUCCESS','plb3_balance_sheet_treatment','UPDATING DATA ID #122',8,1492153931,8,1492153931),(4852,'SUCCESS','plb3_balance_sheet_treatment','UPDATING DATA ID #123',8,1492153931,8,1492153931),(4853,'SUCCESS','plb3bsd_month','UPDATING DATA ID #901',8,1492153931,8,1492153931),(4854,'SUCCESS','plb3bsd_month','UPDATING DATA ID #902',8,1492153931,8,1492153931),(4855,'SUCCESS','plb3bsd_month','UPDATING DATA ID #903',8,1492153931,8,1492153931),(4856,'SUCCESS','plb3bsd_month','UPDATING DATA ID #904',8,1492153931,8,1492153931),(4857,'SUCCESS','plb3bsd_month','UPDATING DATA ID #905',8,1492153931,8,1492153931),(4858,'SUCCESS','plb3bsd_month','UPDATING DATA ID #906',8,1492153931,8,1492153931),(4859,'SUCCESS','plb3bsd_month','UPDATING DATA ID #907',8,1492153931,8,1492153931),(4860,'SUCCESS','plb3bsd_month','UPDATING DATA ID #908',8,1492153931,8,1492153931),(4861,'SUCCESS','plb3bsd_month','UPDATING DATA ID #909',8,1492153931,8,1492153931),(4862,'SUCCESS','plb3bsd_month','UPDATING DATA ID #910',8,1492153931,8,1492153931),(4863,'SUCCESS','plb3bsd_month','UPDATING DATA ID #911',8,1492153931,8,1492153931),(4864,'SUCCESS','plb3bsd_month','UPDATING DATA ID #912',8,1492153931,8,1492153931),(4865,'SUCCESS','plb3_balance_sheet_treatment','UPDATING DATA ID #124',8,1492153931,8,1492153931),(4866,'SUCCESS','plb3bsd_month','UPDATING DATA ID #913',8,1492153931,8,1492153931),(4867,'SUCCESS','plb3bsd_month','UPDATING DATA ID #914',8,1492153931,8,1492153931),(4868,'SUCCESS','plb3bsd_month','UPDATING DATA ID #915',8,1492153931,8,1492153931),(4869,'SUCCESS','plb3bsd_month','UPDATING DATA ID #916',8,1492153931,8,1492153931),(4870,'SUCCESS','plb3bsd_month','UPDATING DATA ID #917',8,1492153931,8,1492153931),(4871,'SUCCESS','plb3bsd_month','UPDATING DATA ID #918',8,1492153931,8,1492153931),(4872,'SUCCESS','plb3bsd_month','UPDATING DATA ID #919',8,1492153931,8,1492153931),(4873,'SUCCESS','plb3bsd_month','UPDATING DATA ID #920',8,1492153931,8,1492153931),(4874,'SUCCESS','plb3bsd_month','UPDATING DATA ID #921',8,1492153931,8,1492153931),(4875,'SUCCESS','plb3bsd_month','UPDATING DATA ID #922',8,1492153931,8,1492153931),(4876,'SUCCESS','plb3bsd_month','UPDATING DATA ID #923',8,1492153931,8,1492153931),(4877,'SUCCESS','plb3bsd_month','UPDATING DATA ID #924',8,1492153931,8,1492153931),(4878,'SUCCESS','plb3_balance_sheet_treatment','UPDATING DATA ID #125',8,1492153931,8,1492153931),(4879,'SUCCESS','plb3bsd_month','UPDATING DATA ID #925',8,1492153931,8,1492153931),(4880,'SUCCESS','plb3bsd_month','UPDATING DATA ID #926',8,1492153931,8,1492153931),(4881,'SUCCESS','plb3bsd_month','UPDATING DATA ID #927',8,1492153931,8,1492153931),(4882,'SUCCESS','plb3bsd_month','UPDATING DATA ID #928',8,1492153931,8,1492153931),(4883,'SUCCESS','plb3bsd_month','UPDATING DATA ID #929',8,1492153931,8,1492153931),(4884,'SUCCESS','plb3bsd_month','UPDATING DATA ID #930',8,1492153931,8,1492153931),(4885,'SUCCESS','plb3bsd_month','UPDATING DATA ID #931',8,1492153931,8,1492153931),(4886,'SUCCESS','plb3bsd_month','UPDATING DATA ID #932',8,1492153931,8,1492153931),(4887,'SUCCESS','plb3bsd_month','UPDATING DATA ID #933',8,1492153931,8,1492153931),(4888,'SUCCESS','plb3bsd_month','UPDATING DATA ID #934',8,1492153931,8,1492153931),(4889,'SUCCESS','plb3bsd_month','UPDATING DATA ID #935',8,1492153931,8,1492153931),(4890,'SUCCESS','plb3bsd_month','UPDATING DATA ID #936',8,1492153931,8,1492153931),(4891,'SUCCESS','plb3_balance_sheet_treatment','UPDATING DATA ID #126',8,1492153931,8,1492153931),(4892,'SUCCESS','plb3bsd_month','UPDATING DATA ID #937',8,1492153931,8,1492153931),(4893,'SUCCESS','plb3bsd_month','UPDATING DATA ID #938',8,1492153931,8,1492153931),(4894,'SUCCESS','plb3bsd_month','UPDATING DATA ID #939',8,1492153931,8,1492153931),(4895,'SUCCESS','plb3bsd_month','UPDATING DATA ID #940',8,1492153931,8,1492153931),(4896,'SUCCESS','plb3bsd_month','UPDATING DATA ID #941',8,1492153931,8,1492153931),(4897,'SUCCESS','plb3bsd_month','UPDATING DATA ID #942',8,1492153931,8,1492153931),(4898,'SUCCESS','plb3bsd_month','UPDATING DATA ID #943',8,1492153931,8,1492153931),(4899,'SUCCESS','plb3bsd_month','UPDATING DATA ID #944',8,1492153931,8,1492153931),(4900,'SUCCESS','plb3bsd_month','UPDATING DATA ID #945',8,1492153931,8,1492153931),(4901,'SUCCESS','plb3bsd_month','UPDATING DATA ID #946',8,1492153931,8,1492153931),(4902,'SUCCESS','plb3bsd_month','UPDATING DATA ID #947',8,1492153931,8,1492153931),(4903,'SUCCESS','plb3bsd_month','UPDATING DATA ID #948',8,1492153931,8,1492153931),(4904,'SUCCESS','plb3_balance_sheet_treatment','UPDATING DATA ID #127',8,1492153931,8,1492153931),(4905,'SUCCESS','plb3bsd_month','UPDATING DATA ID #949',8,1492153931,8,1492153931),(4906,'SUCCESS','plb3bsd_month','UPDATING DATA ID #950',8,1492153931,8,1492153931),(4907,'SUCCESS','plb3bsd_month','UPDATING DATA ID #951',8,1492153931,8,1492153931),(4908,'SUCCESS','plb3bsd_month','UPDATING DATA ID #952',8,1492153931,8,1492153931),(4909,'SUCCESS','plb3bsd_month','UPDATING DATA ID #953',8,1492153931,8,1492153931),(4910,'SUCCESS','plb3bsd_month','UPDATING DATA ID #954',8,1492153931,8,1492153931),(4911,'SUCCESS','plb3bsd_month','UPDATING DATA ID #955',8,1492153931,8,1492153931),(4912,'SUCCESS','plb3bsd_month','UPDATING DATA ID #956',8,1492153931,8,1492153931),(4913,'SUCCESS','plb3bsd_month','UPDATING DATA ID #957',8,1492153931,8,1492153931),(4914,'SUCCESS','plb3bsd_month','UPDATING DATA ID #958',8,1492153931,8,1492153931),(4915,'SUCCESS','plb3bsd_month','UPDATING DATA ID #959',8,1492153931,8,1492153931),(4916,'SUCCESS','plb3bsd_month','UPDATING DATA ID #960',8,1492153931,8,1492153931),(4917,'SUCCESS','plb3_balance_sheet_detail','UPDATING DATA ID #39',8,1492153955,8,1492153955),(4918,'SUCCESS','plb3_balance_sheet_treatment','UPDATING DATA ID #121',8,1492153955,8,1492153955),(4919,'SUCCESS','plb3bsd_month','UPDATING DATA ID #889',8,1492153955,8,1492153955),(4920,'SUCCESS','log_dirty','INSERTING NEW DATA WITH ID #185',8,1492153955,8,1492153955),(4921,'SUCCESS','plb3bsd_month','UPDATING DATA ID #890',8,1492153955,8,1492153955),(4922,'SUCCESS','plb3bsd_month','UPDATING DATA ID #891',8,1492153955,8,1492153955),(4923,'SUCCESS','plb3bsd_month','UPDATING DATA ID #892',8,1492153955,8,1492153955),(4924,'SUCCESS','plb3bsd_month','UPDATING DATA ID #893',8,1492153955,8,1492153955),(4925,'SUCCESS','plb3bsd_month','UPDATING DATA ID #894',8,1492153955,8,1492153955),(4926,'SUCCESS','plb3bsd_month','UPDATING DATA ID #895',8,1492153955,8,1492153955),(4927,'SUCCESS','plb3bsd_month','UPDATING DATA ID #896',8,1492153955,8,1492153955),(4928,'SUCCESS','plb3bsd_month','UPDATING DATA ID #897',8,1492153955,8,1492153955),(4929,'SUCCESS','plb3bsd_month','UPDATING DATA ID #898',8,1492153955,8,1492153955),(4930,'SUCCESS','plb3bsd_month','UPDATING DATA ID #899',8,1492153955,8,1492153955),(4931,'SUCCESS','plb3bsd_month','UPDATING DATA ID #900',8,1492153955,8,1492153955),(4932,'SUCCESS','plb3_balance_sheet_treatment','UPDATING DATA ID #122',8,1492153955,8,1492153955),(4933,'SUCCESS','plb3_balance_sheet_treatment','UPDATING DATA ID #123',8,1492153955,8,1492153955),(4934,'SUCCESS','plb3bsd_month','UPDATING DATA ID #901',8,1492153955,8,1492153955),(4935,'SUCCESS','plb3bsd_month','UPDATING DATA ID #902',8,1492153955,8,1492153955),(4936,'SUCCESS','plb3bsd_month','UPDATING DATA ID #903',8,1492153955,8,1492153955),(4937,'SUCCESS','plb3bsd_month','UPDATING DATA ID #904',8,1492153955,8,1492153955),(4938,'SUCCESS','plb3bsd_month','UPDATING DATA ID #905',8,1492153955,8,1492153955),(4939,'SUCCESS','plb3bsd_month','UPDATING DATA ID #906',8,1492153955,8,1492153955),(4940,'SUCCESS','plb3bsd_month','UPDATING DATA ID #907',8,1492153955,8,1492153955),(4941,'SUCCESS','plb3bsd_month','UPDATING DATA ID #908',8,1492153955,8,1492153955),(4942,'SUCCESS','plb3bsd_month','UPDATING DATA ID #909',8,1492153955,8,1492153955),(4943,'SUCCESS','plb3bsd_month','UPDATING DATA ID #910',8,1492153955,8,1492153955),(4944,'SUCCESS','plb3bsd_month','UPDATING DATA ID #911',8,1492153955,8,1492153955),(4945,'SUCCESS','plb3bsd_month','UPDATING DATA ID #912',8,1492153955,8,1492153955),(4946,'SUCCESS','plb3_balance_sheet_treatment','UPDATING DATA ID #124',8,1492153955,8,1492153955),(4947,'SUCCESS','plb3bsd_month','UPDATING DATA ID #913',8,1492153955,8,1492153955),(4948,'SUCCESS','plb3bsd_month','UPDATING DATA ID #914',8,1492153955,8,1492153955),(4949,'SUCCESS','plb3bsd_month','UPDATING DATA ID #915',8,1492153955,8,1492153955),(4950,'SUCCESS','plb3bsd_month','UPDATING DATA ID #916',8,1492153955,8,1492153955),(4951,'SUCCESS','plb3bsd_month','UPDATING DATA ID #917',8,1492153955,8,1492153955),(4952,'SUCCESS','plb3bsd_month','UPDATING DATA ID #918',8,1492153955,8,1492153955),(4953,'SUCCESS','plb3bsd_month','UPDATING DATA ID #919',8,1492153955,8,1492153955),(4954,'SUCCESS','plb3bsd_month','UPDATING DATA ID #920',8,1492153955,8,1492153955),(4955,'SUCCESS','plb3bsd_month','UPDATING DATA ID #921',8,1492153955,8,1492153955),(4956,'SUCCESS','plb3bsd_month','UPDATING DATA ID #922',8,1492153955,8,1492153955),(4957,'SUCCESS','plb3bsd_month','UPDATING DATA ID #923',8,1492153955,8,1492153955),(4958,'SUCCESS','plb3bsd_month','UPDATING DATA ID #924',8,1492153955,8,1492153955),(4959,'SUCCESS','plb3_balance_sheet_treatment','UPDATING DATA ID #125',8,1492153955,8,1492153955),(4960,'SUCCESS','plb3bsd_month','UPDATING DATA ID #925',8,1492153955,8,1492153955),(4961,'SUCCESS','plb3bsd_month','UPDATING DATA ID #926',8,1492153955,8,1492153955),(4962,'SUCCESS','plb3bsd_month','UPDATING DATA ID #927',8,1492153955,8,1492153955),(4963,'SUCCESS','plb3bsd_month','UPDATING DATA ID #928',8,1492153955,8,1492153955),(4964,'SUCCESS','plb3bsd_month','UPDATING DATA ID #929',8,1492153955,8,1492153955),(4965,'SUCCESS','plb3bsd_month','UPDATING DATA ID #930',8,1492153955,8,1492153955),(4966,'SUCCESS','plb3bsd_month','UPDATING DATA ID #931',8,1492153955,8,1492153955),(4967,'SUCCESS','plb3bsd_month','UPDATING DATA ID #932',8,1492153955,8,1492153955),(4968,'SUCCESS','plb3bsd_month','UPDATING DATA ID #933',8,1492153955,8,1492153955),(4969,'SUCCESS','plb3bsd_month','UPDATING DATA ID #934',8,1492153955,8,1492153955),(4970,'SUCCESS','plb3bsd_month','UPDATING DATA ID #935',8,1492153956,8,1492153956),(4971,'SUCCESS','plb3bsd_month','UPDATING DATA ID #936',8,1492153956,8,1492153956),(4972,'SUCCESS','plb3_balance_sheet_treatment','UPDATING DATA ID #126',8,1492153956,8,1492153956),(4973,'SUCCESS','plb3bsd_month','UPDATING DATA ID #937',8,1492153956,8,1492153956),(4974,'SUCCESS','plb3bsd_month','UPDATING DATA ID #938',8,1492153956,8,1492153956),(4975,'SUCCESS','plb3bsd_month','UPDATING DATA ID #939',8,1492153956,8,1492153956),(4976,'SUCCESS','plb3bsd_month','UPDATING DATA ID #940',8,1492153956,8,1492153956),(4977,'SUCCESS','plb3bsd_month','UPDATING DATA ID #941',8,1492153956,8,1492153956),(4978,'SUCCESS','plb3bsd_month','UPDATING DATA ID #942',8,1492153956,8,1492153956),(4979,'SUCCESS','plb3bsd_month','UPDATING DATA ID #943',8,1492153956,8,1492153956),(4980,'SUCCESS','plb3bsd_month','UPDATING DATA ID #944',8,1492153956,8,1492153956),(4981,'SUCCESS','plb3bsd_month','UPDATING DATA ID #945',8,1492153956,8,1492153956),(4982,'SUCCESS','plb3bsd_month','UPDATING DATA ID #946',8,1492153956,8,1492153956),(4983,'SUCCESS','plb3bsd_month','UPDATING DATA ID #947',8,1492153956,8,1492153956),(4984,'SUCCESS','plb3bsd_month','UPDATING DATA ID #948',8,1492153956,8,1492153956),(4985,'SUCCESS','plb3_balance_sheet_treatment','UPDATING DATA ID #127',8,1492153956,8,1492153956),(4986,'SUCCESS','plb3bsd_month','UPDATING DATA ID #949',8,1492153956,8,1492153956),(4987,'SUCCESS','plb3bsd_month','UPDATING DATA ID #950',8,1492153956,8,1492153956),(4988,'SUCCESS','plb3bsd_month','UPDATING DATA ID #951',8,1492153956,8,1492153956),(4989,'SUCCESS','plb3bsd_month','UPDATING DATA ID #952',8,1492153956,8,1492153956),(4990,'SUCCESS','plb3bsd_month','UPDATING DATA ID #953',8,1492153956,8,1492153956),(4991,'SUCCESS','plb3bsd_month','UPDATING DATA ID #954',8,1492153956,8,1492153956),(4992,'SUCCESS','plb3bsd_month','UPDATING DATA ID #955',8,1492153956,8,1492153956),(4993,'SUCCESS','plb3bsd_month','UPDATING DATA ID #956',8,1492153956,8,1492153956),(4994,'SUCCESS','plb3bsd_month','UPDATING DATA ID #957',8,1492153956,8,1492153956),(4995,'SUCCESS','plb3bsd_month','UPDATING DATA ID #958',8,1492153956,8,1492153956),(4996,'SUCCESS','plb3bsd_month','UPDATING DATA ID #959',8,1492153956,8,1492153956),(4997,'SUCCESS','plb3bsd_month','UPDATING DATA ID #960',8,1492153956,8,1492153956),(4998,'SUCCESS','plb3_balance_sheet_detail','INSERTING NEW DATA WITH ID #40',8,1492281063,8,1492281063),(4999,'SUCCESS','plb3_balance_sheet_treatment','INSERTING NEW DATA WITH ID #128',8,1492281063,8,1492281063),(5000,'SUCCESS','plb3bsd_month','INSERTING NEW DATA WITH ID #961',8,1492281064,8,1492281064),(5001,'SUCCESS','plb3bsd_month','INSERTING NEW DATA WITH ID #962',8,1492281064,8,1492281064),(5002,'SUCCESS','plb3bsd_month','INSERTING NEW DATA WITH ID #963',8,1492281064,8,1492281064),(5003,'SUCCESS','plb3bsd_month','INSERTING NEW DATA WITH ID #964',8,1492281064,8,1492281064),(5004,'SUCCESS','plb3bsd_month','INSERTING NEW DATA WITH ID #965',8,1492281064,8,1492281064),(5005,'SUCCESS','plb3bsd_month','INSERTING NEW DATA WITH ID #966',8,1492281064,8,1492281064),(5006,'SUCCESS','plb3bsd_month','INSERTING NEW DATA WITH ID #967',8,1492281064,8,1492281064),(5007,'SUCCESS','plb3bsd_month','INSERTING NEW DATA WITH ID #968',8,1492281064,8,1492281064),(5008,'SUCCESS','plb3bsd_month','INSERTING NEW DATA WITH ID #969',8,1492281064,8,1492281064),(5009,'SUCCESS','plb3bsd_month','INSERTING NEW DATA WITH ID #970',8,1492281064,8,1492281064),(5010,'SUCCESS','plb3bsd_month','INSERTING NEW DATA WITH ID #971',8,1492281064,8,1492281064),(5011,'SUCCESS','plb3bsd_month','INSERTING NEW DATA WITH ID #972',8,1492281064,8,1492281064),(5012,'SUCCESS','plb3_balance_sheet_treatment','INSERTING NEW DATA WITH ID #129',8,1492281064,8,1492281064),(5013,'SUCCESS','plb3_balance_sheet_treatment','INSERTING NEW DATA WITH ID #130',8,1492281064,8,1492281064),(5014,'SUCCESS','plb3bsd_month','INSERTING NEW DATA WITH ID #973',8,1492281064,8,1492281064),(5015,'SUCCESS','plb3bsd_month','INSERTING NEW DATA WITH ID #974',8,1492281064,8,1492281064),(5016,'SUCCESS','plb3bsd_month','INSERTING NEW DATA WITH ID #975',8,1492281064,8,1492281064),(5017,'SUCCESS','plb3bsd_month','INSERTING NEW DATA WITH ID #976',8,1492281064,8,1492281064),(5018,'SUCCESS','plb3bsd_month','INSERTING NEW DATA WITH ID #977',8,1492281064,8,1492281064),(5019,'SUCCESS','plb3bsd_month','INSERTING NEW DATA WITH ID #978',8,1492281064,8,1492281064),(5020,'SUCCESS','plb3bsd_month','INSERTING NEW DATA WITH ID #979',8,1492281064,8,1492281064),(5021,'SUCCESS','plb3bsd_month','INSERTING NEW DATA WITH ID #980',8,1492281064,8,1492281064),(5022,'SUCCESS','plb3bsd_month','INSERTING NEW DATA WITH ID #981',8,1492281064,8,1492281064),(5023,'SUCCESS','plb3bsd_month','INSERTING NEW DATA WITH ID #982',8,1492281064,8,1492281064),(5024,'SUCCESS','plb3bsd_month','INSERTING NEW DATA WITH ID #983',8,1492281064,8,1492281064),(5025,'SUCCESS','plb3bsd_month','INSERTING NEW DATA WITH ID #984',8,1492281064,8,1492281064),(5026,'SUCCESS','plb3_balance_sheet_treatment','INSERTING NEW DATA WITH ID #131',8,1492281064,8,1492281064),(5027,'SUCCESS','plb3bsd_month','INSERTING NEW DATA WITH ID #985',8,1492281064,8,1492281064),(5028,'SUCCESS','plb3bsd_month','INSERTING NEW DATA WITH ID #986',8,1492281064,8,1492281064),(5029,'SUCCESS','plb3bsd_month','INSERTING NEW DATA WITH ID #987',8,1492281064,8,1492281064),(5030,'SUCCESS','plb3bsd_month','INSERTING NEW DATA WITH ID #988',8,1492281064,8,1492281064),(5031,'SUCCESS','plb3bsd_month','INSERTING NEW DATA WITH ID #989',8,1492281064,8,1492281064),(5032,'SUCCESS','plb3bsd_month','INSERTING NEW DATA WITH ID #990',8,1492281064,8,1492281064),(5033,'SUCCESS','plb3bsd_month','INSERTING NEW DATA WITH ID #991',8,1492281064,8,1492281064),(5034,'SUCCESS','plb3bsd_month','INSERTING NEW DATA WITH ID #992',8,1492281064,8,1492281064),(5035,'SUCCESS','plb3bsd_month','INSERTING NEW DATA WITH ID #993',8,1492281064,8,1492281064),(5036,'SUCCESS','plb3bsd_month','INSERTING NEW DATA WITH ID #994',8,1492281064,8,1492281064),(5037,'SUCCESS','plb3bsd_month','INSERTING NEW DATA WITH ID #995',8,1492281064,8,1492281064),(5038,'SUCCESS','plb3bsd_month','INSERTING NEW DATA WITH ID #996',8,1492281064,8,1492281064),(5039,'SUCCESS','plb3_balance_sheet_treatment','INSERTING NEW DATA WITH ID #132',8,1492281064,8,1492281064),(5040,'SUCCESS','plb3bsd_month','INSERTING NEW DATA WITH ID #997',8,1492281064,8,1492281064),(5041,'SUCCESS','plb3bsd_month','INSERTING NEW DATA WITH ID #998',8,1492281064,8,1492281064),(5042,'SUCCESS','plb3bsd_month','INSERTING NEW DATA WITH ID #999',8,1492281064,8,1492281064),(5043,'SUCCESS','plb3bsd_month','INSERTING NEW DATA WITH ID #1000',8,1492281064,8,1492281064),(5044,'SUCCESS','plb3bsd_month','INSERTING NEW DATA WITH ID #1001',8,1492281064,8,1492281064),(5045,'SUCCESS','plb3bsd_month','INSERTING NEW DATA WITH ID #1002',8,1492281064,8,1492281064),(5046,'SUCCESS','plb3bsd_month','INSERTING NEW DATA WITH ID #1003',8,1492281064,8,1492281064),(5047,'SUCCESS','plb3bsd_month','INSERTING NEW DATA WITH ID #1004',8,1492281064,8,1492281064),(5048,'SUCCESS','plb3bsd_month','INSERTING NEW DATA WITH ID #1005',8,1492281064,8,1492281064),(5049,'SUCCESS','plb3bsd_month','INSERTING NEW DATA WITH ID #1006',8,1492281064,8,1492281064),(5050,'SUCCESS','plb3bsd_month','INSERTING NEW DATA WITH ID #1007',8,1492281064,8,1492281064),(5051,'SUCCESS','plb3bsd_month','INSERTING NEW DATA WITH ID #1008',8,1492281064,8,1492281064),(5052,'SUCCESS','plb3_balance_sheet_treatment','INSERTING NEW DATA WITH ID #133',8,1492281064,8,1492281064),(5053,'SUCCESS','plb3bsd_month','INSERTING NEW DATA WITH ID #1009',8,1492281064,8,1492281064),(5054,'SUCCESS','plb3bsd_month','INSERTING NEW DATA WITH ID #1010',8,1492281064,8,1492281064),(5055,'SUCCESS','plb3bsd_month','INSERTING NEW DATA WITH ID #1011',8,1492281064,8,1492281064),(5056,'SUCCESS','plb3bsd_month','INSERTING NEW DATA WITH ID #1012',8,1492281064,8,1492281064),(5057,'SUCCESS','plb3bsd_month','INSERTING NEW DATA WITH ID #1013',8,1492281064,8,1492281064),(5058,'SUCCESS','plb3bsd_month','INSERTING NEW DATA WITH ID #1014',8,1492281064,8,1492281064),(5059,'SUCCESS','plb3bsd_month','INSERTING NEW DATA WITH ID #1015',8,1492281064,8,1492281064),(5060,'SUCCESS','plb3bsd_month','INSERTING NEW DATA WITH ID #1016',8,1492281064,8,1492281064),(5061,'SUCCESS','plb3bsd_month','INSERTING NEW DATA WITH ID #1017',8,1492281064,8,1492281064),(5062,'SUCCESS','plb3bsd_month','INSERTING NEW DATA WITH ID #1018',8,1492281064,8,1492281064),(5063,'SUCCESS','plb3bsd_month','INSERTING NEW DATA WITH ID #1019',8,1492281064,8,1492281064),(5064,'SUCCESS','plb3bsd_month','INSERTING NEW DATA WITH ID #1020',8,1492281064,8,1492281064),(5065,'SUCCESS','plb3_balance_sheet_treatment','INSERTING NEW DATA WITH ID #134',8,1492281064,8,1492281064),(5066,'SUCCESS','plb3bsd_month','INSERTING NEW DATA WITH ID #1021',8,1492281064,8,1492281064),(5067,'SUCCESS','plb3bsd_month','INSERTING NEW DATA WITH ID #1022',8,1492281064,8,1492281064),(5068,'SUCCESS','plb3bsd_month','INSERTING NEW DATA WITH ID #1023',8,1492281064,8,1492281064),(5069,'SUCCESS','plb3bsd_month','INSERTING NEW DATA WITH ID #1024',8,1492281064,8,1492281064),(5070,'SUCCESS','plb3bsd_month','INSERTING NEW DATA WITH ID #1025',8,1492281064,8,1492281064),(5071,'SUCCESS','plb3bsd_month','INSERTING NEW DATA WITH ID #1026',8,1492281064,8,1492281064),(5072,'SUCCESS','plb3bsd_month','INSERTING NEW DATA WITH ID #1027',8,1492281064,8,1492281064),(5073,'SUCCESS','plb3bsd_month','INSERTING NEW DATA WITH ID #1028',8,1492281064,8,1492281064),(5074,'SUCCESS','plb3bsd_month','INSERTING NEW DATA WITH ID #1029',8,1492281064,8,1492281064),(5075,'SUCCESS','plb3bsd_month','INSERTING NEW DATA WITH ID #1030',8,1492281064,8,1492281064),(5076,'SUCCESS','plb3bsd_month','INSERTING NEW DATA WITH ID #1031',8,1492281064,8,1492281064),(5077,'SUCCESS','plb3bsd_month','INSERTING NEW DATA WITH ID #1032',8,1492281064,8,1492281064),(5078,'SUCCESS','plb3_balance_sheet_detail','UPDATING DATA ID #40',8,1492286564,8,1492286564),(5079,'SUCCESS','plb3_balance_sheet_treatment','UPDATING DATA ID #128',8,1492286564,8,1492286564),(5080,'SUCCESS','plb3bsd_month','UPDATING DATA ID #961',8,1492286564,8,1492286564),(5081,'SUCCESS','plb3bsd_month','UPDATING DATA ID #962',8,1492286564,8,1492286564),(5082,'SUCCESS','plb3bsd_month','UPDATING DATA ID #963',8,1492286564,8,1492286564),(5083,'SUCCESS','plb3bsd_month','UPDATING DATA ID #964',8,1492286564,8,1492286564),(5084,'SUCCESS','plb3bsd_month','UPDATING DATA ID #965',8,1492286564,8,1492286564),(5085,'SUCCESS','plb3bsd_month','UPDATING DATA ID #966',8,1492286564,8,1492286564),(5086,'SUCCESS','plb3bsd_month','UPDATING DATA ID #967',8,1492286564,8,1492286564),(5087,'SUCCESS','plb3bsd_month','UPDATING DATA ID #968',8,1492286564,8,1492286564),(5088,'SUCCESS','plb3bsd_month','UPDATING DATA ID #969',8,1492286564,8,1492286564),(5089,'SUCCESS','plb3bsd_month','UPDATING DATA ID #970',8,1492286564,8,1492286564),(5090,'SUCCESS','plb3bsd_month','UPDATING DATA ID #971',8,1492286564,8,1492286564),(5091,'SUCCESS','plb3bsd_month','UPDATING DATA ID #972',8,1492286564,8,1492286564),(5092,'SUCCESS','plb3_balance_sheet_treatment','UPDATING DATA ID #129',8,1492286564,8,1492286564),(5093,'SUCCESS','plb3_balance_sheet_treatment','UPDATING DATA ID #130',8,1492286565,8,1492286565),(5094,'SUCCESS','plb3bsd_month','UPDATING DATA ID #973',8,1492286565,8,1492286565),(5095,'SUCCESS','plb3bsd_month','UPDATING DATA ID #974',8,1492286565,8,1492286565),(5096,'SUCCESS','plb3bsd_month','UPDATING DATA ID #975',8,1492286565,8,1492286565),(5097,'SUCCESS','plb3bsd_month','UPDATING DATA ID #976',8,1492286565,8,1492286565),(5098,'SUCCESS','plb3bsd_month','UPDATING DATA ID #977',8,1492286565,8,1492286565),(5099,'SUCCESS','plb3bsd_month','UPDATING DATA ID #978',8,1492286565,8,1492286565),(5100,'SUCCESS','plb3bsd_month','UPDATING DATA ID #979',8,1492286565,8,1492286565),(5101,'SUCCESS','plb3bsd_month','UPDATING DATA ID #980',8,1492286565,8,1492286565),(5102,'SUCCESS','plb3bsd_month','UPDATING DATA ID #981',8,1492286565,8,1492286565),(5103,'SUCCESS','plb3bsd_month','UPDATING DATA ID #982',8,1492286565,8,1492286565),(5104,'SUCCESS','plb3bsd_month','UPDATING DATA ID #983',8,1492286565,8,1492286565),(5105,'SUCCESS','plb3bsd_month','UPDATING DATA ID #984',8,1492286565,8,1492286565),(5106,'SUCCESS','plb3_balance_sheet_treatment','UPDATING DATA ID #131',8,1492286565,8,1492286565),(5107,'SUCCESS','plb3bsd_month','UPDATING DATA ID #985',8,1492286565,8,1492286565),(5108,'SUCCESS','plb3bsd_month','UPDATING DATA ID #986',8,1492286565,8,1492286565),(5109,'SUCCESS','plb3bsd_month','UPDATING DATA ID #987',8,1492286565,8,1492286565),(5110,'SUCCESS','plb3bsd_month','UPDATING DATA ID #988',8,1492286565,8,1492286565),(5111,'SUCCESS','plb3bsd_month','UPDATING DATA ID #989',8,1492286565,8,1492286565),(5112,'SUCCESS','plb3bsd_month','UPDATING DATA ID #990',8,1492286565,8,1492286565),(5113,'SUCCESS','plb3bsd_month','UPDATING DATA ID #991',8,1492286565,8,1492286565),(5114,'SUCCESS','plb3bsd_month','UPDATING DATA ID #992',8,1492286565,8,1492286565),(5115,'SUCCESS','plb3bsd_month','UPDATING DATA ID #993',8,1492286565,8,1492286565),(5116,'SUCCESS','plb3bsd_month','UPDATING DATA ID #994',8,1492286565,8,1492286565),(5117,'SUCCESS','plb3bsd_month','UPDATING DATA ID #995',8,1492286565,8,1492286565),(5118,'SUCCESS','plb3bsd_month','UPDATING DATA ID #996',8,1492286565,8,1492286565),(5119,'SUCCESS','plb3_balance_sheet_treatment','UPDATING DATA ID #132',8,1492286565,8,1492286565),(5120,'SUCCESS','plb3bsd_month','UPDATING DATA ID #997',8,1492286565,8,1492286565),(5121,'SUCCESS','plb3bsd_month','UPDATING DATA ID #998',8,1492286565,8,1492286565),(5122,'SUCCESS','plb3bsd_month','UPDATING DATA ID #999',8,1492286565,8,1492286565),(5123,'SUCCESS','plb3bsd_month','UPDATING DATA ID #1000',8,1492286565,8,1492286565),(5124,'SUCCESS','plb3bsd_month','UPDATING DATA ID #1001',8,1492286565,8,1492286565),(5125,'SUCCESS','plb3bsd_month','UPDATING DATA ID #1002',8,1492286565,8,1492286565),(5126,'SUCCESS','plb3bsd_month','UPDATING DATA ID #1003',8,1492286565,8,1492286565),(5127,'SUCCESS','plb3bsd_month','UPDATING DATA ID #1004',8,1492286565,8,1492286565),(5128,'SUCCESS','plb3bsd_month','UPDATING DATA ID #1005',8,1492286565,8,1492286565),(5129,'SUCCESS','plb3bsd_month','UPDATING DATA ID #1006',8,1492286565,8,1492286565),(5130,'SUCCESS','plb3bsd_month','UPDATING DATA ID #1007',8,1492286565,8,1492286565),(5131,'SUCCESS','plb3bsd_month','UPDATING DATA ID #1008',8,1492286565,8,1492286565),(5132,'SUCCESS','plb3_balance_sheet_treatment','UPDATING DATA ID #133',8,1492286565,8,1492286565),(5133,'SUCCESS','plb3bsd_month','UPDATING DATA ID #1009',8,1492286565,8,1492286565),(5134,'SUCCESS','plb3bsd_month','UPDATING DATA ID #1010',8,1492286565,8,1492286565),(5135,'SUCCESS','plb3bsd_month','UPDATING DATA ID #1011',8,1492286565,8,1492286565),(5136,'SUCCESS','plb3bsd_month','UPDATING DATA ID #1012',8,1492286565,8,1492286565),(5137,'SUCCESS','plb3bsd_month','UPDATING DATA ID #1013',8,1492286565,8,1492286565),(5138,'SUCCESS','plb3bsd_month','UPDATING DATA ID #1014',8,1492286565,8,1492286565),(5139,'SUCCESS','plb3bsd_month','UPDATING DATA ID #1015',8,1492286565,8,1492286565),(5140,'SUCCESS','plb3bsd_month','UPDATING DATA ID #1016',8,1492286565,8,1492286565),(5141,'SUCCESS','plb3bsd_month','UPDATING DATA ID #1017',8,1492286565,8,1492286565),(5142,'SUCCESS','plb3bsd_month','UPDATING DATA ID #1018',8,1492286565,8,1492286565),(5143,'SUCCESS','log_dirty','INSERTING NEW DATA WITH ID #186',8,1492286565,8,1492286565),(5144,'SUCCESS','plb3bsd_month','UPDATING DATA ID #1019',8,1492286565,8,1492286565),(5145,'SUCCESS','plb3bsd_month','UPDATING DATA ID #1020',8,1492286565,8,1492286565),(5146,'SUCCESS','plb3_balance_sheet_treatment','UPDATING DATA ID #134',8,1492286565,8,1492286565),(5147,'SUCCESS','plb3bsd_month','UPDATING DATA ID #1021',8,1492286565,8,1492286565),(5148,'SUCCESS','plb3bsd_month','UPDATING DATA ID #1022',8,1492286565,8,1492286565),(5149,'SUCCESS','plb3bsd_month','UPDATING DATA ID #1023',8,1492286565,8,1492286565),(5150,'SUCCESS','plb3bsd_month','UPDATING DATA ID #1024',8,1492286565,8,1492286565),(5151,'SUCCESS','plb3bsd_month','UPDATING DATA ID #1025',8,1492286565,8,1492286565),(5152,'SUCCESS','plb3bsd_month','UPDATING DATA ID #1026',8,1492286565,8,1492286565),(5153,'SUCCESS','plb3bsd_month','UPDATING DATA ID #1027',8,1492286565,8,1492286565),(5154,'SUCCESS','plb3bsd_month','UPDATING DATA ID #1028',8,1492286565,8,1492286565),(5155,'SUCCESS','plb3bsd_month','UPDATING DATA ID #1029',8,1492286565,8,1492286565),(5156,'SUCCESS','plb3bsd_month','UPDATING DATA ID #1030',8,1492286565,8,1492286565),(5157,'SUCCESS','plb3bsd_month','UPDATING DATA ID #1031',8,1492286565,8,1492286565),(5158,'SUCCESS','plb3bsd_month','UPDATING DATA ID #1032',8,1492286565,8,1492286565),(5159,'SUCCESS','plb3_balance_sheet_detail','UPDATING DATA ID #40',8,1492286629,8,1492286629),(5160,'SUCCESS','plb3_balance_sheet_treatment','UPDATING DATA ID #128',8,1492286629,8,1492286629),(5161,'SUCCESS','plb3bsd_month','UPDATING DATA ID #961',8,1492286629,8,1492286629),(5162,'SUCCESS','plb3bsd_month','UPDATING DATA ID #962',8,1492286629,8,1492286629),(5163,'SUCCESS','plb3bsd_month','UPDATING DATA ID #963',8,1492286629,8,1492286629),(5164,'SUCCESS','plb3bsd_month','UPDATING DATA ID #964',8,1492286629,8,1492286629),(5165,'SUCCESS','plb3bsd_month','UPDATING DATA ID #965',8,1492286629,8,1492286629),(5166,'SUCCESS','plb3bsd_month','UPDATING DATA ID #966',8,1492286629,8,1492286629),(5167,'SUCCESS','plb3bsd_month','UPDATING DATA ID #967',8,1492286629,8,1492286629),(5168,'SUCCESS','plb3bsd_month','UPDATING DATA ID #968',8,1492286629,8,1492286629),(5169,'SUCCESS','plb3bsd_month','UPDATING DATA ID #969',8,1492286629,8,1492286629),(5170,'SUCCESS','plb3bsd_month','UPDATING DATA ID #970',8,1492286630,8,1492286630),(5171,'SUCCESS','plb3bsd_month','UPDATING DATA ID #971',8,1492286630,8,1492286630),(5172,'SUCCESS','plb3bsd_month','UPDATING DATA ID #972',8,1492286630,8,1492286630),(5173,'SUCCESS','plb3_balance_sheet_treatment','UPDATING DATA ID #129',8,1492286630,8,1492286630),(5174,'SUCCESS','plb3_balance_sheet_treatment','UPDATING DATA ID #130',8,1492286630,8,1492286630),(5175,'SUCCESS','plb3bsd_month','UPDATING DATA ID #973',8,1492286630,8,1492286630),(5176,'SUCCESS','log_dirty','INSERTING NEW DATA WITH ID #187',8,1492286630,8,1492286630),(5177,'SUCCESS','plb3bsd_month','UPDATING DATA ID #974',8,1492286630,8,1492286630),(5178,'SUCCESS','plb3bsd_month','UPDATING DATA ID #975',8,1492286630,8,1492286630),(5179,'SUCCESS','plb3bsd_month','UPDATING DATA ID #976',8,1492286630,8,1492286630),(5180,'SUCCESS','plb3bsd_month','UPDATING DATA ID #977',8,1492286630,8,1492286630),(5181,'SUCCESS','plb3bsd_month','UPDATING DATA ID #978',8,1492286630,8,1492286630),(5182,'SUCCESS','plb3bsd_month','UPDATING DATA ID #979',8,1492286630,8,1492286630),(5183,'SUCCESS','plb3bsd_month','UPDATING DATA ID #980',8,1492286630,8,1492286630),(5184,'SUCCESS','plb3bsd_month','UPDATING DATA ID #981',8,1492286630,8,1492286630),(5185,'SUCCESS','plb3bsd_month','UPDATING DATA ID #982',8,1492286630,8,1492286630),(5186,'SUCCESS','plb3bsd_month','UPDATING DATA ID #983',8,1492286630,8,1492286630),(5187,'SUCCESS','plb3bsd_month','UPDATING DATA ID #984',8,1492286630,8,1492286630),(5188,'SUCCESS','plb3_balance_sheet_treatment','UPDATING DATA ID #131',8,1492286630,8,1492286630),(5189,'SUCCESS','plb3bsd_month','UPDATING DATA ID #985',8,1492286630,8,1492286630),(5190,'SUCCESS','plb3bsd_month','UPDATING DATA ID #986',8,1492286630,8,1492286630),(5191,'SUCCESS','plb3bsd_month','UPDATING DATA ID #987',8,1492286630,8,1492286630),(5192,'SUCCESS','plb3bsd_month','UPDATING DATA ID #988',8,1492286630,8,1492286630),(5193,'SUCCESS','plb3bsd_month','UPDATING DATA ID #989',8,1492286630,8,1492286630),(5194,'SUCCESS','plb3bsd_month','UPDATING DATA ID #990',8,1492286630,8,1492286630),(5195,'SUCCESS','plb3bsd_month','UPDATING DATA ID #991',8,1492286630,8,1492286630),(5196,'SUCCESS','plb3bsd_month','UPDATING DATA ID #992',8,1492286630,8,1492286630),(5197,'SUCCESS','plb3bsd_month','UPDATING DATA ID #993',8,1492286630,8,1492286630),(5198,'SUCCESS','plb3bsd_month','UPDATING DATA ID #994',8,1492286630,8,1492286630),(5199,'SUCCESS','plb3bsd_month','UPDATING DATA ID #995',8,1492286630,8,1492286630),(5200,'SUCCESS','plb3bsd_month','UPDATING DATA ID #996',8,1492286630,8,1492286630),(5201,'SUCCESS','plb3_balance_sheet_treatment','UPDATING DATA ID #132',8,1492286630,8,1492286630),(5202,'SUCCESS','plb3bsd_month','UPDATING DATA ID #997',8,1492286630,8,1492286630),(5203,'SUCCESS','plb3bsd_month','UPDATING DATA ID #998',8,1492286630,8,1492286630),(5204,'SUCCESS','plb3bsd_month','UPDATING DATA ID #999',8,1492286630,8,1492286630),(5205,'SUCCESS','plb3bsd_month','UPDATING DATA ID #1000',8,1492286630,8,1492286630),(5206,'SUCCESS','plb3bsd_month','UPDATING DATA ID #1001',8,1492286630,8,1492286630),(5207,'SUCCESS','plb3bsd_month','UPDATING DATA ID #1002',8,1492286630,8,1492286630),(5208,'SUCCESS','plb3bsd_month','UPDATING DATA ID #1003',8,1492286630,8,1492286630),(5209,'SUCCESS','plb3bsd_month','UPDATING DATA ID #1004',8,1492286630,8,1492286630),(5210,'SUCCESS','plb3bsd_month','UPDATING DATA ID #1005',8,1492286630,8,1492286630),(5211,'SUCCESS','plb3bsd_month','UPDATING DATA ID #1006',8,1492286630,8,1492286630),(5212,'SUCCESS','plb3bsd_month','UPDATING DATA ID #1007',8,1492286630,8,1492286630),(5213,'SUCCESS','plb3bsd_month','UPDATING DATA ID #1008',8,1492286630,8,1492286630),(5214,'SUCCESS','plb3_balance_sheet_treatment','UPDATING DATA ID #133',8,1492286630,8,1492286630),(5215,'SUCCESS','plb3bsd_month','UPDATING DATA ID #1009',8,1492286630,8,1492286630),(5216,'SUCCESS','plb3bsd_month','UPDATING DATA ID #1010',8,1492286630,8,1492286630),(5217,'SUCCESS','plb3bsd_month','UPDATING DATA ID #1011',8,1492286630,8,1492286630),(5218,'SUCCESS','plb3bsd_month','UPDATING DATA ID #1012',8,1492286630,8,1492286630),(5219,'SUCCESS','plb3bsd_month','UPDATING DATA ID #1013',8,1492286630,8,1492286630),(5220,'SUCCESS','plb3bsd_month','UPDATING DATA ID #1014',8,1492286630,8,1492286630),(5221,'SUCCESS','plb3bsd_month','UPDATING DATA ID #1015',8,1492286630,8,1492286630),(5222,'SUCCESS','plb3bsd_month','UPDATING DATA ID #1016',8,1492286630,8,1492286630),(5223,'SUCCESS','plb3bsd_month','UPDATING DATA ID #1017',8,1492286630,8,1492286630),(5224,'SUCCESS','plb3bsd_month','UPDATING DATA ID #1018',8,1492286630,8,1492286630),(5225,'SUCCESS','plb3bsd_month','UPDATING DATA ID #1019',8,1492286630,8,1492286630),(5226,'SUCCESS','plb3bsd_month','UPDATING DATA ID #1020',8,1492286630,8,1492286630),(5227,'SUCCESS','plb3_balance_sheet_treatment','UPDATING DATA ID #134',8,1492286630,8,1492286630),(5228,'SUCCESS','plb3bsd_month','UPDATING DATA ID #1021',8,1492286630,8,1492286630),(5229,'SUCCESS','plb3bsd_month','UPDATING DATA ID #1022',8,1492286630,8,1492286630),(5230,'SUCCESS','plb3bsd_month','UPDATING DATA ID #1023',8,1492286630,8,1492286630),(5231,'SUCCESS','plb3bsd_month','UPDATING DATA ID #1024',8,1492286630,8,1492286630),(5232,'SUCCESS','plb3bsd_month','UPDATING DATA ID #1025',8,1492286630,8,1492286630),(5233,'SUCCESS','plb3bsd_month','UPDATING DATA ID #1026',8,1492286630,8,1492286630),(5234,'SUCCESS','plb3bsd_month','UPDATING DATA ID #1027',8,1492286630,8,1492286630),(5235,'SUCCESS','plb3bsd_month','UPDATING DATA ID #1028',8,1492286630,8,1492286630),(5236,'SUCCESS','plb3bsd_month','UPDATING DATA ID #1029',8,1492286630,8,1492286630),(5237,'SUCCESS','plb3bsd_month','UPDATING DATA ID #1030',8,1492286630,8,1492286630),(5238,'SUCCESS','plb3bsd_month','UPDATING DATA ID #1031',8,1492286630,8,1492286630),(5239,'SUCCESS','plb3bsd_month','UPDATING DATA ID #1032',8,1492286630,8,1492286630),(5240,'SUCCESS','plb3_balance_sheet_detail','INSERTING NEW DATA WITH ID #41',8,1492366292,8,1492366292),(5241,'SUCCESS','plb3_balance_sheet_treatment','INSERTING NEW DATA WITH ID #135',8,1492366292,8,1492366292),(5242,'SUCCESS','plb3bsd_month','INSERTING NEW DATA WITH ID #1033',8,1492366292,8,1492366292),(5243,'SUCCESS','plb3bsd_month','INSERTING NEW DATA WITH ID #1034',8,1492366292,8,1492366292),(5244,'SUCCESS','plb3bsd_month','INSERTING NEW DATA WITH ID #1035',8,1492366292,8,1492366292),(5245,'SUCCESS','plb3bsd_month','INSERTING NEW DATA WITH ID #1036',8,1492366292,8,1492366292),(5246,'SUCCESS','plb3bsd_month','INSERTING NEW DATA WITH ID #1037',8,1492366292,8,1492366292),(5247,'SUCCESS','plb3bsd_month','INSERTING NEW DATA WITH ID #1038',8,1492366292,8,1492366292),(5248,'SUCCESS','plb3bsd_month','INSERTING NEW DATA WITH ID #1039',8,1492366292,8,1492366292),(5249,'SUCCESS','plb3bsd_month','INSERTING NEW DATA WITH ID #1040',8,1492366292,8,1492366292),(5250,'SUCCESS','plb3bsd_month','INSERTING NEW DATA WITH ID #1041',8,1492366292,8,1492366292),(5251,'SUCCESS','plb3bsd_month','INSERTING NEW DATA WITH ID #1042',8,1492366292,8,1492366292),(5252,'SUCCESS','plb3bsd_month','INSERTING NEW DATA WITH ID #1043',8,1492366292,8,1492366292),(5253,'SUCCESS','plb3bsd_month','INSERTING NEW DATA WITH ID #1044',8,1492366292,8,1492366292),(5254,'SUCCESS','plb3_balance_sheet_treatment','INSERTING NEW DATA WITH ID #136',8,1492366292,8,1492366292),(5255,'SUCCESS','plb3_balance_sheet_treatment','INSERTING NEW DATA WITH ID #137',8,1492366292,8,1492366292),(5256,'SUCCESS','plb3bsd_month','INSERTING NEW DATA WITH ID #1045',8,1492366292,8,1492366292),(5257,'SUCCESS','plb3bsd_month','INSERTING NEW DATA WITH ID #1046',8,1492366292,8,1492366292),(5258,'SUCCESS','plb3bsd_month','INSERTING NEW DATA WITH ID #1047',8,1492366292,8,1492366292),(5259,'SUCCESS','plb3bsd_month','INSERTING NEW DATA WITH ID #1048',8,1492366292,8,1492366292),(5260,'SUCCESS','plb3bsd_month','INSERTING NEW DATA WITH ID #1049',8,1492366292,8,1492366292),(5261,'SUCCESS','plb3bsd_month','INSERTING NEW DATA WITH ID #1050',8,1492366292,8,1492366292),(5262,'SUCCESS','plb3bsd_month','INSERTING NEW DATA WITH ID #1051',8,1492366292,8,1492366292),(5263,'SUCCESS','plb3bsd_month','INSERTING NEW DATA WITH ID #1052',8,1492366293,8,1492366293),(5264,'SUCCESS','plb3bsd_month','INSERTING NEW DATA WITH ID #1053',8,1492366293,8,1492366293),(5265,'SUCCESS','plb3bsd_month','INSERTING NEW DATA WITH ID #1054',8,1492366293,8,1492366293),(5266,'SUCCESS','plb3bsd_month','INSERTING NEW DATA WITH ID #1055',8,1492366293,8,1492366293),(5267,'SUCCESS','plb3bsd_month','INSERTING NEW DATA WITH ID #1056',8,1492366293,8,1492366293),(5268,'SUCCESS','plb3_balance_sheet_treatment','INSERTING NEW DATA WITH ID #138',8,1492366293,8,1492366293),(5269,'SUCCESS','plb3bsd_month','INSERTING NEW DATA WITH ID #1057',8,1492366293,8,1492366293),(5270,'SUCCESS','plb3bsd_month','INSERTING NEW DATA WITH ID #1058',8,1492366293,8,1492366293),(5271,'SUCCESS','plb3bsd_month','INSERTING NEW DATA WITH ID #1059',8,1492366293,8,1492366293),(5272,'SUCCESS','plb3bsd_month','INSERTING NEW DATA WITH ID #1060',8,1492366293,8,1492366293),(5273,'SUCCESS','plb3bsd_month','INSERTING NEW DATA WITH ID #1061',8,1492366293,8,1492366293),(5274,'SUCCESS','plb3bsd_month','INSERTING NEW DATA WITH ID #1062',8,1492366293,8,1492366293),(5275,'SUCCESS','plb3bsd_month','INSERTING NEW DATA WITH ID #1063',8,1492366293,8,1492366293),(5276,'SUCCESS','plb3bsd_month','INSERTING NEW DATA WITH ID #1064',8,1492366293,8,1492366293),(5277,'SUCCESS','plb3bsd_month','INSERTING NEW DATA WITH ID #1065',8,1492366293,8,1492366293),(5278,'SUCCESS','plb3bsd_month','INSERTING NEW DATA WITH ID #1066',8,1492366293,8,1492366293),(5279,'SUCCESS','plb3bsd_month','INSERTING NEW DATA WITH ID #1067',8,1492366293,8,1492366293),(5280,'SUCCESS','plb3bsd_month','INSERTING NEW DATA WITH ID #1068',8,1492366293,8,1492366293),(5281,'SUCCESS','plb3_balance_sheet_treatment','INSERTING NEW DATA WITH ID #139',8,1492366293,8,1492366293),(5282,'SUCCESS','plb3bsd_month','INSERTING NEW DATA WITH ID #1069',8,1492366293,8,1492366293),(5283,'SUCCESS','plb3bsd_month','INSERTING NEW DATA WITH ID #1070',8,1492366293,8,1492366293),(5284,'SUCCESS','plb3bsd_month','INSERTING NEW DATA WITH ID #1071',8,1492366293,8,1492366293),(5285,'SUCCESS','plb3bsd_month','INSERTING NEW DATA WITH ID #1072',8,1492366293,8,1492366293),(5286,'SUCCESS','plb3bsd_month','INSERTING NEW DATA WITH ID #1073',8,1492366293,8,1492366293),(5287,'SUCCESS','plb3bsd_month','INSERTING NEW DATA WITH ID #1074',8,1492366293,8,1492366293),(5288,'SUCCESS','plb3bsd_month','INSERTING NEW DATA WITH ID #1075',8,1492366293,8,1492366293),(5289,'SUCCESS','plb3bsd_month','INSERTING NEW DATA WITH ID #1076',8,1492366293,8,1492366293),(5290,'SUCCESS','plb3bsd_month','INSERTING NEW DATA WITH ID #1077',8,1492366293,8,1492366293),(5291,'SUCCESS','plb3bsd_month','INSERTING NEW DATA WITH ID #1078',8,1492366293,8,1492366293),(5292,'SUCCESS','plb3bsd_month','INSERTING NEW DATA WITH ID #1079',8,1492366293,8,1492366293),(5293,'SUCCESS','plb3bsd_month','INSERTING NEW DATA WITH ID #1080',8,1492366293,8,1492366293),(5294,'SUCCESS','plb3_balance_sheet_treatment','INSERTING NEW DATA WITH ID #140',8,1492366293,8,1492366293),(5295,'SUCCESS','plb3bsd_month','INSERTING NEW DATA WITH ID #1081',8,1492366293,8,1492366293),(5296,'SUCCESS','plb3bsd_month','INSERTING NEW DATA WITH ID #1082',8,1492366293,8,1492366293),(5297,'SUCCESS','plb3bsd_month','INSERTING NEW DATA WITH ID #1083',8,1492366293,8,1492366293),(5298,'SUCCESS','plb3bsd_month','INSERTING NEW DATA WITH ID #1084',8,1492366293,8,1492366293),(5299,'SUCCESS','plb3bsd_month','INSERTING NEW DATA WITH ID #1085',8,1492366293,8,1492366293),(5300,'SUCCESS','plb3bsd_month','INSERTING NEW DATA WITH ID #1086',8,1492366293,8,1492366293),(5301,'SUCCESS','plb3bsd_month','INSERTING NEW DATA WITH ID #1087',8,1492366293,8,1492366293),(5302,'SUCCESS','plb3bsd_month','INSERTING NEW DATA WITH ID #1088',8,1492366293,8,1492366293),(5303,'SUCCESS','plb3bsd_month','INSERTING NEW DATA WITH ID #1089',8,1492366293,8,1492366293),(5304,'SUCCESS','plb3bsd_month','INSERTING NEW DATA WITH ID #1090',8,1492366293,8,1492366293),(5305,'SUCCESS','plb3bsd_month','INSERTING NEW DATA WITH ID #1091',8,1492366293,8,1492366293),(5306,'SUCCESS','plb3bsd_month','INSERTING NEW DATA WITH ID #1092',8,1492366293,8,1492366293),(5307,'SUCCESS','plb3_balance_sheet_treatment','INSERTING NEW DATA WITH ID #141',8,1492366293,8,1492366293),(5308,'SUCCESS','plb3bsd_month','INSERTING NEW DATA WITH ID #1093',8,1492366293,8,1492366293),(5309,'SUCCESS','plb3bsd_month','INSERTING NEW DATA WITH ID #1094',8,1492366293,8,1492366293),(5310,'SUCCESS','plb3bsd_month','INSERTING NEW DATA WITH ID #1095',8,1492366293,8,1492366293),(5311,'SUCCESS','plb3bsd_month','INSERTING NEW DATA WITH ID #1096',8,1492366293,8,1492366293),(5312,'SUCCESS','plb3bsd_month','INSERTING NEW DATA WITH ID #1097',8,1492366293,8,1492366293),(5313,'SUCCESS','plb3bsd_month','INSERTING NEW DATA WITH ID #1098',8,1492366293,8,1492366293),(5314,'SUCCESS','plb3bsd_month','INSERTING NEW DATA WITH ID #1099',8,1492366293,8,1492366293),(5315,'SUCCESS','plb3bsd_month','INSERTING NEW DATA WITH ID #1100',8,1492366293,8,1492366293),(5316,'SUCCESS','plb3bsd_month','INSERTING NEW DATA WITH ID #1101',8,1492366293,8,1492366293),(5317,'SUCCESS','plb3bsd_month','INSERTING NEW DATA WITH ID #1102',8,1492366293,8,1492366293),(5318,'SUCCESS','plb3bsd_month','INSERTING NEW DATA WITH ID #1103',8,1492366293,8,1492366293),(5319,'SUCCESS','plb3bsd_month','INSERTING NEW DATA WITH ID #1104',8,1492366293,8,1492366293),(5320,'SUCCESS','plb3_balance_sheet_detail','UPDATING DATA ID #40',8,1492410673,8,1492410673),(5321,'SUCCESS','plb3_balance_sheet_treatment','UPDATING DATA ID #128',8,1492410673,8,1492410673),(5322,'SUCCESS','plb3bsd_month','UPDATING DATA ID #961',8,1492410673,8,1492410673),(5323,'SUCCESS','plb3bsd_month','UPDATING DATA ID #962',8,1492410673,8,1492410673),(5324,'SUCCESS','plb3bsd_month','UPDATING DATA ID #963',8,1492410673,8,1492410673),(5325,'SUCCESS','plb3bsd_month','UPDATING DATA ID #964',8,1492410673,8,1492410673),(5326,'SUCCESS','plb3bsd_month','UPDATING DATA ID #965',8,1492410673,8,1492410673),(5327,'SUCCESS','plb3bsd_month','UPDATING DATA ID #966',8,1492410673,8,1492410673),(5328,'SUCCESS','plb3bsd_month','UPDATING DATA ID #967',8,1492410673,8,1492410673),(5329,'SUCCESS','plb3bsd_month','UPDATING DATA ID #968',8,1492410673,8,1492410673),(5330,'SUCCESS','plb3bsd_month','UPDATING DATA ID #969',8,1492410673,8,1492410673),(5331,'SUCCESS','plb3bsd_month','UPDATING DATA ID #970',8,1492410673,8,1492410673),(5332,'SUCCESS','plb3bsd_month','UPDATING DATA ID #971',8,1492410673,8,1492410673),(5333,'SUCCESS','plb3bsd_month','UPDATING DATA ID #972',8,1492410673,8,1492410673),(5334,'SUCCESS','plb3_balance_sheet_treatment','UPDATING DATA ID #129',8,1492410673,8,1492410673),(5335,'SUCCESS','plb3_balance_sheet_treatment','UPDATING DATA ID #130',8,1492410673,8,1492410673),(5336,'SUCCESS','plb3bsd_month','UPDATING DATA ID #973',8,1492410673,8,1492410673),(5337,'SUCCESS','log_dirty','INSERTING NEW DATA WITH ID #188',8,1492410673,8,1492410673),(5338,'SUCCESS','plb3bsd_month','UPDATING DATA ID #974',8,1492410673,8,1492410673),(5339,'SUCCESS','plb3bsd_month','UPDATING DATA ID #975',8,1492410673,8,1492410673),(5340,'SUCCESS','plb3bsd_month','UPDATING DATA ID #976',8,1492410673,8,1492410673),(5341,'SUCCESS','plb3bsd_month','UPDATING DATA ID #977',8,1492410673,8,1492410673),(5342,'SUCCESS','plb3bsd_month','UPDATING DATA ID #978',8,1492410673,8,1492410673),(5343,'SUCCESS','plb3bsd_month','UPDATING DATA ID #979',8,1492410673,8,1492410673),(5344,'SUCCESS','plb3bsd_month','UPDATING DATA ID #980',8,1492410673,8,1492410673),(5345,'SUCCESS','plb3bsd_month','UPDATING DATA ID #981',8,1492410673,8,1492410673),(5346,'SUCCESS','plb3bsd_month','UPDATING DATA ID #982',8,1492410673,8,1492410673),(5347,'SUCCESS','plb3bsd_month','UPDATING DATA ID #983',8,1492410673,8,1492410673),(5348,'SUCCESS','plb3bsd_month','UPDATING DATA ID #984',8,1492410673,8,1492410673),(5349,'SUCCESS','plb3_balance_sheet_treatment','UPDATING DATA ID #131',8,1492410673,8,1492410673),(5350,'SUCCESS','plb3bsd_month','UPDATING DATA ID #985',8,1492410673,8,1492410673),(5351,'SUCCESS','plb3bsd_month','UPDATING DATA ID #986',8,1492410673,8,1492410673),(5352,'SUCCESS','plb3bsd_month','UPDATING DATA ID #987',8,1492410673,8,1492410673),(5353,'SUCCESS','plb3bsd_month','UPDATING DATA ID #988',8,1492410673,8,1492410673),(5354,'SUCCESS','plb3bsd_month','UPDATING DATA ID #989',8,1492410673,8,1492410673),(5355,'SUCCESS','plb3bsd_month','UPDATING DATA ID #990',8,1492410673,8,1492410673),(5356,'SUCCESS','plb3bsd_month','UPDATING DATA ID #991',8,1492410673,8,1492410673),(5357,'SUCCESS','plb3bsd_month','UPDATING DATA ID #992',8,1492410673,8,1492410673),(5358,'SUCCESS','plb3bsd_month','UPDATING DATA ID #993',8,1492410673,8,1492410673),(5359,'SUCCESS','plb3bsd_month','UPDATING DATA ID #994',8,1492410673,8,1492410673),(5360,'SUCCESS','plb3bsd_month','UPDATING DATA ID #995',8,1492410673,8,1492410673),(5361,'SUCCESS','plb3bsd_month','UPDATING DATA ID #996',8,1492410673,8,1492410673),(5362,'SUCCESS','plb3_balance_sheet_treatment','UPDATING DATA ID #132',8,1492410673,8,1492410673),(5363,'SUCCESS','plb3bsd_month','UPDATING DATA ID #997',8,1492410673,8,1492410673),(5364,'SUCCESS','plb3bsd_month','UPDATING DATA ID #998',8,1492410673,8,1492410673),(5365,'SUCCESS','plb3bsd_month','UPDATING DATA ID #999',8,1492410673,8,1492410673),(5366,'SUCCESS','plb3bsd_month','UPDATING DATA ID #1000',8,1492410673,8,1492410673),(5367,'SUCCESS','plb3bsd_month','UPDATING DATA ID #1001',8,1492410673,8,1492410673),(5368,'SUCCESS','plb3bsd_month','UPDATING DATA ID #1002',8,1492410673,8,1492410673),(5369,'SUCCESS','plb3bsd_month','UPDATING DATA ID #1003',8,1492410673,8,1492410673),(5370,'SUCCESS','plb3bsd_month','UPDATING DATA ID #1004',8,1492410673,8,1492410673),(5371,'SUCCESS','plb3bsd_month','UPDATING DATA ID #1005',8,1492410673,8,1492410673),(5372,'SUCCESS','plb3bsd_month','UPDATING DATA ID #1006',8,1492410673,8,1492410673),(5373,'SUCCESS','plb3bsd_month','UPDATING DATA ID #1007',8,1492410673,8,1492410673),(5374,'SUCCESS','plb3bsd_month','UPDATING DATA ID #1008',8,1492410673,8,1492410673),(5375,'SUCCESS','plb3_balance_sheet_treatment','UPDATING DATA ID #133',8,1492410673,8,1492410673),(5376,'SUCCESS','plb3bsd_month','UPDATING DATA ID #1009',8,1492410673,8,1492410673),(5377,'SUCCESS','plb3bsd_month','UPDATING DATA ID #1010',8,1492410673,8,1492410673),(5378,'SUCCESS','plb3bsd_month','UPDATING DATA ID #1011',8,1492410673,8,1492410673),(5379,'SUCCESS','plb3bsd_month','UPDATING DATA ID #1012',8,1492410673,8,1492410673),(5380,'SUCCESS','plb3bsd_month','UPDATING DATA ID #1013',8,1492410673,8,1492410673),(5381,'SUCCESS','plb3bsd_month','UPDATING DATA ID #1014',8,1492410673,8,1492410673),(5382,'SUCCESS','plb3bsd_month','UPDATING DATA ID #1015',8,1492410673,8,1492410673),(5383,'SUCCESS','plb3bsd_month','UPDATING DATA ID #1016',8,1492410673,8,1492410673),(5384,'SUCCESS','plb3bsd_month','UPDATING DATA ID #1017',8,1492410673,8,1492410673),(5385,'SUCCESS','plb3bsd_month','UPDATING DATA ID #1018',8,1492410673,8,1492410673),(5386,'SUCCESS','log_dirty','INSERTING NEW DATA WITH ID #189',8,1492410673,8,1492410673),(5387,'SUCCESS','plb3bsd_month','UPDATING DATA ID #1019',8,1492410673,8,1492410673),(5388,'SUCCESS','plb3bsd_month','UPDATING DATA ID #1020',8,1492410673,8,1492410673),(5389,'SUCCESS','plb3_balance_sheet_treatment','UPDATING DATA ID #134',8,1492410673,8,1492410673),(5390,'SUCCESS','plb3bsd_month','UPDATING DATA ID #1021',8,1492410673,8,1492410673),(5391,'SUCCESS','plb3bsd_month','UPDATING DATA ID #1022',8,1492410673,8,1492410673),(5392,'SUCCESS','plb3bsd_month','UPDATING DATA ID #1023',8,1492410673,8,1492410673),(5393,'SUCCESS','plb3bsd_month','UPDATING DATA ID #1024',8,1492410673,8,1492410673),(5394,'SUCCESS','plb3bsd_month','UPDATING DATA ID #1025',8,1492410673,8,1492410673),(5395,'SUCCESS','plb3bsd_month','UPDATING DATA ID #1026',8,1492410673,8,1492410673),(5396,'SUCCESS','plb3bsd_month','UPDATING DATA ID #1027',8,1492410673,8,1492410673),(5397,'SUCCESS','plb3bsd_month','UPDATING DATA ID #1028',8,1492410673,8,1492410673),(5398,'SUCCESS','plb3bsd_month','UPDATING DATA ID #1029',8,1492410673,8,1492410673),(5399,'SUCCESS','plb3bsd_month','UPDATING DATA ID #1030',8,1492410673,8,1492410673),(5400,'SUCCESS','plb3bsd_month','UPDATING DATA ID #1031',8,1492410673,8,1492410673),(5401,'SUCCESS','plb3bsd_month','UPDATING DATA ID #1032',8,1492410673,8,1492410673),(5402,'SUCCESS','plb3_balance_sheet_detail','INSERTING NEW DATA WITH ID #42',8,1492410707,8,1492410707),(5403,'SUCCESS','plb3_balance_sheet_treatment','INSERTING NEW DATA WITH ID #142',8,1492410707,8,1492410707),(5404,'SUCCESS','plb3bsd_month','INSERTING NEW DATA WITH ID #1105',8,1492410707,8,1492410707),(5405,'SUCCESS','plb3bsd_month','INSERTING NEW DATA WITH ID #1106',8,1492410707,8,1492410707),(5406,'SUCCESS','plb3bsd_month','INSERTING NEW DATA WITH ID #1107',8,1492410707,8,1492410707),(5407,'SUCCESS','plb3bsd_month','INSERTING NEW DATA WITH ID #1108',8,1492410707,8,1492410707),(5408,'SUCCESS','plb3bsd_month','INSERTING NEW DATA WITH ID #1109',8,1492410707,8,1492410707),(5409,'SUCCESS','plb3bsd_month','INSERTING NEW DATA WITH ID #1110',8,1492410707,8,1492410707),(5410,'SUCCESS','plb3bsd_month','INSERTING NEW DATA WITH ID #1111',8,1492410707,8,1492410707),(5411,'SUCCESS','plb3bsd_month','INSERTING NEW DATA WITH ID #1112',8,1492410707,8,1492410707),(5412,'SUCCESS','plb3bsd_month','INSERTING NEW DATA WITH ID #1113',8,1492410707,8,1492410707),(5413,'SUCCESS','plb3bsd_month','INSERTING NEW DATA WITH ID #1114',8,1492410707,8,1492410707),(5414,'SUCCESS','plb3bsd_month','INSERTING NEW DATA WITH ID #1115',8,1492410707,8,1492410707),(5415,'SUCCESS','plb3bsd_month','INSERTING NEW DATA WITH ID #1116',8,1492410707,8,1492410707),(5416,'SUCCESS','plb3_balance_sheet_treatment','INSERTING NEW DATA WITH ID #143',8,1492410707,8,1492410707),(5417,'SUCCESS','plb3_balance_sheet_treatment','INSERTING NEW DATA WITH ID #144',8,1492410707,8,1492410707),(5418,'SUCCESS','plb3bsd_month','INSERTING NEW DATA WITH ID #1117',8,1492410707,8,1492410707),(5419,'SUCCESS','plb3bsd_month','INSERTING NEW DATA WITH ID #1118',8,1492410707,8,1492410707),(5420,'SUCCESS','plb3bsd_month','INSERTING NEW DATA WITH ID #1119',8,1492410707,8,1492410707),(5421,'SUCCESS','plb3bsd_month','INSERTING NEW DATA WITH ID #1120',8,1492410707,8,1492410707),(5422,'SUCCESS','plb3bsd_month','INSERTING NEW DATA WITH ID #1121',8,1492410707,8,1492410707),(5423,'SUCCESS','plb3bsd_month','INSERTING NEW DATA WITH ID #1122',8,1492410707,8,1492410707),(5424,'SUCCESS','plb3bsd_month','INSERTING NEW DATA WITH ID #1123',8,1492410707,8,1492410707),(5425,'SUCCESS','plb3bsd_month','INSERTING NEW DATA WITH ID #1124',8,1492410707,8,1492410707),(5426,'SUCCESS','plb3bsd_month','INSERTING NEW DATA WITH ID #1125',8,1492410707,8,1492410707),(5427,'SUCCESS','plb3bsd_month','INSERTING NEW DATA WITH ID #1126',8,1492410707,8,1492410707),(5428,'SUCCESS','plb3bsd_month','INSERTING NEW DATA WITH ID #1127',8,1492410707,8,1492410707),(5429,'SUCCESS','plb3bsd_month','INSERTING NEW DATA WITH ID #1128',8,1492410707,8,1492410707),(5430,'SUCCESS','plb3_balance_sheet_treatment','INSERTING NEW DATA WITH ID #145',8,1492410707,8,1492410707),(5431,'SUCCESS','plb3bsd_month','INSERTING NEW DATA WITH ID #1129',8,1492410707,8,1492410707),(5432,'SUCCESS','plb3bsd_month','INSERTING NEW DATA WITH ID #1130',8,1492410707,8,1492410707),(5433,'SUCCESS','plb3bsd_month','INSERTING NEW DATA WITH ID #1131',8,1492410707,8,1492410707),(5434,'SUCCESS','plb3bsd_month','INSERTING NEW DATA WITH ID #1132',8,1492410707,8,1492410707),(5435,'SUCCESS','plb3bsd_month','INSERTING NEW DATA WITH ID #1133',8,1492410707,8,1492410707),(5436,'SUCCESS','plb3bsd_month','INSERTING NEW DATA WITH ID #1134',8,1492410707,8,1492410707),(5437,'SUCCESS','plb3bsd_month','INSERTING NEW DATA WITH ID #1135',8,1492410707,8,1492410707),(5438,'SUCCESS','plb3bsd_month','INSERTING NEW DATA WITH ID #1136',8,1492410707,8,1492410707),(5439,'SUCCESS','plb3bsd_month','INSERTING NEW DATA WITH ID #1137',8,1492410707,8,1492410707),(5440,'SUCCESS','plb3bsd_month','INSERTING NEW DATA WITH ID #1138',8,1492410707,8,1492410707),(5441,'SUCCESS','plb3bsd_month','INSERTING NEW DATA WITH ID #1139',8,1492410707,8,1492410707),(5442,'SUCCESS','plb3bsd_month','INSERTING NEW DATA WITH ID #1140',8,1492410707,8,1492410707),(5443,'SUCCESS','plb3_balance_sheet_treatment','INSERTING NEW DATA WITH ID #146',8,1492410707,8,1492410707),(5444,'SUCCESS','plb3bsd_month','INSERTING NEW DATA WITH ID #1141',8,1492410707,8,1492410707),(5445,'SUCCESS','plb3bsd_month','INSERTING NEW DATA WITH ID #1142',8,1492410707,8,1492410707),(5446,'SUCCESS','plb3bsd_month','INSERTING NEW DATA WITH ID #1143',8,1492410707,8,1492410707),(5447,'SUCCESS','plb3bsd_month','INSERTING NEW DATA WITH ID #1144',8,1492410707,8,1492410707),(5448,'SUCCESS','plb3bsd_month','INSERTING NEW DATA WITH ID #1145',8,1492410707,8,1492410707),(5449,'SUCCESS','plb3bsd_month','INSERTING NEW DATA WITH ID #1146',8,1492410707,8,1492410707),(5450,'SUCCESS','plb3bsd_month','INSERTING NEW DATA WITH ID #1147',8,1492410707,8,1492410707),(5451,'SUCCESS','plb3bsd_month','INSERTING NEW DATA WITH ID #1148',8,1492410707,8,1492410707),(5452,'SUCCESS','plb3bsd_month','INSERTING NEW DATA WITH ID #1149',8,1492410707,8,1492410707),(5453,'SUCCESS','plb3bsd_month','INSERTING NEW DATA WITH ID #1150',8,1492410707,8,1492410707),(5454,'SUCCESS','plb3bsd_month','INSERTING NEW DATA WITH ID #1151',8,1492410707,8,1492410707),(5455,'SUCCESS','plb3bsd_month','INSERTING NEW DATA WITH ID #1152',8,1492410707,8,1492410707),(5456,'SUCCESS','plb3_balance_sheet_treatment','INSERTING NEW DATA WITH ID #147',8,1492410707,8,1492410707),(5457,'SUCCESS','plb3bsd_month','INSERTING NEW DATA WITH ID #1153',8,1492410707,8,1492410707),(5458,'SUCCESS','plb3bsd_month','INSERTING NEW DATA WITH ID #1154',8,1492410707,8,1492410707),(5459,'SUCCESS','plb3bsd_month','INSERTING NEW DATA WITH ID #1155',8,1492410707,8,1492410707),(5460,'SUCCESS','plb3bsd_month','INSERTING NEW DATA WITH ID #1156',8,1492410707,8,1492410707),(5461,'SUCCESS','plb3bsd_month','INSERTING NEW DATA WITH ID #1157',8,1492410707,8,1492410707),(5462,'SUCCESS','plb3bsd_month','INSERTING NEW DATA WITH ID #1158',8,1492410708,8,1492410708),(5463,'SUCCESS','plb3bsd_month','INSERTING NEW DATA WITH ID #1159',8,1492410708,8,1492410708),(5464,'SUCCESS','plb3bsd_month','INSERTING NEW DATA WITH ID #1160',8,1492410708,8,1492410708),(5465,'SUCCESS','plb3bsd_month','INSERTING NEW DATA WITH ID #1161',8,1492410708,8,1492410708),(5466,'SUCCESS','plb3bsd_month','INSERTING NEW DATA WITH ID #1162',8,1492410708,8,1492410708),(5467,'SUCCESS','plb3bsd_month','INSERTING NEW DATA WITH ID #1163',8,1492410708,8,1492410708),(5468,'SUCCESS','plb3bsd_month','INSERTING NEW DATA WITH ID #1164',8,1492410708,8,1492410708),(5469,'SUCCESS','plb3_balance_sheet_treatment','INSERTING NEW DATA WITH ID #148',8,1492410708,8,1492410708),(5470,'SUCCESS','plb3bsd_month','INSERTING NEW DATA WITH ID #1165',8,1492410708,8,1492410708),(5471,'SUCCESS','plb3bsd_month','INSERTING NEW DATA WITH ID #1166',8,1492410708,8,1492410708),(5472,'SUCCESS','plb3bsd_month','INSERTING NEW DATA WITH ID #1167',8,1492410708,8,1492410708),(5473,'SUCCESS','plb3bsd_month','INSERTING NEW DATA WITH ID #1168',8,1492410708,8,1492410708),(5474,'SUCCESS','plb3bsd_month','INSERTING NEW DATA WITH ID #1169',8,1492410708,8,1492410708),(5475,'SUCCESS','plb3bsd_month','INSERTING NEW DATA WITH ID #1170',8,1492410708,8,1492410708),(5476,'SUCCESS','plb3bsd_month','INSERTING NEW DATA WITH ID #1171',8,1492410708,8,1492410708),(5477,'SUCCESS','plb3bsd_month','INSERTING NEW DATA WITH ID #1172',8,1492410708,8,1492410708),(5478,'SUCCESS','plb3bsd_month','INSERTING NEW DATA WITH ID #1173',8,1492410708,8,1492410708),(5479,'SUCCESS','plb3bsd_month','INSERTING NEW DATA WITH ID #1174',8,1492410708,8,1492410708),(5480,'SUCCESS','plb3bsd_month','INSERTING NEW DATA WITH ID #1175',8,1492410708,8,1492410708),(5481,'SUCCESS','plb3bsd_month','INSERTING NEW DATA WITH ID #1176',8,1492410708,8,1492410708),(5482,'SUCCESS','plb3_balance_sheet_detail','INSERTING NEW DATA WITH ID #43',8,1492416280,8,1492416280),(5483,'SUCCESS','plb3_balance_sheet_treatment','INSERTING NEW DATA WITH ID #149',8,1492416280,8,1492416280),(5484,'SUCCESS','plb3bsd_month','INSERTING NEW DATA WITH ID #1177',8,1492416280,8,1492416280),(5485,'SUCCESS','plb3bsd_month','INSERTING NEW DATA WITH ID #1178',8,1492416280,8,1492416280),(5486,'SUCCESS','plb3bsd_month','INSERTING NEW DATA WITH ID #1179',8,1492416280,8,1492416280),(5487,'SUCCESS','plb3bsd_month','INSERTING NEW DATA WITH ID #1180',8,1492416280,8,1492416280),(5488,'SUCCESS','plb3bsd_month','INSERTING NEW DATA WITH ID #1181',8,1492416280,8,1492416280),(5489,'SUCCESS','plb3bsd_month','INSERTING NEW DATA WITH ID #1182',8,1492416280,8,1492416280),(5490,'SUCCESS','plb3bsd_month','INSERTING NEW DATA WITH ID #1183',8,1492416280,8,1492416280),(5491,'SUCCESS','plb3bsd_month','INSERTING NEW DATA WITH ID #1184',8,1492416280,8,1492416280),(5492,'SUCCESS','plb3bsd_month','INSERTING NEW DATA WITH ID #1185',8,1492416280,8,1492416280),(5493,'SUCCESS','plb3bsd_month','INSERTING NEW DATA WITH ID #1186',8,1492416280,8,1492416280),(5494,'SUCCESS','plb3bsd_month','INSERTING NEW DATA WITH ID #1187',8,1492416280,8,1492416280),(5495,'SUCCESS','plb3bsd_month','INSERTING NEW DATA WITH ID #1188',8,1492416280,8,1492416280),(5496,'SUCCESS','plb3_balance_sheet_treatment','INSERTING NEW DATA WITH ID #150',8,1492416280,8,1492416280),(5497,'SUCCESS','plb3_balance_sheet_treatment','INSERTING NEW DATA WITH ID #151',8,1492416280,8,1492416280),(5498,'SUCCESS','plb3bsd_month','INSERTING NEW DATA WITH ID #1189',8,1492416280,8,1492416280),(5499,'SUCCESS','plb3bsd_month','INSERTING NEW DATA WITH ID #1190',8,1492416280,8,1492416280),(5500,'SUCCESS','plb3bsd_month','INSERTING NEW DATA WITH ID #1191',8,1492416280,8,1492416280),(5501,'SUCCESS','plb3bsd_month','INSERTING NEW DATA WITH ID #1192',8,1492416280,8,1492416280),(5502,'SUCCESS','plb3bsd_month','INSERTING NEW DATA WITH ID #1193',8,1492416280,8,1492416280),(5503,'SUCCESS','plb3bsd_month','INSERTING NEW DATA WITH ID #1194',8,1492416280,8,1492416280),(5504,'SUCCESS','plb3bsd_month','INSERTING NEW DATA WITH ID #1195',8,1492416280,8,1492416280),(5505,'SUCCESS','plb3bsd_month','INSERTING NEW DATA WITH ID #1196',8,1492416280,8,1492416280),(5506,'SUCCESS','plb3bsd_month','INSERTING NEW DATA WITH ID #1197',8,1492416280,8,1492416280),(5507,'SUCCESS','plb3bsd_month','INSERTING NEW DATA WITH ID #1198',8,1492416280,8,1492416280),(5508,'SUCCESS','plb3bsd_month','INSERTING NEW DATA WITH ID #1199',8,1492416280,8,1492416280),(5509,'SUCCESS','plb3bsd_month','INSERTING NEW DATA WITH ID #1200',8,1492416280,8,1492416280),(5510,'SUCCESS','plb3_balance_sheet_treatment','INSERTING NEW DATA WITH ID #152',8,1492416280,8,1492416280),(5511,'SUCCESS','plb3bsd_month','INSERTING NEW DATA WITH ID #1201',8,1492416280,8,1492416280),(5512,'SUCCESS','plb3bsd_month','INSERTING NEW DATA WITH ID #1202',8,1492416280,8,1492416280),(5513,'SUCCESS','plb3bsd_month','INSERTING NEW DATA WITH ID #1203',8,1492416280,8,1492416280),(5514,'SUCCESS','plb3bsd_month','INSERTING NEW DATA WITH ID #1204',8,1492416280,8,1492416280),(5515,'SUCCESS','plb3bsd_month','INSERTING NEW DATA WITH ID #1205',8,1492416280,8,1492416280),(5516,'SUCCESS','plb3bsd_month','INSERTING NEW DATA WITH ID #1206',8,1492416280,8,1492416280),(5517,'SUCCESS','plb3bsd_month','INSERTING NEW DATA WITH ID #1207',8,1492416280,8,1492416280),(5518,'SUCCESS','plb3bsd_month','INSERTING NEW DATA WITH ID #1208',8,1492416280,8,1492416280),(5519,'SUCCESS','plb3bsd_month','INSERTING NEW DATA WITH ID #1209',8,1492416280,8,1492416280),(5520,'SUCCESS','plb3bsd_month','INSERTING NEW DATA WITH ID #1210',8,1492416280,8,1492416280),(5521,'SUCCESS','plb3bsd_month','INSERTING NEW DATA WITH ID #1211',8,1492416281,8,1492416281),(5522,'SUCCESS','plb3bsd_month','INSERTING NEW DATA WITH ID #1212',8,1492416281,8,1492416281),(5523,'SUCCESS','plb3_balance_sheet_treatment','INSERTING NEW DATA WITH ID #153',8,1492416281,8,1492416281),(5524,'SUCCESS','plb3bsd_month','INSERTING NEW DATA WITH ID #1213',8,1492416281,8,1492416281),(5525,'SUCCESS','plb3bsd_month','INSERTING NEW DATA WITH ID #1214',8,1492416281,8,1492416281),(5526,'SUCCESS','plb3bsd_month','INSERTING NEW DATA WITH ID #1215',8,1492416281,8,1492416281),(5527,'SUCCESS','plb3bsd_month','INSERTING NEW DATA WITH ID #1216',8,1492416281,8,1492416281),(5528,'SUCCESS','plb3bsd_month','INSERTING NEW DATA WITH ID #1217',8,1492416281,8,1492416281),(5529,'SUCCESS','plb3bsd_month','INSERTING NEW DATA WITH ID #1218',8,1492416281,8,1492416281),(5530,'SUCCESS','plb3bsd_month','INSERTING NEW DATA WITH ID #1219',8,1492416281,8,1492416281),(5531,'SUCCESS','plb3bsd_month','INSERTING NEW DATA WITH ID #1220',8,1492416281,8,1492416281),(5532,'SUCCESS','plb3bsd_month','INSERTING NEW DATA WITH ID #1221',8,1492416281,8,1492416281),(5533,'SUCCESS','plb3bsd_month','INSERTING NEW DATA WITH ID #1222',8,1492416281,8,1492416281),(5534,'SUCCESS','plb3bsd_month','INSERTING NEW DATA WITH ID #1223',8,1492416281,8,1492416281),(5535,'SUCCESS','plb3bsd_month','INSERTING NEW DATA WITH ID #1224',8,1492416281,8,1492416281),(5536,'SUCCESS','plb3_balance_sheet_treatment','INSERTING NEW DATA WITH ID #154',8,1492416281,8,1492416281),(5537,'SUCCESS','plb3bsd_month','INSERTING NEW DATA WITH ID #1225',8,1492416281,8,1492416281),(5538,'SUCCESS','plb3bsd_month','INSERTING NEW DATA WITH ID #1226',8,1492416281,8,1492416281),(5539,'SUCCESS','plb3bsd_month','INSERTING NEW DATA WITH ID #1227',8,1492416281,8,1492416281),(5540,'SUCCESS','plb3bsd_month','INSERTING NEW DATA WITH ID #1228',8,1492416281,8,1492416281),(5541,'SUCCESS','plb3bsd_month','INSERTING NEW DATA WITH ID #1229',8,1492416281,8,1492416281),(5542,'SUCCESS','plb3bsd_month','INSERTING NEW DATA WITH ID #1230',8,1492416281,8,1492416281),(5543,'SUCCESS','plb3bsd_month','INSERTING NEW DATA WITH ID #1231',8,1492416281,8,1492416281),(5544,'SUCCESS','plb3bsd_month','INSERTING NEW DATA WITH ID #1232',8,1492416281,8,1492416281),(5545,'SUCCESS','plb3bsd_month','INSERTING NEW DATA WITH ID #1233',8,1492416281,8,1492416281),(5546,'SUCCESS','plb3bsd_month','INSERTING NEW DATA WITH ID #1234',8,1492416281,8,1492416281),(5547,'SUCCESS','plb3bsd_month','INSERTING NEW DATA WITH ID #1235',8,1492416281,8,1492416281),(5548,'SUCCESS','plb3bsd_month','INSERTING NEW DATA WITH ID #1236',8,1492416281,8,1492416281),(5549,'SUCCESS','plb3_balance_sheet_treatment','INSERTING NEW DATA WITH ID #155',8,1492416281,8,1492416281),(5550,'SUCCESS','plb3bsd_month','INSERTING NEW DATA WITH ID #1237',8,1492416281,8,1492416281),(5551,'SUCCESS','plb3bsd_month','INSERTING NEW DATA WITH ID #1238',8,1492416281,8,1492416281),(5552,'SUCCESS','plb3bsd_month','INSERTING NEW DATA WITH ID #1239',8,1492416281,8,1492416281),(5553,'SUCCESS','plb3bsd_month','INSERTING NEW DATA WITH ID #1240',8,1492416281,8,1492416281),(5554,'SUCCESS','plb3bsd_month','INSERTING NEW DATA WITH ID #1241',8,1492416281,8,1492416281),(5555,'SUCCESS','plb3bsd_month','INSERTING NEW DATA WITH ID #1242',8,1492416281,8,1492416281),(5556,'SUCCESS','plb3bsd_month','INSERTING NEW DATA WITH ID #1243',8,1492416281,8,1492416281),(5557,'SUCCESS','plb3bsd_month','INSERTING NEW DATA WITH ID #1244',8,1492416281,8,1492416281),(5558,'SUCCESS','plb3bsd_month','INSERTING NEW DATA WITH ID #1245',8,1492416281,8,1492416281),(5559,'SUCCESS','plb3bsd_month','INSERTING NEW DATA WITH ID #1246',8,1492416281,8,1492416281),(5560,'SUCCESS','plb3bsd_month','INSERTING NEW DATA WITH ID #1247',8,1492416281,8,1492416281),(5561,'SUCCESS','plb3bsd_month','INSERTING NEW DATA WITH ID #1248',8,1492416281,8,1492416281),(5562,'SUCCESS','plb3_balance_sheet_detail','DELETING DATA ID #42',8,1492416328,8,1492416328),(5563,'SUCCESS','plb3_balance_sheet_detail','DELETING DATA ID #39',8,1492417497,8,1492417497),(5564,'SUCCESS','plb3_balance_sheet','INSERTING NEW DATA WITH ID #2',8,1492438405,8,1492438405),(5565,'SUCCESS','codeset','INSERTING NEW DATA WITH ID #88',8,1492487626,8,1492487626),(5566,'SUCCESS','codeset','INSERTING NEW DATA WITH ID #89',8,1492487642,8,1492487642),(5567,'SUCCESS','codeset','INSERTING NEW DATA WITH ID #90',8,1492487650,8,1492487650),(5568,'SUCCESS','codeset','INSERTING NEW DATA WITH ID #91',8,1492487662,8,1492487662),(5569,'SUCCESS','codeset','INSERTING NEW DATA WITH ID #92',8,1492487677,8,1492487677),(5570,'SUCCESS','codeset','INSERTING NEW DATA WITH ID #93',8,1492488297,8,1492488297),(5571,'SUCCESS','codeset','INSERTING NEW DATA WITH ID #94',8,1492488307,8,1492488307),(5572,'SUCCESS','codeset','INSERTING NEW DATA WITH ID #95',8,1492488319,8,1492488319),(5573,'SUCCESS','plb3_question','INSERTING NEW DATA WITH ID #1',8,1492488989,8,1492488989),(5574,'SUCCESS','plb3_question','INSERTING NEW DATA WITH ID #2',8,1492489386,8,1492489386),(5575,'SUCCESS','plb3_checklist','INSERTING NEW DATA WITH ID #1',8,1492543020,8,1492543020),(5576,'SUCCESS','codeset','DELETING DATA ID #88',8,1492590825,8,1492590825),(5577,'SUCCESS','codeset','DELETING DATA ID #89',8,1492590834,8,1492590834),(5578,'SUCCESS','codeset','DELETING DATA ID #90',8,1492590841,8,1492590841),(5579,'SUCCESS','codeset','DELETING DATA ID #91',8,1492590848,8,1492590848),(5580,'SUCCESS','codeset','DELETING DATA ID #92',8,1492590855,8,1492590855),(5581,'SUCCESS','codeset','INSERTING NEW DATA WITH ID #96',8,1492590893,8,1492590893),(5582,'SUCCESS','codeset','INSERTING NEW DATA WITH ID #97',8,1492590928,8,1492590928),(5583,'SUCCESS','codeset','INSERTING NEW DATA WITH ID #98',8,1492590941,8,1492590941),(5584,'SUCCESS','codeset','INSERTING NEW DATA WITH ID #99',8,1492590955,8,1492590955),(5585,'SUCCESS','codeset','INSERTING NEW DATA WITH ID #100',8,1492590966,8,1492590966),(5586,'SUCCESS','codeset','UPDATING DATA ID #96',8,1492590980,8,1492590980),(5587,'SUCCESS','plb3_question','INSERTING NEW DATA WITH ID #3',8,1492594231,8,1492594231),(5588,'SUCCESS','plb3_question','INSERTING NEW DATA WITH ID #4',8,1492594751,8,1492594751),(5589,'SUCCESS','plb3_question','INSERTING NEW DATA WITH ID #5',8,1492594798,8,1492594798),(5590,'SUCCESS','plb3_question','INSERTING NEW DATA WITH ID #6',8,1492594850,8,1492594850),(5591,'SUCCESS','plb3_question','INSERTING NEW DATA WITH ID #7',8,1492594988,8,1492594988),(5592,'SUCCESS','plb3_question','DELETING DATA ID #3',8,1492595009,8,1492595009),(5593,'SUCCESS','plb3_question','DELETING DATA ID #4',8,1492595012,8,1492595012),(5594,'SUCCESS','plb3_question','DELETING DATA ID #5',8,1492595014,8,1492595014),(5595,'SUCCESS','plb3_question','DELETING DATA ID #6',8,1492595016,8,1492595016),(5596,'SUCCESS','plb3_question','DELETING DATA ID #7',8,1492595017,8,1492595017),(5597,'SUCCESS','plb3_question','INSERTING NEW DATA WITH ID #8',8,1492595045,8,1492595045),(5598,'SUCCESS','plb3_question','INSERTING NEW DATA WITH ID #9',8,1492595293,8,1492595293),(5599,'SUCCESS','plb3_question','DELETING DATA ID #8',8,1492595300,8,1492595300),(5600,'SUCCESS','plb3_question','DELETING DATA ID #9',8,1492595303,8,1492595303),(5601,'SUCCESS','plb3_question','INSERTING NEW DATA WITH ID #10',8,1492595311,8,1492595311),(5602,'SUCCESS','plb3_question','UPDATING DATA ID #10',8,1492596398,8,1492596398),(5603,'SUCCESS','log_dirty','INSERTING NEW DATA WITH ID #190',8,1492596398,8,1492596398),(5604,'SUCCESS','plb3_question','INSERTING NEW DATA WITH ID #11',8,1492596639,8,1492596639),(5605,'SUCCESS','plb3_checklist_detail','INSERTING NEW DATA WITH ID #1',8,1492598899,8,1492598899),(5606,'SUCCESS','plb3_checklist_answer','INSERTING NEW DATA WITH ID #1',8,1492598899,8,1492598899),(5607,'SUCCESS','plb3_checklist_answer','INSERTING NEW DATA WITH ID #2',8,1492598899,8,1492598899),(5608,'SUCCESS','plb3_checklist_detail','UPDATING DATA ID #1',8,1492599291,8,1492599291),(5609,'SUCCESS','plb3_checklist_answer','UPDATING DATA ID #1',8,1492599291,8,1492599291),(5610,'SUCCESS','log_dirty','INSERTING NEW DATA WITH ID #191',8,1492599291,8,1492599291),(5611,'SUCCESS','plb3_checklist_answer','UPDATING DATA ID #2',8,1492599291,8,1492599291),(5612,'SUCCESS','plb3_question','INSERTING NEW DATA WITH ID #12',8,1492599332,8,1492599332),(5613,'SUCCESS','plb3_checklist_detail','INSERTING NEW DATA WITH ID #2',8,1492599548,8,1492599548),(5614,'SUCCESS','plb3_checklist_answer','INSERTING NEW DATA WITH ID #3',8,1492599549,8,1492599549),(5615,'SUCCESS','plb3_checklist_answer','INSERTING NEW DATA WITH ID #4',8,1492599549,8,1492599549),(5616,'SUCCESS','plb3_checklist_answer','INSERTING NEW DATA WITH ID #5',8,1492599549,8,1492599549),(5618,'SUCCESS','plb3_question','INSERTING NEW DATA WITH ID #14',8,1492600138,8,1492600138),(5619,'SUCCESS','plb3_checklist_answer','INSERTING NEW DATA WITH ID #6',8,1492600138,8,1492600138),(5620,'SUCCESS','plb3_checklist_answer','INSERTING NEW DATA WITH ID #7',8,1492600138,8,1492600138),(5621,'SUCCESS','plb3_checklist_detail','DELETING DATA ID #1',8,1492600160,8,1492600160),(5622,'SUCCESS','plb3_checklist_detail','DELETING DATA ID #2',8,1492600162,8,1492600162),(5623,'SUCCESS','plb3_checklist_detail','INSERTING NEW DATA WITH ID #3',8,1492600183,8,1492600183),(5624,'SUCCESS','plb3_checklist_answer','INSERTING NEW DATA WITH ID #8',8,1492600183,8,1492600183),(5625,'SUCCESS','plb3_checklist_answer','INSERTING NEW DATA WITH ID #9',8,1492600183,8,1492600183),(5626,'SUCCESS','plb3_checklist_answer','INSERTING NEW DATA WITH ID #10',8,1492600183,8,1492600183),(5627,'SUCCESS','plb3_checklist_answer','INSERTING NEW DATA WITH ID #11',8,1492600183,8,1492600183),(5628,'SUCCESS','plb3_question','INSERTING NEW DATA WITH ID #15',8,1492600197,8,1492600197),(5629,'SUCCESS','plb3_checklist_answer','INSERTING NEW DATA WITH ID #12',8,1492600197,8,1492600197),(5630,'SUCCESS','plb3_question','INSERTING NEW DATA WITH ID #16',8,1492600275,8,1492600275),(5631,'SUCCESS','plb3_checklist_answer','INSERTING NEW DATA WITH ID #13',8,1492600275,8,1492600275),(5632,'SUCCESS','plb3_checklist_detail','UPDATING DATA ID #3',8,1492600290,8,1492600290),(5633,'SUCCESS','plb3_checklist_answer','UPDATING DATA ID #8',8,1492600290,8,1492600290),(5634,'SUCCESS','plb3_checklist_answer','UPDATING DATA ID #9',8,1492600290,8,1492600290),(5635,'SUCCESS','plb3_checklist_answer','UPDATING DATA ID #10',8,1492600290,8,1492600290),(5636,'SUCCESS','plb3_checklist_answer','UPDATING DATA ID #11',8,1492600290,8,1492600290),(5637,'SUCCESS','plb3_checklist_answer','UPDATING DATA ID #12',8,1492600290,8,1492600290),(5638,'SUCCESS','plb3_checklist_answer','UPDATING DATA ID #13',8,1492600290,8,1492600290),(5639,'SUCCESS','log_dirty','INSERTING NEW DATA WITH ID #192',8,1492600290,8,1492600290),(5640,'SUCCESS','plb3_checklist_detail','UPDATING DATA ID #3',8,1492600305,8,1492600305),(5641,'SUCCESS','plb3_checklist_answer','UPDATING DATA ID #8',8,1492600305,8,1492600305),(5642,'SUCCESS','plb3_checklist_answer','UPDATING DATA ID #9',8,1492600305,8,1492600305),(5643,'SUCCESS','log_dirty','INSERTING NEW DATA WITH ID #193',8,1492600305,8,1492600305),(5644,'SUCCESS','plb3_checklist_answer','UPDATING DATA ID #10',8,1492600305,8,1492600305),(5645,'SUCCESS','plb3_checklist_answer','UPDATING DATA ID #11',8,1492600305,8,1492600305),(5646,'SUCCESS','log_dirty','INSERTING NEW DATA WITH ID #194',8,1492600305,8,1492600305),(5647,'SUCCESS','plb3_checklist_answer','UPDATING DATA ID #12',8,1492600305,8,1492600305),(5648,'SUCCESS','plb3_checklist_answer','UPDATING DATA ID #13',8,1492600305,8,1492600305),(5649,'SUCCESS','plb3_checklist_detail','UPDATING DATA ID #3',8,1492600306,8,1492600306),(5650,'SUCCESS','plb3_checklist_answer','UPDATING DATA ID #8',8,1492600306,8,1492600306),(5651,'SUCCESS','plb3_checklist_answer','UPDATING DATA ID #9',8,1492600306,8,1492600306),(5652,'SUCCESS','plb3_checklist_answer','UPDATING DATA ID #10',8,1492600306,8,1492600306),(5653,'SUCCESS','plb3_checklist_answer','UPDATING DATA ID #11',8,1492600306,8,1492600306),(5654,'SUCCESS','plb3_checklist_answer','UPDATING DATA ID #12',8,1492600306,8,1492600306),(5655,'SUCCESS','plb3_checklist_answer','UPDATING DATA ID #13',8,1492600306,8,1492600306),(5656,'SUCCESS','plb3_checklist_detail','INSERTING NEW DATA WITH ID #4',8,1492603343,8,1492603343),(5657,'SUCCESS','plb3_checklist_answer','INSERTING NEW DATA WITH ID #14',8,1492603343,8,1492603343),(5658,'SUCCESS','plb3_checklist_answer','INSERTING NEW DATA WITH ID #15',8,1492603343,8,1492603343),(5659,'SUCCESS','plb3_checklist_answer','INSERTING NEW DATA WITH ID #16',8,1492603343,8,1492603343),(5660,'SUCCESS','plb3_checklist_answer','INSERTING NEW DATA WITH ID #17',8,1492603343,8,1492603343),(5661,'SUCCESS','plb3_checklist_answer','INSERTING NEW DATA WITH ID #18',8,1492603343,8,1492603343),(5662,'SUCCESS','plb3_checklist_answer','INSERTING NEW DATA WITH ID #19',8,1492603343,8,1492603343),(5663,'SUCCESS','plb3_question','INSERTING NEW DATA WITH ID #17',8,1492603359,8,1492603359),(5664,'SUCCESS','plb3_checklist_answer','INSERTING NEW DATA WITH ID #20',8,1492603359,8,1492603359),(5665,'SUCCESS','plb3_checklist_answer','INSERTING NEW DATA WITH ID #21',8,1492603359,8,1492603359),(5666,'SUCCESS','plb3_question','INSERTING NEW DATA WITH ID #18',8,1492603388,8,1492603388),(5667,'SUCCESS','plb3_checklist_answer','INSERTING NEW DATA WITH ID #22',8,1492603388,8,1492603388),(5668,'SUCCESS','plb3_checklist_answer','INSERTING NEW DATA WITH ID #23',8,1492603388,8,1492603388),(5669,'SUCCESS','plb3_checklist_detail','UPDATING DATA ID #3',8,1492609475,8,1492609475),(5670,'SUCCESS','plb3_checklist_answer','UPDATING DATA ID #20',8,1492609475,8,1492609475),(5671,'SUCCESS','plb3_checklist_answer','UPDATING DATA ID #8',8,1492609475,8,1492609475),(5672,'SUCCESS','log_dirty','INSERTING NEW DATA WITH ID #195',8,1492609475,8,1492609475),(5673,'SUCCESS','plb3_checklist_answer','UPDATING DATA ID #9',8,1492609475,8,1492609475),(5674,'SUCCESS','plb3_checklist_answer','UPDATING DATA ID #12',8,1492609475,8,1492609475),(5675,'SUCCESS','plb3_checklist_answer','UPDATING DATA ID #10',8,1492609475,8,1492609475),(5676,'SUCCESS','plb3_checklist_answer','UPDATING DATA ID #22',8,1492609475,8,1492609475),(5677,'SUCCESS','plb3_checklist_answer','UPDATING DATA ID #11',8,1492609475,8,1492609475),(5678,'SUCCESS','plb3_checklist_answer','UPDATING DATA ID #13',8,1492609475,8,1492609475),(5679,'SUCCESS','plb3_checklist_detail','UPDATING DATA ID #3',8,1492609591,8,1492609591),(5680,'SUCCESS','plb3_checklist_answer','UPDATING DATA ID #20',8,1492609591,8,1492609591),(5681,'SUCCESS','plb3_checklist_answer','UPDATING DATA ID #8',8,1492609591,8,1492609591),(5682,'SUCCESS','plb3_checklist_answer','UPDATING DATA ID #9',8,1492609591,8,1492609591),(5683,'SUCCESS','plb3_checklist_answer','UPDATING DATA ID #12',8,1492609591,8,1492609591),(5684,'SUCCESS','log_dirty','INSERTING NEW DATA WITH ID #196',8,1492609591,8,1492609591),(5685,'SUCCESS','plb3_checklist_answer','UPDATING DATA ID #10',8,1492609591,8,1492609591),(5686,'SUCCESS','plb3_checklist_answer','UPDATING DATA ID #22',8,1492609591,8,1492609591),(5687,'SUCCESS','plb3_checklist_answer','UPDATING DATA ID #11',8,1492609591,8,1492609591),(5688,'SUCCESS','plb3_checklist_answer','UPDATING DATA ID #13',8,1492609591,8,1492609591),(5689,'SUCCESS','plb3_checklist_detail','UPDATING DATA ID #3',8,1492609602,8,1492609602),(5690,'SUCCESS','plb3_checklist_answer','UPDATING DATA ID #20',8,1492609602,8,1492609602),(5691,'SUCCESS','plb3_checklist_answer','UPDATING DATA ID #8',8,1492609602,8,1492609602),(5692,'SUCCESS','plb3_checklist_answer','UPDATING DATA ID #9',8,1492609602,8,1492609602),(5693,'SUCCESS','plb3_checklist_answer','UPDATING DATA ID #12',8,1492609602,8,1492609602),(5694,'SUCCESS','plb3_checklist_answer','UPDATING DATA ID #10',8,1492609602,8,1492609602),(5695,'SUCCESS','plb3_checklist_answer','UPDATING DATA ID #22',8,1492609602,8,1492609602),(5696,'SUCCESS','plb3_checklist_answer','UPDATING DATA ID #11',8,1492609602,8,1492609602),(5697,'SUCCESS','plb3_checklist_answer','UPDATING DATA ID #13',8,1492609602,8,1492609602),(5698,'SUCCESS','plb3_checklist_detail','UPDATING DATA ID #3',8,1492609687,8,1492609687),(5699,'SUCCESS','plb3_checklist_answer','UPDATING DATA ID #20',8,1492609687,8,1492609687),(5700,'SUCCESS','plb3_checklist_answer','UPDATING DATA ID #8',8,1492609687,8,1492609687),(5701,'SUCCESS','plb3_checklist_answer','UPDATING DATA ID #9',8,1492609687,8,1492609687),(5702,'SUCCESS','plb3_checklist_answer','UPDATING DATA ID #12',8,1492609687,8,1492609687),(5703,'SUCCESS','log_dirty','INSERTING NEW DATA WITH ID #197',8,1492609687,8,1492609687),(5704,'SUCCESS','plb3_checklist_answer','UPDATING DATA ID #10',8,1492609687,8,1492609687),(5705,'SUCCESS','plb3_checklist_answer','UPDATING DATA ID #22',8,1492609687,8,1492609687),(5706,'SUCCESS','plb3_checklist_answer','UPDATING DATA ID #11',8,1492609687,8,1492609687),(5707,'SUCCESS','plb3_checklist_answer','UPDATING DATA ID #13',8,1492609687,8,1492609687),(5708,'SUCCESS','plb3_question','INSERTING NEW DATA WITH ID #19',8,1492609866,8,1492609866),(5709,'SUCCESS','plb3_checklist_answer','INSERTING NEW DATA WITH ID #24',8,1492609866,8,1492609866),(5710,'SUCCESS','plb3_checklist_answer','INSERTING NEW DATA WITH ID #25',8,1492609866,8,1492609866),(5711,'SUCCESS','plb3_checklist_detail','UPDATING DATA ID #3',8,1492609876,8,1492609876),(5712,'SUCCESS','plb3_checklist_answer','UPDATING DATA ID #20',8,1492609876,8,1492609876),(5713,'SUCCESS','plb3_checklist_answer','UPDATING DATA ID #8',8,1492609876,8,1492609876),(5714,'SUCCESS','plb3_checklist_answer','UPDATING DATA ID #9',8,1492609876,8,1492609876),(5715,'SUCCESS','plb3_checklist_answer','UPDATING DATA ID #12',8,1492609876,8,1492609876),(5716,'SUCCESS','plb3_checklist_answer','UPDATING DATA ID #10',8,1492609876,8,1492609876),(5717,'SUCCESS','plb3_checklist_answer','UPDATING DATA ID #22',8,1492609876,8,1492609876),(5718,'SUCCESS','plb3_checklist_answer','UPDATING DATA ID #11',8,1492609876,8,1492609876),(5719,'SUCCESS','plb3_checklist_answer','UPDATING DATA ID #13',8,1492609876,8,1492609876),(5720,'SUCCESS','plb3_checklist_answer','UPDATING DATA ID #24',8,1492609877,8,1492609877),(5721,'SUCCESS','log_dirty','INSERTING NEW DATA WITH ID #198',8,1492609877,8,1492609877),(5722,'SUCCESS','plb3_question','INSERTING NEW DATA WITH ID #20',8,1492609893,8,1492609893),(5723,'SUCCESS','plb3_checklist_answer','INSERTING NEW DATA WITH ID #26',8,1492609893,8,1492609893),(5724,'SUCCESS','plb3_checklist_answer','INSERTING NEW DATA WITH ID #27',8,1492609893,8,1492609893),(5725,'SUCCESS','plb3_checklist_detail','UPDATING DATA ID #3',8,1492609911,8,1492609911),(5726,'SUCCESS','plb3_checklist_answer','UPDATING DATA ID #20',8,1492609911,8,1492609911),(5727,'SUCCESS','plb3_checklist_answer','UPDATING DATA ID #8',8,1492609911,8,1492609911),(5728,'SUCCESS','plb3_checklist_answer','UPDATING DATA ID #9',8,1492609911,8,1492609911),(5729,'SUCCESS','plb3_checklist_answer','UPDATING DATA ID #12',8,1492609911,8,1492609911),(5730,'SUCCESS','plb3_checklist_answer','UPDATING DATA ID #10',8,1492609911,8,1492609911),(5731,'SUCCESS','plb3_checklist_answer','UPDATING DATA ID #22',8,1492609911,8,1492609911),(5732,'SUCCESS','plb3_checklist_answer','UPDATING DATA ID #11',8,1492609911,8,1492609911),(5733,'SUCCESS','plb3_checklist_answer','UPDATING DATA ID #13',8,1492609911,8,1492609911),(5734,'SUCCESS','plb3_checklist_answer','UPDATING DATA ID #26',8,1492609911,8,1492609911),(5735,'SUCCESS','log_dirty','INSERTING NEW DATA WITH ID #199',8,1492609911,8,1492609911),(5736,'SUCCESS','plb3_checklist_answer','UPDATING DATA ID #24',8,1492609911,8,1492609911),(5737,'SUCCESS','log_dirty','INSERTING NEW DATA WITH ID #200',8,1492609911,8,1492609911),(5738,'SUCCESS','plb3_question','DELETING DATA ID #10',8,1492610002,8,1492610002),(5739,'SUCCESS','plb3_question','DELETING DATA ID #11',8,1492610004,8,1492610004),(5740,'SUCCESS','plb3_question','DELETING DATA ID #12',8,1492610006,8,1492610006),(5741,'SUCCESS','plb3_question','DELETING DATA ID #14',8,1492610008,8,1492610008),(5742,'SUCCESS','plb3_question','DELETING DATA ID #15',8,1492610010,8,1492610010),(5743,'SUCCESS','plb3_question','DELETING DATA ID #16',8,1492610012,8,1492610012),(5744,'SUCCESS','plb3_question','DELETING DATA ID #17',8,1492610013,8,1492610013),(5745,'SUCCESS','plb3_question','DELETING DATA ID #18',8,1492610015,8,1492610015),(5746,'SUCCESS','plb3_question','DELETING DATA ID #19',8,1492610017,8,1492610017),(5747,'SUCCESS','plb3_question','DELETING DATA ID #20',8,1492610018,8,1492610018),(5748,'SUCCESS','plb3_checklist_detail','DELETING DATA ID #3',8,1492610035,8,1492610035),(5749,'SUCCESS','plb3_checklist_detail','DELETING DATA ID #4',8,1492610037,8,1492610037),(5750,'SUCCESS','codeset','INSERTING NEW DATA WITH ID #101',8,1492610220,8,1492610220),(5751,'SUCCESS','codeset','INSERTING NEW DATA WITH ID #102',8,1492610331,8,1492610331),(5752,'SUCCESS','codeset','INSERTING NEW DATA WITH ID #103',8,1492610366,8,1492610366),(5753,'SUCCESS','codeset','INSERTING NEW DATA WITH ID #104',8,1492610379,8,1492610379),(5754,'SUCCESS','codeset','INSERTING NEW DATA WITH ID #105',8,1492610560,8,1492610560),(5755,'SUCCESS','codeset','INSERTING NEW DATA WITH ID #106',8,1492610594,8,1492610594),(5756,'SUCCESS','codeset','INSERTING NEW DATA WITH ID #107',8,1492610621,8,1492610621),(5757,'SUCCESS','plb3_question','INSERTING NEW DATA WITH ID #21',8,1492619986,8,1492619986),(5758,'SUCCESS','plb3_question','INSERTING NEW DATA WITH ID #22',8,1492620019,8,1492620019),(5759,'SUCCESS','plb3_question','INSERTING NEW DATA WITH ID #23',8,1492620040,8,1492620040),(5760,'SUCCESS','plb3_question','INSERTING NEW DATA WITH ID #24',8,1492620055,8,1492620055),(5761,'SUCCESS','plb3_question','UPDATING DATA ID #24',8,1492620062,8,1492620062),(5762,'SUCCESS','log_dirty','INSERTING NEW DATA WITH ID #201',8,1492620062,8,1492620062),(5763,'SUCCESS','plb3_question','INSERTING NEW DATA WITH ID #25',8,1492620084,8,1492620084),(5764,'SUCCESS','plb3_question','INSERTING NEW DATA WITH ID #26',8,1492620097,8,1492620097),(5765,'SUCCESS','plb3_question','INSERTING NEW DATA WITH ID #27',8,1492620113,8,1492620113),(5766,'SUCCESS','plb3_question','INSERTING NEW DATA WITH ID #28',8,1492620127,8,1492620127),(5767,'SUCCESS','plb3_question','INSERTING NEW DATA WITH ID #29',8,1492620138,8,1492620138),(5768,'SUCCESS','plb3_question','INSERTING NEW DATA WITH ID #30',8,1492620154,8,1492620154),(5769,'SUCCESS','plb3_question','INSERTING NEW DATA WITH ID #31',8,1492620165,8,1492620165),(5770,'SUCCESS','plb3_question','INSERTING NEW DATA WITH ID #32',8,1492620179,8,1492620179),(5771,'SUCCESS','plb3_question','INSERTING NEW DATA WITH ID #33',8,1492620192,8,1492620192),(5772,'SUCCESS','plb3_question','INSERTING NEW DATA WITH ID #34',8,1492620208,8,1492620208),(5773,'SUCCESS','plb3_question','INSERTING NEW DATA WITH ID #35',8,1492620223,8,1492620223),(5774,'SUCCESS','plb3_question','INSERTING NEW DATA WITH ID #36',8,1492620234,8,1492620234),(5775,'SUCCESS','plb3_question','INSERTING NEW DATA WITH ID #37',8,1492620246,8,1492620246),(5776,'SUCCESS','plb3_question','INSERTING NEW DATA WITH ID #38',8,1492620263,8,1492620263),(5777,'SUCCESS','plb3_question','INSERTING NEW DATA WITH ID #39',8,1492620272,8,1492620272),(5778,'SUCCESS','plb3_question','INSERTING NEW DATA WITH ID #40',8,1492620285,8,1492620285),(5779,'SUCCESS','plb3_question','INSERTING NEW DATA WITH ID #41',8,1492620298,8,1492620298),(5780,'SUCCESS','plb3_question','INSERTING NEW DATA WITH ID #42',8,1492620307,8,1492620307),(5781,'SUCCESS','plb3_question','INSERTING NEW DATA WITH ID #43',8,1492620317,8,1492620317),(5782,'SUCCESS','plb3_question','INSERTING NEW DATA WITH ID #44',8,1492620328,8,1492620328),(5783,'SUCCESS','plb3_checklist_detail','INSERTING NEW DATA WITH ID #5',8,1492620466,8,1492620466),(5784,'SUCCESS','plb3_checklist_answer','INSERTING NEW DATA WITH ID #28',8,1492620466,8,1492620466),(5785,'SUCCESS','plb3_checklist_answer','INSERTING NEW DATA WITH ID #29',8,1492620466,8,1492620466),(5786,'SUCCESS','plb3_checklist_answer','INSERTING NEW DATA WITH ID #30',8,1492620466,8,1492620466),(5787,'SUCCESS','plb3_checklist_answer','INSERTING NEW DATA WITH ID #31',8,1492620466,8,1492620466),(5788,'SUCCESS','plb3_checklist_answer','INSERTING NEW DATA WITH ID #32',8,1492620466,8,1492620466),(5789,'SUCCESS','plb3_checklist_answer','INSERTING NEW DATA WITH ID #33',8,1492620466,8,1492620466),(5790,'SUCCESS','plb3_checklist_answer','INSERTING NEW DATA WITH ID #34',8,1492620466,8,1492620466),(5791,'SUCCESS','plb3_checklist_answer','INSERTING NEW DATA WITH ID #35',8,1492620466,8,1492620466),(5792,'SUCCESS','plb3_checklist_answer','INSERTING NEW DATA WITH ID #36',8,1492620466,8,1492620466),(5793,'SUCCESS','codeset','UPDATING DATA ID #102',8,1492620705,8,1492620705),(5794,'SUCCESS','plb3_question','DELETING DATA ID #32',8,1492620726,8,1492620726),(5795,'SUCCESS','plb3_question','DELETING DATA ID #33',8,1492620731,8,1492620731),(5796,'SUCCESS','plb3_question','INSERTING NEW DATA WITH ID #45',8,1492620748,8,1492620748),(5797,'SUCCESS','plb3_question','INSERTING NEW DATA WITH ID #46',8,1492620759,8,1492620759),(5798,'SUCCESS','codeset','UPDATING DATA ID #104',8,1492620932,8,1492620932),(5799,'SUCCESS','plb3_question','UPDATING DATA ID #36',8,1492620976,8,1492620976),(5800,'SUCCESS','log_dirty','INSERTING NEW DATA WITH ID #202',8,1492620976,8,1492620976),(5801,'SUCCESS','plb3_question','UPDATING DATA ID #37',8,1492620987,8,1492620987),(5802,'SUCCESS','log_dirty','INSERTING NEW DATA WITH ID #203',8,1492620987,8,1492620987),(5803,'SUCCESS','plb3_checklist_detail','INSERTING NEW DATA WITH ID #6',8,1492621043,8,1492621043),(5804,'SUCCESS','plb3_checklist_answer','INSERTING NEW DATA WITH ID #37',8,1492621043,8,1492621043),(5805,'SUCCESS','plb3_checklist_answer','INSERTING NEW DATA WITH ID #38',8,1492621043,8,1492621043),(5806,'SUCCESS','plb3_checklist_answer','INSERTING NEW DATA WITH ID #39',8,1492621043,8,1492621043),(5807,'SUCCESS','plb3_checklist_answer','INSERTING NEW DATA WITH ID #40',8,1492621043,8,1492621043),(5808,'SUCCESS','plb3_checklist_answer','INSERTING NEW DATA WITH ID #41',8,1492621043,8,1492621043),(5809,'SUCCESS','plb3_checklist_answer','INSERTING NEW DATA WITH ID #42',8,1492621043,8,1492621043),(5810,'SUCCESS','plb3_checklist_answer','INSERTING NEW DATA WITH ID #43',8,1492621043,8,1492621043),(5811,'SUCCESS','plb3_checklist_answer','INSERTING NEW DATA WITH ID #44',8,1492621043,8,1492621043),(5812,'SUCCESS','plb3_checklist_detail','INSERTING NEW DATA WITH ID #7',8,1492621145,8,1492621145),(5813,'SUCCESS','plb3_checklist_answer','INSERTING NEW DATA WITH ID #45',8,1492621145,8,1492621145),(5814,'SUCCESS','plb3_checklist_answer','INSERTING NEW DATA WITH ID #46',8,1492621145,8,1492621145),(5815,'SUCCESS','plb3_checklist_answer','INSERTING NEW DATA WITH ID #47',8,1492621145,8,1492621145),(5816,'SUCCESS','plb3_checklist_answer','INSERTING NEW DATA WITH ID #48',8,1492621145,8,1492621145),(5817,'SUCCESS','plb3_checklist_answer','INSERTING NEW DATA WITH ID #49',8,1492621145,8,1492621145),(5818,'SUCCESS','plb3_checklist_answer','INSERTING NEW DATA WITH ID #50',8,1492621145,8,1492621145),(5819,'SUCCESS','plb3_checklist_answer','INSERTING NEW DATA WITH ID #51',8,1492621145,8,1492621145),(5820,'SUCCESS','plb3_checklist_detail','UPDATING DATA ID #5',8,1492622135,8,1492622135),(5821,'SUCCESS','plb3_checklist_answer','UPDATING DATA ID #28',8,1492622135,8,1492622135),(5822,'SUCCESS','attachment','INSERTING NEW DATA WITH ID #43',8,1492622136,8,1492622136),(5823,'SUCCESS','attachment_owner','INSERTING NEW DATA WITH ID #44',8,1492622136,8,1492622136),(5824,'SUCCESS','plb3_checklist_answer','UPDATING DATA ID #29',8,1492622136,8,1492622136),(5825,'SUCCESS','plb3_checklist_answer','UPDATING DATA ID #30',8,1492622136,8,1492622136),(5826,'SUCCESS','plb3_checklist_answer','UPDATING DATA ID #31',8,1492622136,8,1492622136),(5827,'SUCCESS','plb3_checklist_answer','UPDATING DATA ID #32',8,1492622136,8,1492622136),(5828,'SUCCESS','plb3_checklist_answer','UPDATING DATA ID #33',8,1492622136,8,1492622136),(5829,'SUCCESS','plb3_checklist_answer','UPDATING DATA ID #34',8,1492622136,8,1492622136),(5830,'SUCCESS','plb3_checklist_answer','UPDATING DATA ID #35',8,1492622136,8,1492622136),(5831,'SUCCESS','plb3_checklist_answer','UPDATING DATA ID #36',8,1492622136,8,1492622136),(5832,'SUCCESS','attachment','DELETING DATA ID #43',8,1492622265,8,1492622265),(5833,'SUCCESS','plb3_checklist_detail','UPDATING DATA ID #5',8,1492622300,8,1492622300),(5834,'SUCCESS','plb3_checklist_answer','UPDATING DATA ID #28',8,1492622300,8,1492622300),(5835,'SUCCESS','attachment','INSERTING NEW DATA WITH ID #44',8,1492622301,8,1492622301),(5836,'SUCCESS','attachment_owner','INSERTING NEW DATA WITH ID #45',8,1492622301,8,1492622301),(5837,'SUCCESS','plb3_checklist_answer','UPDATING DATA ID #29',8,1492622301,8,1492622301),(5838,'SUCCESS','attachment','INSERTING NEW DATA WITH ID #45',8,1492622302,8,1492622302),(5839,'SUCCESS','attachment_owner','INSERTING NEW DATA WITH ID #46',8,1492622302,8,1492622302),(5840,'SUCCESS','plb3_checklist_answer','UPDATING DATA ID #30',8,1492622302,8,1492622302),(5841,'SUCCESS','plb3_checklist_answer','UPDATING DATA ID #31',8,1492622302,8,1492622302),(5842,'SUCCESS','plb3_checklist_answer','UPDATING DATA ID #32',8,1492622302,8,1492622302),(5843,'SUCCESS','plb3_checklist_answer','UPDATING DATA ID #33',8,1492622302,8,1492622302),(5844,'SUCCESS','plb3_checklist_answer','UPDATING DATA ID #34',8,1492622302,8,1492622302),(5845,'SUCCESS','plb3_checklist_answer','UPDATING DATA ID #35',8,1492622302,8,1492622302),(5846,'SUCCESS','plb3_checklist_answer','UPDATING DATA ID #36',8,1492622302,8,1492622302),(5847,'SUCCESS','attachment','DELETING DATA ID #44',8,1492622366,8,1492622366),(5848,'SUCCESS','attachment','DELETING DATA ID #45',8,1492622370,8,1492622370),(5849,'SUCCESS','plb3_checklist_detail','UPDATING DATA ID #5',8,1492624581,8,1492624581),(5850,'SUCCESS','plb3_checklist_answer','UPDATING DATA ID #28',8,1492624581,8,1492624581),(5851,'SUCCESS','attachment','INSERTING NEW DATA WITH ID #46',8,1492624582,8,1492624582),(5852,'SUCCESS','attachment_owner','INSERTING NEW DATA WITH ID #47',8,1492624582,8,1492624582),(5853,'SUCCESS','plb3_checklist_answer','UPDATING DATA ID #29',8,1492624582,8,1492624582),(5854,'SUCCESS','plb3_checklist_answer','UPDATING DATA ID #30',8,1492624582,8,1492624582),(5855,'SUCCESS','plb3_checklist_answer','UPDATING DATA ID #31',8,1492624582,8,1492624582),(5856,'SUCCESS','plb3_checklist_answer','UPDATING DATA ID #32',8,1492624582,8,1492624582),(5857,'SUCCESS','plb3_checklist_answer','UPDATING DATA ID #33',8,1492624582,8,1492624582),(5858,'SUCCESS','plb3_checklist_answer','UPDATING DATA ID #34',8,1492624582,8,1492624582),(5859,'SUCCESS','plb3_checklist_answer','UPDATING DATA ID #35',8,1492624582,8,1492624582),(5860,'SUCCESS','plb3_checklist_answer','UPDATING DATA ID #36',8,1492624582,8,1492624582),(5861,'SUCCESS','plb3_checklist_detail','UPDATING DATA ID #5',8,1492625953,8,1492625953),(5862,'SUCCESS','plb3_checklist_answer','UPDATING DATA ID #28',8,1492625954,8,1492625954),(5863,'SUCCESS','plb3_checklist_answer','UPDATING DATA ID #29',8,1492625954,8,1492625954),(5864,'SUCCESS','log_dirty','INSERTING NEW DATA WITH ID #204',8,1492625954,8,1492625954),(5865,'SUCCESS','plb3_checklist_answer','UPDATING DATA ID #30',8,1492625954,8,1492625954),(5866,'SUCCESS','plb3_checklist_answer','UPDATING DATA ID #31',8,1492625954,8,1492625954),(5867,'SUCCESS','plb3_checklist_answer','UPDATING DATA ID #32',8,1492625954,8,1492625954),(5868,'SUCCESS','plb3_checklist_answer','UPDATING DATA ID #33',8,1492625954,8,1492625954),(5869,'SUCCESS','plb3_checklist_answer','UPDATING DATA ID #34',8,1492625954,8,1492625954),(5870,'SUCCESS','plb3_checklist_answer','UPDATING DATA ID #35',8,1492625954,8,1492625954),(5871,'SUCCESS','plb3_checklist_answer','UPDATING DATA ID #36',8,1492625954,8,1492625954),(5872,'SUCCESS','attachment','DELETING DATA ID #46',8,1492626475,8,1492626475),(5873,'SUCCESS','plb3_question','INSERTING NEW DATA WITH ID #47',8,1492673527,8,1492673527),(5874,'SUCCESS','plb3_checklist_answer','INSERTING NEW DATA WITH ID #52',8,1492673527,8,1492673527),(5875,'SUCCESS','plb3_question','INSERTING NEW DATA WITH ID #48',8,1492673537,8,1492673537),(5876,'SUCCESS','plb3_checklist_answer','INSERTING NEW DATA WITH ID #53',8,1492673537,8,1492673537),(5877,'SUCCESS','attachment_owner','DELETING DATA ID #43',8,1492674671,8,1492674671),(5878,'SUCCESS','environment_permit','DELETING DATA ID #5',8,1492674671,8,1492674671),(5879,'SUCCESS','environment_permit','INSERTING NEW DATA WITH ID #6',8,1492675121,8,1492675121),(5880,'SUCCESS','environment_permit_detail','INSERTING NEW DATA WITH ID #7',8,1492675121,8,1492675121),(5881,'SUCCESS','attachment','INSERTING NEW DATA WITH ID #43',8,1492675122,8,1492675122),(5882,'SUCCESS','attachment_owner','INSERTING NEW DATA WITH ID #44',8,1492675122,8,1492675122),(5883,'SUCCESS','plb3_checklist_detail','UPDATING DATA ID #5',8,1492677199,8,1492677199),(5884,'SUCCESS','plb3_checklist_answer','UPDATING DATA ID #28',8,1492677199,8,1492677199),(5885,'SUCCESS','plb3_checklist_answer','UPDATING DATA ID #29',8,1492677199,8,1492677199),(5886,'SUCCESS','plb3_checklist_answer','UPDATING DATA ID #52',8,1492677199,8,1492677199),(5887,'SUCCESS','log_dirty','INSERTING NEW DATA WITH ID #205',8,1492677200,8,1492677200),(5888,'SUCCESS','plb3_checklist_answer','UPDATING DATA ID #53',8,1492677200,8,1492677200),(5889,'SUCCESS','plb3_checklist_answer','UPDATING DATA ID #30',8,1492677200,8,1492677200),(5890,'SUCCESS','plb3_checklist_answer','UPDATING DATA ID #31',8,1492677200,8,1492677200),(5891,'SUCCESS','plb3_checklist_answer','UPDATING DATA ID #32',8,1492677200,8,1492677200),(5892,'SUCCESS','plb3_checklist_answer','UPDATING DATA ID #33',8,1492677200,8,1492677200),(5893,'SUCCESS','plb3_checklist_answer','UPDATING DATA ID #34',8,1492677200,8,1492677200),(5894,'SUCCESS','plb3_checklist_answer','UPDATING DATA ID #35',8,1492677200,8,1492677200),(5895,'SUCCESS','plb3_checklist_answer','UPDATING DATA ID #36',8,1492677200,8,1492677200),(5896,'SUCCESS','roadmap_k3l_attribute','INSERTING NEW DATA WITH ID #12',8,1492855577,8,1492855577),(5897,'SUCCESS','roadmap_k3l','INSERTING NEW DATA WITH ID #3',8,1492857183,8,1492857183),(5898,'SUCCESS','roadmap_k3l_item','INSERTING NEW DATA WITH ID #7',8,1492857183,8,1492857183),(5899,'SUCCESS','roadmap_k3l','UPDATING DATA ID #3',8,1492857201,8,1492857201),(5900,'SUCCESS','roadmap_k3l_item','UPDATING DATA ID #7',8,1492857202,8,1492857202),(5901,'SUCCESS','log_dirty','INSERTING NEW DATA WITH ID #206',8,1492857202,8,1492857202),(5906,'SUCCESS','budget_monitoring','UPDATING DATA ID #2',8,1492858476,8,1492858476),(5907,'SUCCESS','budget_monitoring_detail','UPDATING DATA ID #2',8,1492858476,8,1492858476),(5908,'SUCCESS','budget_monitoring_month','UPDATING DATA ID #13',8,1492858476,8,1492858476),(5909,'SUCCESS','budget_monitoring_month','UPDATING DATA ID #14',8,1492858476,8,1492858476),(5910,'SUCCESS','budget_monitoring_month','UPDATING DATA ID #15',8,1492858476,8,1492858476),(5911,'SUCCESS','budget_monitoring_month','UPDATING DATA ID #16',8,1492858476,8,1492858476),(5912,'SUCCESS','budget_monitoring_month','UPDATING DATA ID #17',8,1492858476,8,1492858476),(5913,'SUCCESS','budget_monitoring_month','UPDATING DATA ID #18',8,1492858476,8,1492858476),(5914,'SUCCESS','budget_monitoring_month','UPDATING DATA ID #19',8,1492858476,8,1492858476),(5915,'SUCCESS','budget_monitoring_month','UPDATING DATA ID #20',8,1492858476,8,1492858476),(5916,'SUCCESS','budget_monitoring_month','UPDATING DATA ID #21',8,1492858476,8,1492858476),(5917,'SUCCESS','budget_monitoring_month','UPDATING DATA ID #22',8,1492858476,8,1492858476),(5918,'SUCCESS','budget_monitoring_month','UPDATING DATA ID #23',8,1492858476,8,1492858476),(5919,'SUCCESS','budget_monitoring_month','UPDATING DATA ID #24',8,1492858476,8,1492858476),(5920,'SUCCESS','sector','UPDATING DATA ID #5',8,1492871279,8,1492871279),(5921,'SUCCESS','log_dirty','INSERTING NEW DATA WITH ID #207',8,1492871279,8,1492871279),(5922,'SUCCESS','sector','UPDATING DATA ID #8',8,1492871289,8,1492871289),(5923,'SUCCESS','log_dirty','INSERTING NEW DATA WITH ID #208',8,1492871289,8,1492871289),(5924,'SUCCESS','sector','UPDATING DATA ID #7',8,1492871346,8,1492871346),(5925,'SUCCESS','log_dirty','INSERTING NEW DATA WITH ID #209',8,1492871346,8,1492871346),(5926,'SUCCESS','sector','UPDATING DATA ID #6',8,1492871353,8,1492871353),(5927,'SUCCESS','log_dirty','INSERTING NEW DATA WITH ID #210',8,1492871353,8,1492871353),(5928,'SUCCESS','sector','UPDATING DATA ID #4',8,1492871359,8,1492871359),(5929,'SUCCESS','log_dirty','INSERTING NEW DATA WITH ID #211',8,1492871360,8,1492871360),(5930,'SUCCESS','sector','UPDATING DATA ID #2',8,1492871365,8,1492871365),(5931,'SUCCESS','log_dirty','INSERTING NEW DATA WITH ID #212',8,1492871365,8,1492871365),(5932,'SUCCESS','sector','UPDATING DATA ID #3',8,1492871370,8,1492871370),(5933,'SUCCESS','log_dirty','INSERTING NEW DATA WITH ID #213',8,1492871370,8,1492871370),(5934,'SUCCESS','sector','UPDATING DATA ID #1',8,1492871377,8,1492871377),(5935,'SUCCESS','log_dirty','INSERTING NEW DATA WITH ID #214',8,1492871377,8,1492871377),(5936,'SUCCESS','sector','UPDATING DATA ID #9',8,1492871384,8,1492871384),(5937,'SUCCESS','log_dirty','INSERTING NEW DATA WITH ID #215',8,1492871384,8,1492871384),(5938,'SUCCESS','sector','INSERTING NEW DATA WITH ID #10',8,1492871390,8,1492871390),(5939,'SUCCESS','smk3','INSERTING NEW DATA WITH ID #8',8,1492882423,8,1492882423),(5940,'SUCCESS','smk3_detail','INSERTING NEW DATA WITH ID #390',8,1492882423,8,1492882423),(5941,'SUCCESS','smk3_detail','INSERTING NEW DATA WITH ID #391',8,1492882423,8,1492882423),(5942,'SUCCESS','smk3_detail','INSERTING NEW DATA WITH ID #392',8,1492882424,8,1492882424),(5943,'SUCCESS','smk3_detail','INSERTING NEW DATA WITH ID #393',8,1492882424,8,1492882424),(5944,'SUCCESS','smk3_detail','INSERTING NEW DATA WITH ID #394',8,1492882424,8,1492882424),(5945,'SUCCESS','smk3_detail','INSERTING NEW DATA WITH ID #395',8,1492882424,8,1492882424),(5946,'SUCCESS','smk3_detail','INSERTING NEW DATA WITH ID #396',8,1492882424,8,1492882424),(5947,'SUCCESS','smk3_detail','INSERTING NEW DATA WITH ID #397',8,1492882424,8,1492882424),(5948,'SUCCESS','smk3_detail','INSERTING NEW DATA WITH ID #398',8,1492882424,8,1492882424),(5949,'SUCCESS','smk3_detail','INSERTING NEW DATA WITH ID #399',8,1492882424,8,1492882424),(5950,'SUCCESS','smk3_detail','INSERTING NEW DATA WITH ID #400',8,1492882424,8,1492882424),(5951,'SUCCESS','smk3_detail','INSERTING NEW DATA WITH ID #401',8,1492882424,8,1492882424),(5952,'SUCCESS','smk3_detail','INSERTING NEW DATA WITH ID #402',8,1492882424,8,1492882424),(5953,'SUCCESS','smk3_detail','INSERTING NEW DATA WITH ID #403',8,1492882424,8,1492882424),(5954,'SUCCESS','smk3_detail','INSERTING NEW DATA WITH ID #404',8,1492882424,8,1492882424),(5955,'SUCCESS','smk3_detail','INSERTING NEW DATA WITH ID #405',8,1492882424,8,1492882424),(5956,'SUCCESS','smk3_detail','INSERTING NEW DATA WITH ID #406',8,1492882424,8,1492882424),(5957,'SUCCESS','smk3_detail','INSERTING NEW DATA WITH ID #407',8,1492882424,8,1492882424),(5958,'SUCCESS','smk3_detail','INSERTING NEW DATA WITH ID #408',8,1492882424,8,1492882424),(5959,'SUCCESS','smk3_detail','INSERTING NEW DATA WITH ID #409',8,1492882424,8,1492882424),(5960,'SUCCESS','smk3_detail','INSERTING NEW DATA WITH ID #410',8,1492882424,8,1492882424),(5961,'SUCCESS','smk3_detail','INSERTING NEW DATA WITH ID #411',8,1492882424,8,1492882424),(5962,'SUCCESS','smk3_detail','INSERTING NEW DATA WITH ID #412',8,1492882424,8,1492882424),(5963,'SUCCESS','smk3_detail','INSERTING NEW DATA WITH ID #413',8,1492882424,8,1492882424),(5964,'SUCCESS','smk3_detail','INSERTING NEW DATA WITH ID #414',8,1492882424,8,1492882424),(5965,'SUCCESS','smk3_detail','INSERTING NEW DATA WITH ID #415',8,1492882424,8,1492882424),(5966,'SUCCESS','smk3_detail','INSERTING NEW DATA WITH ID #416',8,1492882424,8,1492882424),(5967,'SUCCESS','smk3_detail','INSERTING NEW DATA WITH ID #417',8,1492882424,8,1492882424),(5968,'SUCCESS','smk3_detail','INSERTING NEW DATA WITH ID #418',8,1492882424,8,1492882424),(5969,'SUCCESS','smk3_detail','INSERTING NEW DATA WITH ID #419',8,1492882424,8,1492882424),(5970,'SUCCESS','smk3_detail','INSERTING NEW DATA WITH ID #420',8,1492882424,8,1492882424),(5971,'SUCCESS','smk3_detail','INSERTING NEW DATA WITH ID #421',8,1492882424,8,1492882424),(5972,'SUCCESS','smk3_detail','INSERTING NEW DATA WITH ID #422',8,1492882424,8,1492882424),(5973,'SUCCESS','smk3','UPDATING DATA ID #8',8,1492884852,8,1492884852),(5974,'SUCCESS','smk3_detail','UPDATING DATA ID #390',8,1492884852,8,1492884852),(5975,'SUCCESS','smk3_detail','UPDATING DATA ID #391',8,1492884852,8,1492884852),(5976,'SUCCESS','smk3_detail','UPDATING DATA ID #392',8,1492884852,8,1492884852),(5977,'SUCCESS','smk3_detail','UPDATING DATA ID #393',8,1492884852,8,1492884852),(5978,'SUCCESS','smk3_detail','UPDATING DATA ID #394',8,1492884852,8,1492884852),(5979,'SUCCESS','smk3_detail','UPDATING DATA ID #395',8,1492884852,8,1492884852),(5980,'SUCCESS','smk3_detail','UPDATING DATA ID #396',8,1492884852,8,1492884852),(5981,'SUCCESS','smk3_detail','UPDATING DATA ID #397',8,1492884852,8,1492884852),(5982,'SUCCESS','smk3_detail','UPDATING DATA ID #398',8,1492884852,8,1492884852),(5983,'SUCCESS','smk3_detail','UPDATING DATA ID #399',8,1492884852,8,1492884852),(5984,'SUCCESS','smk3_detail','UPDATING DATA ID #400',8,1492884852,8,1492884852),(5985,'SUCCESS','smk3_detail','UPDATING DATA ID #401',8,1492884852,8,1492884852),(5986,'SUCCESS','smk3_detail','UPDATING DATA ID #402',8,1492884852,8,1492884852),(5987,'SUCCESS','smk3_detail','UPDATING DATA ID #403',8,1492884852,8,1492884852),(5988,'SUCCESS','smk3_detail','UPDATING DATA ID #404',8,1492884852,8,1492884852),(5989,'SUCCESS','smk3_detail','UPDATING DATA ID #405',8,1492884852,8,1492884852),(5990,'SUCCESS','smk3_detail','UPDATING DATA ID #406',8,1492884852,8,1492884852),(5991,'SUCCESS','smk3_detail','UPDATING DATA ID #407',8,1492884852,8,1492884852),(5992,'SUCCESS','smk3_detail','UPDATING DATA ID #408',8,1492884852,8,1492884852),(5993,'SUCCESS','smk3_detail','UPDATING DATA ID #409',8,1492884852,8,1492884852),(5994,'SUCCESS','smk3_detail','UPDATING DATA ID #410',8,1492884852,8,1492884852),(5995,'SUCCESS','smk3_detail','UPDATING DATA ID #411',8,1492884852,8,1492884852),(5996,'SUCCESS','smk3_detail','UPDATING DATA ID #412',8,1492884852,8,1492884852),(5997,'SUCCESS','smk3_detail','UPDATING DATA ID #413',8,1492884852,8,1492884852),(5998,'SUCCESS','smk3_detail','UPDATING DATA ID #414',8,1492884852,8,1492884852),(5999,'SUCCESS','log_dirty','INSERTING NEW DATA WITH ID #216',8,1492884852,8,1492884852),(6000,'SUCCESS','smk3_detail','UPDATING DATA ID #415',8,1492884852,8,1492884852),(6001,'SUCCESS','log_dirty','INSERTING NEW DATA WITH ID #217',8,1492884852,8,1492884852),(6002,'SUCCESS','smk3_detail','UPDATING DATA ID #416',8,1492884852,8,1492884852),(6003,'SUCCESS','smk3_detail','UPDATING DATA ID #417',8,1492884852,8,1492884852),(6004,'SUCCESS','smk3_detail','UPDATING DATA ID #418',8,1492884852,8,1492884852),(6005,'SUCCESS','smk3_detail','UPDATING DATA ID #419',8,1492884852,8,1492884852),(6006,'SUCCESS','smk3_detail','UPDATING DATA ID #420',8,1492884852,8,1492884852),(6007,'SUCCESS','smk3_detail','UPDATING DATA ID #421',8,1492884852,8,1492884852),(6008,'SUCCESS','log_dirty','INSERTING NEW DATA WITH ID #218',8,1492884852,8,1492884852),(6009,'SUCCESS','smk3_detail','UPDATING DATA ID #422',8,1492884852,8,1492884852),(6010,'SUCCESS','log_dirty','INSERTING NEW DATA WITH ID #219',8,1492884852,8,1492884852),(6011,'SUCCESS','codeset','INSERTING NEW DATA WITH ID #108',8,1492887010,8,1492887010),(6012,'SUCCESS','maturity_level_question','INSERTING NEW DATA WITH ID #1',8,1492887023,8,1492887023),(6031,'SUCCESS','maturity_level','INSERTING NEW DATA WITH ID #19',8,1492887754,8,1492887754),(6032,'SUCCESS','maturity_level_detail','INSERTING NEW DATA WITH ID #1',8,1492887754,8,1492887754),(6033,'SUCCESS','plb3_self_assessment','INSERTING NEW DATA WITH ID #3',8,1492946604,8,1492946604),(6034,'SUCCESS','plb3_sa_company_profile','INSERTING NEW DATA WITH ID #2',8,1492946802,8,1492946802),(6035,'SUCCESS','sector','UPDATING DATA ID #10',8,1492964088,8,1492964088),(6039,'SUCCESS','skko','INSERTING NEW DATA WITH ID #4',8,1493027039,8,1493027039),(6040,'SUCCESS','skko_detail','INSERTING NEW DATA WITH ID #1',8,1493027039,8,1493027039),(6041,'SUCCESS','attachment','INSERTING NEW DATA WITH ID #44',8,1493027041,8,1493027041),(6042,'SUCCESS','attachment_owner','INSERTING NEW DATA WITH ID #45',8,1493027041,8,1493027041),(6043,'SUCCESS','skko','UPDATING DATA ID #4',8,1493027626,8,1493027626),(6044,'SUCCESS','skko_detail','UPDATING DATA ID #1',8,1493027626,8,1493027626),(6045,'SUCCESS','log_dirty','INSERTING NEW DATA WITH ID #220',8,1493027626,8,1493027626),(6046,'SUCCESS','attachment','DELETING DATA ID #44',8,1493027638,8,1493027638),(6047,'SUCCESS','skko_detail','DELETING DATA ID #1',8,1493029481,8,1493029481),(6048,'SUCCESS','skko','DELETING DATA ID #4',8,1493029833,8,1493029833),(6049,'SUCCESS','skko','INSERTING NEW DATA WITH ID #5',8,1493029847,8,1493029847),(6050,'SUCCESS','skko_detail','INSERTING NEW DATA WITH ID #2',8,1493029847,8,1493029847),(6051,'SUCCESS','attachment','INSERTING NEW DATA WITH ID #45',8,1493029848,8,1493029848),(6052,'SUCCESS','attachment_owner','INSERTING NEW DATA WITH ID #46',8,1493029848,8,1493029848),(6053,'SUCCESS','skko','INSERTING NEW DATA WITH ID #6',8,1493031778,8,1493031778),(6054,'SUCCESS','skko_detail','INSERTING NEW DATA WITH ID #3',8,1493031778,8,1493031778),(6055,'SUCCESS','attachment','INSERTING NEW DATA WITH ID #46',8,1493031779,8,1493031779),(6056,'SUCCESS','attachment_owner','INSERTING NEW DATA WITH ID #47',8,1493031779,8,1493031779),(6057,'SUCCESS','skko_detail','INSERTING NEW DATA WITH ID #4',8,1493031779,8,1493031779),(6058,'SUCCESS','attachment','INSERTING NEW DATA WITH ID #47',8,1493031780,8,1493031780),(6059,'SUCCESS','attachment_owner','INSERTING NEW DATA WITH ID #48',8,1493031780,8,1493031780),(6060,'SUCCESS','skko','UPDATING DATA ID #6',8,1493031863,8,1493031863),(6061,'SUCCESS','skko_detail','UPDATING DATA ID #3',8,1493031863,8,1493031863),(6062,'SUCCESS','skko_detail','UPDATING DATA ID #4',8,1493031863,8,1493031863),(6063,'SUCCESS','skko_detail','INSERTING NEW DATA WITH ID #5',8,1493031863,8,1493031863),(6064,'SUCCESS','attachment','INSERTING NEW DATA WITH ID #48',8,1493031864,8,1493031864),(6065,'SUCCESS','attachment_owner','INSERTING NEW DATA WITH ID #49',8,1493031864,8,1493031864),(6066,'SUCCESS','attachment','DELETING DATA ID #48',8,1493031916,8,1493031916),(6067,'SUCCESS','skko_detail','DELETING DATA ID #5',8,1493031917,8,1493031917),(6068,'SUCCESS','attachment','DELETING DATA ID #47',8,1493031960,8,1493031960),(6069,'SUCCESS','skko_detail','DELETING DATA ID #4',8,1493031960,8,1493031960),(6070,'SUCCESS','skko','INSERTING NEW DATA WITH ID #7',8,1493051439,8,1493051439),(6071,'SUCCESS','skko_detail','INSERTING NEW DATA WITH ID #4',8,1493051439,8,1493051439),(6072,'SUCCESS','attachment','INSERTING NEW DATA WITH ID #47',8,1493051440,8,1493051440),(6073,'SUCCESS','attachment_owner','INSERTING NEW DATA WITH ID #48',8,1493051440,8,1493051440),(6074,'SUCCESS','skko_detail','INSERTING NEW DATA WITH ID #5',8,1493051440,8,1493051440),(6075,'SUCCESS','attachment','INSERTING NEW DATA WITH ID #48',8,1493051441,8,1493051441),(6076,'SUCCESS','attachment_owner','INSERTING NEW DATA WITH ID #49',8,1493051441,8,1493051441),(6077,'SUCCESS','skko_detail','INSERTING NEW DATA WITH ID #6',8,1493051441,8,1493051441),(6078,'SUCCESS','attachment','INSERTING NEW DATA WITH ID #49',8,1493051442,8,1493051442),(6079,'SUCCESS','attachment_owner','INSERTING NEW DATA WITH ID #50',8,1493051442,8,1493051442),(6080,'SUCCESS','skko_detail','INSERTING NEW DATA WITH ID #7',8,1493051442,8,1493051442),(6081,'SUCCESS','attachment','INSERTING NEW DATA WITH ID #50',8,1493051443,8,1493051443),(6082,'SUCCESS','attachment_owner','INSERTING NEW DATA WITH ID #51',8,1493051443,8,1493051443),(6083,'SUCCESS','skko','INSERTING NEW DATA WITH ID #8',8,1493052041,8,1493052041),(6084,'SUCCESS','skko_detail','INSERTING NEW DATA WITH ID #8',8,1493052041,8,1493052041),(6085,'SUCCESS','attachment','INSERTING NEW DATA WITH ID #51',8,1493052042,8,1493052042),(6086,'SUCCESS','attachment_owner','INSERTING NEW DATA WITH ID #52',8,1493052042,8,1493052042),(6087,'SUCCESS','skko','DELETING DATA ID #8',8,1493052132,8,1493052132),(6088,'SUCCESS','skko','DELETING DATA ID #7',8,1493052218,8,1493052218),(6089,'SUCCESS','attachment','DELETING DATA ID #46',8,1493052395,8,1493052395),(6090,'SUCCESS','skko','DELETING DATA ID #6',8,1493052395,8,1493052395),(6091,'SUCCESS','attachment','DELETING DATA ID #45',8,1493052397,8,1493052397),(6092,'SUCCESS','skko','DELETING DATA ID #5',8,1493052397,8,1493052397),(6093,'SUCCESS','skko','INSERTING NEW DATA WITH ID #9',8,1493052455,8,1493052455),(6094,'SUCCESS','skko_detail','INSERTING NEW DATA WITH ID #9',8,1493052455,8,1493052455),(6095,'SUCCESS','attachment','INSERTING NEW DATA WITH ID #52',8,1493052456,8,1493052456),(6096,'SUCCESS','attachment_owner','INSERTING NEW DATA WITH ID #53',8,1493052456,8,1493052456),(6097,'SUCCESS','attachment','DELETING DATA ID #52',8,1493052464,8,1493052464),(6098,'SUCCESS','skko','DELETING DATA ID #9',8,1493052464,8,1493052464),(6099,'SUCCESS','skko','INSERTING NEW DATA WITH ID #10',8,1493052498,8,1493052498),(6100,'SUCCESS','skko_detail','INSERTING NEW DATA WITH ID #10',8,1493052498,8,1493052498),(6101,'SUCCESS','attachment','INSERTING NEW DATA WITH ID #53',8,1493052499,8,1493052499),(6102,'SUCCESS','attachment_owner','INSERTING NEW DATA WITH ID #54',8,1493052499,8,1493052499),(6103,'SUCCESS','skko_detail','INSERTING NEW DATA WITH ID #11',8,1493052499,8,1493052499),(6104,'SUCCESS','attachment','INSERTING NEW DATA WITH ID #54',8,1493052500,8,1493052500),(6105,'SUCCESS','attachment_owner','INSERTING NEW DATA WITH ID #55',8,1493052500,8,1493052500),(6106,'SUCCESS','attachment','DELETING DATA ID #53',8,1493052515,8,1493052515),(6107,'SUCCESS','attachment','DELETING DATA ID #54',8,1493052515,8,1493052515),(6108,'SUCCESS','skko','DELETING DATA ID #10',8,1493052515,8,1493052515),(6109,'SUCCESS','ppa_setup_permit','UPDATING DATA ID #1',8,1493057895,8,1493057895),(6110,'SUCCESS','ppa_month','UPDATING DATA ID #1',8,1493057895,8,1493057895),(6111,'SUCCESS','ppa_month','UPDATING DATA ID #2',8,1493057895,8,1493057895),(6112,'SUCCESS','ppa_month','UPDATING DATA ID #3',8,1493057895,8,1493057895),(6113,'SUCCESS','ppa_month','UPDATING DATA ID #4',8,1493057895,8,1493057895),(6114,'SUCCESS','ppa_month','UPDATING DATA ID #5',8,1493057895,8,1493057895),(6115,'SUCCESS','ppa_month','UPDATING DATA ID #6',8,1493057895,8,1493057895),(6116,'SUCCESS','ppa_month','UPDATING DATA ID #7',8,1493057895,8,1493057895),(6117,'SUCCESS','ppa_month','UPDATING DATA ID #8',8,1493057895,8,1493057895),(6118,'SUCCESS','ppa_month','UPDATING DATA ID #9',8,1493057895,8,1493057895),(6119,'SUCCESS','ppa_month','UPDATING DATA ID #10',8,1493057895,8,1493057895),(6120,'SUCCESS','ppa_month','UPDATING DATA ID #11',8,1493057895,8,1493057895),(6121,'SUCCESS','ppa_month','UPDATING DATA ID #12',8,1493057895,8,1493057895),(6122,'SUCCESS','ppa_setup_permit','UPDATING DATA ID #1',8,1493058154,8,1493058154),(6123,'SUCCESS','ppa_month','UPDATING DATA ID #1',8,1493058154,8,1493058154),(6124,'SUCCESS','attachment','INSERTING NEW DATA WITH ID #55',8,1493058155,8,1493058155),(6125,'SUCCESS','attachment_owner','INSERTING NEW DATA WITH ID #56',8,1493058155,8,1493058155),(6126,'SUCCESS','ppa_month','UPDATING DATA ID #2',8,1493058155,8,1493058155),(6127,'SUCCESS','ppa_month','UPDATING DATA ID #3',8,1493058155,8,1493058155),(6128,'SUCCESS','ppa_month','UPDATING DATA ID #4',8,1493058155,8,1493058155),(6129,'SUCCESS','ppa_month','UPDATING DATA ID #5',8,1493058155,8,1493058155),(6130,'SUCCESS','ppa_month','UPDATING DATA ID #6',8,1493058155,8,1493058155),(6131,'SUCCESS','ppa_month','UPDATING DATA ID #7',8,1493058155,8,1493058155),(6132,'SUCCESS','ppa_month','UPDATING DATA ID #8',8,1493058155,8,1493058155),(6133,'SUCCESS','ppa_month','UPDATING DATA ID #9',8,1493058155,8,1493058155),(6134,'SUCCESS','ppa_month','UPDATING DATA ID #10',8,1493058155,8,1493058155),(6135,'SUCCESS','ppa_month','UPDATING DATA ID #11',8,1493058155,8,1493058155),(6136,'SUCCESS','ppa_month','UPDATING DATA ID #12',8,1493058155,8,1493058155),(6137,'SUCCESS','attachment','DELETING DATA ID #55',8,1493058196,8,1493058196),(6138,'SUCCESS','ppa_setup_permit','UPDATING DATA ID #1',8,1493058301,8,1493058301),(6139,'SUCCESS','ppa_month','UPDATING DATA ID #1',8,1493058301,8,1493058301),(6140,'SUCCESS','attachment','INSERTING NEW DATA WITH ID #56',8,1493058302,8,1493058302),(6141,'SUCCESS','attachment_owner','INSERTING NEW DATA WITH ID #57',8,1493058302,8,1493058302),(6142,'SUCCESS','ppa_month','UPDATING DATA ID #2',8,1493058303,8,1493058303),(6143,'SUCCESS','ppa_month','UPDATING DATA ID #3',8,1493058303,8,1493058303),(6144,'SUCCESS','ppa_month','UPDATING DATA ID #4',8,1493058303,8,1493058303),(6145,'SUCCESS','ppa_month','UPDATING DATA ID #5',8,1493058303,8,1493058303),(6146,'SUCCESS','ppa_month','UPDATING DATA ID #6',8,1493058303,8,1493058303),(6147,'SUCCESS','ppa_month','UPDATING DATA ID #7',8,1493058303,8,1493058303),(6148,'SUCCESS','ppa_month','UPDATING DATA ID #8',8,1493058303,8,1493058303),(6149,'SUCCESS','ppa_month','UPDATING DATA ID #9',8,1493058303,8,1493058303),(6150,'SUCCESS','ppa_month','UPDATING DATA ID #10',8,1493058303,8,1493058303),(6151,'SUCCESS','ppa_month','UPDATING DATA ID #11',8,1493058303,8,1493058303),(6152,'SUCCESS','ppa_month','UPDATING DATA ID #12',8,1493058303,8,1493058303),(6153,'SUCCESS','environment_permit','INSERTING NEW DATA WITH ID #7',8,1493061769,8,1493061769),(6154,'SUCCESS','environment_permit_detail','INSERTING NEW DATA WITH ID #8',8,1493061769,8,1493061769),(6155,'SUCCESS','attachment','INSERTING NEW DATA WITH ID #57',8,1493061770,8,1493061770),(6156,'SUCCESS','attachment_owner','INSERTING NEW DATA WITH ID #58',8,1493061770,8,1493061770),(6157,'SUCCESS','attachment','DELETING DATA ID #57',8,1493061862,8,1493061862),(6158,'SUCCESS','environment_permit','DELETING DATA ID #7',8,1493061862,8,1493061862),(6159,'SUCCESS','environment_permit','INSERTING NEW DATA WITH ID #1',8,1493111108,8,1493111108),(6160,'SUCCESS','environment_permit_detail','INSERTING NEW DATA WITH ID #1',8,1493116762,8,1493116762),(6161,'SUCCESS','attachment','INSERTING NEW DATA WITH ID #57',8,1493116763,8,1493116763),(6162,'SUCCESS','attachment_owner','INSERTING NEW DATA WITH ID #58',8,1493116763,8,1493116763),(6163,'SUCCESS','environment_permit_detail','INSERTING NEW DATA WITH ID #2',8,1493116929,8,1493116929),(6164,'SUCCESS','attachment','INSERTING NEW DATA WITH ID #58',8,1493116930,8,1493116930),(6165,'SUCCESS','attachment_owner','INSERTING NEW DATA WITH ID #59',8,1493116930,8,1493116930),(6166,'SUCCESS','environment_permit_detail','INSERTING NEW DATA WITH ID #3',8,1493116974,8,1493116974),(6167,'SUCCESS','attachment','INSERTING NEW DATA WITH ID #59',8,1493116975,8,1493116975),(6168,'SUCCESS','attachment_owner','INSERTING NEW DATA WITH ID #60',8,1493116975,8,1493116975),(6169,'SUCCESS','attachment','DELETING DATA ID #59',8,1493117117,8,1493117117),(6170,'SUCCESS','environment_permit_detail','DELETING DATA ID #3',8,1493117117,8,1493117117),(6171,'SUCCESS','attachment','DELETING DATA ID #58',8,1493117126,8,1493117126),(6172,'SUCCESS','environment_permit_detail','DELETING DATA ID #2',8,1493117126,8,1493117126),(6173,'SUCCESS','environment_permit_detail','DELETING DATA ID #1',8,1493117159,8,1493117159),(6174,'SUCCESS','environment_permit_detail','INSERTING NEW DATA WITH ID #4',8,1493117193,8,1493117193),(6175,'SUCCESS','attachment','INSERTING NEW DATA WITH ID #60',8,1493117194,8,1493117194),(6176,'SUCCESS','attachment_owner','INSERTING NEW DATA WITH ID #61',8,1493117194,8,1493117194),(6177,'SUCCESS','attachment','DELETING DATA ID #60',8,1493117201,8,1493117201),(6178,'SUCCESS','environment_permit_detail','DELETING DATA ID #4',8,1493117201,8,1493117201),(6179,'SUCCESS','environment_permit_detail','INSERTING NEW DATA WITH ID #5',8,1493117350,8,1493117350),(6180,'SUCCESS','environment_permit_detail','INSERTING NEW DATA WITH ID #6',8,1493117369,8,1493117369),(6181,'SUCCESS','attachment','INSERTING NEW DATA WITH ID #61',8,1493117370,8,1493117370),(6182,'SUCCESS','attachment_owner','INSERTING NEW DATA WITH ID #62',8,1493117370,8,1493117370),(6183,'SUCCESS','environment_permit_detail','INSERTING NEW DATA WITH ID #7',8,1493117389,8,1493117389),(6184,'SUCCESS','environment_permit_detail','INSERTING NEW DATA WITH ID #8',8,1493117490,8,1493117490),(6187,'SUCCESS','environment_permit_detail','INSERTING NEW DATA WITH ID #11',8,1493117801,8,1493117801),(6188,'SUCCESS','attachment','INSERTING NEW DATA WITH ID #62',8,1493117802,8,1493117802),(6189,'SUCCESS','attachment_owner','INSERTING NEW DATA WITH ID #63',8,1493117802,8,1493117802),(6190,'SUCCESS','attachment','DELETING DATA ID #62',8,1493117818,8,1493117818),(6191,'SUCCESS','environment_permit_detail','DELETING DATA ID #11',8,1493117818,8,1493117818),(6192,'SUCCESS','attachment','DELETING DATA ID #43',8,1493117821,8,1493117821),(6193,'SUCCESS','environment_permit_detail','DELETING DATA ID #7',8,1493117821,8,1493117821),(6194,'SUCCESS','attachment','DELETING DATA ID #61',8,1493117822,8,1493117822),(6195,'SUCCESS','environment_permit_detail','DELETING DATA ID #6',8,1493117823,8,1493117823),(6196,'SUCCESS','environment_permit_detail','DELETING DATA ID #5',8,1493117824,8,1493117824),(6197,'SUCCESS','environment_permit_detail','DELETING DATA ID #8',8,1493117825,8,1493117825),(6198,'SUCCESS','environment_permit_detail','INSERTING NEW DATA WITH ID #12',8,1493117905,8,1493117905),(6199,'SUCCESS','attachment','INSERTING NEW DATA WITH ID #63',8,1493117906,8,1493117906),(6200,'SUCCESS','attachment_owner','INSERTING NEW DATA WITH ID #64',8,1493117906,8,1493117906),(6201,'SUCCESS','attachment','DELETING DATA ID #63',8,1493117917,8,1493117917),(6202,'SUCCESS','environment_permit_detail','DELETING DATA ID #12',8,1493117917,8,1493117917),(6203,'SUCCESS','environment_permit_detail','INSERTING NEW DATA WITH ID #13',8,1493118055,8,1493118055),(6204,'SUCCESS','attachment','INSERTING NEW DATA WITH ID #64',8,1493118056,8,1493118056),(6205,'SUCCESS','attachment_owner','INSERTING NEW DATA WITH ID #65',8,1493118056,8,1493118056),(6206,'SUCCESS','environment_permit_report','INSERTING NEW DATA WITH ID #1',8,1493128891,8,1493128891),(6207,'SUCCESS','environment_permit_report','UPDATING DATA ID #1',8,1493129125,8,1493129125),(6208,'SUCCESS','environment_permit_report','UPDATING DATA ID #1',8,1493129201,8,1493129201),(6209,'SUCCESS','attachment','INSERTING NEW DATA WITH ID #65',8,1493129202,8,1493129202),(6210,'SUCCESS','attachment_owner','INSERTING NEW DATA WITH ID #66',8,1493129202,8,1493129202),(6211,'SUCCESS','environment_permit_detail','DELETING DATA ID #13',8,1493129218,8,1493129218),(6212,'SUCCESS','environment_permit_detail','INSERTING NEW DATA WITH ID #14',8,1493129343,8,1493129343),(6213,'SUCCESS','attachment','INSERTING NEW DATA WITH ID #66',8,1493129344,8,1493129344),(6214,'SUCCESS','attachment_owner','INSERTING NEW DATA WITH ID #67',8,1493129344,8,1493129344),(6215,'SUCCESS','attachment','DELETING DATA ID #66',8,1493129351,8,1493129351),(6216,'SUCCESS','environment_permit_detail','DELETING DATA ID #14',8,1493129352,8,1493129352),(6217,'SUCCESS','attachment','DELETING DATA ID #65',8,1493129642,8,1493129642),(6218,'SUCCESS','environment_permit_report','DELETING DATA ID #1',8,1493129642,8,1493129642),(6219,'SUCCESS','environment_permit_detail','INSERTING NEW DATA WITH ID #15',8,1493130635,8,1493130635),(6220,'SUCCESS','attachment','INSERTING NEW DATA WITH ID #67',8,1493130636,8,1493130636),(6221,'SUCCESS','attachment_owner','INSERTING NEW DATA WITH ID #68',8,1493130636,8,1493130636),(6222,'SUCCESS','environment_permit_report','INSERTING NEW DATA WITH ID #2',8,1493130665,8,1493130665),(6223,'SUCCESS','attachment','INSERTING NEW DATA WITH ID #68',8,1493130666,8,1493130666),(6224,'SUCCESS','attachment_owner','INSERTING NEW DATA WITH ID #69',8,1493130666,8,1493130666),(6225,'SUCCESS','environment_permit_report','INSERTING NEW DATA WITH ID #3',8,1493195948,8,1493195948),(6226,'SUCCESS','environment_permit_district','INSERTING NEW DATA WITH ID #1',8,1493195948,8,1493195948),(6227,'SUCCESS','environment_permit_province','INSERTING NEW DATA WITH ID #1',8,1493195948,8,1493195948),(6228,'SUCCESS','environment_permit_ministry','INSERTING NEW DATA WITH ID #1',8,1493195948,8,1493195948),(6229,'SUCCESS','environment_permit_report','UPDATING DATA ID #3',8,1493196975,8,1493196975),(6230,'SUCCESS','environment_permit_district','INSERTING NEW DATA WITH ID #2',8,1493196975,8,1493196975),(6231,'SUCCESS','environment_permit_province','INSERTING NEW DATA WITH ID #2',8,1493196975,8,1493196975),(6232,'SUCCESS','environment_permit_ministry','INSERTING NEW DATA WITH ID #2',8,1493196975,8,1493196975),(6233,'SUCCESS','environment_permit_report','INSERTING NEW DATA WITH ID #4',8,1493197085,8,1493197085),(6234,'SUCCESS','environment_permit_district','INSERTING NEW DATA WITH ID #3',8,1493197085,8,1493197085),(6235,'SUCCESS','environment_permit_province','INSERTING NEW DATA WITH ID #3',8,1493197085,8,1493197085),(6236,'SUCCESS','environment_permit_ministry','INSERTING NEW DATA WITH ID #3',8,1493197085,8,1493197085),(6237,'SUCCESS','environment_permit_report','UPDATING DATA ID #4',8,1493198029,8,1493198029),(6238,'SUCCESS','environment_permit_district','UPDATING DATA ID #3',8,1493198029,8,1493198029),(6239,'SUCCESS','environment_permit_province','UPDATING DATA ID #3',8,1493198029,8,1493198029),(6240,'SUCCESS','environment_permit_ministry','UPDATING DATA ID #3',8,1493198029,8,1493198029),(6241,'SUCCESS','environment_permit_report','UPDATING DATA ID #4',8,1493198074,8,1493198074),(6242,'SUCCESS','environment_permit_district','UPDATING DATA ID #3',8,1493198074,8,1493198074),(6243,'SUCCESS','environment_permit_province','UPDATING DATA ID #3',8,1493198074,8,1493198074),(6244,'SUCCESS','environment_permit_ministry','UPDATING DATA ID #3',8,1493198074,8,1493198074),(6245,'SUCCESS','environment_permit_report','UPDATING DATA ID #4',8,1493198182,8,1493198182),(6246,'SUCCESS','environment_permit_district','UPDATING DATA ID #3',8,1493198182,8,1493198182),(6247,'SUCCESS','environment_permit_province','UPDATING DATA ID #3',8,1493198182,8,1493198182),(6248,'SUCCESS','environment_permit_ministry','UPDATING DATA ID #3',8,1493198182,8,1493198182),(6249,'SUCCESS','environment_permit_report','UPDATING DATA ID #4',8,1493198221,8,1493198221),(6250,'SUCCESS','environment_permit_district','UPDATING DATA ID #3',8,1493198221,8,1493198221),(6251,'SUCCESS','environment_permit_province','UPDATING DATA ID #3',8,1493198221,8,1493198221),(6252,'SUCCESS','environment_permit_ministry','UPDATING DATA ID #3',8,1493198221,8,1493198221),(6253,'SUCCESS','skko','INSERTING NEW DATA WITH ID #1',8,1493198466,8,1493198466),(6254,'SUCCESS','skko_detail','INSERTING NEW DATA WITH ID #1',8,1493198466,8,1493198466),(6255,'SUCCESS','attachment','INSERTING NEW DATA WITH ID #69',8,1493198468,8,1493198468),(6256,'SUCCESS','attachment_owner','INSERTING NEW DATA WITH ID #70',8,1493198468,8,1493198468),(6257,'SUCCESS','skko','UPDATING DATA ID #1',8,1493198484,8,1493198484),(6258,'SUCCESS','skko_detail','UPDATING DATA ID #1',8,1493198484,8,1493198484),(6259,'SUCCESS','attachment','DELETING DATA ID #69',8,1493198509,8,1493198509),(6260,'SUCCESS','skko','UPDATING DATA ID #1',8,1493198512,8,1493198512),(6261,'SUCCESS','skko_detail','UPDATING DATA ID #1',8,1493198512,8,1493198512),(6264,'SUCCESS','environment_permit_report','UPDATING DATA ID #4',8,1493198714,8,1493198714),(6265,'SUCCESS','environment_permit_district','UPDATING DATA ID #3',8,1493198715,8,1493198715),(6266,'SUCCESS','environment_permit_province','UPDATING DATA ID #3',8,1493198715,8,1493198715),(6267,'SUCCESS','environment_permit_ministry','UPDATING DATA ID #3',8,1493198715,8,1493198715),(6268,'SUCCESS','environment_permit_report','UPDATING DATA ID #4',8,1493198883,8,1493198883),(6269,'SUCCESS','environment_permit_district','UPDATING DATA ID #3',8,1493198883,8,1493198883),(6270,'SUCCESS','environment_permit_province','UPDATING DATA ID #3',8,1493198883,8,1493198883),(6271,'SUCCESS','environment_permit_ministry','UPDATING DATA ID #3',8,1493198883,8,1493198883),(6272,'SUCCESS','environment_permit_report','UPDATING DATA ID #4',8,1493199076,8,1493199076),(6273,'SUCCESS','environment_permit_district','UPDATING DATA ID #3',8,1493199076,8,1493199076),(6274,'SUCCESS','environment_permit_province','UPDATING DATA ID #3',8,1493199076,8,1493199076),(6275,'SUCCESS','environment_permit_ministry','UPDATING DATA ID #3',8,1493199076,8,1493199076),(6276,'SUCCESS','environment_permit_report','UPDATING DATA ID #4',8,1493199084,8,1493199084),(6277,'SUCCESS','environment_permit_district','UPDATING DATA ID #3',8,1493199084,8,1493199084),(6278,'SUCCESS','environment_permit_province','UPDATING DATA ID #3',8,1493199084,8,1493199084),(6279,'SUCCESS','environment_permit_ministry','UPDATING DATA ID #3',8,1493199084,8,1493199084),(6280,'SUCCESS','environment_permit_report','UPDATING DATA ID #4',8,1493199116,8,1493199116),(6281,'SUCCESS','environment_permit_district','UPDATING DATA ID #3',8,1493199116,8,1493199116),(6282,'SUCCESS','environment_permit_province','UPDATING DATA ID #3',8,1493199116,8,1493199116),(6283,'SUCCESS','environment_permit_ministry','UPDATING DATA ID #3',8,1493199116,8,1493199116),(6284,'SUCCESS','environment_permit_report','UPDATING DATA ID #4',8,1493199124,8,1493199124),(6285,'SUCCESS','environment_permit_district','UPDATING DATA ID #3',8,1493199124,8,1493199124),(6286,'SUCCESS','environment_permit_province','UPDATING DATA ID #3',8,1493199124,8,1493199124),(6287,'SUCCESS','environment_permit_ministry','UPDATING DATA ID #3',8,1493199124,8,1493199124),(6288,'SUCCESS','skko','UPDATING DATA ID #1',8,1493199691,8,1493199691),(6289,'SUCCESS','skko_detail','UPDATING DATA ID #1',8,1493199691,8,1493199691),(6290,'SUCCESS','attachment','INSERTING NEW DATA WITH ID #70',8,1493199692,8,1493199692),(6291,'SUCCESS','attachment_owner','INSERTING NEW DATA WITH ID #71',8,1493199692,8,1493199692),(6292,'SUCCESS','environment_permit_report','UPDATING DATA ID #4',8,1493199750,8,1493199750),(6293,'SUCCESS','environment_permit_district','UPDATING DATA ID #3',8,1493199750,8,1493199750),(6294,'SUCCESS','environment_permit_province','UPDATING DATA ID #3',8,1493199750,8,1493199750),(6295,'SUCCESS','environment_permit_ministry','UPDATING DATA ID #3',8,1493199750,8,1493199750),(6296,'SUCCESS','environment_permit_report','UPDATING DATA ID #4',8,1493201496,8,1493201496),(6297,'SUCCESS','environment_permit_district','UPDATING DATA ID #3',8,1493201496,8,1493201496),(6298,'SUCCESS','environment_permit_province','UPDATING DATA ID #3',8,1493201496,8,1493201496),(6299,'SUCCESS','environment_permit_ministry','UPDATING DATA ID #3',8,1493201496,8,1493201496),(6310,'SUCCESS','environment_permit_report','UPDATING DATA ID #4',8,1493202366,8,1493202366),(6311,'SUCCESS','environment_permit_district','UPDATING DATA ID #3',8,1493202366,8,1493202366),(6312,'SUCCESS','attachment','INSERTING NEW DATA WITH ID #71',8,1493202367,8,1493202367),(6313,'SUCCESS','attachment_owner','INSERTING NEW DATA WITH ID #72',8,1493202367,8,1493202367),(6314,'SUCCESS','environment_permit_province','UPDATING DATA ID #3',8,1493202367,8,1493202367),(6315,'SUCCESS','environment_permit_ministry','UPDATING DATA ID #3',8,1493202367,8,1493202367),(6316,'SUCCESS','environment_permit_report','UPDATING DATA ID #4',8,1493202445,8,1493202445),(6317,'SUCCESS','environment_permit_district','UPDATING DATA ID #3',8,1493202445,8,1493202445),(6318,'SUCCESS','attachment','INSERTING NEW DATA WITH ID #72',8,1493202446,8,1493202446),(6319,'SUCCESS','attachment_owner','INSERTING NEW DATA WITH ID #73',8,1493202446,8,1493202446),(6320,'SUCCESS','environment_permit_province','UPDATING DATA ID #3',8,1493202446,8,1493202446),(6321,'SUCCESS','environment_permit_ministry','UPDATING DATA ID #3',8,1493202446,8,1493202446),(6322,'SUCCESS','environment_permit_report','UPDATING DATA ID #4',8,1493202455,8,1493202455),(6323,'SUCCESS','environment_permit_district','UPDATING DATA ID #3',8,1493202455,8,1493202455),(6324,'SUCCESS','attachment','INSERTING NEW DATA WITH ID #73',8,1493202456,8,1493202456),(6325,'SUCCESS','attachment_owner','INSERTING NEW DATA WITH ID #74',8,1493202456,8,1493202456),(6326,'SUCCESS','environment_permit_province','UPDATING DATA ID #3',8,1493202456,8,1493202456),(6327,'SUCCESS','environment_permit_ministry','UPDATING DATA ID #3',8,1493202456,8,1493202456),(6328,'SUCCESS','environment_permit_report','UPDATING DATA ID #4',8,1493202482,8,1493202482),(6329,'SUCCESS','environment_permit_district','UPDATING DATA ID #3',8,1493202482,8,1493202482),(6330,'SUCCESS','environment_permit_province','UPDATING DATA ID #3',8,1493202482,8,1493202482),(6331,'SUCCESS','attachment','INSERTING NEW DATA WITH ID #74',8,1493202483,8,1493202483),(6332,'SUCCESS','attachment_owner','INSERTING NEW DATA WITH ID #75',8,1493202483,8,1493202483),(6333,'SUCCESS','environment_permit_ministry','UPDATING DATA ID #3',8,1493202484,8,1493202484),(6334,'SUCCESS','attachment','INSERTING NEW DATA WITH ID #75',8,1493202485,8,1493202485),(6335,'SUCCESS','attachment_owner','INSERTING NEW DATA WITH ID #76',8,1493202485,8,1493202485),(6336,'SUCCESS','attachment','DELETING DATA ID #71',8,1493202561,8,1493202561),(6337,'SUCCESS','environment_permit_report','UPDATING DATA ID #4',8,1493202579,8,1493202579),(6338,'SUCCESS','environment_permit_district','UPDATING DATA ID #3',8,1493202579,8,1493202579),(6339,'SUCCESS','environment_permit_province','UPDATING DATA ID #3',8,1493202579,8,1493202579),(6340,'SUCCESS','environment_permit_ministry','UPDATING DATA ID #3',8,1493202579,8,1493202579),(6341,'SUCCESS','environment_permit_report','UPDATING DATA ID #4',8,1493202593,8,1493202593),(6342,'SUCCESS','environment_permit_district','UPDATING DATA ID #3',8,1493202593,8,1493202593),(6343,'SUCCESS','attachment','INSERTING NEW DATA WITH ID #76',8,1493202594,8,1493202594),(6344,'SUCCESS','attachment_owner','INSERTING NEW DATA WITH ID #77',8,1493202594,8,1493202594),(6345,'SUCCESS','environment_permit_province','UPDATING DATA ID #3',8,1493202594,8,1493202594),(6346,'SUCCESS','environment_permit_ministry','UPDATING DATA ID #3',8,1493202594,8,1493202594),(6347,'SUCCESS','attachment','DELETING DATA ID #76',8,1493203184,8,1493203184),(6348,'SUCCESS','attachment','DELETING DATA ID #74',8,1493203184,8,1493203184),(6349,'SUCCESS','attachment','DELETING DATA ID #75',8,1493203184,8,1493203184),(6350,'SUCCESS','environment_permit_report','DELETING DATA ID #4',8,1493203184,8,1493203184),(6351,'SUCCESS','environment_permit_report','INSERTING NEW DATA WITH ID #5',8,1493203461,8,1493203461),(6352,'SUCCESS','environment_permit_district','INSERTING NEW DATA WITH ID #4',8,1493203461,8,1493203461),(6353,'SUCCESS','attachment','INSERTING NEW DATA WITH ID #77',8,1493203462,8,1493203462),(6354,'SUCCESS','attachment_owner','INSERTING NEW DATA WITH ID #78',8,1493203462,8,1493203462),(6355,'SUCCESS','environment_permit_province','INSERTING NEW DATA WITH ID #4',8,1493203462,8,1493203462),(6356,'SUCCESS','attachment','INSERTING NEW DATA WITH ID #78',8,1493203463,8,1493203463),(6357,'SUCCESS','attachment_owner','INSERTING NEW DATA WITH ID #79',8,1493203463,8,1493203463),(6358,'SUCCESS','environment_permit_ministry','INSERTING NEW DATA WITH ID #4',8,1493203463,8,1493203463),(6359,'SUCCESS','attachment','INSERTING NEW DATA WITH ID #79',8,1493203464,8,1493203464),(6360,'SUCCESS','attachment_owner','INSERTING NEW DATA WITH ID #80',8,1493203464,8,1493203464),(6361,'SUCCESS','environment_permit_report','INSERTING NEW DATA WITH ID #6',8,1493203499,8,1493203499),(6362,'SUCCESS','environment_permit_district','INSERTING NEW DATA WITH ID #5',8,1493203499,8,1493203499),(6363,'SUCCESS','attachment','INSERTING NEW DATA WITH ID #80',8,1493203500,8,1493203500),(6364,'SUCCESS','attachment_owner','INSERTING NEW DATA WITH ID #81',8,1493203500,8,1493203500),(6365,'SUCCESS','environment_permit_province','INSERTING NEW DATA WITH ID #5',8,1493203500,8,1493203500),(6366,'SUCCESS','attachment','INSERTING NEW DATA WITH ID #81',8,1493203501,8,1493203501),(6367,'SUCCESS','attachment_owner','INSERTING NEW DATA WITH ID #82',8,1493203501,8,1493203501),(6368,'SUCCESS','environment_permit_ministry','INSERTING NEW DATA WITH ID #5',8,1493203501,8,1493203501),(6369,'SUCCESS','attachment','INSERTING NEW DATA WITH ID #82',8,1493203502,8,1493203502),(6370,'SUCCESS','attachment_owner','INSERTING NEW DATA WITH ID #83',8,1493203502,8,1493203502),(6371,'SUCCESS','environment_permit_report','INSERTING NEW DATA WITH ID #7',8,1493203531,8,1493203531),(6372,'SUCCESS','environment_permit_district','INSERTING NEW DATA WITH ID #6',8,1493203531,8,1493203531),(6373,'SUCCESS','attachment','INSERTING NEW DATA WITH ID #83',8,1493203532,8,1493203532),(6374,'SUCCESS','attachment_owner','INSERTING NEW DATA WITH ID #84',8,1493203532,8,1493203532),(6375,'SUCCESS','environment_permit_province','INSERTING NEW DATA WITH ID #6',8,1493203533,8,1493203533),(6376,'SUCCESS','attachment','INSERTING NEW DATA WITH ID #84',8,1493203534,8,1493203534),(6377,'SUCCESS','attachment_owner','INSERTING NEW DATA WITH ID #85',8,1493203534,8,1493203534),(6378,'SUCCESS','environment_permit_ministry','INSERTING NEW DATA WITH ID #6',8,1493203534,8,1493203534),(6379,'SUCCESS','attachment','INSERTING NEW DATA WITH ID #85',8,1493203535,8,1493203535),(6380,'SUCCESS','attachment_owner','INSERTING NEW DATA WITH ID #86',8,1493203535,8,1493203535),(6381,'SUCCESS','environment_permit_report','INSERTING NEW DATA WITH ID #8',8,1493203567,8,1493203567),(6382,'SUCCESS','environment_permit_district','INSERTING NEW DATA WITH ID #7',8,1493203567,8,1493203567),(6383,'SUCCESS','attachment','INSERTING NEW DATA WITH ID #86',8,1493203568,8,1493203568),(6384,'SUCCESS','attachment_owner','INSERTING NEW DATA WITH ID #87',8,1493203568,8,1493203568),(6385,'SUCCESS','environment_permit_province','INSERTING NEW DATA WITH ID #7',8,1493203568,8,1493203568),(6386,'SUCCESS','attachment','INSERTING NEW DATA WITH ID #87',8,1493203569,8,1493203569),(6387,'SUCCESS','attachment_owner','INSERTING NEW DATA WITH ID #88',8,1493203569,8,1493203569),(6388,'SUCCESS','environment_permit_ministry','INSERTING NEW DATA WITH ID #7',8,1493203569,8,1493203569),(6389,'SUCCESS','attachment','INSERTING NEW DATA WITH ID #88',8,1493203570,8,1493203570),(6390,'SUCCESS','attachment_owner','INSERTING NEW DATA WITH ID #89',8,1493203570,8,1493203570),(6391,'SUCCESS','environment_permit_report','INSERTING NEW DATA WITH ID #9',8,1493203597,8,1493203597),(6392,'SUCCESS','environment_permit_district','INSERTING NEW DATA WITH ID #8',8,1493203597,8,1493203597),(6393,'SUCCESS','attachment','INSERTING NEW DATA WITH ID #89',8,1493203598,8,1493203598),(6394,'SUCCESS','attachment_owner','INSERTING NEW DATA WITH ID #90',8,1493203598,8,1493203598),(6395,'SUCCESS','environment_permit_province','INSERTING NEW DATA WITH ID #8',8,1493203598,8,1493203598),(6396,'SUCCESS','attachment','INSERTING NEW DATA WITH ID #90',8,1493203599,8,1493203599),(6397,'SUCCESS','attachment_owner','INSERTING NEW DATA WITH ID #91',8,1493203599,8,1493203599),(6398,'SUCCESS','environment_permit_ministry','INSERTING NEW DATA WITH ID #8',8,1493203599,8,1493203599),(6399,'SUCCESS','attachment','INSERTING NEW DATA WITH ID #91',8,1493203600,8,1493203600),(6400,'SUCCESS','attachment_owner','INSERTING NEW DATA WITH ID #92',8,1493203600,8,1493203600),(6401,'SUCCESS','environment_permit_detail','INSERTING NEW DATA WITH ID #16',8,1493203627,8,1493203627),(6402,'SUCCESS','attachment','INSERTING NEW DATA WITH ID #92',8,1493203628,8,1493203628),(6403,'SUCCESS','attachment_owner','INSERTING NEW DATA WITH ID #93',8,1493203628,8,1493203628),(6404,'SUCCESS','environment_permit_detail','INSERTING NEW DATA WITH ID #17',8,1493203652,8,1493203652),(6405,'SUCCESS','attachment','INSERTING NEW DATA WITH ID #93',8,1493203653,8,1493203653),(6406,'SUCCESS','attachment_owner','INSERTING NEW DATA WITH ID #94',8,1493203653,8,1493203653),(6407,'SUCCESS','environment_permit_detail','INSERTING NEW DATA WITH ID #18',8,1493203675,8,1493203675),(6408,'SUCCESS','attachment','INSERTING NEW DATA WITH ID #94',8,1493203676,8,1493203676),(6409,'SUCCESS','attachment_owner','INSERTING NEW DATA WITH ID #95',8,1493203676,8,1493203676),(6410,'SUCCESS','attachment','DELETING DATA ID #70',8,1493203841,8,1493203841),(6411,'SUCCESS','skko','DELETING DATA ID #1',8,1493203842,8,1493203842),(6412,'SUCCESS','skko','INSERTING NEW DATA WITH ID #2',8,1493203904,8,1493203904),(6413,'SUCCESS','skko_detail','INSERTING NEW DATA WITH ID #2',8,1493203904,8,1493203904),(6414,'SUCCESS','attachment','INSERTING NEW DATA WITH ID #95',8,1493203905,8,1493203905),(6415,'SUCCESS','attachment_owner','INSERTING NEW DATA WITH ID #96',8,1493203905,8,1493203905),(6416,'SUCCESS','skko_detail','INSERTING NEW DATA WITH ID #3',8,1493203905,8,1493203905),(6417,'SUCCESS','attachment','INSERTING NEW DATA WITH ID #96',8,1493203906,8,1493203906),(6418,'SUCCESS','attachment_owner','INSERTING NEW DATA WITH ID #97',8,1493203906,8,1493203906),(6419,'SUCCESS','skko_detail','INSERTING NEW DATA WITH ID #4',8,1493203907,8,1493203907),(6420,'SUCCESS','attachment','INSERTING NEW DATA WITH ID #97',8,1493203908,8,1493203908),(6421,'SUCCESS','attachment_owner','INSERTING NEW DATA WITH ID #98',8,1493203908,8,1493203908),(6422,'SUCCESS','codeset','INSERTING NEW DATA WITH ID #115',8,1494338350,8,1494338350),(6423,'SUCCESS','codeset','INSERTING NEW DATA WITH ID #116',8,1494338370,8,1494338370),(6424,'SUCCESS','codeset','INSERTING NEW DATA WITH ID #117',8,1494338447,8,1494338447),(6425,'SUCCESS','codeset','INSERTING NEW DATA WITH ID #118',8,1494338472,8,1494338472),(6426,'SUCCESS','codeset','INSERTING NEW DATA WITH ID #119',8,1494338485,8,1494338485),(6427,'SUCCESS','codeset','INSERTING NEW DATA WITH ID #120',8,1494338504,8,1494338504),(6428,'SUCCESS','codeset','INSERTING NEW DATA WITH ID #121',8,1494338532,8,1494338532),(6429,'SUCCESS','codeset','INSERTING NEW DATA WITH ID #122',8,1494338550,8,1494338550),(6430,'SUCCESS','codeset','INSERTING NEW DATA WITH ID #123',8,1494338568,8,1494338568),(6431,'SUCCESS','codeset','UPDATING DATA ID #115',8,1494338589,8,1494338589),(6432,'SUCCESS','bo_assessment_aspect','INSERTING NEW DATA WITH ID #1',8,1494358879,8,1494358879),(6433,'SUCCESS','boas_criteria','INSERTING NEW DATA WITH ID #1',8,1494358879,8,1494358879),(6434,'SUCCESS','boas_criteria','INSERTING NEW DATA WITH ID #2',8,1494358879,8,1494358879),(6435,'SUCCESS','bo_assessment_aspect','DELETING DATA ID #1',8,1494359685,8,1494359685),(6438,'SUCCESS','bo_assessment_aspect','INSERTING NEW DATA WITH ID #3',8,1494359898,8,1494359898),(6439,'SUCCESS','boas_criteria','INSERTING NEW DATA WITH ID #4',8,1494359898,8,1494359898),(6440,'SUCCESS','boas_criteria','INSERTING NEW DATA WITH ID #5',8,1494359898,8,1494359898),(6441,'SUCCESS','bo_assessment_aspect','UPDATING DATA ID #3',8,1494381391,8,1494381391),(6442,'SUCCESS','boas_criteria','INSERTING NEW DATA WITH ID #6',8,1494381391,8,1494381391),(6443,'SUCCESS','boas_criteria','INSERTING NEW DATA WITH ID #7',8,1494381391,8,1494381391),(6444,'SUCCESS','bo_assessment_aspect','UPDATING DATA ID #3',8,1494381418,8,1494381418),(6445,'SUCCESS','boas_criteria','INSERTING NEW DATA WITH ID #8',8,1494381418,8,1494381418),(6446,'SUCCESS','boas_criteria','INSERTING NEW DATA WITH ID #9',8,1494381418,8,1494381418),(6447,'SUCCESS','boas_criteria','INSERTING NEW DATA WITH ID #10',8,1494381418,8,1494381418),(6448,'SUCCESS','boas_criteria','INSERTING NEW DATA WITH ID #11',8,1494381418,8,1494381418),(6449,'SUCCESS','bo_assessment_aspect','DELETING DATA ID #3',8,1494381570,8,1494381570),(6450,'SUCCESS','bo_assessment_aspect','INSERTING NEW DATA WITH ID #4',8,1494381582,8,1494381582),(6451,'SUCCESS','boas_criteria','INSERTING NEW DATA WITH ID #12',8,1494381582,8,1494381582),(6454,'SUCCESS','bo_assessment_aspect','UPDATING DATA ID #4',8,1494381615,8,1494381615),(6455,'SUCCESS','boas_criteria','UPDATING DATA ID #12',8,1494381615,8,1494381615),(6456,'SUCCESS','log_dirty','INSERTING NEW DATA WITH ID #221',8,1494381615,8,1494381615),(6457,'SUCCESS','bo_assessment_aspect','UPDATING DATA ID #4',8,1494381634,8,1494381634),(6458,'SUCCESS','boas_criteria','UPDATING DATA ID #12',8,1494381634,8,1494381634),(6459,'SUCCESS','boas_criteria','INSERTING NEW DATA WITH ID #13',8,1494381634,8,1494381634),(6460,'SUCCESS','bo_assessment_aspect','DELETING DATA ID #4',8,1494381658,8,1494381658),(6461,'SUCCESS','bo_assessment_aspect','INSERTING NEW DATA WITH ID #5',8,1494381744,8,1494381744),(6462,'SUCCESS','boas_criteria','INSERTING NEW DATA WITH ID #14',8,1494381745,8,1494381745),(6463,'SUCCESS','boas_criteria','INSERTING NEW DATA WITH ID #15',8,1494381745,8,1494381745),(6464,'SUCCESS','bo_assessment_aspect','UPDATING DATA ID #5',8,1494381755,8,1494381755),(6465,'SUCCESS','boas_criteria','UPDATING DATA ID #14',8,1494381755,8,1494381755),(6466,'SUCCESS','log_dirty','INSERTING NEW DATA WITH ID #222',8,1494381755,8,1494381755),(6467,'SUCCESS','log_dirty','INSERTING NEW DATA WITH ID #223',8,1494381755,8,1494381755),(6468,'SUCCESS','boas_criteria','UPDATING DATA ID #15',8,1494381755,8,1494381755),(6469,'SUCCESS','bo_assessment_aspect','UPDATING DATA ID #5',8,1494381849,8,1494381849),(6470,'SUCCESS','boas_criteria','UPDATING DATA ID #14',8,1494381849,8,1494381849),(6471,'SUCCESS','log_dirty','INSERTING NEW DATA WITH ID #224',8,1494381849,8,1494381849),(6472,'SUCCESS','boas_criteria','UPDATING DATA ID #15',8,1494381849,8,1494381849),(6473,'SUCCESS','bo_assessment_aspect','UPDATING DATA ID #5',8,1494381967,8,1494381967),(6474,'SUCCESS','boas_criteria','UPDATING DATA ID #15',8,1494381967,8,1494381967),(6475,'SUCCESS','boas_criteria','DELETING DATA ID #14',8,1494382601,8,1494382601),(6476,'SUCCESS','boas_criteria','DELETING DATA ID #15',8,1494382627,8,1494382627),(6477,'SUCCESS','bo_assessment_aspect','UPDATING DATA ID #5',8,1494382659,8,1494382659),(6478,'SUCCESS','boas_criteria','INSERTING NEW DATA WITH ID #16',8,1494382659,8,1494382659),(6479,'SUCCESS','boas_criteria','INSERTING NEW DATA WITH ID #17',8,1494382660,8,1494382660),(6480,'SUCCESS','beyond_obedience','INSERTING NEW DATA WITH ID #1',8,1494383452,8,1494383452),(6481,'SUCCESS','bo_assessment','INSERTING NEW DATA WITH ID #1',8,1494383452,8,1494383452),(6482,'SUCCESS','bo_assessment','INSERTING NEW DATA WITH ID #2',8,1494383452,8,1494383452),(6483,'SUCCESS','bo_assessment_aspect','UPDATING DATA ID #5',8,1494384083,8,1494384083),(6484,'SUCCESS','log_dirty','INSERTING NEW DATA WITH ID #225',8,1494384083,8,1494384083),(6485,'SUCCESS','boas_criteria','UPDATING DATA ID #16',8,1494384083,8,1494384083),(6486,'SUCCESS','log_dirty','INSERTING NEW DATA WITH ID #226',8,1494384083,8,1494384083),(6487,'SUCCESS','boas_criteria','UPDATING DATA ID #17',8,1494384083,8,1494384083),(6488,'SUCCESS','bo_assessment_aspect','UPDATING DATA ID #5',8,1494384094,8,1494384094),(6489,'SUCCESS','log_dirty','INSERTING NEW DATA WITH ID #227',8,1494384094,8,1494384094),(6490,'SUCCESS','boas_criteria','UPDATING DATA ID #16',8,1494384094,8,1494384094),(6491,'SUCCESS','boas_criteria','UPDATING DATA ID #17',8,1494384094,8,1494384094),(6492,'SUCCESS','beyond_obedience','UPDATING DATA ID #1',8,1494384221,8,1494384221),(6493,'SUCCESS','log_dirty','INSERTING NEW DATA WITH ID #228',8,1494384221,8,1494384221),(6494,'SUCCESS','bo_assessment','UPDATING DATA ID #1',8,1494384221,8,1494384221),(6495,'SUCCESS','log_dirty','INSERTING NEW DATA WITH ID #229',8,1494384221,8,1494384221),(6496,'SUCCESS','log_dirty','INSERTING NEW DATA WITH ID #230',8,1494384221,8,1494384221),(6497,'SUCCESS','bo_assessment','UPDATING DATA ID #2',8,1494384221,8,1494384221),(6498,'SUCCESS','log_dirty','INSERTING NEW DATA WITH ID #231',8,1494384221,8,1494384221),(6499,'SUCCESS','log_dirty','INSERTING NEW DATA WITH ID #232',8,1494384221,8,1494384221),(6500,'SUCCESS','beyond_obedience','DELETING DATA ID #1',8,1494385639,8,1494385639),(6501,'SUCCESS','beyond_obedience','INSERTING NEW DATA WITH ID #2',8,1494385750,8,1494385750),(6502,'SUCCESS','bo_assessment','INSERTING NEW DATA WITH ID #3',8,1494385750,8,1494385750),(6503,'SUCCESS','bo_assessment','INSERTING NEW DATA WITH ID #4',8,1494385750,8,1494385750),(6504,'SUCCESS','beyond_obedience','INSERTING NEW DATA WITH ID #3',8,1494385784,8,1494385784),(6505,'SUCCESS','bo_assessment','INSERTING NEW DATA WITH ID #5',8,1494385784,8,1494385784),(6506,'SUCCESS','bo_assessment','INSERTING NEW DATA WITH ID #6',8,1494385784,8,1494385784),(6507,'SUCCESS','beyond_obedience','INSERTING NEW DATA WITH ID #4',8,1494385807,8,1494385807),(6508,'SUCCESS','bo_assessment','INSERTING NEW DATA WITH ID #7',8,1494385807,8,1494385807),(6509,'SUCCESS','bo_assessment','INSERTING NEW DATA WITH ID #8',8,1494385807,8,1494385807),(6510,'SUCCESS','beyond_obedience','UPDATING DATA ID #2',8,1494385815,8,1494385815),(6511,'SUCCESS','bo_assessment','UPDATING DATA ID #3',8,1494385815,8,1494385815),(6512,'SUCCESS','bo_assessment','UPDATING DATA ID #4',8,1494385815,8,1494385815),(6513,'SUCCESS','log_dirty','INSERTING NEW DATA WITH ID #233',8,1494385815,8,1494385815),(6514,'SUCCESS','beyond_obedience','DELETING DATA ID #2',8,1494385820,8,1494385820),(6515,'SUCCESS','beyond_obedience','DELETING DATA ID #3',8,1494385823,8,1494385823),(6516,'SUCCESS','beyond_obedience','DELETING DATA ID #4',8,1494385825,8,1494385825),(6517,'SUCCESS','bo_assessment_aspect','INSERTING NEW DATA WITH ID #6',8,1494386033,8,1494386033),(6518,'SUCCESS','boas_criteria','INSERTING NEW DATA WITH ID #18',8,1494386033,8,1494386033),(6519,'SUCCESS','boas_criteria','INSERTING NEW DATA WITH ID #19',8,1494386033,8,1494386033),(6520,'SUCCESS','bo_assessment_aspect','INSERTING NEW DATA WITH ID #7',8,1494386096,8,1494386096),(6521,'SUCCESS','boas_criteria','INSERTING NEW DATA WITH ID #20',8,1494386096,8,1494386096),(6522,'SUCCESS','bo_assessment_aspect','UPDATING DATA ID #7',8,1494386259,8,1494386259),(6523,'SUCCESS','boas_criteria','UPDATING DATA ID #20',8,1494386259,8,1494386259),(6524,'SUCCESS','boas_criteria','INSERTING NEW DATA WITH ID #21',8,1494386259,8,1494386259),(6525,'SUCCESS','boas_criteria','INSERTING NEW DATA WITH ID #22',8,1494386259,8,1494386259),(6526,'SUCCESS','boas_criteria','INSERTING NEW DATA WITH ID #23',8,1494386259,8,1494386259),(6527,'SUCCESS','boas_criteria','INSERTING NEW DATA WITH ID #24',8,1494386259,8,1494386259),(6528,'SUCCESS','beyond_obedience','INSERTING NEW DATA WITH ID #5',8,1494386469,8,1494386469),(6529,'SUCCESS','bo_assessment','INSERTING NEW DATA WITH ID #9',8,1494386469,8,1494386469),(6530,'SUCCESS','bo_assessment','INSERTING NEW DATA WITH ID #10',8,1494386469,8,1494386469),(6531,'SUCCESS','bo_assessment','INSERTING NEW DATA WITH ID #11',8,1494386469,8,1494386469),(6532,'SUCCESS','bo_assessment','INSERTING NEW DATA WITH ID #12',8,1494386469,8,1494386469),(6533,'SUCCESS','bo_assessment','INSERTING NEW DATA WITH ID #13',8,1494386469,8,1494386469),(6534,'SUCCESS','beyond_obedience','UPDATING DATA ID #5',8,1494386539,8,1494386539),(6535,'SUCCESS','bo_assessment','UPDATING DATA ID #9',8,1494386539,8,1494386539),(6536,'SUCCESS','bo_assessment','UPDATING DATA ID #10',8,1494386539,8,1494386539),(6537,'SUCCESS','bo_assessment','UPDATING DATA ID #11',8,1494386539,8,1494386539),(6538,'SUCCESS','bo_assessment','UPDATING DATA ID #12',8,1494386539,8,1494386539),(6539,'SUCCESS','bo_assessment','UPDATING DATA ID #13',8,1494386539,8,1494386539),(6553,'SUCCESS','beyond_obedience','INSERTING NEW DATA WITH ID #10',8,1494387181,8,1494387181),(6554,'SUCCESS','bo_assessment','INSERTING NEW DATA WITH ID #23',8,1494387181,8,1494387181),(6555,'SUCCESS','bo_assessment','INSERTING NEW DATA WITH ID #24',8,1494387181,8,1494387181),(6556,'SUCCESS','bo_assessment','INSERTING NEW DATA WITH ID #25',8,1494387181,8,1494387181),(6557,'SUCCESS','bo_assessment','INSERTING NEW DATA WITH ID #26',8,1494387181,8,1494387181),(6558,'SUCCESS','bo_assessment','INSERTING NEW DATA WITH ID #27',8,1494387181,8,1494387181),(6559,'SUCCESS','bo_assessment','INSERTING NEW DATA WITH ID #28',8,1494387181,8,1494387181),(6560,'SUCCESS','bo_assessment','INSERTING NEW DATA WITH ID #29',8,1494387181,8,1494387181),(6561,'SUCCESS','bo_assessment','INSERTING NEW DATA WITH ID #30',8,1494387181,8,1494387181),(6562,'SUCCESS','bo_assessment','INSERTING NEW DATA WITH ID #31',8,1494387181,8,1494387181),(6563,'SUCCESS','beyond_obedience','DELETING DATA ID #5',8,1494518829,8,1494518829),(6564,'SUCCESS','beyond_obedience','DELETING DATA ID #10',8,1494518831,8,1494518831),(6565,'SUCCESS','beyond_obedience','INSERTING NEW DATA WITH ID #11',8,1494518850,8,1494518850),(6566,'SUCCESS','bo_assessment','INSERTING NEW DATA WITH ID #32',8,1494518850,8,1494518850),(6567,'SUCCESS','bo_assessment','INSERTING NEW DATA WITH ID #33',8,1494518850,8,1494518850),(6568,'SUCCESS','bo_assessment','INSERTING NEW DATA WITH ID #34',8,1494518850,8,1494518850),(6569,'SUCCESS','bo_assessment','INSERTING NEW DATA WITH ID #35',8,1494518850,8,1494518850),(6570,'SUCCESS','bo_assessment','INSERTING NEW DATA WITH ID #36',8,1494518850,8,1494518850),(6571,'SUCCESS','bo_assessment','INSERTING NEW DATA WITH ID #37',8,1494518850,8,1494518850),(6572,'SUCCESS','bo_assessment','INSERTING NEW DATA WITH ID #38',8,1494518850,8,1494518850),(6573,'SUCCESS','bo_assessment','INSERTING NEW DATA WITH ID #39',8,1494518850,8,1494518850),(6574,'SUCCESS','bo_assessment','INSERTING NEW DATA WITH ID #40',8,1494518850,8,1494518850),(6575,'SUCCESS','beyond_obedience','UPDATING DATA ID #11',8,1494519003,8,1494519003),(6576,'SUCCESS','bo_assessment','UPDATING DATA ID #32',8,1494519003,8,1494519003),(6577,'SUCCESS','bo_assessment','UPDATING DATA ID #33',8,1494519003,8,1494519003),(6578,'SUCCESS','log_dirty','INSERTING NEW DATA WITH ID #234',8,1494519003,8,1494519003),(6579,'SUCCESS','bo_assessment','UPDATING DATA ID #34',8,1494519003,8,1494519003),(6580,'SUCCESS','bo_assessment','UPDATING DATA ID #35',8,1494519003,8,1494519003),(6581,'SUCCESS','bo_assessment','UPDATING DATA ID #36',8,1494519003,8,1494519003),(6582,'SUCCESS','bo_assessment','UPDATING DATA ID #37',8,1494519003,8,1494519003),(6583,'SUCCESS','bo_assessment','UPDATING DATA ID #38',8,1494519003,8,1494519003),(6584,'SUCCESS','bo_assessment','UPDATING DATA ID #39',8,1494519003,8,1494519003),(6585,'SUCCESS','bo_assessment','UPDATING DATA ID #40',8,1494519003,8,1494519003),(6586,'SUCCESS','beyond_obedience','UPDATING DATA ID #11',8,1494520773,8,1494520773),(6587,'SUCCESS','bo_assessment','UPDATING DATA ID #32',8,1494520773,8,1494520773),(6588,'SUCCESS','bo_assessment','UPDATING DATA ID #33',8,1494520773,8,1494520773),(6589,'SUCCESS','log_dirty','INSERTING NEW DATA WITH ID #235',8,1494520773,8,1494520773),(6590,'SUCCESS','bo_assessment','UPDATING DATA ID #34',8,1494520773,8,1494520773),(6591,'SUCCESS','bo_assessment','UPDATING DATA ID #35',8,1494520773,8,1494520773),(6592,'SUCCESS','bo_assessment','UPDATING DATA ID #36',8,1494520773,8,1494520773),(6593,'SUCCESS','bo_assessment','UPDATING DATA ID #37',8,1494520773,8,1494520773),(6594,'SUCCESS','bo_assessment','UPDATING DATA ID #38',8,1494520773,8,1494520773),(6595,'SUCCESS','bo_assessment','UPDATING DATA ID #39',8,1494520773,8,1494520773),(6596,'SUCCESS','bo_assessment','UPDATING DATA ID #40',8,1494520773,8,1494520773),(6597,'SUCCESS','beyond_obedience','UPDATING DATA ID #11',8,1494520844,8,1494520844),(6598,'SUCCESS','bo_assessment','UPDATING DATA ID #32',8,1494520844,8,1494520844),(6599,'SUCCESS','log_dirty','INSERTING NEW DATA WITH ID #236',8,1494520844,8,1494520844),(6600,'SUCCESS','bo_assessment','UPDATING DATA ID #33',8,1494520844,8,1494520844),(6601,'SUCCESS','bo_assessment','UPDATING DATA ID #34',8,1494520844,8,1494520844),(6602,'SUCCESS','bo_assessment','UPDATING DATA ID #35',8,1494520844,8,1494520844),(6603,'SUCCESS','bo_assessment','UPDATING DATA ID #36',8,1494520844,8,1494520844),(6604,'SUCCESS','bo_assessment','UPDATING DATA ID #37',8,1494520844,8,1494520844),(6605,'SUCCESS','bo_assessment','UPDATING DATA ID #38',8,1494520844,8,1494520844),(6606,'SUCCESS','bo_assessment','UPDATING DATA ID #39',8,1494520844,8,1494520844),(6607,'SUCCESS','bo_assessment','UPDATING DATA ID #40',8,1494520844,8,1494520844),(6608,'SUCCESS','bo_assessment_aspect','INSERTING NEW DATA WITH ID #8',8,1494521129,8,1494521129),(6609,'SUCCESS','boas_criteria','INSERTING NEW DATA WITH ID #25',8,1494521129,8,1494521129),(6610,'SUCCESS','bo_assessment_aspect','DELETING DATA ID #8',8,1494521306,8,1494521306),(6611,'SUCCESS','bo_assessment_aspect','UPDATING DATA ID #5',8,1494521378,8,1494521378),(6612,'SUCCESS','boas_criteria','UPDATING DATA ID #16',8,1494521378,8,1494521378),(6613,'SUCCESS','boas_criteria','UPDATING DATA ID #17',8,1494521378,8,1494521378),(6614,'SUCCESS','log_dirty','INSERTING NEW DATA WITH ID #237',8,1494521378,8,1494521378),(6615,'SUCCESS','boas_criteria','DELETING DATA ID #17',8,1494521433,8,1494521433),(6616,'SUCCESS','bo_assessment_aspect','UPDATING DATA ID #5',8,1494521499,8,1494521499),(6617,'SUCCESS','boas_criteria','UPDATING DATA ID #16',8,1494521499,8,1494521499),(6618,'SUCCESS','boas_criteria','INSERTING NEW DATA WITH ID #26',8,1494521499,8,1494521499),(6619,'SUCCESS','bo_assessment_aspect','UPDATING DATA ID #5',8,1494522451,8,1494522451),(6620,'SUCCESS','boas_criteria','UPDATING DATA ID #16',8,1494522451,8,1494522451),(6621,'SUCCESS','bo_assessment','INSERTING NEW DATA WITH ID #41',8,1494522451,8,1494522451),(6622,'SUCCESS','boas_criteria','UPDATING DATA ID #26',8,1494522451,8,1494522451),(6623,'SUCCESS','log_dirty','INSERTING NEW DATA WITH ID #238',8,1494522451,8,1494522451),(6624,'SUCCESS','bo_assessment','INSERTING NEW DATA WITH ID #42',8,1494522451,8,1494522451),(6625,'SUCCESS','boas_criteria','DELETING DATA ID #26',8,1494523013,8,1494523013),(6626,'SUCCESS','bo_assessment_aspect','UPDATING DATA ID #5',8,1494523020,8,1494523020),(6627,'SUCCESS','boas_criteria','UPDATING DATA ID #16',8,1494523020,8,1494523020),(6628,'SUCCESS','boas_criteria','INSERTING NEW DATA WITH ID #27',8,1494523020,8,1494523020),(6629,'SUCCESS','bo_assessment','INSERTING NEW DATA WITH ID #43',8,1494523020,8,1494523020),(6630,'SUCCESS','beyond_obedience','UPDATING DATA ID #11',8,1494523040,8,1494523040),(6631,'SUCCESS','bo_assessment','UPDATING DATA ID #32',8,1494523040,8,1494523040),(6632,'SUCCESS','bo_assessment','UPDATING DATA ID #43',8,1494523040,8,1494523040),(6633,'SUCCESS','bo_assessment','UPDATING DATA ID #34',8,1494523040,8,1494523040),(6634,'SUCCESS','bo_assessment','UPDATING DATA ID #35',8,1494523040,8,1494523040),(6635,'SUCCESS','bo_assessment','UPDATING DATA ID #36',8,1494523040,8,1494523040),(6636,'SUCCESS','bo_assessment','UPDATING DATA ID #37',8,1494523040,8,1494523040),(6637,'SUCCESS','bo_assessment','UPDATING DATA ID #38',8,1494523040,8,1494523040),(6638,'SUCCESS','bo_assessment','UPDATING DATA ID #39',8,1494523040,8,1494523040),(6639,'SUCCESS','bo_assessment','UPDATING DATA ID #40',8,1494523040,8,1494523040),(6640,'SUCCESS','bo_assessment_aspect','INSERTING NEW DATA WITH ID #8',8,1494671910,8,1494671910),(6641,'SUCCESS','boas_criteria','INSERTING NEW DATA WITH ID #28',8,1494671910,8,1494671910),(6642,'SUCCESS','bo_assessment_aspect','INSERTING NEW DATA WITH ID #9',8,1494671955,8,1494671955),(6643,'SUCCESS','boas_criteria','INSERTING NEW DATA WITH ID #29',8,1494671955,8,1494671955),(6644,'SUCCESS','boas_criteria','INSERTING NEW DATA WITH ID #30',8,1494671955,8,1494671955),(6645,'SUCCESS','beyond_obedience','INSERTING NEW DATA WITH ID #12',8,1494671995,8,1494671995),(6646,'SUCCESS','bo_assessment','INSERTING NEW DATA WITH ID #44',8,1494671995,8,1494671995),(6647,'SUCCESS','bo_assessment','INSERTING NEW DATA WITH ID #45',8,1494671995,8,1494671995),(6648,'SUCCESS','bo_assessment','INSERTING NEW DATA WITH ID #46',8,1494671995,8,1494671995),(6649,'SUCCESS','bo_assessment_aspect','UPDATING DATA ID #9',8,1494672316,8,1494672316),(6650,'SUCCESS','boas_criteria','UPDATING DATA ID #29',8,1494672316,8,1494672316),(6651,'SUCCESS','log_dirty','INSERTING NEW DATA WITH ID #239',8,1494672316,8,1494672316),(6652,'SUCCESS','log_dirty','INSERTING NEW DATA WITH ID #240',8,1494672316,8,1494672316),(6653,'SUCCESS','boas_criteria','UPDATING DATA ID #30',8,1494672316,8,1494672316),(6654,'SUCCESS','log_dirty','INSERTING NEW DATA WITH ID #241',8,1494672316,8,1494672316),(6655,'SUCCESS','bo_assessment_aspect','UPDATING DATA ID #8',8,1494672342,8,1494672342),(6656,'SUCCESS','boas_criteria','UPDATING DATA ID #28',8,1494672342,8,1494672342),(6657,'SUCCESS','log_dirty','INSERTING NEW DATA WITH ID #242',8,1494672342,8,1494672342),(6658,'SUCCESS','bo_assessment_aspect','INSERTING NEW DATA WITH ID #10',8,1494672763,8,1494672763),(6659,'SUCCESS','boas_criteria','INSERTING NEW DATA WITH ID #31',8,1494672763,8,1494672763),(6660,'SUCCESS','bo_assessment_aspect','INSERTING NEW DATA WITH ID #11',8,1494672795,8,1494672795),(6661,'SUCCESS','boas_criteria','INSERTING NEW DATA WITH ID #32',8,1494672795,8,1494672795),(6662,'SUCCESS','boas_criteria','INSERTING NEW DATA WITH ID #33',8,1494672795,8,1494672795),(6663,'SUCCESS','bo_assessment_aspect','INSERTING NEW DATA WITH ID #12',8,1494672937,8,1494672937),(6664,'SUCCESS','boas_criteria','INSERTING NEW DATA WITH ID #34',8,1494672937,8,1494672937),(6665,'SUCCESS','boas_criteria','INSERTING NEW DATA WITH ID #35',8,1494672938,8,1494672938),(6666,'SUCCESS','bo_assessment_aspect','INSERTING NEW DATA WITH ID #13',8,1494673004,8,1494673004),(6667,'SUCCESS','boas_criteria','INSERTING NEW DATA WITH ID #36',8,1494673004,8,1494673004),(6668,'SUCCESS','boas_criteria','INSERTING NEW DATA WITH ID #37',8,1494673004,8,1494673004),(6669,'SUCCESS','boas_criteria','INSERTING NEW DATA WITH ID #38',8,1494673004,8,1494673004),(6670,'SUCCESS','bo_assessment_aspect','UPDATING DATA ID #13',8,1494673033,8,1494673033),(6671,'SUCCESS','boas_criteria','UPDATING DATA ID #36',8,1494673033,8,1494673033),(6672,'SUCCESS','boas_criteria','UPDATING DATA ID #37',8,1494673033,8,1494673033),(6673,'SUCCESS','log_dirty','INSERTING NEW DATA WITH ID #243',8,1494673033,8,1494673033),(6674,'SUCCESS','boas_criteria','UPDATING DATA ID #38',8,1494673033,8,1494673033),(6675,'SUCCESS','bo_assessment_aspect','INSERTING NEW DATA WITH ID #14',8,1494673075,8,1494673075),(6676,'SUCCESS','boas_criteria','INSERTING NEW DATA WITH ID #39',8,1494673075,8,1494673075),(6677,'SUCCESS','bo_assessment_aspect','INSERTING NEW DATA WITH ID #15',8,1494673107,8,1494673107),(6678,'SUCCESS','boas_criteria','INSERTING NEW DATA WITH ID #40',8,1494673107,8,1494673107),(6679,'SUCCESS','boas_criteria','INSERTING NEW DATA WITH ID #41',8,1494673107,8,1494673107),(6680,'SUCCESS','bo_assessment_aspect','INSERTING NEW DATA WITH ID #16',8,1494673161,8,1494673161),(6681,'SUCCESS','boas_criteria','INSERTING NEW DATA WITH ID #42',8,1494673161,8,1494673161),(6682,'SUCCESS','boas_criteria','INSERTING NEW DATA WITH ID #43',8,1494673161,8,1494673161),(6683,'SUCCESS','boas_criteria','INSERTING NEW DATA WITH ID #44',8,1494673161,8,1494673161),(6684,'SUCCESS','boas_criteria','INSERTING NEW DATA WITH ID #45',8,1494673161,8,1494673161),(6685,'SUCCESS','boas_criteria','INSERTING NEW DATA WITH ID #46',8,1494673161,8,1494673161),(6686,'SUCCESS','bo_assessment_aspect','INSERTING NEW DATA WITH ID #17',8,1494673321,8,1494673321),(6687,'SUCCESS','boas_criteria','INSERTING NEW DATA WITH ID #47',8,1494673321,8,1494673321),(6688,'SUCCESS','boas_criteria','INSERTING NEW DATA WITH ID #48',8,1494673321,8,1494673321),(6689,'SUCCESS','boas_criteria','INSERTING NEW DATA WITH ID #49',8,1494673321,8,1494673321),(6690,'SUCCESS','boas_criteria','INSERTING NEW DATA WITH ID #50',8,1494673321,8,1494673321),(6691,'SUCCESS','boas_criteria','INSERTING NEW DATA WITH ID #51',8,1494673321,8,1494673321),(6692,'SUCCESS','boas_criteria','INSERTING NEW DATA WITH ID #52',8,1494673321,8,1494673321),(6693,'SUCCESS','boas_criteria','INSERTING NEW DATA WITH ID #53',8,1494673321,8,1494673321),(6694,'SUCCESS','boas_criteria','INSERTING NEW DATA WITH ID #54',8,1494673321,8,1494673321),(6695,'SUCCESS','boas_criteria','INSERTING NEW DATA WITH ID #55',8,1494673321,8,1494673321),(6696,'SUCCESS','boas_criteria','INSERTING NEW DATA WITH ID #56',8,1494673321,8,1494673321),(6697,'SUCCESS','boas_criteria','INSERTING NEW DATA WITH ID #57',8,1494673321,8,1494673321),(6698,'SUCCESS','boas_criteria','INSERTING NEW DATA WITH ID #58',8,1494673321,8,1494673321),(6699,'SUCCESS','bo_assessment_aspect','INSERTING NEW DATA WITH ID #18',8,1494673641,8,1494673641),(6700,'SUCCESS','boas_criteria','INSERTING NEW DATA WITH ID #59',8,1494673641,8,1494673641),(6701,'SUCCESS','bo_assessment_aspect','INSERTING NEW DATA WITH ID #19',8,1494673675,8,1494673675),(6702,'SUCCESS','boas_criteria','INSERTING NEW DATA WITH ID #60',8,1494673675,8,1494673675),(6703,'SUCCESS','boas_criteria','INSERTING NEW DATA WITH ID #61',8,1494673675,8,1494673675),(6704,'SUCCESS','bo_assessment_aspect','INSERTING NEW DATA WITH ID #20',8,1494673773,8,1494673773),(6705,'SUCCESS','boas_criteria','INSERTING NEW DATA WITH ID #62',8,1494673773,8,1494673773),(6706,'SUCCESS','bo_assessment_aspect','INSERTING NEW DATA WITH ID #21',8,1494673815,8,1494673815),(6707,'SUCCESS','boas_criteria','INSERTING NEW DATA WITH ID #63',8,1494673815,8,1494673815),(6708,'SUCCESS','boas_criteria','INSERTING NEW DATA WITH ID #64',8,1494673815,8,1494673815),(6709,'SUCCESS','boas_criteria','INSERTING NEW DATA WITH ID #65',8,1494673815,8,1494673815),(6710,'SUCCESS','bo_assessment_aspect','INSERTING NEW DATA WITH ID #22',8,1494673847,8,1494673847),(6711,'SUCCESS','boas_criteria','INSERTING NEW DATA WITH ID #66',8,1494673847,8,1494673847),(6712,'SUCCESS','boas_criteria','INSERTING NEW DATA WITH ID #67',8,1494673847,8,1494673847),(6713,'SUCCESS','bo_assessment_aspect','INSERTING NEW DATA WITH ID #23',8,1494673885,8,1494673885),(6714,'SUCCESS','boas_criteria','INSERTING NEW DATA WITH ID #68',8,1494673885,8,1494673885),(6715,'SUCCESS','boas_criteria','INSERTING NEW DATA WITH ID #69',8,1494673885,8,1494673885),(6716,'SUCCESS','boas_criteria','INSERTING NEW DATA WITH ID #70',8,1494673885,8,1494673885),(6717,'SUCCESS','boas_criteria','DELETING DATA ID #54',8,1494674087,8,1494674087),(6718,'SUCCESS','bo_assessment_aspect','UPDATING DATA ID #17',8,1494674091,8,1494674091),(6719,'SUCCESS','boas_criteria','UPDATING DATA ID #47',8,1494674091,8,1494674091),(6720,'SUCCESS','boas_criteria','UPDATING DATA ID #48',8,1494674091,8,1494674091),(6721,'SUCCESS','boas_criteria','UPDATING DATA ID #49',8,1494674091,8,1494674091),(6722,'SUCCESS','boas_criteria','UPDATING DATA ID #50',8,1494674091,8,1494674091),(6723,'SUCCESS','log_dirty','INSERTING NEW DATA WITH ID #244',8,1494674091,8,1494674091),(6724,'SUCCESS','boas_criteria','UPDATING DATA ID #51',8,1494674091,8,1494674091),(6725,'SUCCESS','boas_criteria','UPDATING DATA ID #52',8,1494674091,8,1494674091),(6726,'SUCCESS','boas_criteria','UPDATING DATA ID #53',8,1494674091,8,1494674091),(6727,'SUCCESS','boas_criteria','UPDATING DATA ID #55',8,1494674091,8,1494674091),(6728,'SUCCESS','log_dirty','INSERTING NEW DATA WITH ID #245',8,1494674091,8,1494674091),(6729,'SUCCESS','boas_criteria','UPDATING DATA ID #56',8,1494674091,8,1494674091),(6730,'SUCCESS','boas_criteria','UPDATING DATA ID #57',8,1494674091,8,1494674091),(6731,'SUCCESS','boas_criteria','UPDATING DATA ID #58',8,1494674091,8,1494674091),(6732,'SUCCESS','beyond_obedience','INSERTING NEW DATA WITH ID #13',8,1494674230,8,1494674230),(6733,'SUCCESS','bo_assessment','INSERTING NEW DATA WITH ID #47',8,1494674230,8,1494674230),(6734,'SUCCESS','bo_assessment','INSERTING NEW DATA WITH ID #48',8,1494674230,8,1494674230),(6735,'SUCCESS','bo_assessment','INSERTING NEW DATA WITH ID #49',8,1494674230,8,1494674230),(6736,'SUCCESS','bo_assessment','INSERTING NEW DATA WITH ID #50',8,1494674230,8,1494674230),(6737,'SUCCESS','bo_assessment','INSERTING NEW DATA WITH ID #51',8,1494674230,8,1494674230),(6738,'SUCCESS','bo_assessment','INSERTING NEW DATA WITH ID #52',8,1494674230,8,1494674230),(6739,'SUCCESS','bo_assessment','INSERTING NEW DATA WITH ID #53',8,1494674230,8,1494674230),(6740,'SUCCESS','bo_assessment','INSERTING NEW DATA WITH ID #54',8,1494674230,8,1494674230),(6741,'SUCCESS','bo_assessment','INSERTING NEW DATA WITH ID #55',8,1494674230,8,1494674230),(6742,'SUCCESS','bo_assessment','INSERTING NEW DATA WITH ID #56',8,1494674230,8,1494674230),(6743,'SUCCESS','bo_assessment','INSERTING NEW DATA WITH ID #57',8,1494674230,8,1494674230),(6744,'SUCCESS','bo_assessment','INSERTING NEW DATA WITH ID #58',8,1494674230,8,1494674230),(6745,'SUCCESS','bo_assessment','INSERTING NEW DATA WITH ID #59',8,1494674230,8,1494674230),(6746,'SUCCESS','bo_assessment','INSERTING NEW DATA WITH ID #60',8,1494674230,8,1494674230),(6747,'SUCCESS','bo_assessment','INSERTING NEW DATA WITH ID #61',8,1494674230,8,1494674230),(6748,'SUCCESS','bo_assessment','INSERTING NEW DATA WITH ID #62',8,1494674230,8,1494674230),(6749,'SUCCESS','beyond_obedience','INSERTING NEW DATA WITH ID #14',8,1494674482,8,1494674482),(6750,'SUCCESS','bo_assessment','INSERTING NEW DATA WITH ID #63',8,1494674482,8,1494674482),(6751,'SUCCESS','bo_assessment','INSERTING NEW DATA WITH ID #64',8,1494674482,8,1494674482),(6752,'SUCCESS','bo_assessment','INSERTING NEW DATA WITH ID #65',8,1494674482,8,1494674482),(6753,'SUCCESS','beyond_obedience','INSERTING NEW DATA WITH ID #15',8,1494674662,8,1494674662),(6754,'SUCCESS','bo_assessment','INSERTING NEW DATA WITH ID #66',8,1494674662,8,1494674662),(6755,'SUCCESS','bo_assessment','INSERTING NEW DATA WITH ID #67',8,1494674662,8,1494674662),(6756,'SUCCESS','bo_assessment','INSERTING NEW DATA WITH ID #68',8,1494674663,8,1494674663),(6757,'SUCCESS','beyond_obedience','INSERTING NEW DATA WITH ID #16',8,1494674687,8,1494674687),(6758,'SUCCESS','bo_assessment','INSERTING NEW DATA WITH ID #69',8,1494674687,8,1494674687),(6759,'SUCCESS','bo_assessment','INSERTING NEW DATA WITH ID #70',8,1494674687,8,1494674687),(6760,'SUCCESS','bo_assessment','INSERTING NEW DATA WITH ID #71',8,1494674687,8,1494674687),(6761,'SUCCESS','bo_assessment','INSERTING NEW DATA WITH ID #72',8,1494674687,8,1494674687),(6762,'SUCCESS','bo_assessment','INSERTING NEW DATA WITH ID #73',8,1494674687,8,1494674687),(6763,'SUCCESS','beyond_obedience','INSERTING NEW DATA WITH ID #17',8,1494674700,8,1494674700),(6764,'SUCCESS','bo_assessment','INSERTING NEW DATA WITH ID #74',8,1494674700,8,1494674700),(6765,'SUCCESS','bo_assessment','INSERTING NEW DATA WITH ID #75',8,1494674700,8,1494674700),(6766,'SUCCESS','bo_assessment','INSERTING NEW DATA WITH ID #76',8,1494674700,8,1494674700),(6767,'SUCCESS','beyond_obedience','INSERTING NEW DATA WITH ID #18',8,1494674712,8,1494674712),(6768,'SUCCESS','bo_assessment','INSERTING NEW DATA WITH ID #77',8,1494674712,8,1494674712),(6769,'SUCCESS','bo_assessment','INSERTING NEW DATA WITH ID #78',8,1494674712,8,1494674712),(6770,'SUCCESS','bo_assessment','INSERTING NEW DATA WITH ID #79',8,1494674712,8,1494674712),(6771,'SUCCESS','bo_assessment','INSERTING NEW DATA WITH ID #80',8,1494674712,8,1494674712),(6772,'SUCCESS','beyond_obedience','INSERTING NEW DATA WITH ID #19',8,1494674757,8,1494674757),(6773,'SUCCESS','bo_assessment','INSERTING NEW DATA WITH ID #81',8,1494674757,8,1494674757),(6774,'SUCCESS','bo_assessment','INSERTING NEW DATA WITH ID #82',8,1494674757,8,1494674757),(6775,'SUCCESS','bo_assessment','INSERTING NEW DATA WITH ID #83',8,1494674757,8,1494674757),(6776,'SUCCESS','bo_assessment','INSERTING NEW DATA WITH ID #84',8,1494674757,8,1494674757),(6777,'SUCCESS','bo_assessment','INSERTING NEW DATA WITH ID #85',8,1494674757,8,1494674757),(6778,'SUCCESS','beyond_obedience','INSERTING NEW DATA WITH ID #20',8,1494674806,8,1494674806),(6779,'SUCCESS','bo_assessment','INSERTING NEW DATA WITH ID #86',8,1494674806,8,1494674806),(6780,'SUCCESS','bo_assessment','INSERTING NEW DATA WITH ID #87',8,1494674807,8,1494674807),(6781,'SUCCESS','bo_assessment','INSERTING NEW DATA WITH ID #88',8,1494674807,8,1494674807),(6782,'SUCCESS','bo_assessment','INSERTING NEW DATA WITH ID #89',8,1494674807,8,1494674807),(6783,'SUCCESS','bo_assessment','INSERTING NEW DATA WITH ID #90',8,1494674807,8,1494674807),(6784,'SUCCESS','bo_assessment','INSERTING NEW DATA WITH ID #91',8,1494674807,8,1494674807),(6785,'SUCCESS','bo_assessment','INSERTING NEW DATA WITH ID #92',8,1494674807,8,1494674807),(6786,'SUCCESS','bo_assessment','INSERTING NEW DATA WITH ID #93',8,1494674807,8,1494674807),(6787,'SUCCESS','bo_assessment','INSERTING NEW DATA WITH ID #94',8,1494674807,8,1494674807),(6788,'SUCCESS','bo_assessment','INSERTING NEW DATA WITH ID #95',8,1494674807,8,1494674807),(6789,'SUCCESS','bo_assessment','INSERTING NEW DATA WITH ID #96',8,1494674807,8,1494674807),(6790,'SUCCESS','bo_assessment','INSERTING NEW DATA WITH ID #97',8,1494674807,8,1494674807),(6791,'SUCCESS','bo_assessment','INSERTING NEW DATA WITH ID #98',8,1494674807,8,1494674807),(6792,'SUCCESS','bo_assessment','INSERTING NEW DATA WITH ID #99',8,1494674807,8,1494674807),(6793,'SUCCESS','bo_assessment','INSERTING NEW DATA WITH ID #100',8,1494674807,8,1494674807),(6794,'SUCCESS','bo_assessment','INSERTING NEW DATA WITH ID #101',8,1494674807,8,1494674807),(6795,'SUCCESS','boas_criteria','DELETING DATA ID #27',8,1494917576,8,1494917576),(6796,'SUCCESS','bo_assessment_aspect','UPDATING DATA ID #5',8,1494917580,8,1494917580),(6797,'SUCCESS','boas_criteria','UPDATING DATA ID #16',8,1494917580,8,1494917580),(6798,'SUCCESS','bo_assessment_aspect','UPDATING DATA ID #5',8,1494917712,8,1494917712),(6799,'SUCCESS','boas_criteria','UPDATING DATA ID #16',8,1494917712,8,1494917712),(6800,'SUCCESS','boas_criteria','INSERTING NEW DATA WITH ID #71',8,1494917712,8,1494917712),(6801,'SUCCESS','bo_assessment','INSERTING NEW DATA WITH ID #102',8,1494917712,8,1494917712),(6802,'SUCCESS','bo_assessment_aspect','UPDATING DATA ID #5',8,1494917730,8,1494917730),(6803,'SUCCESS','boas_criteria','UPDATING DATA ID #16',8,1494917730,8,1494917730),(6804,'SUCCESS','boas_criteria','UPDATING DATA ID #71',8,1494917730,8,1494917730),(6805,'SUCCESS','bo_assessment_aspect','UPDATING DATA ID #7',8,1494918011,8,1494918011),(6806,'SUCCESS','boas_criteria','UPDATING DATA ID #20',8,1494918013,8,1494918013),(6807,'SUCCESS','boas_criteria','UPDATING DATA ID #21',8,1494918013,8,1494918013),(6808,'SUCCESS','boas_criteria','UPDATING DATA ID #22',8,1494918013,8,1494918013),(6809,'SUCCESS','log_dirty','INSERTING NEW DATA WITH ID #246',8,1494918013,8,1494918013),(6810,'SUCCESS','boas_criteria','UPDATING DATA ID #23',8,1494918013,8,1494918013),(6811,'SUCCESS','log_dirty','INSERTING NEW DATA WITH ID #247',8,1494918013,8,1494918013),(6812,'SUCCESS','boas_criteria','UPDATING DATA ID #24',8,1494918013,8,1494918013),(6813,'SUCCESS','log_dirty','INSERTING NEW DATA WITH ID #248',8,1494918013,8,1494918013),(6814,'SUCCESS','boas_criteria','INSERTING NEW DATA WITH ID #72',8,1494918013,8,1494918013),(6815,'SUCCESS','bo_assessment','INSERTING NEW DATA WITH ID #103',8,1494918013,8,1494918013),(6816,'SUCCESS','boas_criteria','INSERTING NEW DATA WITH ID #73',8,1494918013,8,1494918013),(6817,'SUCCESS','bo_assessment','INSERTING NEW DATA WITH ID #104',8,1494918013,8,1494918013),(6818,'SUCCESS','boas_criteria','INSERTING NEW DATA WITH ID #74',8,1494918013,8,1494918013),(6819,'SUCCESS','bo_assessment','INSERTING NEW DATA WITH ID #105',8,1494918013,8,1494918013),(6820,'SUCCESS','boas_criteria','INSERTING NEW DATA WITH ID #75',8,1494918013,8,1494918013),(6821,'SUCCESS','bo_assessment','INSERTING NEW DATA WITH ID #106',8,1494918013,8,1494918013),(6822,'SUCCESS','boas_criteria','INSERTING NEW DATA WITH ID #76',8,1494918013,8,1494918013),(6823,'SUCCESS','bo_assessment','INSERTING NEW DATA WITH ID #107',8,1494918013,8,1494918013),(6824,'SUCCESS','boas_criteria','INSERTING NEW DATA WITH ID #77',8,1494918013,8,1494918013),(6825,'SUCCESS','bo_assessment','INSERTING NEW DATA WITH ID #108',8,1494918013,8,1494918013),(6826,'SUCCESS','boas_criteria','DELETING DATA ID #21',8,1494918163,8,1494918163),(6827,'SUCCESS','boas_criteria','DELETING DATA ID #22',8,1494918165,8,1494918165),(6828,'SUCCESS','boas_criteria','DELETING DATA ID #23',8,1494918167,8,1494918167),(6829,'SUCCESS','boas_criteria','DELETING DATA ID #24',8,1494918168,8,1494918168),(6830,'SUCCESS','boas_criteria','DELETING DATA ID #72',8,1494918170,8,1494918170),(6831,'SUCCESS','boas_criteria','DELETING DATA ID #73',8,1494918172,8,1494918172),(6832,'SUCCESS','boas_criteria','DELETING DATA ID #74',8,1494918173,8,1494918173),(6833,'SUCCESS','boas_criteria','DELETING DATA ID #75',8,1494918175,8,1494918175),(6834,'SUCCESS','boas_criteria','DELETING DATA ID #76',8,1494918177,8,1494918177),(6835,'SUCCESS','boas_criteria','DELETING DATA ID #77',8,1494918181,8,1494918181),(6836,'SUCCESS','bo_assessment_aspect','UPDATING DATA ID #7',8,1494918396,8,1494918396),(6837,'SUCCESS','boas_criteria','UPDATING DATA ID #20',8,1494918397,8,1494918397),(6838,'SUCCESS','boas_criteria','INSERTING NEW DATA WITH ID #78',8,1494918397,8,1494918397),(6839,'SUCCESS','bo_assessment','INSERTING NEW DATA WITH ID #109',8,1494918398,8,1494918398),(6840,'SUCCESS','boas_criteria','INSERTING NEW DATA WITH ID #79',8,1494918398,8,1494918398),(6841,'SUCCESS','bo_assessment','INSERTING NEW DATA WITH ID #110',8,1494918398,8,1494918398),(6842,'SUCCESS','boas_criteria','INSERTING NEW DATA WITH ID #80',8,1494918398,8,1494918398),(6843,'SUCCESS','bo_assessment','INSERTING NEW DATA WITH ID #111',8,1494918398,8,1494918398),(6844,'SUCCESS','boas_criteria','INSERTING NEW DATA WITH ID #81',8,1494918398,8,1494918398),(6845,'SUCCESS','bo_assessment','INSERTING NEW DATA WITH ID #112',8,1494918398,8,1494918398),(6846,'SUCCESS','boas_criteria','INSERTING NEW DATA WITH ID #82',8,1494918398,8,1494918398),(6847,'SUCCESS','bo_assessment','INSERTING NEW DATA WITH ID #113',8,1494918398,8,1494918398),(6848,'SUCCESS','boas_criteria','INSERTING NEW DATA WITH ID #83',8,1494918398,8,1494918398),(6849,'SUCCESS','bo_assessment','INSERTING NEW DATA WITH ID #114',8,1494918398,8,1494918398),(6850,'SUCCESS','boas_criteria','INSERTING NEW DATA WITH ID #84',8,1494918398,8,1494918398),(6851,'SUCCESS','bo_assessment','INSERTING NEW DATA WITH ID #115',8,1494918398,8,1494918398),(6852,'SUCCESS','boas_criteria','INSERTING NEW DATA WITH ID #85',8,1494918398,8,1494918398),(6853,'SUCCESS','bo_assessment','INSERTING NEW DATA WITH ID #116',8,1494918398,8,1494918398),(6854,'SUCCESS','boas_criteria','INSERTING NEW DATA WITH ID #86',8,1494918399,8,1494918399),(6855,'SUCCESS','bo_assessment','INSERTING NEW DATA WITH ID #117',8,1494918399,8,1494918399),(6856,'SUCCESS','boas_criteria','INSERTING NEW DATA WITH ID #87',8,1494918399,8,1494918399),(6857,'SUCCESS','bo_assessment','INSERTING NEW DATA WITH ID #118',8,1494918399,8,1494918399),(6858,'SUCCESS','boas_criteria','INSERTING NEW DATA WITH ID #88',8,1494918399,8,1494918399),(6859,'SUCCESS','bo_assessment','INSERTING NEW DATA WITH ID #119',8,1494918399,8,1494918399),(6860,'SUCCESS','boas_criteria','DELETING DATA ID #78',8,1494918956,8,1494918956),(6861,'SUCCESS','boas_criteria','DELETING DATA ID #79',8,1494918958,8,1494918958),(6862,'SUCCESS','boas_criteria','DELETING DATA ID #80',8,1494918959,8,1494918959),(6863,'SUCCESS','boas_criteria','DELETING DATA ID #81',8,1494918961,8,1494918961),(6864,'SUCCESS','boas_criteria','DELETING DATA ID #82',8,1494918962,8,1494918962),(6865,'SUCCESS','boas_criteria','DELETING DATA ID #83',8,1494918963,8,1494918963),(6866,'SUCCESS','boas_criteria','DELETING DATA ID #84',8,1494918964,8,1494918964),(6867,'SUCCESS','boas_criteria','DELETING DATA ID #85',8,1494918965,8,1494918965),(6868,'SUCCESS','boas_criteria','DELETING DATA ID #86',8,1494918966,8,1494918966),(6869,'SUCCESS','boas_criteria','DELETING DATA ID #87',8,1494918967,8,1494918967),(6870,'SUCCESS','boas_criteria','DELETING DATA ID #88',8,1494918968,8,1494918968),(6871,'SUCCESS','bo_assessment_aspect','UPDATING DATA ID #7',8,1494919340,8,1494919340),(6872,'SUCCESS','boas_criteria','UPDATING DATA ID #20',8,1494919342,8,1494919342),(6873,'SUCCESS','boas_criteria','INSERTING NEW DATA WITH ID #89',8,1494919342,8,1494919342),(6874,'SUCCESS','bo_assessment','INSERTING NEW DATA WITH ID #120',8,1494919342,8,1494919342),(6875,'SUCCESS','boas_criteria','INSERTING NEW DATA WITH ID #90',8,1494919342,8,1494919342),(6876,'SUCCESS','bo_assessment','INSERTING NEW DATA WITH ID #121',8,1494919342,8,1494919342),(6877,'SUCCESS','boas_criteria','INSERTING NEW DATA WITH ID #91',8,1494919342,8,1494919342),(6878,'SUCCESS','bo_assessment','INSERTING NEW DATA WITH ID #122',8,1494919342,8,1494919342),(6879,'SUCCESS','boas_criteria','INSERTING NEW DATA WITH ID #92',8,1494919342,8,1494919342),(6880,'SUCCESS','bo_assessment','INSERTING NEW DATA WITH ID #123',8,1494919342,8,1494919342),(6881,'SUCCESS','boas_criteria','INSERTING NEW DATA WITH ID #93',8,1494919342,8,1494919342),(6882,'SUCCESS','bo_assessment','INSERTING NEW DATA WITH ID #124',8,1494919342,8,1494919342),(6883,'SUCCESS','boas_criteria','INSERTING NEW DATA WITH ID #94',8,1494919342,8,1494919342),(6884,'SUCCESS','bo_assessment','INSERTING NEW DATA WITH ID #125',8,1494919342,8,1494919342),(6885,'SUCCESS','boas_criteria','INSERTING NEW DATA WITH ID #95',8,1494919342,8,1494919342),(6886,'SUCCESS','bo_assessment','INSERTING NEW DATA WITH ID #126',8,1494919342,8,1494919342),(6887,'SUCCESS','boas_criteria','INSERTING NEW DATA WITH ID #96',8,1494919342,8,1494919342),(6888,'SUCCESS','bo_assessment','INSERTING NEW DATA WITH ID #127',8,1494919342,8,1494919342),(6889,'SUCCESS','boas_criteria','INSERTING NEW DATA WITH ID #97',8,1494919342,8,1494919342),(6890,'SUCCESS','bo_assessment','INSERTING NEW DATA WITH ID #128',8,1494919342,8,1494919342),(6891,'SUCCESS','boas_criteria','INSERTING NEW DATA WITH ID #98',8,1494919342,8,1494919342),(6892,'SUCCESS','bo_assessment','INSERTING NEW DATA WITH ID #129',8,1494919342,8,1494919342),(6893,'SUCCESS','boas_criteria','INSERTING NEW DATA WITH ID #99',8,1494919342,8,1494919342),(6894,'SUCCESS','bo_assessment','INSERTING NEW DATA WITH ID #130',8,1494919342,8,1494919342),(6895,'SUCCESS','boas_criteria','INSERTING NEW DATA WITH ID #100',8,1494919342,8,1494919342),(6896,'SUCCESS','bo_assessment','INSERTING NEW DATA WITH ID #131',8,1494919342,8,1494919342),(6897,'SUCCESS','boas_criteria','INSERTING NEW DATA WITH ID #101',8,1494919342,8,1494919342),(6898,'SUCCESS','bo_assessment','INSERTING NEW DATA WITH ID #132',8,1494919342,8,1494919342),(6899,'SUCCESS','boas_criteria','INSERTING NEW DATA WITH ID #102',8,1494919342,8,1494919342),(6900,'SUCCESS','bo_assessment','INSERTING NEW DATA WITH ID #133',8,1494919342,8,1494919342),(6901,'SUCCESS','bo_assessment_aspect','INSERTING NEW DATA WITH ID #24',8,1494919723,8,1494919723),(6902,'SUCCESS','boas_criteria','INSERTING NEW DATA WITH ID #103',8,1494919723,8,1494919723),(6903,'SUCCESS','bo_assessment','INSERTING NEW DATA WITH ID #134',8,1494919723,8,1494919723),(6904,'SUCCESS','boas_criteria','INSERTING NEW DATA WITH ID #104',8,1494919723,8,1494919723),(6905,'SUCCESS','bo_assessment','INSERTING NEW DATA WITH ID #135',8,1494919723,8,1494919723),(6906,'SUCCESS','boas_criteria','INSERTING NEW DATA WITH ID #105',8,1494919723,8,1494919723),(6907,'SUCCESS','bo_assessment','INSERTING NEW DATA WITH ID #136',8,1494919723,8,1494919723),(6908,'SUCCESS','boas_criteria','INSERTING NEW DATA WITH ID #106',8,1494919723,8,1494919723),(6909,'SUCCESS','bo_assessment','INSERTING NEW DATA WITH ID #137',8,1494919723,8,1494919723),(6910,'SUCCESS','boas_criteria','INSERTING NEW DATA WITH ID #107',8,1494919723,8,1494919723),(6911,'SUCCESS','bo_assessment','INSERTING NEW DATA WITH ID #138',8,1494919723,8,1494919723),(6912,'SUCCESS','boas_criteria','INSERTING NEW DATA WITH ID #108',8,1494919723,8,1494919723),(6913,'SUCCESS','bo_assessment','INSERTING NEW DATA WITH ID #139',8,1494919723,8,1494919723),(6914,'SUCCESS','boas_criteria','INSERTING NEW DATA WITH ID #109',8,1494919723,8,1494919723),(6915,'SUCCESS','bo_assessment','INSERTING NEW DATA WITH ID #140',8,1494919723,8,1494919723),(6916,'SUCCESS','boas_criteria','INSERTING NEW DATA WITH ID #110',8,1494919723,8,1494919723),(6917,'SUCCESS','bo_assessment','INSERTING NEW DATA WITH ID #141',8,1494919723,8,1494919723),(6918,'SUCCESS','boas_criteria','INSERTING NEW DATA WITH ID #111',8,1494919723,8,1494919723),(6919,'SUCCESS','bo_assessment','INSERTING NEW DATA WITH ID #142',8,1494919724,8,1494919724),(6920,'SUCCESS','boas_criteria','INSERTING NEW DATA WITH ID #112',8,1494919724,8,1494919724),(6921,'SUCCESS','bo_assessment','INSERTING NEW DATA WITH ID #143',8,1494919724,8,1494919724),(6922,'SUCCESS','boas_criteria','INSERTING NEW DATA WITH ID #113',8,1494919724,8,1494919724),(6923,'SUCCESS','bo_assessment','INSERTING NEW DATA WITH ID #144',8,1494919724,8,1494919724),(6924,'SUCCESS','boas_criteria','INSERTING NEW DATA WITH ID #114',8,1494919724,8,1494919724),(6925,'SUCCESS','bo_assessment','INSERTING NEW DATA WITH ID #145',8,1494919724,8,1494919724),(6926,'SUCCESS','boas_criteria','INSERTING NEW DATA WITH ID #115',8,1494919724,8,1494919724),(6927,'SUCCESS','bo_assessment','INSERTING NEW DATA WITH ID #146',8,1494919724,8,1494919724),(6928,'SUCCESS','boas_criteria','INSERTING NEW DATA WITH ID #116',8,1494919724,8,1494919724),(6929,'SUCCESS','bo_assessment','INSERTING NEW DATA WITH ID #147',8,1494919724,8,1494919724),(6930,'SUCCESS','boas_criteria','INSERTING NEW DATA WITH ID #117',8,1494919724,8,1494919724),(6931,'SUCCESS','bo_assessment','INSERTING NEW DATA WITH ID #148',8,1494919724,8,1494919724),(6932,'SUCCESS','bo_assessment_aspect','INSERTING NEW DATA WITH ID #25',8,1494922427,8,1494922427),(6933,'SUCCESS','boas_criteria','INSERTING NEW DATA WITH ID #118',8,1494922427,8,1494922427),(6934,'SUCCESS','bo_assessment','INSERTING NEW DATA WITH ID #149',8,1494922427,8,1494922427),(6935,'SUCCESS','boas_criteria','INSERTING NEW DATA WITH ID #119',8,1494922427,8,1494922427),(6936,'SUCCESS','bo_assessment','INSERTING NEW DATA WITH ID #150',8,1494922427,8,1494922427),(6937,'SUCCESS','boas_criteria','INSERTING NEW DATA WITH ID #120',8,1494922427,8,1494922427),(6938,'SUCCESS','bo_assessment','INSERTING NEW DATA WITH ID #151',8,1494922427,8,1494922427),(6939,'SUCCESS','boas_criteria','INSERTING NEW DATA WITH ID #121',8,1494922427,8,1494922427),(6940,'SUCCESS','bo_assessment','INSERTING NEW DATA WITH ID #152',8,1494922427,8,1494922427),(6941,'SUCCESS','boas_criteria','INSERTING NEW DATA WITH ID #122',8,1494922427,8,1494922427),(6942,'SUCCESS','bo_assessment','INSERTING NEW DATA WITH ID #153',8,1494922427,8,1494922427),(6943,'SUCCESS','boas_criteria','INSERTING NEW DATA WITH ID #123',8,1494922427,8,1494922427),(6944,'SUCCESS','bo_assessment','INSERTING NEW DATA WITH ID #154',8,1494922427,8,1494922427),(6945,'SUCCESS','boas_criteria','INSERTING NEW DATA WITH ID #124',8,1494922427,8,1494922427),(6946,'SUCCESS','bo_assessment','INSERTING NEW DATA WITH ID #155',8,1494922427,8,1494922427),(6947,'SUCCESS','boas_criteria','INSERTING NEW DATA WITH ID #125',8,1494922427,8,1494922427),(6948,'SUCCESS','bo_assessment','INSERTING NEW DATA WITH ID #156',8,1494922427,8,1494922427),(6949,'SUCCESS','boas_criteria','INSERTING NEW DATA WITH ID #126',8,1494922427,8,1494922427),(6950,'SUCCESS','bo_assessment','INSERTING NEW DATA WITH ID #157',8,1494922427,8,1494922427),(6951,'SUCCESS','boas_criteria','INSERTING NEW DATA WITH ID #127',8,1494922427,8,1494922427),(6952,'SUCCESS','bo_assessment','INSERTING NEW DATA WITH ID #158',8,1494922428,8,1494922428),(6953,'SUCCESS','boas_criteria','INSERTING NEW DATA WITH ID #128',8,1494922428,8,1494922428),(6954,'SUCCESS','bo_assessment','INSERTING NEW DATA WITH ID #159',8,1494922428,8,1494922428),(6955,'SUCCESS','boas_criteria','INSERTING NEW DATA WITH ID #129',8,1494922428,8,1494922428),(6956,'SUCCESS','bo_assessment','INSERTING NEW DATA WITH ID #160',8,1494922428,8,1494922428),(6957,'SUCCESS','boas_criteria','INSERTING NEW DATA WITH ID #130',8,1494922428,8,1494922428),(6958,'SUCCESS','bo_assessment','INSERTING NEW DATA WITH ID #161',8,1494922428,8,1494922428),(6959,'SUCCESS','beyond_obedience','UPDATING DATA ID #11',8,1494942916,8,1494942916),(6960,'SUCCESS','log_dirty','INSERTING NEW DATA WITH ID #249',8,1494942917,8,1494942917),(6961,'SUCCESS','bo_assessment','UPDATING DATA ID #32',8,1494942917,8,1494942917),(6962,'SUCCESS','bo_assessment','UPDATING DATA ID #102',8,1494942917,8,1494942917),(6963,'SUCCESS','bo_assessment','UPDATING DATA ID #34',8,1494942917,8,1494942917),(6964,'SUCCESS','bo_assessment','UPDATING DATA ID #35',8,1494942917,8,1494942917),(6965,'SUCCESS','bo_assessment','UPDATING DATA ID #36',8,1494942917,8,1494942917),(6966,'SUCCESS','bo_assessment','UPDATING DATA ID #120',8,1494942917,8,1494942917),(6967,'SUCCESS','bo_assessment','UPDATING DATA ID #121',8,1494942917,8,1494942917),(6968,'SUCCESS','bo_assessment','UPDATING DATA ID #122',8,1494942917,8,1494942917),(6969,'SUCCESS','bo_assessment','UPDATING DATA ID #123',8,1494942917,8,1494942917),(6970,'SUCCESS','bo_assessment','UPDATING DATA ID #124',8,1494942917,8,1494942917),(6971,'SUCCESS','bo_assessment','UPDATING DATA ID #125',8,1494942917,8,1494942917),(6972,'SUCCESS','bo_assessment','UPDATING DATA ID #126',8,1494942917,8,1494942917),(6973,'SUCCESS','bo_assessment','UPDATING DATA ID #127',8,1494942917,8,1494942917),(6974,'SUCCESS','bo_assessment','UPDATING DATA ID #128',8,1494942917,8,1494942917),(6975,'SUCCESS','bo_assessment','UPDATING DATA ID #129',8,1494942917,8,1494942917),(6976,'SUCCESS','bo_assessment','UPDATING DATA ID #130',8,1494942917,8,1494942917),(6977,'SUCCESS','bo_assessment','UPDATING DATA ID #131',8,1494942917,8,1494942917),(6978,'SUCCESS','bo_assessment','UPDATING DATA ID #132',8,1494942917,8,1494942917),(6979,'SUCCESS','bo_assessment','UPDATING DATA ID #133',8,1494942917,8,1494942917),(6980,'SUCCESS','bo_assessment','UPDATING DATA ID #134',8,1494942917,8,1494942917),(6981,'SUCCESS','bo_assessment','UPDATING DATA ID #135',8,1494942917,8,1494942917),(6982,'SUCCESS','bo_assessment','UPDATING DATA ID #136',8,1494942917,8,1494942917),(6983,'SUCCESS','bo_assessment','UPDATING DATA ID #137',8,1494942917,8,1494942917),(6984,'SUCCESS','bo_assessment','UPDATING DATA ID #138',8,1494942917,8,1494942917),(6985,'SUCCESS','bo_assessment','UPDATING DATA ID #139',8,1494942917,8,1494942917),(6986,'SUCCESS','bo_assessment','UPDATING DATA ID #140',8,1494942917,8,1494942917),(6987,'SUCCESS','bo_assessment','UPDATING DATA ID #141',8,1494942917,8,1494942917),(6988,'SUCCESS','bo_assessment','UPDATING DATA ID #142',8,1494942917,8,1494942917),(6989,'SUCCESS','bo_assessment','UPDATING DATA ID #143',8,1494942917,8,1494942917),(6990,'SUCCESS','bo_assessment','UPDATING DATA ID #144',8,1494942917,8,1494942917),(6991,'SUCCESS','bo_assessment','UPDATING DATA ID #145',8,1494942917,8,1494942917),(6992,'SUCCESS','bo_assessment','UPDATING DATA ID #146',8,1494942917,8,1494942917),(6993,'SUCCESS','bo_assessment','UPDATING DATA ID #147',8,1494942917,8,1494942917),(6994,'SUCCESS','bo_assessment','UPDATING DATA ID #148',8,1494942917,8,1494942917),(6995,'SUCCESS','bo_assessment','UPDATING DATA ID #149',8,1494942917,8,1494942917),(6996,'SUCCESS','bo_assessment','UPDATING DATA ID #150',8,1494942917,8,1494942917),(6997,'SUCCESS','bo_assessment','UPDATING DATA ID #151',8,1494942917,8,1494942917),(6998,'SUCCESS','bo_assessment','UPDATING DATA ID #152',8,1494942917,8,1494942917),(6999,'SUCCESS','bo_assessment','UPDATING DATA ID #153',8,1494942917,8,1494942917),(7000,'SUCCESS','bo_assessment','UPDATING DATA ID #154',8,1494942917,8,1494942917),(7001,'SUCCESS','bo_assessment','UPDATING DATA ID #155',8,1494942917,8,1494942917),(7002,'SUCCESS','bo_assessment','UPDATING DATA ID #156',8,1494942917,8,1494942917),(7003,'SUCCESS','bo_assessment','UPDATING DATA ID #157',8,1494942917,8,1494942917),(7004,'SUCCESS','bo_assessment','UPDATING DATA ID #158',8,1494942917,8,1494942917),(7005,'SUCCESS','bo_assessment','UPDATING DATA ID #159',8,1494942917,8,1494942917),(7006,'SUCCESS','bo_assessment','UPDATING DATA ID #160',8,1494942917,8,1494942917),(7007,'SUCCESS','bo_assessment','UPDATING DATA ID #161',8,1494942917,8,1494942917),(7008,'SUCCESS','bo_assessment_aspect','INSERTING NEW DATA WITH ID #26',8,1494943184,8,1494943184),(7009,'SUCCESS','boas_criteria','INSERTING NEW DATA WITH ID #131',8,1494943185,8,1494943185),(7010,'SUCCESS','bo_assessment','INSERTING NEW DATA WITH ID #162',8,1494943185,8,1494943185),(7011,'SUCCESS','boas_criteria','INSERTING NEW DATA WITH ID #132',8,1494943185,8,1494943185),(7012,'SUCCESS','bo_assessment','INSERTING NEW DATA WITH ID #163',8,1494943185,8,1494943185),(7013,'SUCCESS','boas_criteria','INSERTING NEW DATA WITH ID #133',8,1494943185,8,1494943185),(7014,'SUCCESS','bo_assessment','INSERTING NEW DATA WITH ID #164',8,1494943185,8,1494943185),(7015,'SUCCESS','boas_criteria','INSERTING NEW DATA WITH ID #134',8,1494943185,8,1494943185),(7016,'SUCCESS','bo_assessment','INSERTING NEW DATA WITH ID #165',8,1494943185,8,1494943185),(7017,'SUCCESS','boas_criteria','INSERTING NEW DATA WITH ID #135',8,1494943185,8,1494943185),(7018,'SUCCESS','bo_assessment','INSERTING NEW DATA WITH ID #166',8,1494943185,8,1494943185),(7019,'SUCCESS','boas_criteria','INSERTING NEW DATA WITH ID #136',8,1494943186,8,1494943186),(7020,'SUCCESS','bo_assessment','INSERTING NEW DATA WITH ID #167',8,1494943186,8,1494943186),(7021,'SUCCESS','boas_criteria','INSERTING NEW DATA WITH ID #137',8,1494943186,8,1494943186),(7022,'SUCCESS','bo_assessment','INSERTING NEW DATA WITH ID #168',8,1494943186,8,1494943186),(7023,'SUCCESS','boas_criteria','INSERTING NEW DATA WITH ID #138',8,1494943186,8,1494943186),(7024,'SUCCESS','bo_assessment','INSERTING NEW DATA WITH ID #169',8,1494943186,8,1494943186),(7025,'SUCCESS','boas_criteria','INSERTING NEW DATA WITH ID #139',8,1494943186,8,1494943186),(7026,'SUCCESS','bo_assessment','INSERTING NEW DATA WITH ID #170',8,1494943186,8,1494943186),(7027,'SUCCESS','boas_criteria','INSERTING NEW DATA WITH ID #140',8,1494943186,8,1494943186),(7028,'SUCCESS','bo_assessment','INSERTING NEW DATA WITH ID #171',8,1494943186,8,1494943186),(7029,'SUCCESS','boas_criteria','INSERTING NEW DATA WITH ID #141',8,1494943186,8,1494943186),(7030,'SUCCESS','bo_assessment','INSERTING NEW DATA WITH ID #172',8,1494943186,8,1494943186),(7031,'SUCCESS','boas_criteria','INSERTING NEW DATA WITH ID #142',8,1494943186,8,1494943186),(7032,'SUCCESS','bo_assessment','INSERTING NEW DATA WITH ID #173',8,1494943186,8,1494943186),(7033,'SUCCESS','boas_criteria','INSERTING NEW DATA WITH ID #143',8,1494943186,8,1494943186),(7034,'SUCCESS','bo_assessment','INSERTING NEW DATA WITH ID #174',8,1494943186,8,1494943186),(7035,'SUCCESS','bo_assessment_aspect','INSERTING NEW DATA WITH ID #27',8,1494943516,8,1494943516),(7036,'SUCCESS','boas_criteria','INSERTING NEW DATA WITH ID #144',8,1494943516,8,1494943516),(7037,'SUCCESS','bo_assessment','INSERTING NEW DATA WITH ID #175',8,1494943516,8,1494943516),(7038,'SUCCESS','boas_criteria','INSERTING NEW DATA WITH ID #145',8,1494943517,8,1494943517),(7039,'SUCCESS','bo_assessment','INSERTING NEW DATA WITH ID #176',8,1494943517,8,1494943517),(7040,'SUCCESS','boas_criteria','INSERTING NEW DATA WITH ID #146',8,1494943517,8,1494943517),(7041,'SUCCESS','bo_assessment','INSERTING NEW DATA WITH ID #177',8,1494943517,8,1494943517),(7042,'SUCCESS','boas_criteria','INSERTING NEW DATA WITH ID #147',8,1494943517,8,1494943517),(7043,'SUCCESS','bo_assessment','INSERTING NEW DATA WITH ID #178',8,1494943517,8,1494943517),(7044,'SUCCESS','boas_criteria','INSERTING NEW DATA WITH ID #148',8,1494943517,8,1494943517),(7045,'SUCCESS','bo_assessment','INSERTING NEW DATA WITH ID #179',8,1494943517,8,1494943517),(7046,'SUCCESS','boas_criteria','INSERTING NEW DATA WITH ID #149',8,1494943517,8,1494943517),(7047,'SUCCESS','bo_assessment','INSERTING NEW DATA WITH ID #180',8,1494943517,8,1494943517),(7048,'SUCCESS','boas_criteria','INSERTING NEW DATA WITH ID #150',8,1494943517,8,1494943517),(7049,'SUCCESS','bo_assessment','INSERTING NEW DATA WITH ID #181',8,1494943517,8,1494943517),(7050,'SUCCESS','boas_criteria','INSERTING NEW DATA WITH ID #151',8,1494943517,8,1494943517),(7051,'SUCCESS','bo_assessment','INSERTING NEW DATA WITH ID #182',8,1494943517,8,1494943517),(7052,'SUCCESS','boas_criteria','INSERTING NEW DATA WITH ID #152',8,1494943517,8,1494943517),(7053,'SUCCESS','bo_assessment','INSERTING NEW DATA WITH ID #183',8,1494943517,8,1494943517),(7054,'SUCCESS','boas_criteria','INSERTING NEW DATA WITH ID #153',8,1494943517,8,1494943517),(7055,'SUCCESS','bo_assessment','INSERTING NEW DATA WITH ID #184',8,1494943517,8,1494943517),(7056,'SUCCESS','boas_criteria','INSERTING NEW DATA WITH ID #154',8,1494943517,8,1494943517),(7057,'SUCCESS','bo_assessment','INSERTING NEW DATA WITH ID #185',8,1494943517,8,1494943517),(7058,'SUCCESS','boas_criteria','INSERTING NEW DATA WITH ID #155',8,1494943517,8,1494943517),(7059,'SUCCESS','bo_assessment','INSERTING NEW DATA WITH ID #186',8,1494943517,8,1494943517),(7060,'SUCCESS','boas_criteria','INSERTING NEW DATA WITH ID #156',8,1494943517,8,1494943517),(7061,'SUCCESS','bo_assessment','INSERTING NEW DATA WITH ID #187',8,1494943517,8,1494943517),(7062,'SUCCESS','boas_criteria','INSERTING NEW DATA WITH ID #157',8,1494943517,8,1494943517),(7063,'SUCCESS','bo_assessment','INSERTING NEW DATA WITH ID #188',8,1494943517,8,1494943517),(7064,'SUCCESS','boas_criteria','INSERTING NEW DATA WITH ID #158',8,1494943517,8,1494943517),(7065,'SUCCESS','bo_assessment','INSERTING NEW DATA WITH ID #189',8,1494943517,8,1494943517),(7066,'SUCCESS','boas_criteria','INSERTING NEW DATA WITH ID #159',8,1494943517,8,1494943517),(7067,'SUCCESS','bo_assessment','INSERTING NEW DATA WITH ID #190',8,1494943517,8,1494943517),(7068,'SUCCESS','boas_criteria','INSERTING NEW DATA WITH ID #160',8,1494943517,8,1494943517),(7069,'SUCCESS','bo_assessment','INSERTING NEW DATA WITH ID #191',8,1494943517,8,1494943517),(7070,'SUCCESS','boas_criteria','INSERTING NEW DATA WITH ID #161',8,1494943517,8,1494943517),(7071,'SUCCESS','bo_assessment','INSERTING NEW DATA WITH ID #192',8,1494943517,8,1494943517),(7072,'SUCCESS','boas_criteria','INSERTING NEW DATA WITH ID #162',8,1494943517,8,1494943517),(7073,'SUCCESS','bo_assessment','INSERTING NEW DATA WITH ID #193',8,1494943517,8,1494943517),(7074,'SUCCESS','boas_criteria','INSERTING NEW DATA WITH ID #163',8,1494943517,8,1494943517),(7075,'SUCCESS','bo_assessment','INSERTING NEW DATA WITH ID #194',8,1494943517,8,1494943517),(7076,'SUCCESS','boas_criteria','INSERTING NEW DATA WITH ID #164',8,1494943517,8,1494943517),(7077,'SUCCESS','bo_assessment','INSERTING NEW DATA WITH ID #195',8,1494943517,8,1494943517),(7078,'SUCCESS','boas_criteria','INSERTING NEW DATA WITH ID #165',8,1494943517,8,1494943517),(7079,'SUCCESS','bo_assessment','INSERTING NEW DATA WITH ID #196',8,1494943517,8,1494943517),(7080,'SUCCESS','boas_criteria','INSERTING NEW DATA WITH ID #166',8,1494943517,8,1494943517),(7081,'SUCCESS','bo_assessment','INSERTING NEW DATA WITH ID #197',8,1494943517,8,1494943517),(7082,'SUCCESS','bo_assessment_aspect','INSERTING NEW DATA WITH ID #28',8,1494944132,8,1494944132),(7083,'SUCCESS','boas_criteria','INSERTING NEW DATA WITH ID #167',8,1494944132,8,1494944132),(7084,'SUCCESS','bo_assessment','INSERTING NEW DATA WITH ID #198',8,1494944132,8,1494944132),(7085,'SUCCESS','boas_criteria','INSERTING NEW DATA WITH ID #168',8,1494944132,8,1494944132),(7086,'SUCCESS','bo_assessment','INSERTING NEW DATA WITH ID #199',8,1494944133,8,1494944133),(7087,'SUCCESS','boas_criteria','INSERTING NEW DATA WITH ID #169',8,1494944133,8,1494944133),(7088,'SUCCESS','bo_assessment','INSERTING NEW DATA WITH ID #200',8,1494944133,8,1494944133),(7089,'SUCCESS','boas_criteria','INSERTING NEW DATA WITH ID #170',8,1494944133,8,1494944133),(7090,'SUCCESS','bo_assessment','INSERTING NEW DATA WITH ID #201',8,1494944133,8,1494944133),(7091,'SUCCESS','boas_criteria','INSERTING NEW DATA WITH ID #171',8,1494944133,8,1494944133),(7092,'SUCCESS','bo_assessment','INSERTING NEW DATA WITH ID #202',8,1494944133,8,1494944133),(7093,'SUCCESS','boas_criteria','INSERTING NEW DATA WITH ID #172',8,1494944133,8,1494944133),(7094,'SUCCESS','bo_assessment','INSERTING NEW DATA WITH ID #203',8,1494944133,8,1494944133),(7095,'SUCCESS','boas_criteria','INSERTING NEW DATA WITH ID #173',8,1494944133,8,1494944133),(7096,'SUCCESS','bo_assessment','INSERTING NEW DATA WITH ID #204',8,1494944133,8,1494944133),(7097,'SUCCESS','boas_criteria','INSERTING NEW DATA WITH ID #174',8,1494944133,8,1494944133),(7098,'SUCCESS','bo_assessment','INSERTING NEW DATA WITH ID #205',8,1494944133,8,1494944133),(7099,'SUCCESS','boas_criteria','INSERTING NEW DATA WITH ID #175',8,1494944133,8,1494944133),(7100,'SUCCESS','bo_assessment','INSERTING NEW DATA WITH ID #206',8,1494944133,8,1494944133),(7101,'SUCCESS','bo_assessment_aspect','INSERTING NEW DATA WITH ID #29',8,1494944515,8,1494944515),(7102,'SUCCESS','boas_criteria','INSERTING NEW DATA WITH ID #176',8,1494944515,8,1494944515),(7103,'SUCCESS','bo_assessment','INSERTING NEW DATA WITH ID #207',8,1494944515,8,1494944515),(7104,'SUCCESS','boas_criteria','INSERTING NEW DATA WITH ID #177',8,1494944515,8,1494944515),(7105,'SUCCESS','bo_assessment','INSERTING NEW DATA WITH ID #208',8,1494944515,8,1494944515),(7106,'SUCCESS','boas_criteria','INSERTING NEW DATA WITH ID #178',8,1494944515,8,1494944515),(7107,'SUCCESS','bo_assessment','INSERTING NEW DATA WITH ID #209',8,1494944515,8,1494944515),(7108,'SUCCESS','boas_criteria','INSERTING NEW DATA WITH ID #179',8,1494944515,8,1494944515),(7109,'SUCCESS','bo_assessment','INSERTING NEW DATA WITH ID #210',8,1494944515,8,1494944515),(7110,'SUCCESS','boas_criteria','INSERTING NEW DATA WITH ID #180',8,1494944515,8,1494944515),(7111,'SUCCESS','bo_assessment','INSERTING NEW DATA WITH ID #211',8,1494944515,8,1494944515),(7112,'SUCCESS','boas_criteria','INSERTING NEW DATA WITH ID #181',8,1494944515,8,1494944515),(7113,'SUCCESS','bo_assessment','INSERTING NEW DATA WITH ID #212',8,1494944515,8,1494944515),(7114,'SUCCESS','boas_criteria','INSERTING NEW DATA WITH ID #182',8,1494944515,8,1494944515),(7115,'SUCCESS','bo_assessment','INSERTING NEW DATA WITH ID #213',8,1494944515,8,1494944515),(7116,'SUCCESS','boas_criteria','DELETING DATA ID #180',8,1494944568,8,1494944568),(7117,'SUCCESS','boas_criteria','DELETING DATA ID #181',8,1494944570,8,1494944570),(7118,'SUCCESS','boas_criteria','DELETING DATA ID #182',8,1494944572,8,1494944572),(7119,'SUCCESS','bo_assessment_aspect','UPDATING DATA ID #29',8,1494944643,8,1494944643),(7120,'SUCCESS','boas_criteria','UPDATING DATA ID #176',8,1494944643,8,1494944643),(7121,'SUCCESS','boas_criteria','UPDATING DATA ID #177',8,1494944643,8,1494944643),(7122,'SUCCESS','boas_criteria','UPDATING DATA ID #178',8,1494944643,8,1494944643),(7123,'SUCCESS','log_dirty','INSERTING NEW DATA WITH ID #250',8,1494944643,8,1494944643),(7124,'SUCCESS','boas_criteria','UPDATING DATA ID #179',8,1494944643,8,1494944643),(7125,'SUCCESS','log_dirty','INSERTING NEW DATA WITH ID #251',8,1494944643,8,1494944643),(7126,'SUCCESS','boas_criteria','INSERTING NEW DATA WITH ID #183',8,1494944643,8,1494944643),(7127,'SUCCESS','bo_assessment','INSERTING NEW DATA WITH ID #214',8,1494944643,8,1494944643),(7128,'SUCCESS','boas_criteria','INSERTING NEW DATA WITH ID #184',8,1494944643,8,1494944643),(7129,'SUCCESS','bo_assessment','INSERTING NEW DATA WITH ID #215',8,1494944643,8,1494944643),(7130,'SUCCESS','boas_criteria','DELETING DATA ID #177',8,1494946691,8,1494946691),(7131,'SUCCESS','boas_criteria','DELETING DATA ID #178',8,1494946693,8,1494946693),(7132,'SUCCESS','boas_criteria','DELETING DATA ID #179',8,1494946694,8,1494946694),(7133,'SUCCESS','boas_criteria','DELETING DATA ID #183',8,1494946696,8,1494946696),(7134,'SUCCESS','boas_criteria','DELETING DATA ID #184',8,1494946697,8,1494946697),(7135,'SUCCESS','bo_assessment_aspect','UPDATING DATA ID #29',8,1494946813,8,1494946813),(7136,'SUCCESS','boas_criteria','UPDATING DATA ID #176',8,1494946813,8,1494946813),(7137,'SUCCESS','boas_criteria','INSERTING NEW DATA WITH ID #185',8,1494946813,8,1494946813),(7138,'SUCCESS','bo_assessment','INSERTING NEW DATA WITH ID #216',8,1494946813,8,1494946813),(7139,'SUCCESS','boas_criteria','INSERTING NEW DATA WITH ID #186',8,1494946813,8,1494946813),(7140,'SUCCESS','bo_assessment','INSERTING NEW DATA WITH ID #217',8,1494946813,8,1494946813),(7141,'SUCCESS','boas_criteria','INSERTING NEW DATA WITH ID #187',8,1494946813,8,1494946813),(7142,'SUCCESS','bo_assessment','INSERTING NEW DATA WITH ID #218',8,1494946813,8,1494946813),(7143,'SUCCESS','boas_criteria','INSERTING NEW DATA WITH ID #188',8,1494946813,8,1494946813),(7144,'SUCCESS','bo_assessment','INSERTING NEW DATA WITH ID #219',8,1494946814,8,1494946814),(7145,'SUCCESS','boas_criteria','INSERTING NEW DATA WITH ID #189',8,1494946814,8,1494946814),(7146,'SUCCESS','bo_assessment','INSERTING NEW DATA WITH ID #220',8,1494946814,8,1494946814),(7147,'SUCCESS','boas_criteria','INSERTING NEW DATA WITH ID #190',8,1494946814,8,1494946814),(7148,'SUCCESS','bo_assessment','INSERTING NEW DATA WITH ID #221',8,1494946814,8,1494946814),(7149,'SUCCESS','boas_criteria','INSERTING NEW DATA WITH ID #191',8,1494946814,8,1494946814),(7150,'SUCCESS','bo_assessment','INSERTING NEW DATA WITH ID #222',8,1494946814,8,1494946814),(7151,'SUCCESS','boas_criteria','INSERTING NEW DATA WITH ID #192',8,1494946814,8,1494946814),(7152,'SUCCESS','bo_assessment','INSERTING NEW DATA WITH ID #223',8,1494946814,8,1494946814),(7153,'SUCCESS','beyond_obedience','UPDATING DATA ID #11',8,1494947036,8,1494947036),(7154,'SUCCESS','bo_assessment','UPDATING DATA ID #32',8,1494947036,8,1494947036),(7155,'SUCCESS','log_dirty','INSERTING NEW DATA WITH ID #252',8,1494947036,8,1494947036),(7156,'SUCCESS','bo_assessment','UPDATING DATA ID #102',8,1494947036,8,1494947036),(7157,'SUCCESS','log_dirty','INSERTING NEW DATA WITH ID #253',8,1494947036,8,1494947036),(7158,'SUCCESS','bo_assessment','UPDATING DATA ID #34',8,1494947036,8,1494947036),(7159,'SUCCESS','log_dirty','INSERTING NEW DATA WITH ID #254',8,1494947036,8,1494947036),(7160,'SUCCESS','bo_assessment','UPDATING DATA ID #35',8,1494947036,8,1494947036),(7161,'SUCCESS','log_dirty','INSERTING NEW DATA WITH ID #255',8,1494947036,8,1494947036),(7162,'SUCCESS','bo_assessment','UPDATING DATA ID #36',8,1494947036,8,1494947036),(7163,'SUCCESS','log_dirty','INSERTING NEW DATA WITH ID #256',8,1494947036,8,1494947036),(7164,'SUCCESS','bo_assessment','UPDATING DATA ID #120',8,1494947036,8,1494947036),(7165,'SUCCESS','log_dirty','INSERTING NEW DATA WITH ID #257',8,1494947036,8,1494947036),(7166,'SUCCESS','bo_assessment','UPDATING DATA ID #121',8,1494947036,8,1494947036),(7167,'SUCCESS','log_dirty','INSERTING NEW DATA WITH ID #258',8,1494947036,8,1494947036),(7168,'SUCCESS','bo_assessment','UPDATING DATA ID #122',8,1494947036,8,1494947036),(7169,'SUCCESS','log_dirty','INSERTING NEW DATA WITH ID #259',8,1494947036,8,1494947036),(7170,'SUCCESS','bo_assessment','UPDATING DATA ID #123',8,1494947036,8,1494947036),(7171,'SUCCESS','bo_assessment','UPDATING DATA ID #124',8,1494947036,8,1494947036),(7172,'SUCCESS','bo_assessment','UPDATING DATA ID #125',8,1494947036,8,1494947036),(7173,'SUCCESS','bo_assessment','UPDATING DATA ID #126',8,1494947036,8,1494947036),(7174,'SUCCESS','bo_assessment','UPDATING DATA ID #127',8,1494947036,8,1494947036),(7175,'SUCCESS','bo_assessment','UPDATING DATA ID #128',8,1494947036,8,1494947036),(7176,'SUCCESS','bo_assessment','UPDATING DATA ID #129',8,1494947036,8,1494947036),(7177,'SUCCESS','bo_assessment','UPDATING DATA ID #130',8,1494947036,8,1494947036),(7178,'SUCCESS','bo_assessment','UPDATING DATA ID #131',8,1494947036,8,1494947036),(7179,'SUCCESS','bo_assessment','UPDATING DATA ID #132',8,1494947036,8,1494947036),(7180,'SUCCESS','bo_assessment','UPDATING DATA ID #133',8,1494947036,8,1494947036),(7181,'SUCCESS','bo_assessment','UPDATING DATA ID #134',8,1494947036,8,1494947036),(7182,'SUCCESS','bo_assessment','UPDATING DATA ID #135',8,1494947036,8,1494947036),(7183,'SUCCESS','bo_assessment','UPDATING DATA ID #136',8,1494947036,8,1494947036),(7184,'SUCCESS','bo_assessment','UPDATING DATA ID #137',8,1494947036,8,1494947036),(7185,'SUCCESS','bo_assessment','UPDATING DATA ID #138',8,1494947036,8,1494947036),(7186,'SUCCESS','bo_assessment','UPDATING DATA ID #139',8,1494947036,8,1494947036),(7187,'SUCCESS','bo_assessment','UPDATING DATA ID #140',8,1494947036,8,1494947036),(7188,'SUCCESS','bo_assessment','UPDATING DATA ID #141',8,1494947036,8,1494947036),(7189,'SUCCESS','bo_assessment','UPDATING DATA ID #142',8,1494947036,8,1494947036),(7190,'SUCCESS','bo_assessment','UPDATING DATA ID #143',8,1494947036,8,1494947036),(7191,'SUCCESS','bo_assessment','UPDATING DATA ID #144',8,1494947036,8,1494947036),(7192,'SUCCESS','bo_assessment','UPDATING DATA ID #145',8,1494947036,8,1494947036),(7193,'SUCCESS','bo_assessment','UPDATING DATA ID #146',8,1494947036,8,1494947036),(7194,'SUCCESS','bo_assessment','UPDATING DATA ID #147',8,1494947036,8,1494947036),(7195,'SUCCESS','bo_assessment','UPDATING DATA ID #148',8,1494947036,8,1494947036),(7196,'SUCCESS','bo_assessment','UPDATING DATA ID #149',8,1494947036,8,1494947036),(7197,'SUCCESS','bo_assessment','UPDATING DATA ID #150',8,1494947036,8,1494947036),(7198,'SUCCESS','bo_assessment','UPDATING DATA ID #151',8,1494947036,8,1494947036),(7199,'SUCCESS','bo_assessment','UPDATING DATA ID #152',8,1494947036,8,1494947036),(7200,'SUCCESS','bo_assessment','UPDATING DATA ID #153',8,1494947036,8,1494947036),(7201,'SUCCESS','bo_assessment','UPDATING DATA ID #154',8,1494947036,8,1494947036),(7202,'SUCCESS','bo_assessment','UPDATING DATA ID #155',8,1494947036,8,1494947036),(7203,'SUCCESS','bo_assessment','UPDATING DATA ID #156',8,1494947036,8,1494947036),(7204,'SUCCESS','bo_assessment','UPDATING DATA ID #157',8,1494947036,8,1494947036),(7205,'SUCCESS','bo_assessment','UPDATING DATA ID #158',8,1494947036,8,1494947036),(7206,'SUCCESS','bo_assessment','UPDATING DATA ID #159',8,1494947036,8,1494947036),(7207,'SUCCESS','bo_assessment','UPDATING DATA ID #160',8,1494947036,8,1494947036),(7208,'SUCCESS','bo_assessment','UPDATING DATA ID #161',8,1494947036,8,1494947036),(7209,'SUCCESS','bo_assessment','UPDATING DATA ID #162',8,1494947036,8,1494947036),(7210,'SUCCESS','bo_assessment','UPDATING DATA ID #163',8,1494947036,8,1494947036),(7211,'SUCCESS','bo_assessment','UPDATING DATA ID #164',8,1494947036,8,1494947036),(7212,'SUCCESS','bo_assessment','UPDATING DATA ID #165',8,1494947036,8,1494947036),(7213,'SUCCESS','bo_assessment','UPDATING DATA ID #166',8,1494947036,8,1494947036),(7214,'SUCCESS','bo_assessment','UPDATING DATA ID #167',8,1494947036,8,1494947036),(7215,'SUCCESS','bo_assessment','UPDATING DATA ID #168',8,1494947036,8,1494947036),(7216,'SUCCESS','bo_assessment','UPDATING DATA ID #169',8,1494947036,8,1494947036),(7217,'SUCCESS','bo_assessment','UPDATING DATA ID #170',8,1494947036,8,1494947036),(7218,'SUCCESS','bo_assessment','UPDATING DATA ID #171',8,1494947036,8,1494947036),(7219,'SUCCESS','bo_assessment','UPDATING DATA ID #172',8,1494947036,8,1494947036),(7220,'SUCCESS','bo_assessment','UPDATING DATA ID #173',8,1494947036,8,1494947036),(7221,'SUCCESS','bo_assessment','UPDATING DATA ID #174',8,1494947036,8,1494947036),(7222,'SUCCESS','bo_assessment','UPDATING DATA ID #175',8,1494947036,8,1494947036),(7223,'SUCCESS','bo_assessment','UPDATING DATA ID #176',8,1494947036,8,1494947036),(7224,'SUCCESS','bo_assessment','UPDATING DATA ID #177',8,1494947036,8,1494947036),(7225,'SUCCESS','bo_assessment','UPDATING DATA ID #178',8,1494947036,8,1494947036),(7226,'SUCCESS','bo_assessment','UPDATING DATA ID #179',8,1494947037,8,1494947037),(7227,'SUCCESS','bo_assessment','UPDATING DATA ID #180',8,1494947037,8,1494947037),(7228,'SUCCESS','bo_assessment','UPDATING DATA ID #181',8,1494947037,8,1494947037),(7229,'SUCCESS','bo_assessment','UPDATING DATA ID #182',8,1494947037,8,1494947037),(7230,'SUCCESS','bo_assessment','UPDATING DATA ID #183',8,1494947037,8,1494947037),(7231,'SUCCESS','bo_assessment','UPDATING DATA ID #184',8,1494947037,8,1494947037),(7232,'SUCCESS','bo_assessment','UPDATING DATA ID #185',8,1494947037,8,1494947037),(7233,'SUCCESS','bo_assessment','UPDATING DATA ID #186',8,1494947037,8,1494947037),(7234,'SUCCESS','bo_assessment','UPDATING DATA ID #187',8,1494947037,8,1494947037),(7235,'SUCCESS','bo_assessment','UPDATING DATA ID #188',8,1494947037,8,1494947037),(7236,'SUCCESS','bo_assessment','UPDATING DATA ID #189',8,1494947037,8,1494947037),(7237,'SUCCESS','bo_assessment','UPDATING DATA ID #190',8,1494947037,8,1494947037),(7238,'SUCCESS','bo_assessment','UPDATING DATA ID #191',8,1494947037,8,1494947037),(7239,'SUCCESS','bo_assessment','UPDATING DATA ID #192',8,1494947037,8,1494947037),(7240,'SUCCESS','bo_assessment','UPDATING DATA ID #193',8,1494947037,8,1494947037),(7241,'SUCCESS','bo_assessment','UPDATING DATA ID #194',8,1494947037,8,1494947037),(7242,'SUCCESS','bo_assessment','UPDATING DATA ID #195',8,1494947037,8,1494947037),(7243,'SUCCESS','bo_assessment','UPDATING DATA ID #196',8,1494947037,8,1494947037),(7244,'SUCCESS','bo_assessment','UPDATING DATA ID #197',8,1494947037,8,1494947037),(7245,'SUCCESS','bo_assessment','UPDATING DATA ID #198',8,1494947037,8,1494947037),(7246,'SUCCESS','bo_assessment','UPDATING DATA ID #199',8,1494947037,8,1494947037),(7247,'SUCCESS','bo_assessment','UPDATING DATA ID #200',8,1494947037,8,1494947037),(7248,'SUCCESS','bo_assessment','UPDATING DATA ID #201',8,1494947037,8,1494947037),(7249,'SUCCESS','bo_assessment','UPDATING DATA ID #202',8,1494947037,8,1494947037),(7250,'SUCCESS','bo_assessment','UPDATING DATA ID #203',8,1494947037,8,1494947037),(7251,'SUCCESS','bo_assessment','UPDATING DATA ID #204',8,1494947037,8,1494947037),(7252,'SUCCESS','bo_assessment','UPDATING DATA ID #205',8,1494947037,8,1494947037),(7253,'SUCCESS','bo_assessment','UPDATING DATA ID #206',8,1494947037,8,1494947037),(7254,'SUCCESS','bo_assessment','UPDATING DATA ID #207',8,1494947037,8,1494947037),(7255,'SUCCESS','bo_assessment','UPDATING DATA ID #216',8,1494947037,8,1494947037),(7256,'SUCCESS','bo_assessment','UPDATING DATA ID #217',8,1494947037,8,1494947037),(7257,'SUCCESS','bo_assessment','UPDATING DATA ID #218',8,1494947037,8,1494947037),(7258,'SUCCESS','bo_assessment','UPDATING DATA ID #219',8,1494947037,8,1494947037),(7259,'SUCCESS','bo_assessment','UPDATING DATA ID #220',8,1494947037,8,1494947037),(7260,'SUCCESS','bo_assessment','UPDATING DATA ID #221',8,1494947037,8,1494947037),(7261,'SUCCESS','bo_assessment','UPDATING DATA ID #222',8,1494947037,8,1494947037),(7262,'SUCCESS','bo_assessment','UPDATING DATA ID #223',8,1494947037,8,1494947037),(7263,'SUCCESS','beyond_obedience','UPDATING DATA ID #12',8,1494951127,8,1494951127),(7264,'SUCCESS','log_dirty','INSERTING NEW DATA WITH ID #260',8,1494951127,8,1494951127),(7265,'SUCCESS','bo_assessment','UPDATING DATA ID #44',8,1494951127,8,1494951127),(7266,'SUCCESS','bo_assessment','UPDATING DATA ID #45',8,1494951127,8,1494951127),(7267,'SUCCESS','bo_assessment','UPDATING DATA ID #46',8,1494951127,8,1494951127),(7268,'SUCCESS','bo_assessment_aspect','INSERTING NEW DATA WITH ID #30',8,1494951182,8,1494951182),(7269,'SUCCESS','boas_criteria','INSERTING NEW DATA WITH ID #193',8,1494951182,8,1494951182),(7270,'SUCCESS','bo_assessment','INSERTING NEW DATA WITH ID #224',8,1494951182,8,1494951182),(7271,'SUCCESS','boas_criteria','INSERTING NEW DATA WITH ID #194',8,1494951182,8,1494951182),(7272,'SUCCESS','bo_assessment','INSERTING NEW DATA WITH ID #225',8,1494951182,8,1494951182),(7273,'SUCCESS','boas_criteria','INSERTING NEW DATA WITH ID #195',8,1494951182,8,1494951182),(7274,'SUCCESS','bo_assessment','INSERTING NEW DATA WITH ID #226',8,1494951182,8,1494951182),(7275,'SUCCESS','bo_assessment_aspect','INSERTING NEW DATA WITH ID #31',8,1494953792,8,1494953792),(7276,'SUCCESS','boas_criteria','INSERTING NEW DATA WITH ID #196',8,1494953792,8,1494953792),(7277,'SUCCESS','bo_assessment','INSERTING NEW DATA WITH ID #227',8,1494953792,8,1494953792),(7278,'SUCCESS','boas_criteria','INSERTING NEW DATA WITH ID #197',8,1494953792,8,1494953792),(7279,'SUCCESS','bo_assessment','INSERTING NEW DATA WITH ID #228',8,1494953793,8,1494953793),(7280,'SUCCESS','boas_criteria','INSERTING NEW DATA WITH ID #198',8,1494953793,8,1494953793),(7281,'SUCCESS','bo_assessment','INSERTING NEW DATA WITH ID #229',8,1494953793,8,1494953793),(7282,'SUCCESS','boas_criteria','INSERTING NEW DATA WITH ID #199',8,1494953793,8,1494953793),(7283,'SUCCESS','bo_assessment','INSERTING NEW DATA WITH ID #230',8,1494953793,8,1494953793),(7284,'SUCCESS','boas_criteria','INSERTING NEW DATA WITH ID #200',8,1494953793,8,1494953793),(7285,'SUCCESS','bo_assessment','INSERTING NEW DATA WITH ID #231',8,1494953793,8,1494953793),(7286,'SUCCESS','boas_criteria','INSERTING NEW DATA WITH ID #201',8,1494953793,8,1494953793),(7287,'SUCCESS','bo_assessment','INSERTING NEW DATA WITH ID #232',8,1494953793,8,1494953793),(7288,'SUCCESS','bo_assessment_aspect','INSERTING NEW DATA WITH ID #32',8,1494953832,8,1494953832),(7289,'SUCCESS','boas_criteria','INSERTING NEW DATA WITH ID #202',8,1494953832,8,1494953832),(7290,'SUCCESS','bo_assessment','INSERTING NEW DATA WITH ID #233',8,1494953832,8,1494953832),(7291,'SUCCESS','boas_criteria','INSERTING NEW DATA WITH ID #203',8,1494953832,8,1494953832),(7292,'SUCCESS','bo_assessment','INSERTING NEW DATA WITH ID #234',8,1494953832,8,1494953832),(7293,'SUCCESS','boas_criteria','INSERTING NEW DATA WITH ID #204',8,1494953832,8,1494953832),(7294,'SUCCESS','bo_assessment','INSERTING NEW DATA WITH ID #235',8,1494953832,8,1494953832),(7295,'SUCCESS','bo_assessment_aspect','INSERTING NEW DATA WITH ID #33',8,1494953870,8,1494953870),(7296,'SUCCESS','boas_criteria','INSERTING NEW DATA WITH ID #205',8,1494953870,8,1494953870),(7297,'SUCCESS','bo_assessment','INSERTING NEW DATA WITH ID #236',8,1494953870,8,1494953870),(7298,'SUCCESS','boas_criteria','INSERTING NEW DATA WITH ID #206',8,1494953870,8,1494953870),(7299,'SUCCESS','bo_assessment','INSERTING NEW DATA WITH ID #237',8,1494953870,8,1494953870),(7300,'SUCCESS','boas_criteria','INSERTING NEW DATA WITH ID #207',8,1494953870,8,1494953870),(7301,'SUCCESS','bo_assessment','INSERTING NEW DATA WITH ID #238',8,1494953870,8,1494953870),(7302,'SUCCESS','bo_assessment_aspect','INSERTING NEW DATA WITH ID #34',8,1494953982,8,1494953982),(7303,'SUCCESS','boas_criteria','INSERTING NEW DATA WITH ID #208',8,1494953982,8,1494953982),(7304,'SUCCESS','bo_assessment','INSERTING NEW DATA WITH ID #239',8,1494953982,8,1494953982),(7305,'SUCCESS','boas_criteria','INSERTING NEW DATA WITH ID #209',8,1494953982,8,1494953982),(7306,'SUCCESS','bo_assessment','INSERTING NEW DATA WITH ID #240',8,1494953982,8,1494953982),(7307,'SUCCESS','boas_criteria','INSERTING NEW DATA WITH ID #210',8,1494953982,8,1494953982),(7308,'SUCCESS','bo_assessment','INSERTING NEW DATA WITH ID #241',8,1494953982,8,1494953982),(7309,'SUCCESS','boas_criteria','INSERTING NEW DATA WITH ID #211',8,1494953982,8,1494953982),(7310,'SUCCESS','bo_assessment','INSERTING NEW DATA WITH ID #242',8,1494953982,8,1494953982),(7311,'SUCCESS','boas_criteria','INSERTING NEW DATA WITH ID #212',8,1494953982,8,1494953982),(7312,'SUCCESS','bo_assessment','INSERTING NEW DATA WITH ID #243',8,1494953982,8,1494953982),(7313,'SUCCESS','boas_criteria','INSERTING NEW DATA WITH ID #213',8,1494953983,8,1494953983),(7314,'SUCCESS','bo_assessment','INSERTING NEW DATA WITH ID #244',8,1494953983,8,1494953983),(7315,'SUCCESS','boas_criteria','INSERTING NEW DATA WITH ID #214',8,1494953983,8,1494953983),(7316,'SUCCESS','bo_assessment','INSERTING NEW DATA WITH ID #245',8,1494953983,8,1494953983),(7317,'SUCCESS','boas_criteria','INSERTING NEW DATA WITH ID #215',8,1494953983,8,1494953983),(7318,'SUCCESS','bo_assessment','INSERTING NEW DATA WITH ID #246',8,1494953983,8,1494953983),(7319,'SUCCESS','boas_criteria','INSERTING NEW DATA WITH ID #216',8,1494953983,8,1494953983),(7320,'SUCCESS','bo_assessment','INSERTING NEW DATA WITH ID #247',8,1494953983,8,1494953983),(7321,'SUCCESS','boas_criteria','INSERTING NEW DATA WITH ID #217',8,1494953983,8,1494953983),(7322,'SUCCESS','bo_assessment','INSERTING NEW DATA WITH ID #248',8,1494953983,8,1494953983),(7323,'SUCCESS','boas_criteria','INSERTING NEW DATA WITH ID #218',8,1494953983,8,1494953983),(7324,'SUCCESS','bo_assessment','INSERTING NEW DATA WITH ID #249',8,1494953983,8,1494953983),(7325,'SUCCESS','bo_assessment_aspect','INSERTING NEW DATA WITH ID #35',8,1494954101,8,1494954101),(7326,'SUCCESS','boas_criteria','INSERTING NEW DATA WITH ID #219',8,1494954101,8,1494954101),(7327,'SUCCESS','bo_assessment','INSERTING NEW DATA WITH ID #250',8,1494954101,8,1494954101),(7328,'SUCCESS','boas_criteria','INSERTING NEW DATA WITH ID #220',8,1494954101,8,1494954101),(7329,'SUCCESS','bo_assessment','INSERTING NEW DATA WITH ID #251',8,1494954101,8,1494954101),(7330,'SUCCESS','boas_criteria','INSERTING NEW DATA WITH ID #221',8,1494954101,8,1494954101),(7331,'SUCCESS','bo_assessment','INSERTING NEW DATA WITH ID #252',8,1494954101,8,1494954101),(7332,'SUCCESS','boas_criteria','INSERTING NEW DATA WITH ID #222',8,1494954101,8,1494954101),(7333,'SUCCESS','bo_assessment','INSERTING NEW DATA WITH ID #253',8,1494954101,8,1494954101),(7334,'SUCCESS','boas_criteria','INSERTING NEW DATA WITH ID #223',8,1494954101,8,1494954101),(7335,'SUCCESS','bo_assessment','INSERTING NEW DATA WITH ID #254',8,1494954101,8,1494954101),(7336,'SUCCESS','boas_criteria','INSERTING NEW DATA WITH ID #224',8,1494954101,8,1494954101),(7337,'SUCCESS','bo_assessment','INSERTING NEW DATA WITH ID #255',8,1494954101,8,1494954101),(7338,'SUCCESS','boas_criteria','INSERTING NEW DATA WITH ID #225',8,1494954101,8,1494954101),(7339,'SUCCESS','bo_assessment','INSERTING NEW DATA WITH ID #256',8,1494954101,8,1494954101),(7340,'SUCCESS','boas_criteria','INSERTING NEW DATA WITH ID #226',8,1494954101,8,1494954101),(7341,'SUCCESS','bo_assessment','INSERTING NEW DATA WITH ID #257',8,1494954101,8,1494954101),(7342,'SUCCESS','bo_assessment_aspect','INSERTING NEW DATA WITH ID #36',8,1494954278,8,1494954278),(7343,'SUCCESS','boas_criteria','INSERTING NEW DATA WITH ID #227',8,1494954278,8,1494954278),(7344,'SUCCESS','bo_assessment','INSERTING NEW DATA WITH ID #258',8,1494954278,8,1494954278),(7345,'SUCCESS','boas_criteria','INSERTING NEW DATA WITH ID #228',8,1494954278,8,1494954278),(7346,'SUCCESS','bo_assessment','INSERTING NEW DATA WITH ID #259',8,1494954278,8,1494954278),(7347,'SUCCESS','bo_assessment_aspect','INSERTING NEW DATA WITH ID #37',8,1494954291,8,1494954291),(7348,'SUCCESS','boas_criteria','INSERTING NEW DATA WITH ID #229',8,1494954291,8,1494954291),(7349,'SUCCESS','bo_assessment','INSERTING NEW DATA WITH ID #260',8,1494954291,8,1494954291),(7350,'SUCCESS','bo_assessment_aspect','INSERTING NEW DATA WITH ID #38',8,1494954320,8,1494954320),(7351,'SUCCESS','boas_criteria','INSERTING NEW DATA WITH ID #230',8,1494954320,8,1494954320),(7352,'SUCCESS','bo_assessment','INSERTING NEW DATA WITH ID #261',8,1494954320,8,1494954320),(7353,'SUCCESS','boas_criteria','INSERTING NEW DATA WITH ID #231',8,1494954320,8,1494954320),(7354,'SUCCESS','bo_assessment','INSERTING NEW DATA WITH ID #262',8,1494954320,8,1494954320),(7355,'SUCCESS','boas_criteria','INSERTING NEW DATA WITH ID #232',8,1494954320,8,1494954320),(7356,'SUCCESS','bo_assessment','INSERTING NEW DATA WITH ID #263',8,1494954320,8,1494954320),(7357,'SUCCESS','bo_assessment_aspect','INSERTING NEW DATA WITH ID #39',8,1494954405,8,1494954405),(7358,'SUCCESS','boas_criteria','INSERTING NEW DATA WITH ID #233',8,1494954406,8,1494954406),(7359,'SUCCESS','bo_assessment','INSERTING NEW DATA WITH ID #264',8,1494954406,8,1494954406),(7360,'SUCCESS','boas_criteria','INSERTING NEW DATA WITH ID #234',8,1494954406,8,1494954406),(7361,'SUCCESS','bo_assessment','INSERTING NEW DATA WITH ID #265',8,1494954406,8,1494954406),(7362,'SUCCESS','boas_criteria','INSERTING NEW DATA WITH ID #235',8,1494954406,8,1494954406),(7363,'SUCCESS','bo_assessment','INSERTING NEW DATA WITH ID #266',8,1494954406,8,1494954406),(7364,'SUCCESS','boas_criteria','INSERTING NEW DATA WITH ID #236',8,1494954406,8,1494954406),(7365,'SUCCESS','bo_assessment','INSERTING NEW DATA WITH ID #267',8,1494954406,8,1494954406),(7366,'SUCCESS','boas_criteria','INSERTING NEW DATA WITH ID #237',8,1494954406,8,1494954406),(7367,'SUCCESS','bo_assessment','INSERTING NEW DATA WITH ID #268',8,1494954406,8,1494954406),(7368,'SUCCESS','boas_criteria','INSERTING NEW DATA WITH ID #238',8,1494954406,8,1494954406),(7369,'SUCCESS','bo_assessment','INSERTING NEW DATA WITH ID #269',8,1494954406,8,1494954406),(7370,'SUCCESS','boas_criteria','INSERTING NEW DATA WITH ID #239',8,1494954406,8,1494954406),(7371,'SUCCESS','bo_assessment','INSERTING NEW DATA WITH ID #270',8,1494954406,8,1494954406),(7372,'SUCCESS','boas_criteria','INSERTING NEW DATA WITH ID #240',8,1494954406,8,1494954406),(7373,'SUCCESS','bo_assessment','INSERTING NEW DATA WITH ID #271',8,1494954406,8,1494954406),(7374,'SUCCESS','boas_criteria','INSERTING NEW DATA WITH ID #241',8,1494954406,8,1494954406),(7375,'SUCCESS','bo_assessment','INSERTING NEW DATA WITH ID #272',8,1494954406,8,1494954406),(7376,'SUCCESS','boas_criteria','INSERTING NEW DATA WITH ID #242',8,1494954406,8,1494954406),(7377,'SUCCESS','bo_assessment','INSERTING NEW DATA WITH ID #273',8,1494954406,8,1494954406),(7378,'SUCCESS','boas_criteria','INSERTING NEW DATA WITH ID #243',8,1494954406,8,1494954406),(7379,'SUCCESS','bo_assessment','INSERTING NEW DATA WITH ID #274',8,1494954406,8,1494954406),(7380,'SUCCESS','bo_assessment_aspect','INSERTING NEW DATA WITH ID #40',8,1494954592,8,1494954592),(7381,'SUCCESS','boas_criteria','INSERTING NEW DATA WITH ID #244',8,1494954592,8,1494954592),(7382,'SUCCESS','bo_assessment','INSERTING NEW DATA WITH ID #275',8,1494954592,8,1494954592),(7383,'SUCCESS','boas_criteria','INSERTING NEW DATA WITH ID #245',8,1494954592,8,1494954592),(7384,'SUCCESS','bo_assessment','INSERTING NEW DATA WITH ID #276',8,1494954592,8,1494954592),(7385,'SUCCESS','boas_criteria','INSERTING NEW DATA WITH ID #246',8,1494954592,8,1494954592),(7386,'SUCCESS','bo_assessment','INSERTING NEW DATA WITH ID #277',8,1494954592,8,1494954592),(7387,'SUCCESS','boas_criteria','INSERTING NEW DATA WITH ID #247',8,1494954592,8,1494954592),(7388,'SUCCESS','bo_assessment','INSERTING NEW DATA WITH ID #278',8,1494954592,8,1494954592),(7389,'SUCCESS','boas_criteria','INSERTING NEW DATA WITH ID #248',8,1494954592,8,1494954592),(7390,'SUCCESS','bo_assessment','INSERTING NEW DATA WITH ID #279',8,1494954593,8,1494954593),(7391,'SUCCESS','boas_criteria','INSERTING NEW DATA WITH ID #249',8,1494954593,8,1494954593),(7392,'SUCCESS','bo_assessment','INSERTING NEW DATA WITH ID #280',8,1494954593,8,1494954593),(7393,'SUCCESS','boas_criteria','INSERTING NEW DATA WITH ID #250',8,1494954593,8,1494954593),(7394,'SUCCESS','bo_assessment','INSERTING NEW DATA WITH ID #281',8,1494954593,8,1494954593),(7395,'SUCCESS','boas_criteria','INSERTING NEW DATA WITH ID #251',8,1494954593,8,1494954593),(7396,'SUCCESS','bo_assessment','INSERTING NEW DATA WITH ID #282',8,1494954593,8,1494954593),(7397,'SUCCESS','boas_criteria','INSERTING NEW DATA WITH ID #252',8,1494954593,8,1494954593),(7398,'SUCCESS','bo_assessment','INSERTING NEW DATA WITH ID #283',8,1494954593,8,1494954593),(7399,'SUCCESS','boas_criteria','INSERTING NEW DATA WITH ID #253',8,1494954593,8,1494954593),(7400,'SUCCESS','bo_assessment','INSERTING NEW DATA WITH ID #284',8,1494954593,8,1494954593),(7401,'SUCCESS','boas_criteria','INSERTING NEW DATA WITH ID #254',8,1494954593,8,1494954593),(7402,'SUCCESS','bo_assessment','INSERTING NEW DATA WITH ID #285',8,1494954593,8,1494954593),(7403,'SUCCESS','boas_criteria','INSERTING NEW DATA WITH ID #255',8,1494954593,8,1494954593),(7404,'SUCCESS','bo_assessment','INSERTING NEW DATA WITH ID #286',8,1494954593,8,1494954593),(7405,'SUCCESS','boas_criteria','INSERTING NEW DATA WITH ID #256',8,1494954593,8,1494954593),(7406,'SUCCESS','bo_assessment','INSERTING NEW DATA WITH ID #287',8,1494954593,8,1494954593),(7407,'SUCCESS','boas_criteria','INSERTING NEW DATA WITH ID #257',8,1494954593,8,1494954593),(7408,'SUCCESS','bo_assessment','INSERTING NEW DATA WITH ID #288',8,1494954593,8,1494954593),(7409,'SUCCESS','boas_criteria','INSERTING NEW DATA WITH ID #258',8,1494954593,8,1494954593),(7410,'SUCCESS','bo_assessment','INSERTING NEW DATA WITH ID #289',8,1494954593,8,1494954593),(7411,'SUCCESS','boas_criteria','INSERTING NEW DATA WITH ID #259',8,1494954593,8,1494954593),(7412,'SUCCESS','bo_assessment','INSERTING NEW DATA WITH ID #290',8,1494954593,8,1494954593),(7413,'SUCCESS','boas_criteria','INSERTING NEW DATA WITH ID #260',8,1494954593,8,1494954593),(7414,'SUCCESS','bo_assessment','INSERTING NEW DATA WITH ID #291',8,1494954593,8,1494954593),(7415,'SUCCESS','boas_criteria','INSERTING NEW DATA WITH ID #261',8,1494954593,8,1494954593),(7416,'SUCCESS','bo_assessment','INSERTING NEW DATA WITH ID #292',8,1494954593,8,1494954593),(7417,'SUCCESS','boas_criteria','INSERTING NEW DATA WITH ID #262',8,1494954593,8,1494954593),(7418,'SUCCESS','bo_assessment','INSERTING NEW DATA WITH ID #293',8,1494954593,8,1494954593),(7419,'SUCCESS','bo_assessment_aspect','INSERTING NEW DATA WITH ID #41',8,1494957618,8,1494957618),(7420,'SUCCESS','boas_criteria','INSERTING NEW DATA WITH ID #263',8,1494957618,8,1494957618),(7421,'SUCCESS','bo_assessment','INSERTING NEW DATA WITH ID #294',8,1494957618,8,1494957618),(7422,'SUCCESS','boas_criteria','INSERTING NEW DATA WITH ID #264',8,1494957618,8,1494957618),(7423,'SUCCESS','bo_assessment','INSERTING NEW DATA WITH ID #295',8,1494957618,8,1494957618),(7424,'SUCCESS','boas_criteria','INSERTING NEW DATA WITH ID #265',8,1494957618,8,1494957618),(7425,'SUCCESS','bo_assessment','INSERTING NEW DATA WITH ID #296',8,1494957618,8,1494957618),(7426,'SUCCESS','bo_assessment_aspect','INSERTING NEW DATA WITH ID #42',8,1494957710,8,1494957710),(7427,'SUCCESS','boas_criteria','INSERTING NEW DATA WITH ID #266',8,1494957710,8,1494957710),(7428,'SUCCESS','bo_assessment','INSERTING NEW DATA WITH ID #297',8,1494957710,8,1494957710),(7429,'SUCCESS','boas_criteria','INSERTING NEW DATA WITH ID #267',8,1494957710,8,1494957710),(7430,'SUCCESS','bo_assessment','INSERTING NEW DATA WITH ID #298',8,1494957710,8,1494957710),(7431,'SUCCESS','boas_criteria','INSERTING NEW DATA WITH ID #268',8,1494957710,8,1494957710),(7432,'SUCCESS','bo_assessment','INSERTING NEW DATA WITH ID #299',8,1494957710,8,1494957710),(7433,'SUCCESS','boas_criteria','INSERTING NEW DATA WITH ID #269',8,1494957710,8,1494957710),(7434,'SUCCESS','bo_assessment','INSERTING NEW DATA WITH ID #300',8,1494957710,8,1494957710),(7435,'SUCCESS','boas_criteria','INSERTING NEW DATA WITH ID #270',8,1494957710,8,1494957710),(7436,'SUCCESS','bo_assessment','INSERTING NEW DATA WITH ID #301',8,1494957710,8,1494957710),(7437,'SUCCESS','boas_criteria','INSERTING NEW DATA WITH ID #271',8,1494957710,8,1494957710),(7438,'SUCCESS','bo_assessment','INSERTING NEW DATA WITH ID #302',8,1494957710,8,1494957710),(7439,'SUCCESS','boas_criteria','INSERTING NEW DATA WITH ID #272',8,1494957710,8,1494957710),(7440,'SUCCESS','bo_assessment','INSERTING NEW DATA WITH ID #303',8,1494957710,8,1494957710),(7441,'SUCCESS','boas_criteria','INSERTING NEW DATA WITH ID #273',8,1494957710,8,1494957710),(7442,'SUCCESS','bo_assessment','INSERTING NEW DATA WITH ID #304',8,1494957710,8,1494957710),(7443,'SUCCESS','bo_assessment_aspect','UPDATING DATA ID #42',8,1494957816,8,1494957816),(7444,'SUCCESS','boas_criteria','UPDATING DATA ID #266',8,1494957816,8,1494957816),(7445,'SUCCESS','boas_criteria','UPDATING DATA ID #267',8,1494957816,8,1494957816),(7446,'SUCCESS','log_dirty','INSERTING NEW DATA WITH ID #261',8,1494957816,8,1494957816),(7447,'SUCCESS','boas_criteria','UPDATING DATA ID #268',8,1494957816,8,1494957816),(7448,'SUCCESS','log_dirty','INSERTING NEW DATA WITH ID #262',8,1494957816,8,1494957816),(7449,'SUCCESS','boas_criteria','UPDATING DATA ID #269',8,1494957816,8,1494957816),(7450,'SUCCESS','log_dirty','INSERTING NEW DATA WITH ID #263',8,1494957816,8,1494957816),(7451,'SUCCESS','boas_criteria','UPDATING DATA ID #270',8,1494957816,8,1494957816),(7452,'SUCCESS','log_dirty','INSERTING NEW DATA WITH ID #264',8,1494957816,8,1494957816),(7453,'SUCCESS','log_dirty','INSERTING NEW DATA WITH ID #265',8,1494957816,8,1494957816),(7454,'SUCCESS','boas_criteria','UPDATING DATA ID #271',8,1494957816,8,1494957816),(7455,'SUCCESS','boas_criteria','UPDATING DATA ID #272',8,1494957816,8,1494957816),(7456,'SUCCESS','log_dirty','INSERTING NEW DATA WITH ID #266',8,1494957816,8,1494957816),(7457,'SUCCESS','boas_criteria','UPDATING DATA ID #273',8,1494957816,8,1494957816),(7458,'SUCCESS','boas_criteria','DELETING DATA ID #267',8,1494957860,8,1494957860),(7459,'SUCCESS','boas_criteria','DELETING DATA ID #268',8,1494957863,8,1494957863),(7460,'SUCCESS','boas_criteria','DELETING DATA ID #269',8,1494957865,8,1494957865),(7461,'SUCCESS','boas_criteria','DELETING DATA ID #270',8,1494957867,8,1494957867),(7462,'SUCCESS','boas_criteria','DELETING DATA ID #271',8,1494957868,8,1494957868),(7463,'SUCCESS','boas_criteria','DELETING DATA ID #272',8,1494957869,8,1494957869),(7464,'SUCCESS','boas_criteria','DELETING DATA ID #273',8,1494957872,8,1494957872),(7465,'SUCCESS','bo_assessment_aspect','UPDATING DATA ID #42',8,1494957967,8,1494957967),(7466,'SUCCESS','boas_criteria','UPDATING DATA ID #266',8,1494957969,8,1494957969),(7467,'SUCCESS','boas_criteria','INSERTING NEW DATA WITH ID #274',8,1494957969,8,1494957969),(7468,'SUCCESS','bo_assessment','INSERTING NEW DATA WITH ID #305',8,1494957969,8,1494957969),(7469,'SUCCESS','boas_criteria','INSERTING NEW DATA WITH ID #275',8,1494957969,8,1494957969),(7470,'SUCCESS','bo_assessment','INSERTING NEW DATA WITH ID #306',8,1494957969,8,1494957969),(7471,'SUCCESS','boas_criteria','INSERTING NEW DATA WITH ID #276',8,1494957969,8,1494957969),(7472,'SUCCESS','bo_assessment','INSERTING NEW DATA WITH ID #307',8,1494957969,8,1494957969),(7473,'SUCCESS','boas_criteria','INSERTING NEW DATA WITH ID #277',8,1494957969,8,1494957969),(7474,'SUCCESS','bo_assessment','INSERTING NEW DATA WITH ID #308',8,1494957969,8,1494957969),(7475,'SUCCESS','boas_criteria','INSERTING NEW DATA WITH ID #278',8,1494957969,8,1494957969),(7476,'SUCCESS','bo_assessment','INSERTING NEW DATA WITH ID #309',8,1494957969,8,1494957969),(7477,'SUCCESS','boas_criteria','INSERTING NEW DATA WITH ID #279',8,1494957969,8,1494957969),(7478,'SUCCESS','bo_assessment','INSERTING NEW DATA WITH ID #310',8,1494957969,8,1494957969),(7479,'SUCCESS','boas_criteria','INSERTING NEW DATA WITH ID #280',8,1494957969,8,1494957969),(7480,'SUCCESS','bo_assessment','INSERTING NEW DATA WITH ID #311',8,1494957969,8,1494957969),(7481,'SUCCESS','boas_criteria','INSERTING NEW DATA WITH ID #281',8,1494957969,8,1494957969),(7482,'SUCCESS','bo_assessment','INSERTING NEW DATA WITH ID #312',8,1494957969,8,1494957969),(7483,'SUCCESS','boas_criteria','INSERTING NEW DATA WITH ID #282',8,1494957969,8,1494957969),(7484,'SUCCESS','bo_assessment','INSERTING NEW DATA WITH ID #313',8,1494957969,8,1494957969),(7485,'SUCCESS','boas_criteria','INSERTING NEW DATA WITH ID #283',8,1494957969,8,1494957969),(7486,'SUCCESS','bo_assessment','INSERTING NEW DATA WITH ID #314',8,1494957969,8,1494957969),(7487,'SUCCESS','boas_criteria','INSERTING NEW DATA WITH ID #284',8,1494957969,8,1494957969),(7488,'SUCCESS','bo_assessment','INSERTING NEW DATA WITH ID #315',8,1494957969,8,1494957969),(7489,'SUCCESS','bo_assessment_aspect','INSERTING NEW DATA WITH ID #43',8,1494958003,8,1494958003),(7490,'SUCCESS','boas_criteria','INSERTING NEW DATA WITH ID #285',8,1494958003,8,1494958003),(7491,'SUCCESS','bo_assessment','INSERTING NEW DATA WITH ID #316',8,1494958003,8,1494958003),(7492,'SUCCESS','bo_assessment_aspect','INSERTING NEW DATA WITH ID #44',8,1494958088,8,1494958088),(7493,'SUCCESS','boas_criteria','INSERTING NEW DATA WITH ID #286',8,1494958088,8,1494958088),(7494,'SUCCESS','bo_assessment','INSERTING NEW DATA WITH ID #317',8,1494958088,8,1494958088),(7495,'SUCCESS','boas_criteria','INSERTING NEW DATA WITH ID #287',8,1494958088,8,1494958088),(7496,'SUCCESS','bo_assessment','INSERTING NEW DATA WITH ID #318',8,1494958088,8,1494958088),(7497,'SUCCESS','boas_criteria','INSERTING NEW DATA WITH ID #288',8,1494958088,8,1494958088),(7498,'SUCCESS','bo_assessment','INSERTING NEW DATA WITH ID #319',8,1494958088,8,1494958088),(7499,'SUCCESS','boas_criteria','INSERTING NEW DATA WITH ID #289',8,1494958088,8,1494958088),(7500,'SUCCESS','bo_assessment','INSERTING NEW DATA WITH ID #320',8,1494958088,8,1494958088),(7501,'SUCCESS','bo_assessment_aspect','INSERTING NEW DATA WITH ID #45',8,1494958442,8,1494958442),(7502,'SUCCESS','boas_criteria','INSERTING NEW DATA WITH ID #290',8,1494958442,8,1494958442),(7503,'SUCCESS','bo_assessment','INSERTING NEW DATA WITH ID #321',8,1494958442,8,1494958442),(7504,'SUCCESS','boas_criteria','INSERTING NEW DATA WITH ID #291',8,1494958442,8,1494958442),(7505,'SUCCESS','bo_assessment','INSERTING NEW DATA WITH ID #322',8,1494958442,8,1494958442),(7506,'SUCCESS','boas_criteria','INSERTING NEW DATA WITH ID #292',8,1494958442,8,1494958442),(7507,'SUCCESS','bo_assessment','INSERTING NEW DATA WITH ID #323',8,1494958442,8,1494958442),(7508,'SUCCESS','boas_criteria','INSERTING NEW DATA WITH ID #293',8,1494958442,8,1494958442),(7509,'SUCCESS','bo_assessment','INSERTING NEW DATA WITH ID #324',8,1494958442,8,1494958442),(7510,'SUCCESS','boas_criteria','INSERTING NEW DATA WITH ID #294',8,1494958442,8,1494958442),(7511,'SUCCESS','bo_assessment','INSERTING NEW DATA WITH ID #325',8,1494958442,8,1494958442),(7512,'SUCCESS','boas_criteria','INSERTING NEW DATA WITH ID #295',8,1494958442,8,1494958442),(7513,'SUCCESS','bo_assessment','INSERTING NEW DATA WITH ID #326',8,1494958442,8,1494958442),(7514,'SUCCESS','boas_criteria','INSERTING NEW DATA WITH ID #296',8,1494958442,8,1494958442),(7515,'SUCCESS','bo_assessment','INSERTING NEW DATA WITH ID #327',8,1494958442,8,1494958442),(7516,'SUCCESS','boas_criteria','INSERTING NEW DATA WITH ID #297',8,1494958442,8,1494958442),(7517,'SUCCESS','bo_assessment','INSERTING NEW DATA WITH ID #328',8,1494958442,8,1494958442),(7518,'SUCCESS','boas_criteria','INSERTING NEW DATA WITH ID #298',8,1494958442,8,1494958442),(7519,'SUCCESS','bo_assessment','INSERTING NEW DATA WITH ID #329',8,1494958442,8,1494958442),(7520,'SUCCESS','boas_criteria','INSERTING NEW DATA WITH ID #299',8,1494958442,8,1494958442),(7521,'SUCCESS','bo_assessment','INSERTING NEW DATA WITH ID #330',8,1494958442,8,1494958442),(7522,'SUCCESS','boas_criteria','INSERTING NEW DATA WITH ID #300',8,1494958442,8,1494958442),(7523,'SUCCESS','bo_assessment','INSERTING NEW DATA WITH ID #331',8,1494958442,8,1494958442),(7524,'SUCCESS','bo_assessment_aspect','INSERTING NEW DATA WITH ID #46',8,1494960772,8,1494960772),(7525,'SUCCESS','boas_criteria','INSERTING NEW DATA WITH ID #301',8,1494960772,8,1494960772),(7526,'SUCCESS','bo_assessment','INSERTING NEW DATA WITH ID #332',8,1494960772,8,1494960772),(7527,'SUCCESS','boas_criteria','INSERTING NEW DATA WITH ID #302',8,1494960772,8,1494960772),(7528,'SUCCESS','bo_assessment','INSERTING NEW DATA WITH ID #333',8,1494960772,8,1494960772),(7529,'SUCCESS','boas_criteria','INSERTING NEW DATA WITH ID #303',8,1494960772,8,1494960772),(7530,'SUCCESS','bo_assessment','INSERTING NEW DATA WITH ID #334',8,1494960772,8,1494960772),(7531,'SUCCESS','boas_criteria','INSERTING NEW DATA WITH ID #304',8,1494960772,8,1494960772),(7532,'SUCCESS','bo_assessment','INSERTING NEW DATA WITH ID #335',8,1494960772,8,1494960772),(7533,'SUCCESS','boas_criteria','INSERTING NEW DATA WITH ID #305',8,1494960772,8,1494960772),(7534,'SUCCESS','bo_assessment','INSERTING NEW DATA WITH ID #336',8,1494960772,8,1494960772),(7535,'SUCCESS','boas_criteria','INSERTING NEW DATA WITH ID #306',8,1494960772,8,1494960772),(7536,'SUCCESS','bo_assessment','INSERTING NEW DATA WITH ID #337',8,1494960772,8,1494960772),(7537,'SUCCESS','boas_criteria','INSERTING NEW DATA WITH ID #307',8,1494960772,8,1494960772),(7538,'SUCCESS','bo_assessment','INSERTING NEW DATA WITH ID #338',8,1494960773,8,1494960773),(7539,'SUCCESS','boas_criteria','INSERTING NEW DATA WITH ID #308',8,1494960773,8,1494960773),(7540,'SUCCESS','bo_assessment','INSERTING NEW DATA WITH ID #339',8,1494960773,8,1494960773),(7541,'SUCCESS','boas_criteria','INSERTING NEW DATA WITH ID #309',8,1494960773,8,1494960773),(7542,'SUCCESS','bo_assessment','INSERTING NEW DATA WITH ID #340',8,1494960773,8,1494960773),(7543,'SUCCESS','boas_criteria','INSERTING NEW DATA WITH ID #310',8,1494960773,8,1494960773),(7544,'SUCCESS','bo_assessment','INSERTING NEW DATA WITH ID #341',8,1494960773,8,1494960773),(7545,'SUCCESS','boas_criteria','INSERTING NEW DATA WITH ID #311',8,1494960773,8,1494960773),(7546,'SUCCESS','bo_assessment','INSERTING NEW DATA WITH ID #342',8,1494960773,8,1494960773),(7547,'SUCCESS','boas_criteria','INSERTING NEW DATA WITH ID #312',8,1494960773,8,1494960773),(7548,'SUCCESS','bo_assessment','INSERTING NEW DATA WITH ID #343',8,1494960773,8,1494960773),(7549,'SUCCESS','boas_criteria','INSERTING NEW DATA WITH ID #313',8,1494960773,8,1494960773),(7550,'SUCCESS','bo_assessment','INSERTING NEW DATA WITH ID #344',8,1494960773,8,1494960773),(7551,'SUCCESS','boas_criteria','INSERTING NEW DATA WITH ID #314',8,1494960773,8,1494960773),(7552,'SUCCESS','bo_assessment','INSERTING NEW DATA WITH ID #345',8,1494960773,8,1494960773),(7553,'SUCCESS','boas_criteria','INSERTING NEW DATA WITH ID #315',8,1494960773,8,1494960773),(7554,'SUCCESS','bo_assessment','INSERTING NEW DATA WITH ID #346',8,1494960773,8,1494960773),(7555,'SUCCESS','boas_criteria','INSERTING NEW DATA WITH ID #316',8,1494960773,8,1494960773),(7556,'SUCCESS','bo_assessment','INSERTING NEW DATA WITH ID #347',8,1494960773,8,1494960773),(7557,'SUCCESS','boas_criteria','INSERTING NEW DATA WITH ID #317',8,1494960773,8,1494960773),(7558,'SUCCESS','bo_assessment','INSERTING NEW DATA WITH ID #348',8,1494960773,8,1494960773),(7559,'SUCCESS','boas_criteria','INSERTING NEW DATA WITH ID #318',8,1494960773,8,1494960773),(7560,'SUCCESS','bo_assessment','INSERTING NEW DATA WITH ID #349',8,1494960773,8,1494960773),(7561,'SUCCESS','bo_assessment_aspect','INSERTING NEW DATA WITH ID #47',8,1494960982,8,1494960982),(7562,'SUCCESS','boas_criteria','INSERTING NEW DATA WITH ID #319',8,1494960982,8,1494960982),(7563,'SUCCESS','bo_assessment','INSERTING NEW DATA WITH ID #350',8,1494960982,8,1494960982),(7564,'SUCCESS','boas_criteria','INSERTING NEW DATA WITH ID #320',8,1494960982,8,1494960982),(7565,'SUCCESS','bo_assessment','INSERTING NEW DATA WITH ID #351',8,1494960982,8,1494960982),(7566,'SUCCESS','boas_criteria','INSERTING NEW DATA WITH ID #321',8,1494960982,8,1494960982),(7567,'SUCCESS','bo_assessment','INSERTING NEW DATA WITH ID #352',8,1494960982,8,1494960982),(7568,'SUCCESS','bo_assessment_aspect','INSERTING NEW DATA WITH ID #48',8,1494961004,8,1494961004),(7569,'SUCCESS','boas_criteria','INSERTING NEW DATA WITH ID #322',8,1494961004,8,1494961004),(7570,'SUCCESS','bo_assessment','INSERTING NEW DATA WITH ID #353',8,1494961004,8,1494961004),(7571,'SUCCESS','boas_criteria','INSERTING NEW DATA WITH ID #323',8,1494961004,8,1494961004),(7572,'SUCCESS','bo_assessment','INSERTING NEW DATA WITH ID #354',8,1494961004,8,1494961004),(7573,'SUCCESS','bo_assessment_aspect','INSERTING NEW DATA WITH ID #49',8,1494961041,8,1494961041),(7574,'SUCCESS','boas_criteria','INSERTING NEW DATA WITH ID #324',8,1494961041,8,1494961041),(7575,'SUCCESS','bo_assessment','INSERTING NEW DATA WITH ID #355',8,1494961041,8,1494961041),(7576,'SUCCESS','boas_criteria','INSERTING NEW DATA WITH ID #325',8,1494961041,8,1494961041),(7577,'SUCCESS','bo_assessment','INSERTING NEW DATA WITH ID #356',8,1494961041,8,1494961041),(7578,'SUCCESS','boas_criteria','INSERTING NEW DATA WITH ID #326',8,1494961041,8,1494961041),(7579,'SUCCESS','bo_assessment','INSERTING NEW DATA WITH ID #357',8,1494961041,8,1494961041),(7580,'SUCCESS','bo_assessment_aspect','INSERTING NEW DATA WITH ID #50',8,1494961071,8,1494961071),(7581,'SUCCESS','boas_criteria','INSERTING NEW DATA WITH ID #327',8,1494961071,8,1494961071),(7582,'SUCCESS','bo_assessment','INSERTING NEW DATA WITH ID #358',8,1494961071,8,1494961071),(7583,'SUCCESS','boas_criteria','INSERTING NEW DATA WITH ID #328',8,1494961071,8,1494961071),(7584,'SUCCESS','bo_assessment','INSERTING NEW DATA WITH ID #359',8,1494961071,8,1494961071),(7585,'SUCCESS','boas_criteria','INSERTING NEW DATA WITH ID #329',8,1494961071,8,1494961071),(7586,'SUCCESS','bo_assessment','INSERTING NEW DATA WITH ID #360',8,1494961071,8,1494961071),(7587,'SUCCESS','bo_assessment_aspect','INSERTING NEW DATA WITH ID #51',8,1494961173,8,1494961173),(7588,'SUCCESS','boas_criteria','INSERTING NEW DATA WITH ID #330',8,1494961173,8,1494961173),(7589,'SUCCESS','bo_assessment','INSERTING NEW DATA WITH ID #361',8,1494961173,8,1494961173),(7590,'SUCCESS','boas_criteria','INSERTING NEW DATA WITH ID #331',8,1494961173,8,1494961173),(7591,'SUCCESS','bo_assessment','INSERTING NEW DATA WITH ID #362',8,1494961173,8,1494961173),(7592,'SUCCESS','boas_criteria','INSERTING NEW DATA WITH ID #332',8,1494961173,8,1494961173),(7593,'SUCCESS','bo_assessment','INSERTING NEW DATA WITH ID #363',8,1494961173,8,1494961173),(7594,'SUCCESS','boas_criteria','INSERTING NEW DATA WITH ID #333',8,1494961173,8,1494961173),(7595,'SUCCESS','bo_assessment','INSERTING NEW DATA WITH ID #364',8,1494961173,8,1494961173),(7596,'SUCCESS','boas_criteria','INSERTING NEW DATA WITH ID #334',8,1494961173,8,1494961173),(7597,'SUCCESS','bo_assessment','INSERTING NEW DATA WITH ID #365',8,1494961173,8,1494961173),(7598,'SUCCESS','boas_criteria','INSERTING NEW DATA WITH ID #335',8,1494961173,8,1494961173),(7599,'SUCCESS','bo_assessment','INSERTING NEW DATA WITH ID #366',8,1494961173,8,1494961173),(7600,'SUCCESS','boas_criteria','INSERTING NEW DATA WITH ID #336',8,1494961173,8,1494961173),(7601,'SUCCESS','bo_assessment','INSERTING NEW DATA WITH ID #367',8,1494961173,8,1494961173),(7602,'SUCCESS','boas_criteria','INSERTING NEW DATA WITH ID #337',8,1494961174,8,1494961174),(7603,'SUCCESS','bo_assessment','INSERTING NEW DATA WITH ID #368',8,1494961174,8,1494961174),(7604,'SUCCESS','boas_criteria','INSERTING NEW DATA WITH ID #338',8,1494961174,8,1494961174),(7605,'SUCCESS','bo_assessment','INSERTING NEW DATA WITH ID #369',8,1494961174,8,1494961174),(7606,'SUCCESS','boas_criteria','INSERTING NEW DATA WITH ID #339',8,1494961174,8,1494961174),(7607,'SUCCESS','bo_assessment','INSERTING NEW DATA WITH ID #370',8,1494961174,8,1494961174),(7608,'SUCCESS','boas_criteria','INSERTING NEW DATA WITH ID #340',8,1494961174,8,1494961174),(7609,'SUCCESS','bo_assessment','INSERTING NEW DATA WITH ID #371',8,1494961174,8,1494961174),(7610,'SUCCESS','bo_assessment_aspect','INSERTING NEW DATA WITH ID #52',8,1494961290,8,1494961290),(7611,'SUCCESS','boas_criteria','INSERTING NEW DATA WITH ID #341',8,1494961290,8,1494961290),(7612,'SUCCESS','bo_assessment','INSERTING NEW DATA WITH ID #372',8,1494961290,8,1494961290),(7613,'SUCCESS','boas_criteria','INSERTING NEW DATA WITH ID #342',8,1494961290,8,1494961290),(7614,'SUCCESS','bo_assessment','INSERTING NEW DATA WITH ID #373',8,1494961290,8,1494961290),(7615,'SUCCESS','boas_criteria','INSERTING NEW DATA WITH ID #343',8,1494961290,8,1494961290),(7616,'SUCCESS','bo_assessment','INSERTING NEW DATA WITH ID #374',8,1494961290,8,1494961290),(7617,'SUCCESS','boas_criteria','INSERTING NEW DATA WITH ID #344',8,1494961290,8,1494961290),(7618,'SUCCESS','bo_assessment','INSERTING NEW DATA WITH ID #375',8,1494961290,8,1494961290),(7619,'SUCCESS','boas_criteria','INSERTING NEW DATA WITH ID #345',8,1494961290,8,1494961290),(7620,'SUCCESS','bo_assessment','INSERTING NEW DATA WITH ID #376',8,1494961290,8,1494961290),(7621,'SUCCESS','boas_criteria','INSERTING NEW DATA WITH ID #346',8,1494961290,8,1494961290),(7622,'SUCCESS','bo_assessment','INSERTING NEW DATA WITH ID #377',8,1494961290,8,1494961290),(7623,'SUCCESS','boas_criteria','INSERTING NEW DATA WITH ID #347',8,1494961290,8,1494961290),(7624,'SUCCESS','bo_assessment','INSERTING NEW DATA WITH ID #378',8,1494961290,8,1494961290),(7625,'SUCCESS','boas_criteria','INSERTING NEW DATA WITH ID #348',8,1494961290,8,1494961290),(7626,'SUCCESS','bo_assessment','INSERTING NEW DATA WITH ID #379',8,1494961290,8,1494961290),(7627,'SUCCESS','boas_criteria','INSERTING NEW DATA WITH ID #349',8,1494961290,8,1494961290),(7628,'SUCCESS','bo_assessment','INSERTING NEW DATA WITH ID #380',8,1494961290,8,1494961290),(7629,'SUCCESS','boas_criteria','INSERTING NEW DATA WITH ID #350',8,1494961290,8,1494961290),(7630,'SUCCESS','bo_assessment','INSERTING NEW DATA WITH ID #381',8,1494961290,8,1494961290),(7631,'SUCCESS','boas_criteria','INSERTING NEW DATA WITH ID #351',8,1494961290,8,1494961290),(7632,'SUCCESS','bo_assessment','INSERTING NEW DATA WITH ID #382',8,1494961290,8,1494961290),(7633,'SUCCESS','boas_criteria','INSERTING NEW DATA WITH ID #352',8,1494961290,8,1494961290),(7634,'SUCCESS','bo_assessment','INSERTING NEW DATA WITH ID #383',8,1494961290,8,1494961290),(7635,'SUCCESS','boas_criteria','INSERTING NEW DATA WITH ID #353',8,1494961290,8,1494961290),(7636,'SUCCESS','bo_assessment','INSERTING NEW DATA WITH ID #384',8,1494961290,8,1494961290),(7637,'SUCCESS','boas_criteria','INSERTING NEW DATA WITH ID #354',8,1494961290,8,1494961290),(7638,'SUCCESS','bo_assessment','INSERTING NEW DATA WITH ID #385',8,1494961290,8,1494961290),(7639,'SUCCESS','boas_criteria','INSERTING NEW DATA WITH ID #355',8,1494961290,8,1494961290),(7640,'SUCCESS','bo_assessment','INSERTING NEW DATA WITH ID #386',8,1494961290,8,1494961290),(7641,'SUCCESS','bo_assessment_aspect','UPDATING DATA ID #17',8,1494962074,8,1494962074),(7642,'SUCCESS','boas_criteria','UPDATING DATA ID #47',8,1494962074,8,1494962074),(7643,'SUCCESS','boas_criteria','UPDATING DATA ID #48',8,1494962074,8,1494962074),(7644,'SUCCESS','boas_criteria','UPDATING DATA ID #49',8,1494962074,8,1494962074),(7645,'SUCCESS','boas_criteria','UPDATING DATA ID #50',8,1494962074,8,1494962074),(7646,'SUCCESS','boas_criteria','UPDATING DATA ID #51',8,1494962074,8,1494962074),(7647,'SUCCESS','boas_criteria','UPDATING DATA ID #52',8,1494962074,8,1494962074),(7648,'SUCCESS','boas_criteria','UPDATING DATA ID #53',8,1494962074,8,1494962074),(7649,'SUCCESS','boas_criteria','UPDATING DATA ID #55',8,1494962074,8,1494962074),(7650,'SUCCESS','boas_criteria','UPDATING DATA ID #56',8,1494962074,8,1494962074),(7651,'SUCCESS','boas_criteria','UPDATING DATA ID #57',8,1494962074,8,1494962074),(7652,'SUCCESS','boas_criteria','UPDATING DATA ID #58',8,1494962074,8,1494962074),(7653,'SUCCESS','boas_criteria','INSERTING NEW DATA WITH ID #356',8,1494962074,8,1494962074),(7654,'SUCCESS','bo_assessment','INSERTING NEW DATA WITH ID #387',8,1494962074,8,1494962074),(7655,'SUCCESS','bo_assessment','INSERTING NEW DATA WITH ID #388',8,1494962075,8,1494962075),(7656,'SUCCESS','boas_criteria','INSERTING NEW DATA WITH ID #357',8,1494962075,8,1494962075),(7657,'SUCCESS','bo_assessment','INSERTING NEW DATA WITH ID #389',8,1494962075,8,1494962075),(7658,'SUCCESS','bo_assessment','INSERTING NEW DATA WITH ID #390',8,1494962075,8,1494962075),(7659,'SUCCESS','boas_criteria','INSERTING NEW DATA WITH ID #358',8,1494962075,8,1494962075),(7660,'SUCCESS','bo_assessment','INSERTING NEW DATA WITH ID #391',8,1494962075,8,1494962075),(7661,'SUCCESS','bo_assessment','INSERTING NEW DATA WITH ID #392',8,1494962075,8,1494962075),(7662,'SUCCESS','bo_assessment_aspect','INSERTING NEW DATA WITH ID #53',8,1494962491,8,1494962491),(7663,'SUCCESS','boas_criteria','INSERTING NEW DATA WITH ID #359',8,1494962491,8,1494962491),(7664,'SUCCESS','bo_assessment','INSERTING NEW DATA WITH ID #393',8,1494962491,8,1494962491),(7665,'SUCCESS','bo_assessment','INSERTING NEW DATA WITH ID #394',8,1494962491,8,1494962491),(7666,'SUCCESS','boas_criteria','INSERTING NEW DATA WITH ID #360',8,1494962491,8,1494962491),(7667,'SUCCESS','bo_assessment','INSERTING NEW DATA WITH ID #395',8,1494962491,8,1494962491),(7668,'SUCCESS','bo_assessment','INSERTING NEW DATA WITH ID #396',8,1494962491,8,1494962491),(7669,'SUCCESS','boas_criteria','INSERTING NEW DATA WITH ID #361',8,1494962491,8,1494962491),(7670,'SUCCESS','bo_assessment','INSERTING NEW DATA WITH ID #397',8,1494962491,8,1494962491),(7671,'SUCCESS','bo_assessment','INSERTING NEW DATA WITH ID #398',8,1494962491,8,1494962491),(7672,'SUCCESS','boas_criteria','INSERTING NEW DATA WITH ID #362',8,1494962491,8,1494962491),(7673,'SUCCESS','bo_assessment','INSERTING NEW DATA WITH ID #399',8,1494962491,8,1494962491),(7674,'SUCCESS','bo_assessment','INSERTING NEW DATA WITH ID #400',8,1494962491,8,1494962491),(7675,'SUCCESS','boas_criteria','INSERTING NEW DATA WITH ID #363',8,1494962491,8,1494962491),(7676,'SUCCESS','bo_assessment','INSERTING NEW DATA WITH ID #401',8,1494962491,8,1494962491),(7677,'SUCCESS','bo_assessment','INSERTING NEW DATA WITH ID #402',8,1494962491,8,1494962491),(7678,'SUCCESS','boas_criteria','INSERTING NEW DATA WITH ID #364',8,1494962491,8,1494962491),(7679,'SUCCESS','bo_assessment','INSERTING NEW DATA WITH ID #403',8,1494962491,8,1494962491),(7680,'SUCCESS','bo_assessment','INSERTING NEW DATA WITH ID #404',8,1494962491,8,1494962491),(7681,'SUCCESS','boas_criteria','INSERTING NEW DATA WITH ID #365',8,1494962491,8,1494962491),(7682,'SUCCESS','bo_assessment','INSERTING NEW DATA WITH ID #405',8,1494962491,8,1494962491),(7683,'SUCCESS','bo_assessment','INSERTING NEW DATA WITH ID #406',8,1494962491,8,1494962491),(7684,'SUCCESS','boas_criteria','INSERTING NEW DATA WITH ID #366',8,1494962491,8,1494962491),(7685,'SUCCESS','bo_assessment','INSERTING NEW DATA WITH ID #407',8,1494962491,8,1494962491),(7686,'SUCCESS','bo_assessment','INSERTING NEW DATA WITH ID #408',8,1494962491,8,1494962491),(7687,'SUCCESS','boas_criteria','INSERTING NEW DATA WITH ID #367',8,1494962491,8,1494962491),(7688,'SUCCESS','bo_assessment','INSERTING NEW DATA WITH ID #409',8,1494962491,8,1494962491),(7689,'SUCCESS','bo_assessment','INSERTING NEW DATA WITH ID #410',8,1494962491,8,1494962491),(7690,'SUCCESS','boas_criteria','INSERTING NEW DATA WITH ID #368',8,1494962491,8,1494962491),(7691,'SUCCESS','bo_assessment','INSERTING NEW DATA WITH ID #411',8,1494962491,8,1494962491),(7692,'SUCCESS','bo_assessment','INSERTING NEW DATA WITH ID #412',8,1494962491,8,1494962491),(7693,'SUCCESS','boas_criteria','INSERTING NEW DATA WITH ID #369',8,1494962491,8,1494962491),(7694,'SUCCESS','bo_assessment','INSERTING NEW DATA WITH ID #413',8,1494962491,8,1494962491),(7695,'SUCCESS','bo_assessment','INSERTING NEW DATA WITH ID #414',8,1494962491,8,1494962491),(7696,'SUCCESS','boas_criteria','INSERTING NEW DATA WITH ID #370',8,1494962491,8,1494962491),(7697,'SUCCESS','bo_assessment','INSERTING NEW DATA WITH ID #415',8,1494962491,8,1494962491),(7698,'SUCCESS','bo_assessment','INSERTING NEW DATA WITH ID #416',8,1494962491,8,1494962491),(7699,'SUCCESS','boas_criteria','INSERTING NEW DATA WITH ID #371',8,1494962491,8,1494962491),(7700,'SUCCESS','bo_assessment','INSERTING NEW DATA WITH ID #417',8,1494962491,8,1494962491),(7701,'SUCCESS','bo_assessment','INSERTING NEW DATA WITH ID #418',8,1494962491,8,1494962491),(7702,'SUCCESS','boas_criteria','INSERTING NEW DATA WITH ID #372',8,1494962491,8,1494962491),(7703,'SUCCESS','bo_assessment','INSERTING NEW DATA WITH ID #419',8,1494962491,8,1494962491),(7704,'SUCCESS','bo_assessment','INSERTING NEW DATA WITH ID #420',8,1494962491,8,1494962491),(7705,'SUCCESS','boas_criteria','INSERTING NEW DATA WITH ID #373',8,1494962491,8,1494962491),(7706,'SUCCESS','bo_assessment','INSERTING NEW DATA WITH ID #421',8,1494962491,8,1494962491),(7707,'SUCCESS','bo_assessment','INSERTING NEW DATA WITH ID #422',8,1494962491,8,1494962491),(7708,'SUCCESS','boas_criteria','INSERTING NEW DATA WITH ID #374',8,1494962491,8,1494962491),(7709,'SUCCESS','bo_assessment','INSERTING NEW DATA WITH ID #423',8,1494962491,8,1494962491),(7710,'SUCCESS','bo_assessment','INSERTING NEW DATA WITH ID #424',8,1494962491,8,1494962491),(7711,'SUCCESS','boas_criteria','INSERTING NEW DATA WITH ID #375',8,1494962491,8,1494962491),(7712,'SUCCESS','bo_assessment','INSERTING NEW DATA WITH ID #425',8,1494962491,8,1494962491),(7713,'SUCCESS','bo_assessment','INSERTING NEW DATA WITH ID #426',8,1494962491,8,1494962491),(7714,'SUCCESS','boas_criteria','INSERTING NEW DATA WITH ID #376',8,1494962491,8,1494962491),(7715,'SUCCESS','bo_assessment','INSERTING NEW DATA WITH ID #427',8,1494962491,8,1494962491),(7716,'SUCCESS','bo_assessment','INSERTING NEW DATA WITH ID #428',8,1494962491,8,1494962491),(7717,'SUCCESS','boas_criteria','INSERTING NEW DATA WITH ID #377',8,1494962491,8,1494962491),(7718,'SUCCESS','bo_assessment','INSERTING NEW DATA WITH ID #429',8,1494962491,8,1494962491),(7719,'SUCCESS','bo_assessment','INSERTING NEW DATA WITH ID #430',8,1494962491,8,1494962491),(7720,'SUCCESS','boas_criteria','INSERTING NEW DATA WITH ID #378',8,1494962491,8,1494962491),(7721,'SUCCESS','bo_assessment','INSERTING NEW DATA WITH ID #431',8,1494962491,8,1494962491),(7722,'SUCCESS','bo_assessment','INSERTING NEW DATA WITH ID #432',8,1494962491,8,1494962491),(7723,'SUCCESS','boas_criteria','INSERTING NEW DATA WITH ID #379',8,1494962491,8,1494962491),(7724,'SUCCESS','bo_assessment','INSERTING NEW DATA WITH ID #433',8,1494962491,8,1494962491),(7725,'SUCCESS','bo_assessment','INSERTING NEW DATA WITH ID #434',8,1494962491,8,1494962491),(7726,'SUCCESS','boas_criteria','INSERTING NEW DATA WITH ID #380',8,1494962491,8,1494962491),(7727,'SUCCESS','bo_assessment','INSERTING NEW DATA WITH ID #435',8,1494962491,8,1494962491),(7728,'SUCCESS','bo_assessment','INSERTING NEW DATA WITH ID #436',8,1494962491,8,1494962491),(7729,'SUCCESS','boas_criteria','INSERTING NEW DATA WITH ID #381',8,1494962491,8,1494962491),(7730,'SUCCESS','bo_assessment','INSERTING NEW DATA WITH ID #437',8,1494962491,8,1494962491),(7731,'SUCCESS','bo_assessment','INSERTING NEW DATA WITH ID #438',8,1494962491,8,1494962491),(7732,'SUCCESS','boas_criteria','INSERTING NEW DATA WITH ID #382',8,1494962491,8,1494962491),(7733,'SUCCESS','bo_assessment','INSERTING NEW DATA WITH ID #439',8,1494962491,8,1494962491),(7734,'SUCCESS','bo_assessment','INSERTING NEW DATA WITH ID #440',8,1494962491,8,1494962491),(7735,'SUCCESS','bo_assessment_aspect','INSERTING NEW DATA WITH ID #54',8,1494962643,8,1494962643),(7736,'SUCCESS','boas_criteria','INSERTING NEW DATA WITH ID #383',8,1494962643,8,1494962643),(7737,'SUCCESS','bo_assessment','INSERTING NEW DATA WITH ID #441',8,1494962643,8,1494962643),(7738,'SUCCESS','bo_assessment','INSERTING NEW DATA WITH ID #442',8,1494962643,8,1494962643),(7739,'SUCCESS','boas_criteria','INSERTING NEW DATA WITH ID #384',8,1494962643,8,1494962643),(7740,'SUCCESS','bo_assessment','INSERTING NEW DATA WITH ID #443',8,1494962643,8,1494962643),(7741,'SUCCESS','bo_assessment','INSERTING NEW DATA WITH ID #444',8,1494962643,8,1494962643),(7742,'SUCCESS','boas_criteria','INSERTING NEW DATA WITH ID #385',8,1494962643,8,1494962643),(7743,'SUCCESS','bo_assessment','INSERTING NEW DATA WITH ID #445',8,1494962643,8,1494962643),(7744,'SUCCESS','bo_assessment','INSERTING NEW DATA WITH ID #446',8,1494962643,8,1494962643),(7745,'SUCCESS','boas_criteria','INSERTING NEW DATA WITH ID #386',8,1494962643,8,1494962643),(7746,'SUCCESS','bo_assessment','INSERTING NEW DATA WITH ID #447',8,1494962643,8,1494962643),(7747,'SUCCESS','bo_assessment','INSERTING NEW DATA WITH ID #448',8,1494962643,8,1494962643),(7748,'SUCCESS','boas_criteria','INSERTING NEW DATA WITH ID #387',8,1494962643,8,1494962643),(7749,'SUCCESS','bo_assessment','INSERTING NEW DATA WITH ID #449',8,1494962643,8,1494962643),(7750,'SUCCESS','bo_assessment','INSERTING NEW DATA WITH ID #450',8,1494962643,8,1494962643),(7751,'SUCCESS','boas_criteria','INSERTING NEW DATA WITH ID #388',8,1494962643,8,1494962643),(7752,'SUCCESS','bo_assessment','INSERTING NEW DATA WITH ID #451',8,1494962643,8,1494962643),(7753,'SUCCESS','bo_assessment','INSERTING NEW DATA WITH ID #452',8,1494962643,8,1494962643),(7754,'SUCCESS','boas_criteria','INSERTING NEW DATA WITH ID #389',8,1494962643,8,1494962643),(7755,'SUCCESS','bo_assessment','INSERTING NEW DATA WITH ID #453',8,1494962643,8,1494962643),(7756,'SUCCESS','bo_assessment','INSERTING NEW DATA WITH ID #454',8,1494962643,8,1494962643),(7757,'SUCCESS','boas_criteria','INSERTING NEW DATA WITH ID #390',8,1494962643,8,1494962643),(7758,'SUCCESS','bo_assessment','INSERTING NEW DATA WITH ID #455',8,1494962643,8,1494962643),(7759,'SUCCESS','bo_assessment','INSERTING NEW DATA WITH ID #456',8,1494962643,8,1494962643),(7760,'SUCCESS','boas_criteria','INSERTING NEW DATA WITH ID #391',8,1494962643,8,1494962643),(7761,'SUCCESS','bo_assessment','INSERTING NEW DATA WITH ID #457',8,1494962643,8,1494962643),(7762,'SUCCESS','bo_assessment','INSERTING NEW DATA WITH ID #458',8,1494962643,8,1494962643),(7763,'SUCCESS','boas_criteria','INSERTING NEW DATA WITH ID #392',8,1494962643,8,1494962643),(7764,'SUCCESS','bo_assessment','INSERTING NEW DATA WITH ID #459',8,1494962643,8,1494962643),(7765,'SUCCESS','bo_assessment','INSERTING NEW DATA WITH ID #460',8,1494962643,8,1494962643),(7766,'SUCCESS','boas_criteria','INSERTING NEW DATA WITH ID #393',8,1494962643,8,1494962643),(7767,'SUCCESS','bo_assessment','INSERTING NEW DATA WITH ID #461',8,1494962643,8,1494962643),(7768,'SUCCESS','bo_assessment','INSERTING NEW DATA WITH ID #462',8,1494962643,8,1494962643),(7769,'SUCCESS','bo_assessment_aspect','INSERTING NEW DATA WITH ID #55',8,1494962657,8,1494962657),(7770,'SUCCESS','boas_criteria','INSERTING NEW DATA WITH ID #394',8,1494962657,8,1494962657),(7771,'SUCCESS','bo_assessment','INSERTING NEW DATA WITH ID #463',8,1494962658,8,1494962658),(7772,'SUCCESS','bo_assessment','INSERTING NEW DATA WITH ID #464',8,1494962658,8,1494962658),(7773,'SUCCESS','bo_assessment_aspect','INSERTING NEW DATA WITH ID #56',8,1494962677,8,1494962677),(7774,'SUCCESS','boas_criteria','INSERTING NEW DATA WITH ID #395',8,1494962677,8,1494962677),(7775,'SUCCESS','bo_assessment','INSERTING NEW DATA WITH ID #465',8,1494962677,8,1494962677),(7776,'SUCCESS','bo_assessment','INSERTING NEW DATA WITH ID #466',8,1494962677,8,1494962677),(7777,'SUCCESS','boas_criteria','INSERTING NEW DATA WITH ID #396',8,1494962677,8,1494962677),(7778,'SUCCESS','bo_assessment','INSERTING NEW DATA WITH ID #467',8,1494962677,8,1494962677),(7779,'SUCCESS','bo_assessment','INSERTING NEW DATA WITH ID #468',8,1494962677,8,1494962677),(7780,'SUCCESS','bo_assessment_aspect','INSERTING NEW DATA WITH ID #57',8,1494962712,8,1494962712),(7781,'SUCCESS','boas_criteria','INSERTING NEW DATA WITH ID #397',8,1494962712,8,1494962712),(7782,'SUCCESS','bo_assessment','INSERTING NEW DATA WITH ID #469',8,1494962712,8,1494962712),(7783,'SUCCESS','bo_assessment','INSERTING NEW DATA WITH ID #470',8,1494962712,8,1494962712),(7784,'SUCCESS','boas_criteria','INSERTING NEW DATA WITH ID #398',8,1494962712,8,1494962712),(7785,'SUCCESS','bo_assessment','INSERTING NEW DATA WITH ID #471',8,1494962712,8,1494962712),(7786,'SUCCESS','bo_assessment','INSERTING NEW DATA WITH ID #472',8,1494962712,8,1494962712),(7787,'SUCCESS','boas_criteria','INSERTING NEW DATA WITH ID #399',8,1494962712,8,1494962712),(7788,'SUCCESS','bo_assessment','INSERTING NEW DATA WITH ID #473',8,1494962712,8,1494962712),(7789,'SUCCESS','bo_assessment','INSERTING NEW DATA WITH ID #474',8,1494962712,8,1494962712),(7790,'SUCCESS','boas_criteria','INSERTING NEW DATA WITH ID #400',8,1494962712,8,1494962712),(7791,'SUCCESS','bo_assessment','INSERTING NEW DATA WITH ID #475',8,1494962712,8,1494962712),(7792,'SUCCESS','bo_assessment','INSERTING NEW DATA WITH ID #476',8,1494962712,8,1494962712),(7793,'SUCCESS','bo_assessment_aspect','INSERTING NEW DATA WITH ID #58',8,1494963056,8,1494963056),(7794,'SUCCESS','boas_criteria','INSERTING NEW DATA WITH ID #401',8,1494963056,8,1494963056),(7795,'SUCCESS','bo_assessment','INSERTING NEW DATA WITH ID #477',8,1494963056,8,1494963056),(7796,'SUCCESS','boas_criteria','INSERTING NEW DATA WITH ID #402',8,1494963056,8,1494963056),(7797,'SUCCESS','bo_assessment','INSERTING NEW DATA WITH ID #478',8,1494963056,8,1494963056),(7798,'SUCCESS','bo_assessment_aspect','INSERTING NEW DATA WITH ID #59',8,1494963075,8,1494963075),(7799,'SUCCESS','boas_criteria','INSERTING NEW DATA WITH ID #403',8,1494963075,8,1494963075),(7800,'SUCCESS','bo_assessment','INSERTING NEW DATA WITH ID #479',8,1494963075,8,1494963075),(7801,'SUCCESS','bo_assessment_aspect','INSERTING NEW DATA WITH ID #60',8,1494963190,8,1494963190),(7802,'SUCCESS','boas_criteria','INSERTING NEW DATA WITH ID #404',8,1494963190,8,1494963190),(7803,'SUCCESS','bo_assessment','INSERTING NEW DATA WITH ID #480',8,1494963190,8,1494963190),(7804,'SUCCESS','boas_criteria','INSERTING NEW DATA WITH ID #405',8,1494963190,8,1494963190),(7805,'SUCCESS','bo_assessment','INSERTING NEW DATA WITH ID #481',8,1494963190,8,1494963190),(7806,'SUCCESS','boas_criteria','INSERTING NEW DATA WITH ID #406',8,1494963191,8,1494963191),(7807,'SUCCESS','bo_assessment','INSERTING NEW DATA WITH ID #482',8,1494963191,8,1494963191),(7808,'SUCCESS','boas_criteria','INSERTING NEW DATA WITH ID #407',8,1494963191,8,1494963191),(7809,'SUCCESS','bo_assessment','INSERTING NEW DATA WITH ID #483',8,1494963191,8,1494963191),(7810,'SUCCESS','boas_criteria','INSERTING NEW DATA WITH ID #408',8,1494963191,8,1494963191),(7811,'SUCCESS','bo_assessment','INSERTING NEW DATA WITH ID #484',8,1494963191,8,1494963191),(7812,'SUCCESS','boas_criteria','INSERTING NEW DATA WITH ID #409',8,1494963191,8,1494963191),(7813,'SUCCESS','bo_assessment','INSERTING NEW DATA WITH ID #485',8,1494963191,8,1494963191),(7814,'SUCCESS','boas_criteria','INSERTING NEW DATA WITH ID #410',8,1494963191,8,1494963191),(7815,'SUCCESS','bo_assessment','INSERTING NEW DATA WITH ID #486',8,1494963191,8,1494963191),(7816,'SUCCESS','boas_criteria','INSERTING NEW DATA WITH ID #411',8,1494963191,8,1494963191),(7817,'SUCCESS','bo_assessment','INSERTING NEW DATA WITH ID #487',8,1494963191,8,1494963191),(7818,'SUCCESS','boas_criteria','INSERTING NEW DATA WITH ID #412',8,1494963191,8,1494963191),(7819,'SUCCESS','bo_assessment','INSERTING NEW DATA WITH ID #488',8,1494963191,8,1494963191),(7820,'SUCCESS','boas_criteria','INSERTING NEW DATA WITH ID #413',8,1494963191,8,1494963191),(7821,'SUCCESS','bo_assessment','INSERTING NEW DATA WITH ID #489',8,1494963191,8,1494963191),(7822,'SUCCESS','boas_criteria','INSERTING NEW DATA WITH ID #414',8,1494963191,8,1494963191),(7823,'SUCCESS','bo_assessment','INSERTING NEW DATA WITH ID #490',8,1494963191,8,1494963191),(7824,'SUCCESS','boas_criteria','INSERTING NEW DATA WITH ID #415',8,1494963191,8,1494963191),(7825,'SUCCESS','bo_assessment','INSERTING NEW DATA WITH ID #491',8,1494963191,8,1494963191),(7826,'SUCCESS','boas_criteria','INSERTING NEW DATA WITH ID #416',8,1494963191,8,1494963191),(7827,'SUCCESS','bo_assessment','INSERTING NEW DATA WITH ID #492',8,1494963191,8,1494963191),(7828,'SUCCESS','boas_criteria','INSERTING NEW DATA WITH ID #417',8,1494963191,8,1494963191),(7829,'SUCCESS','bo_assessment','INSERTING NEW DATA WITH ID #493',8,1494963191,8,1494963191),(7830,'SUCCESS','bo_assessment_aspect','INSERTING NEW DATA WITH ID #61',8,1494963317,8,1494963317),(7831,'SUCCESS','boas_criteria','INSERTING NEW DATA WITH ID #418',8,1494963317,8,1494963317),(7832,'SUCCESS','bo_assessment','INSERTING NEW DATA WITH ID #494',8,1494963317,8,1494963317),(7833,'SUCCESS','boas_criteria','INSERTING NEW DATA WITH ID #419',8,1494963317,8,1494963317),(7834,'SUCCESS','bo_assessment','INSERTING NEW DATA WITH ID #495',8,1494963317,8,1494963317),(7835,'SUCCESS','boas_criteria','INSERTING NEW DATA WITH ID #420',8,1494963317,8,1494963317),(7836,'SUCCESS','bo_assessment','INSERTING NEW DATA WITH ID #496',8,1494963317,8,1494963317),(7837,'SUCCESS','boas_criteria','INSERTING NEW DATA WITH ID #421',8,1494963317,8,1494963317),(7838,'SUCCESS','bo_assessment','INSERTING NEW DATA WITH ID #497',8,1494963317,8,1494963317),(7839,'SUCCESS','boas_criteria','INSERTING NEW DATA WITH ID #422',8,1494963317,8,1494963317),(7840,'SUCCESS','bo_assessment','INSERTING NEW DATA WITH ID #498',8,1494963317,8,1494963317),(7841,'SUCCESS','boas_criteria','INSERTING NEW DATA WITH ID #423',8,1494963317,8,1494963317),(7842,'SUCCESS','bo_assessment','INSERTING NEW DATA WITH ID #499',8,1494963317,8,1494963317),(7843,'SUCCESS','boas_criteria','INSERTING NEW DATA WITH ID #424',8,1494963317,8,1494963317),(7844,'SUCCESS','bo_assessment','INSERTING NEW DATA WITH ID #500',8,1494963317,8,1494963317),(7845,'SUCCESS','boas_criteria','INSERTING NEW DATA WITH ID #425',8,1494963317,8,1494963317),(7846,'SUCCESS','bo_assessment','INSERTING NEW DATA WITH ID #501',8,1494963317,8,1494963317),(7847,'SUCCESS','boas_criteria','INSERTING NEW DATA WITH ID #426',8,1494963317,8,1494963317),(7848,'SUCCESS','bo_assessment','INSERTING NEW DATA WITH ID #502',8,1494963317,8,1494963317),(7849,'SUCCESS','boas_criteria','INSERTING NEW DATA WITH ID #427',8,1494963317,8,1494963317),(7850,'SUCCESS','bo_assessment','INSERTING NEW DATA WITH ID #503',8,1494963317,8,1494963317),(7851,'SUCCESS','boas_criteria','INSERTING NEW DATA WITH ID #428',8,1494963317,8,1494963317),(7852,'SUCCESS','bo_assessment','INSERTING NEW DATA WITH ID #504',8,1494963317,8,1494963317),(7853,'SUCCESS','boas_criteria','INSERTING NEW DATA WITH ID #429',8,1494963317,8,1494963317),(7854,'SUCCESS','bo_assessment','INSERTING NEW DATA WITH ID #505',8,1494963317,8,1494963317),(7855,'SUCCESS','boas_criteria','INSERTING NEW DATA WITH ID #430',8,1494963317,8,1494963317),(7856,'SUCCESS','bo_assessment','INSERTING NEW DATA WITH ID #506',8,1494963317,8,1494963317),(7857,'SUCCESS','boas_criteria','INSERTING NEW DATA WITH ID #431',8,1494963317,8,1494963317),(7858,'SUCCESS','bo_assessment','INSERTING NEW DATA WITH ID #507',8,1494963317,8,1494963317),(7859,'SUCCESS','bo_assessment_aspect','INSERTING NEW DATA WITH ID #62',8,1494963482,8,1494963482),(7860,'SUCCESS','boas_criteria','INSERTING NEW DATA WITH ID #432',8,1494963482,8,1494963482),(7861,'SUCCESS','bo_assessment','INSERTING NEW DATA WITH ID #508',8,1494963482,8,1494963482),(7862,'SUCCESS','boas_criteria','INSERTING NEW DATA WITH ID #433',8,1494963482,8,1494963482),(7863,'SUCCESS','bo_assessment','INSERTING NEW DATA WITH ID #509',8,1494963482,8,1494963482),(7864,'SUCCESS','boas_criteria','INSERTING NEW DATA WITH ID #434',8,1494963482,8,1494963482),(7865,'SUCCESS','bo_assessment','INSERTING NEW DATA WITH ID #510',8,1494963482,8,1494963482),(7866,'SUCCESS','boas_criteria','INSERTING NEW DATA WITH ID #435',8,1494963482,8,1494963482),(7867,'SUCCESS','bo_assessment','INSERTING NEW DATA WITH ID #511',8,1494963482,8,1494963482),(7868,'SUCCESS','boas_criteria','INSERTING NEW DATA WITH ID #436',8,1494963482,8,1494963482),(7869,'SUCCESS','bo_assessment','INSERTING NEW DATA WITH ID #512',8,1494963482,8,1494963482),(7870,'SUCCESS','boas_criteria','INSERTING NEW DATA WITH ID #437',8,1494963482,8,1494963482),(7871,'SUCCESS','bo_assessment','INSERTING NEW DATA WITH ID #513',8,1494963482,8,1494963482),(7872,'SUCCESS','boas_criteria','INSERTING NEW DATA WITH ID #438',8,1494963482,8,1494963482),(7873,'SUCCESS','bo_assessment','INSERTING NEW DATA WITH ID #514',8,1494963482,8,1494963482),(7874,'SUCCESS','boas_criteria','INSERTING NEW DATA WITH ID #439',8,1494963482,8,1494963482),(7875,'SUCCESS','bo_assessment','INSERTING NEW DATA WITH ID #515',8,1494963482,8,1494963482),(7876,'SUCCESS','boas_criteria','INSERTING NEW DATA WITH ID #440',8,1494963482,8,1494963482),(7877,'SUCCESS','bo_assessment','INSERTING NEW DATA WITH ID #516',8,1494963482,8,1494963482),(7878,'SUCCESS','boas_criteria','INSERTING NEW DATA WITH ID #441',8,1494963482,8,1494963482),(7879,'SUCCESS','bo_assessment','INSERTING NEW DATA WITH ID #517',8,1494963482,8,1494963482),(7880,'SUCCESS','bo_assessment_aspect','INSERTING NEW DATA WITH ID #63',8,1494963530,8,1494963530),(7881,'SUCCESS','boas_criteria','INSERTING NEW DATA WITH ID #442',8,1494963530,8,1494963530),(7882,'SUCCESS','bo_assessment','INSERTING NEW DATA WITH ID #518',8,1494963530,8,1494963530),(7883,'SUCCESS','boas_criteria','INSERTING NEW DATA WITH ID #443',8,1494963530,8,1494963530),(7884,'SUCCESS','bo_assessment','INSERTING NEW DATA WITH ID #519',8,1494963530,8,1494963530),(7885,'SUCCESS','boas_criteria','INSERTING NEW DATA WITH ID #444',8,1494963530,8,1494963530),(7886,'SUCCESS','bo_assessment','INSERTING NEW DATA WITH ID #520',8,1494963530,8,1494963530),(7887,'SUCCESS','boas_criteria','INSERTING NEW DATA WITH ID #445',8,1494963530,8,1494963530),(7888,'SUCCESS','bo_assessment','INSERTING NEW DATA WITH ID #521',8,1494963530,8,1494963530),(7889,'SUCCESS','bo_assessment_aspect','INSERTING NEW DATA WITH ID #64',8,1494963630,8,1494963630),(7890,'SUCCESS','boas_criteria','INSERTING NEW DATA WITH ID #446',8,1494963630,8,1494963630),(7891,'SUCCESS','bo_assessment','INSERTING NEW DATA WITH ID #522',8,1494963630,8,1494963630),(7892,'SUCCESS','boas_criteria','INSERTING NEW DATA WITH ID #447',8,1494963630,8,1494963630),(7893,'SUCCESS','bo_assessment','INSERTING NEW DATA WITH ID #523',8,1494963630,8,1494963630),(7894,'SUCCESS','boas_criteria','INSERTING NEW DATA WITH ID #448',8,1494963630,8,1494963630),(7895,'SUCCESS','bo_assessment','INSERTING NEW DATA WITH ID #524',8,1494963630,8,1494963630),(7896,'SUCCESS','boas_criteria','INSERTING NEW DATA WITH ID #449',8,1494963630,8,1494963630),(7897,'SUCCESS','bo_assessment','INSERTING NEW DATA WITH ID #525',8,1494963630,8,1494963630),(7898,'SUCCESS','boas_criteria','INSERTING NEW DATA WITH ID #450',8,1494963630,8,1494963630),(7899,'SUCCESS','bo_assessment','INSERTING NEW DATA WITH ID #526',8,1494963630,8,1494963630),(7900,'SUCCESS','boas_criteria','INSERTING NEW DATA WITH ID #451',8,1494963630,8,1494963630),(7901,'SUCCESS','bo_assessment','INSERTING NEW DATA WITH ID #527',8,1494963630,8,1494963630),(7902,'SUCCESS','boas_criteria','INSERTING NEW DATA WITH ID #452',8,1494963630,8,1494963630),(7903,'SUCCESS','bo_assessment','INSERTING NEW DATA WITH ID #528',8,1494963630,8,1494963630),(7904,'SUCCESS','boas_criteria','INSERTING NEW DATA WITH ID #453',8,1494963630,8,1494963630),(7905,'SUCCESS','bo_assessment','INSERTING NEW DATA WITH ID #529',8,1494963630,8,1494963630),(7906,'SUCCESS','boas_criteria','INSERTING NEW DATA WITH ID #454',8,1494963630,8,1494963630),(7907,'SUCCESS','bo_assessment','INSERTING NEW DATA WITH ID #530',8,1494963630,8,1494963630),(7908,'SUCCESS','boas_criteria','INSERTING NEW DATA WITH ID #455',8,1494963630,8,1494963630),(7909,'SUCCESS','bo_assessment','INSERTING NEW DATA WITH ID #531',8,1494963630,8,1494963630),(7910,'SUCCESS','boas_criteria','INSERTING NEW DATA WITH ID #456',8,1494963630,8,1494963630),(7911,'SUCCESS','bo_assessment','INSERTING NEW DATA WITH ID #532',8,1494963630,8,1494963630),(7912,'SUCCESS','bo_assessment_aspect','INSERTING NEW DATA WITH ID #65',8,1495003680,8,1495003680),(7913,'SUCCESS','boas_criteria','INSERTING NEW DATA WITH ID #457',8,1495003680,8,1495003680),(7914,'SUCCESS','bo_assessment','INSERTING NEW DATA WITH ID #533',8,1495003680,8,1495003680),(7915,'SUCCESS','boas_criteria','INSERTING NEW DATA WITH ID #458',8,1495003680,8,1495003680),(7916,'SUCCESS','bo_assessment','INSERTING NEW DATA WITH ID #534',8,1495003680,8,1495003680),(7917,'SUCCESS','bo_assessment_aspect','UPDATING DATA ID #65',8,1495003694,8,1495003694),(7918,'SUCCESS','boas_criteria','UPDATING DATA ID #457',8,1495003694,8,1495003694),(7919,'SUCCESS','log_dirty','INSERTING NEW DATA WITH ID #267',8,1495003694,8,1495003694),(7920,'SUCCESS','boas_criteria','UPDATING DATA ID #458',8,1495003694,8,1495003694),(7921,'SUCCESS','bo_assessment_aspect','INSERTING NEW DATA WITH ID #66',8,1495004018,8,1495004018),(7922,'SUCCESS','boas_criteria','INSERTING NEW DATA WITH ID #459',8,1495004018,8,1495004018),(7923,'SUCCESS','bo_assessment','INSERTING NEW DATA WITH ID #535',8,1495004018,8,1495004018),(7924,'SUCCESS','boas_criteria','INSERTING NEW DATA WITH ID #460',8,1495004018,8,1495004018),(7925,'SUCCESS','bo_assessment','INSERTING NEW DATA WITH ID #536',8,1495004018,8,1495004018),(7926,'SUCCESS','boas_criteria','INSERTING NEW DATA WITH ID #461',8,1495004018,8,1495004018),(7927,'SUCCESS','bo_assessment','INSERTING NEW DATA WITH ID #537',8,1495004018,8,1495004018),(7928,'SUCCESS','boas_criteria','INSERTING NEW DATA WITH ID #462',8,1495004018,8,1495004018),(7929,'SUCCESS','bo_assessment','INSERTING NEW DATA WITH ID #538',8,1495004018,8,1495004018),(7930,'SUCCESS','boas_criteria','INSERTING NEW DATA WITH ID #463',8,1495004018,8,1495004018),(7931,'SUCCESS','bo_assessment','INSERTING NEW DATA WITH ID #539',8,1495004018,8,1495004018),(7932,'SUCCESS','boas_criteria','INSERTING NEW DATA WITH ID #464',8,1495004018,8,1495004018),(7933,'SUCCESS','bo_assessment','INSERTING NEW DATA WITH ID #540',8,1495004018,8,1495004018),(7934,'SUCCESS','boas_criteria','INSERTING NEW DATA WITH ID #465',8,1495004018,8,1495004018),(7935,'SUCCESS','bo_assessment','INSERTING NEW DATA WITH ID #541',8,1495004018,8,1495004018),(7936,'SUCCESS','boas_criteria','INSERTING NEW DATA WITH ID #466',8,1495004018,8,1495004018),(7937,'SUCCESS','bo_assessment','INSERTING NEW DATA WITH ID #542',8,1495004018,8,1495004018),(7938,'SUCCESS','boas_criteria','INSERTING NEW DATA WITH ID #467',8,1495004018,8,1495004018),(7939,'SUCCESS','bo_assessment','INSERTING NEW DATA WITH ID #543',8,1495004018,8,1495004018),(7940,'SUCCESS','boas_criteria','INSERTING NEW DATA WITH ID #468',8,1495004018,8,1495004018),(7941,'SUCCESS','bo_assessment','INSERTING NEW DATA WITH ID #544',8,1495004018,8,1495004018),(7942,'SUCCESS','boas_criteria','INSERTING NEW DATA WITH ID #469',8,1495004018,8,1495004018),(7943,'SUCCESS','bo_assessment','INSERTING NEW DATA WITH ID #545',8,1495004018,8,1495004018),(7944,'SUCCESS','boas_criteria','INSERTING NEW DATA WITH ID #470',8,1495004018,8,1495004018),(7945,'SUCCESS','bo_assessment','INSERTING NEW DATA WITH ID #546',8,1495004018,8,1495004018),(7946,'SUCCESS','boas_criteria','INSERTING NEW DATA WITH ID #471',8,1495004018,8,1495004018),(7947,'SUCCESS','bo_assessment','INSERTING NEW DATA WITH ID #547',8,1495004018,8,1495004018),(7948,'SUCCESS','boas_criteria','INSERTING NEW DATA WITH ID #472',8,1495004018,8,1495004018),(7949,'SUCCESS','bo_assessment','INSERTING NEW DATA WITH ID #548',8,1495004018,8,1495004018),(7950,'SUCCESS','boas_criteria','INSERTING NEW DATA WITH ID #473',8,1495004018,8,1495004018),(7951,'SUCCESS','bo_assessment','INSERTING NEW DATA WITH ID #549',8,1495004018,8,1495004018),(7952,'SUCCESS','boas_criteria','INSERTING NEW DATA WITH ID #474',8,1495004018,8,1495004018),(7953,'SUCCESS','bo_assessment','INSERTING NEW DATA WITH ID #550',8,1495004018,8,1495004018),(7954,'SUCCESS','boas_criteria','INSERTING NEW DATA WITH ID #475',8,1495004018,8,1495004018),(7955,'SUCCESS','bo_assessment','INSERTING NEW DATA WITH ID #551',8,1495004018,8,1495004018),(7956,'SUCCESS','boas_criteria','INSERTING NEW DATA WITH ID #476',8,1495004018,8,1495004018),(7957,'SUCCESS','bo_assessment','INSERTING NEW DATA WITH ID #552',8,1495004018,8,1495004018),(7958,'SUCCESS','boas_criteria','INSERTING NEW DATA WITH ID #477',8,1495004018,8,1495004018),(7959,'SUCCESS','bo_assessment','INSERTING NEW DATA WITH ID #553',8,1495004018,8,1495004018),(7960,'SUCCESS','boas_criteria','INSERTING NEW DATA WITH ID #478',8,1495004018,8,1495004018),(7961,'SUCCESS','bo_assessment','INSERTING NEW DATA WITH ID #554',8,1495004018,8,1495004018),(7962,'SUCCESS','boas_criteria','INSERTING NEW DATA WITH ID #479',8,1495004018,8,1495004018),(7963,'SUCCESS','bo_assessment','INSERTING NEW DATA WITH ID #555',8,1495004018,8,1495004018),(7964,'SUCCESS','boas_criteria','INSERTING NEW DATA WITH ID #480',8,1495004018,8,1495004018),(7965,'SUCCESS','bo_assessment','INSERTING NEW DATA WITH ID #556',8,1495004018,8,1495004018),(7966,'SUCCESS','boas_criteria','INSERTING NEW DATA WITH ID #481',8,1495004018,8,1495004018),(7967,'SUCCESS','bo_assessment','INSERTING NEW DATA WITH ID #557',8,1495004018,8,1495004018),(7968,'SUCCESS','boas_criteria','INSERTING NEW DATA WITH ID #482',8,1495004018,8,1495004018),(7969,'SUCCESS','bo_assessment','INSERTING NEW DATA WITH ID #558',8,1495004018,8,1495004018),(7970,'SUCCESS','bo_assessment_aspect','INSERTING NEW DATA WITH ID #67',8,1495004086,8,1495004086),(7971,'SUCCESS','boas_criteria','INSERTING NEW DATA WITH ID #483',8,1495004086,8,1495004086),(7972,'SUCCESS','bo_assessment','INSERTING NEW DATA WITH ID #559',8,1495004086,8,1495004086),(7973,'SUCCESS','boas_criteria','INSERTING NEW DATA WITH ID #484',8,1495004086,8,1495004086),(7974,'SUCCESS','bo_assessment','INSERTING NEW DATA WITH ID #560',8,1495004086,8,1495004086),(7975,'SUCCESS','boas_criteria','INSERTING NEW DATA WITH ID #485',8,1495004086,8,1495004086),(7976,'SUCCESS','bo_assessment','INSERTING NEW DATA WITH ID #561',8,1495004087,8,1495004087),(7977,'SUCCESS','boas_criteria','INSERTING NEW DATA WITH ID #486',8,1495004087,8,1495004087),(7978,'SUCCESS','bo_assessment','INSERTING NEW DATA WITH ID #562',8,1495004087,8,1495004087),(7979,'SUCCESS','boas_criteria','INSERTING NEW DATA WITH ID #487',8,1495004087,8,1495004087),(7980,'SUCCESS','bo_assessment','INSERTING NEW DATA WITH ID #563',8,1495004087,8,1495004087),(7981,'SUCCESS','boas_criteria','INSERTING NEW DATA WITH ID #488',8,1495004087,8,1495004087),(7982,'SUCCESS','bo_assessment','INSERTING NEW DATA WITH ID #564',8,1495004087,8,1495004087),(7983,'SUCCESS','boas_criteria','INSERTING NEW DATA WITH ID #489',8,1495004087,8,1495004087),(7984,'SUCCESS','bo_assessment','INSERTING NEW DATA WITH ID #565',8,1495004087,8,1495004087),(7985,'SUCCESS','bo_assessment_aspect','INSERTING NEW DATA WITH ID #68',8,1495004181,8,1495004181),(7986,'SUCCESS','boas_criteria','INSERTING NEW DATA WITH ID #490',8,1495004181,8,1495004181),(7987,'SUCCESS','bo_assessment','INSERTING NEW DATA WITH ID #566',8,1495004181,8,1495004181),(7988,'SUCCESS','boas_criteria','INSERTING NEW DATA WITH ID #491',8,1495004181,8,1495004181),(7989,'SUCCESS','bo_assessment','INSERTING NEW DATA WITH ID #567',8,1495004181,8,1495004181),(7990,'SUCCESS','boas_criteria','INSERTING NEW DATA WITH ID #492',8,1495004181,8,1495004181),(7991,'SUCCESS','bo_assessment','INSERTING NEW DATA WITH ID #568',8,1495004181,8,1495004181),(7992,'SUCCESS','boas_criteria','INSERTING NEW DATA WITH ID #493',8,1495004181,8,1495004181),(7993,'SUCCESS','bo_assessment','INSERTING NEW DATA WITH ID #569',8,1495004181,8,1495004181),(7994,'SUCCESS','boas_criteria','INSERTING NEW DATA WITH ID #494',8,1495004181,8,1495004181),(7995,'SUCCESS','bo_assessment','INSERTING NEW DATA WITH ID #570',8,1495004181,8,1495004181),(7996,'SUCCESS','boas_criteria','INSERTING NEW DATA WITH ID #495',8,1495004181,8,1495004181),(7997,'SUCCESS','bo_assessment','INSERTING NEW DATA WITH ID #571',8,1495004181,8,1495004181),(7998,'SUCCESS','boas_criteria','INSERTING NEW DATA WITH ID #496',8,1495004181,8,1495004181),(7999,'SUCCESS','bo_assessment','INSERTING NEW DATA WITH ID #572',8,1495004181,8,1495004181),(8000,'SUCCESS','boas_criteria','INSERTING NEW DATA WITH ID #497',8,1495004181,8,1495004181),(8001,'SUCCESS','bo_assessment','INSERTING NEW DATA WITH ID #573',8,1495004181,8,1495004181),(8002,'SUCCESS','boas_criteria','INSERTING NEW DATA WITH ID #498',8,1495004181,8,1495004181),(8003,'SUCCESS','bo_assessment','INSERTING NEW DATA WITH ID #574',8,1495004181,8,1495004181),(8004,'SUCCESS','boas_criteria','INSERTING NEW DATA WITH ID #499',8,1495004181,8,1495004181),(8005,'SUCCESS','bo_assessment','INSERTING NEW DATA WITH ID #575',8,1495004181,8,1495004181),(8006,'SUCCESS','boas_criteria','INSERTING NEW DATA WITH ID #500',8,1495004181,8,1495004181),(8007,'SUCCESS','bo_assessment','INSERTING NEW DATA WITH ID #576',8,1495004181,8,1495004181),(8008,'SUCCESS','boas_criteria','INSERTING NEW DATA WITH ID #501',8,1495004181,8,1495004181),(8009,'SUCCESS','bo_assessment','INSERTING NEW DATA WITH ID #577',8,1495004181,8,1495004181),(8010,'SUCCESS','boas_criteria','INSERTING NEW DATA WITH ID #502',8,1495004181,8,1495004181),(8011,'SUCCESS','bo_assessment','INSERTING NEW DATA WITH ID #578',8,1495004181,8,1495004181),(8012,'SUCCESS','boas_criteria','INSERTING NEW DATA WITH ID #503',8,1495004181,8,1495004181),(8013,'SUCCESS','bo_assessment','INSERTING NEW DATA WITH ID #579',8,1495004181,8,1495004181),(8014,'SUCCESS','bo_assessment_aspect','INSERTING NEW DATA WITH ID #69',8,1495004239,8,1495004239),(8015,'SUCCESS','boas_criteria','INSERTING NEW DATA WITH ID #504',8,1495004239,8,1495004239),(8016,'SUCCESS','bo_assessment','INSERTING NEW DATA WITH ID #580',8,1495004239,8,1495004239),(8017,'SUCCESS','boas_criteria','INSERTING NEW DATA WITH ID #505',8,1495004239,8,1495004239),(8018,'SUCCESS','bo_assessment','INSERTING NEW DATA WITH ID #581',8,1495004239,8,1495004239),(8019,'SUCCESS','boas_criteria','INSERTING NEW DATA WITH ID #506',8,1495004239,8,1495004239),(8020,'SUCCESS','bo_assessment','INSERTING NEW DATA WITH ID #582',8,1495004239,8,1495004239),(8021,'SUCCESS','boas_criteria','INSERTING NEW DATA WITH ID #507',8,1495004239,8,1495004239),(8022,'SUCCESS','bo_assessment','INSERTING NEW DATA WITH ID #583',8,1495004239,8,1495004239),(8023,'SUCCESS','boas_criteria','INSERTING NEW DATA WITH ID #508',8,1495004239,8,1495004239),(8024,'SUCCESS','bo_assessment','INSERTING NEW DATA WITH ID #584',8,1495004239,8,1495004239),(8025,'SUCCESS','boas_criteria','INSERTING NEW DATA WITH ID #509',8,1495004239,8,1495004239),(8026,'SUCCESS','bo_assessment','INSERTING NEW DATA WITH ID #585',8,1495004239,8,1495004239),(8027,'SUCCESS','boas_criteria','INSERTING NEW DATA WITH ID #510',8,1495004240,8,1495004240),(8028,'SUCCESS','bo_assessment','INSERTING NEW DATA WITH ID #586',8,1495004240,8,1495004240),(8029,'SUCCESS','boas_criteria','INSERTING NEW DATA WITH ID #511',8,1495004240,8,1495004240),(8030,'SUCCESS','bo_assessment','INSERTING NEW DATA WITH ID #587',8,1495004240,8,1495004240),(8031,'SUCCESS','bo_assessment_aspect','INSERTING NEW DATA WITH ID #70',8,1495004277,8,1495004277),(8032,'SUCCESS','boas_criteria','INSERTING NEW DATA WITH ID #512',8,1495004277,8,1495004277),(8033,'SUCCESS','bo_assessment','INSERTING NEW DATA WITH ID #588',8,1495004277,8,1495004277),(8034,'SUCCESS','boas_criteria','INSERTING NEW DATA WITH ID #513',8,1495004277,8,1495004277),(8035,'SUCCESS','bo_assessment','INSERTING NEW DATA WITH ID #589',8,1495004277,8,1495004277),(8036,'SUCCESS','boas_criteria','INSERTING NEW DATA WITH ID #514',8,1495004277,8,1495004277),(8037,'SUCCESS','bo_assessment','INSERTING NEW DATA WITH ID #590',8,1495004277,8,1495004277),(8038,'SUCCESS','sector','DELETING DATA ID #3',8,1495616049,8,1495616049),(8039,'SUCCESS','sector','DELETING DATA ID #1',8,1495616093,8,1495616093),(8040,'SUCCESS','sector','INSERTING NEW DATA WITH ID #11',8,1495616146,8,1495616146),(8041,'SUCCESS','sector','INSERTING NEW DATA WITH ID #12',8,1495616156,8,1495616156),(8042,'SUCCESS','sector','INSERTING NEW DATA WITH ID #13',8,1495616163,8,1495616163),(8043,'SUCCESS','power_plant','INSERTING NEW DATA WITH ID #6',8,1495616509,8,1495616509),(8044,'SUCCESS','power_plant','INSERTING NEW DATA WITH ID #7',8,1495616543,8,1495616543),(8045,'SUCCESS','power_plant','INSERTING NEW DATA WITH ID #8',8,1495616554,8,1495616554),(8046,'SUCCESS','power_plant','INSERTING NEW DATA WITH ID #9',8,1495616599,8,1495616599),(8047,'SUCCESS','power_plant','INSERTING NEW DATA WITH ID #10',8,1495616608,8,1495616608),(8048,'SUCCESS','power_plant','INSERTING NEW DATA WITH ID #11',8,1495616617,8,1495616617),(8049,'SUCCESS','power_plant','INSERTING NEW DATA WITH ID #12',8,1495616628,8,1495616628),(8050,'SUCCESS','power_plant','UPDATING DATA ID #4',8,1495616676,8,1495616676),(8051,'SUCCESS','log_dirty','INSERTING NEW DATA WITH ID #268',8,1495616676,8,1495616676),(8052,'SUCCESS','power_plant','INSERTING NEW DATA WITH ID #13',8,1495616705,8,1495616705),(8053,'SUCCESS','power_plant','INSERTING NEW DATA WITH ID #14',8,1495616713,8,1495616713),(8054,'SUCCESS','power_plant','INSERTING NEW DATA WITH ID #15',8,1495616725,8,1495616725),(8055,'SUCCESS','power_plant','INSERTING NEW DATA WITH ID #16',8,1495616734,8,1495616734),(8056,'SUCCESS','power_plant','INSERTING NEW DATA WITH ID #17',8,1495616754,8,1495616754),(8057,'SUCCESS','power_plant','INSERTING NEW DATA WITH ID #18',8,1495616764,8,1495616764),(8058,'SUCCESS','power_plant','UPDATING DATA ID #1',8,1495616793,8,1495616793),(8059,'SUCCESS','log_dirty','INSERTING NEW DATA WITH ID #269',8,1495616793,8,1495616793),(8060,'SUCCESS','power_plant','UPDATING DATA ID #2',8,1495616811,8,1495616811),(8061,'SUCCESS','log_dirty','INSERTING NEW DATA WITH ID #270',8,1495616811,8,1495616811),(8062,'SUCCESS','power_plant','UPDATING DATA ID #3',8,1495616832,8,1495616832),(8063,'SUCCESS','log_dirty','INSERTING NEW DATA WITH ID #271',8,1495616832,8,1495616832),(8064,'SUCCESS','power_plant','INSERTING NEW DATA WITH ID #19',8,1495616874,8,1495616874),(8065,'SUCCESS','power_plant','INSERTING NEW DATA WITH ID #20',8,1495616883,8,1495616883),(8066,'SUCCESS','power_plant','INSERTING NEW DATA WITH ID #21',8,1495616893,8,1495616893),(8067,'SUCCESS','power_plant','INSERTING NEW DATA WITH ID #22',8,1495616904,8,1495616904),(8068,'SUCCESS','power_plant','INSERTING NEW DATA WITH ID #23',8,1495616912,8,1495616912),(8069,'SUCCESS','power_plant','INSERTING NEW DATA WITH ID #24',8,1495616921,8,1495616921),(8070,'SUCCESS','power_plant','INSERTING NEW DATA WITH ID #25',8,1495616930,8,1495616930),(8071,'SUCCESS','power_plant','INSERTING NEW DATA WITH ID #26',8,1495616993,8,1495616993),(8072,'SUCCESS','power_plant','INSERTING NEW DATA WITH ID #27',8,1495617002,8,1495617002),(8073,'SUCCESS','power_plant','INSERTING NEW DATA WITH ID #28',8,1495617012,8,1495617012),(8074,'SUCCESS','power_plant','INSERTING NEW DATA WITH ID #29',8,1495617021,8,1495617021),(8075,'SUCCESS','power_plant','UPDATING DATA ID #5',8,1495617078,8,1495617078),(8076,'SUCCESS','log_dirty','INSERTING NEW DATA WITH ID #272',8,1495617078,8,1495617078),(8077,'SUCCESS','power_plant','INSERTING NEW DATA WITH ID #30',8,1495617090,8,1495617090),(8078,'SUCCESS','power_plant','INSERTING NEW DATA WITH ID #31',8,1495617100,8,1495617100);

/*Table structure for table `log_dirty` */

DROP TABLE IF EXISTS `log_dirty`;

CREATE TABLE `log_dirty` (
  `id` int(11) NOT NULL AUTO_INCREMENT,
  `data_id` int(11) NOT NULL,
  `controller` varchar(150) NOT NULL,
  `model` varchar(150) NOT NULL,
  `label` varchar(255) NOT NULL,
  `original_value` varchar(255) NOT NULL,
  `changed_value` varchar(255) NOT NULL,
  `created_by` smallint(5) unsigned NOT NULL,
  `created_at` int(11) NOT NULL,
  `updated_by` smallint(5) unsigned NOT NULL,
  `updated_at` int(11) NOT NULL,
  PRIMARY KEY (`id`)
) ENGINE=InnoDB AUTO_INCREMENT=273 DEFAULT CHARSET=latin1;

/*Data for the table `log_dirty` */

insert  into `log_dirty`(`id`,`data_id`,`controller`,`model`,`label`,`original_value`,`changed_value`,`created_by`,`created_at`,`updated_by`,`updated_at`) values (1,1,'sector','Sector','Nama','Pekanbaru','Pekanbaru1',8,1479442515,8,1479442515),(2,1,'sector','Sector','Nama','Pekanbaru1','Pekanbaru',8,1479442528,8,1479442528),(3,1,'power-plant','PowerPlant','Sektor','4','8',8,1479444562,8,1479444562),(4,1,'power-plant','PowerPlant','Sektor','8','4',8,1479444587,8,1479444587),(5,1,'user-profile','Employee','Alamat','Lorong Jengkol. Talang Banjar.','Lorong Jengkol. Talang Banjar. Edit',8,1480133279,8,1480133279),(6,1,'user-profile','Employee','Alamat','Lorong Jengkol. Talang Banjar. Edit','Lorong Jengkol. Talang Banjar.',8,1480133297,8,1480133297),(7,6,'user-profile','Employee','Nama','Joko Test','Joko Test Edit',12,1480133428,12,1480133428),(8,6,'user-profile','Employee','Nama','Joko Test Edit','Joko Test',12,1480133435,12,1480133435),(9,1,'roadmap-k3l','RoadmapK3l','Pembangkit Listrik','2','1',8,1483676974,8,1483676974),(11,1,'roadmap-k3l','RoadmapK3l','Pembangkit Listrik','1','3',8,1483694441,8,1483694441),(12,1,'roadmap-k3l','RoadmapK3lTarget','Nilai','50%','51%',8,1483694734,8,1483694734),(13,2,'roadmap-k3l','RoadmapK3lTarget','Nilai','100%','99%',8,1483694734,8,1483694734),(14,1,'roadmap-k3l','RoadmapK3l','Pembangkit Listrik','3','2',8,1483694887,8,1483694887),(18,1,'working-plan','WorkingPlanDetail','R / NR','NR','R',8,1485315493,8,1485315493),(19,4,'smk3-title','Smk3Title','Judul SMK3','awda','awdas',8,1486400612,8,1486400612),(20,5,'smk3-title','Smk3Title','Judul SMK3','Judul','Pembangunan dan Pemeliharaan Komitmen',8,1486401422,8,1486401422),(21,3,'smk3-title','Smk3Subtitle','Sub-Judul SMK3','awda','Kebijakan',8,1486401422,8,1486401422),(22,4,'smk3-title','Smk3Criteria','Kriteria','awda','Terdapat kebijakan K3 yang tertulis, bertanggal, ditandatangan oleh pengusaha atau pengurus secara jelas menyatakan tujuan dan sasaran K3 serta komitmen terhadap peningkatan K3',8,1486401422,8,1486401422),(23,5,'smk3-title','Smk3Criteria','Kriteria','aawdawd','Kebijakan disusun oleh pengusaha dan atau pengurus setelah melalui proses konsultasi dengan wakil tenaga kerja.',8,1486402988,8,1486402988),(24,6,'smk3-title','Smk3Criteria','Kriteria','adwadadawda','Perusahaan mengkomunikasikan kebijakan K3\r\nkepada seluruh tenaga kerja, tamu, kontraktor, pelanggan dan pemasok dengan tata cara yang tepat.',8,1486402988,8,1486402988),(25,4,'smk3-title','Smk3Subtitle','Sub-Judul SMK3','adwwadasd','Tanggung Jawab & Wewenang untuk Bertindak',8,1486402988,8,1486402988),(26,7,'smk3-title','Smk3Criteria','Kriteria','asdsadwad','Tanggung jawab dan wewenang untuk mengambil tindakan dan melaporkan kepada semua pihak yang terkait dalam perusahaan di bidang K3 yang telah ditetapkan, diinformasikan dan didokumentasikan.',8,1486402988,8,1486402988),(27,8,'smk3-title','Smk3Criteria','Kriteria','asdasd','Penunjukan penanggung jawab K3 harus sesuai peraturan perundang-undangan.',8,1486402988,8,1486402988),(28,13,'smk3-title','Smk3Criteria','Kriteria','Kebijakan khusus dibuat untuk masalah K3 yang bersifat khusus.','Pimpinan unit kerja dalam suatu perusahaan bertanggung jawab atas kinerja K3 pada unit kerjanya.',8,1486409906,8,1486409906),(29,14,'smk3-title','Smk3Criteria','Kriteria','Kebijakan K3 dan kebijakan khusus lainnya ditinjau ulang secara berkala untuk menjamin bahwa kebijakan tersebut sesuai dengan perubahan yang terjadi dalam perusahaan dan dalam peraturan per undang-undangan','Pengusaha atau pengurus bertanggung jawab secara penuh untuk menjamin pelaksanaan SMK3.',8,1486409906,8,1486409906),(30,5,'smk3-title','Smk3Subtitle','Sub-Judul SMK3','asdadasd','Tinjauan dan Evaluasi',8,1486409906,8,1486409906),(31,9,'smk3-title','Smk3Criteria','Kriteria','azcxzczxvzxv','Tinjauan terhadap penerapan SMK3 meliputi kebijakan, perencanaan, pelaksanaan, pemantauan\r\ndan evaluasi telah dilakukan, dicatat dan\r\ndidokumentasikan.',8,1486409906,8,1486409906),(32,10,'smk3-title','Smk3Criteria','Kriteria','zxvxzv','Hasil tinjauan ulang dimasukkan dalam perencanaan tindakan manajemen.',8,1486409906,8,1486409906),(33,11,'smk3-title','Smk3Criteria','Kriteria','zxvzxv','Keterlibatan tenaga kerja dan penjadwalan konsultasi tenaga kerja dengan wakil perusahaan didokumentasikan dan disebarluaskan ke seluruh tenaga kerja.',8,1486409906,8,1486409906),(34,12,'smk3-title','Smk3Criteria','Kriteria','zxvxzvzx','Pengurus harus meninjau ulang pelaksanaan SMK3 secara berkala untuk menilai kesesuaian dan efektivitas SMK3.',8,1486409906,8,1486409906),(35,169,'smk3','Smk3Detail','Jawaban','0','1',8,1486545273,8,1486545273),(36,170,'smk3','Smk3Detail','Jawaban','0','1',8,1486545273,8,1486545273),(37,171,'smk3','Smk3Detail','Jawaban','0','1',8,1486545273,8,1486545273),(38,172,'smk3','Smk3Detail','Jawaban','0','1',8,1486545273,8,1486545273),(39,189,'smk3','Smk3Detail','Jawaban','0','1',8,1486545296,8,1486545296),(40,190,'smk3','Smk3Detail','Jawaban','0','1',8,1486551854,8,1486551854),(41,4,'smk3-title','Smk3Criteria','Kriteria','Terdapat kebijakan K3 yang tertulis, bertanggal, ditandatangan oleh pengusaha atau pengurus secara jelas menyatakan tujuan dan sasaran K3 serta komitmen terhadap peningkatan K3','<strong></strong><p>Terdapat kebijakan K3 yang tertulis, bertanggal, ditandatangan oleh pengusaha atau pengurus secara jelas menyatakan tujuan dan sasaran K3 serta komitmen terhadap peningkatan </p>',8,1486564003,8,1486564003),(42,5,'smk3-title','Smk3Criteria','Kriteria','Kebijakan disusun oleh pengusaha dan atau pengurus setelah melalui proses konsultasi dengan wakil tenaga kerja.','<p>Kebijakan disusun oleh pengusaha dan atau pengurus setelah melalui proses konsultasi dengan wakil tenaga kerja.</p>',8,1486564003,8,1486564003),(43,6,'smk3-title','Smk3Criteria','Kriteria','Perusahaan mengkomunikasikan kebijakan K3\r\nkepada seluruh tenaga kerja, tamu, kontraktor, pelanggan dan pemasok dengan tata cara yang tepat.','<p>Perusahaan mengkomunikasikan kebijakan K3</p><p>kepada seluruh tenaga kerja, tamu, kontraktor, pelanggan dan pemasok dengan tata cara yang tepat.</p>',8,1486564003,8,1486564003),(44,20,'smk3-title','Smk3Criteria','Kriteria','awd','<p>awd</p>',8,1486564003,8,1486564003),(45,7,'smk3-title','Smk3Criteria','Kriteria','Tanggung jawab dan wewenang untuk mengambil tindakan dan melaporkan kepada semua pihak yang terkait dalam perusahaan di bidang K3 yang telah ditetapkan, diinformasikan dan didokumentasikan.','<p>Tanggung jawab dan wewenang untuk mengambil tindakan dan melaporkan kepada semua pihak yang terkait dalam perusahaan di bidang K3 yang telah ditetapkan, diinformasikan dan didokumentasikan.</p>',8,1486564003,8,1486564003),(46,8,'smk3-title','Smk3Criteria','Kriteria','Penunjukan penanggung jawab K3 harus sesuai peraturan perundang-undangan.','<p>Penunjukan penanggung jawab K3 harus sesuai peraturan perundang-undangan.</p>',8,1486564003,8,1486564003),(47,13,'smk3-title','Smk3Criteria','Kriteria','Pimpinan unit kerja dalam suatu perusahaan bertanggung jawab atas kinerja K3 pada unit kerjanya.','<p>Pimpinan unit kerja dalam suatu perusahaan bertanggung jawab atas kinerja K3 pada unit kerjanya.</p>',8,1486564003,8,1486564003),(48,14,'smk3-title','Smk3Criteria','Kriteria','Pengusaha atau pengurus bertanggung jawab secara penuh untuk menjamin pelaksanaan SMK3.','<p>Pengusaha atau pengurus bertanggung jawab secara penuh untuk menjamin pelaksanaan SMK3.</p>',8,1486564004,8,1486564004),(49,15,'smk3-title','Smk3Criteria','Kriteria','Kebijakan khusus dibuat untuk masalah K3 yang bersifat khusus.','<p>Kebijakan khusus dibuat untuk masalah K3 yang bersifat khusus.</p>',8,1486564004,8,1486564004),(50,16,'smk3-title','Smk3Criteria','Kriteria','Kebijakan K3 dan kebijakan khusus lainnya ditinjau ulang secara berkala untuk menjamin bahwa kebijakan tersebut sesuai dengan perubahan yang terjadi dalam perusahaan dan dalam peraturan per undang-undangan','<p>Kebijakan K3 dan kebijakan khusus lainnya ditinjau ulang secara berkala untuk menjamin bahwa kebijakan tersebut sesuai dengan perubahan yang terjadi dalam perusahaan dan dalam peraturan per undang-undangan</p>',8,1486564004,8,1486564004),(51,9,'smk3-title','Smk3Criteria','Kriteria','Tinjauan terhadap penerapan SMK3 meliputi kebijakan, perencanaan, pelaksanaan, pemantauan\r\ndan evaluasi telah dilakukan, dicatat dan\r\ndidokumentasikan.','<p>Tinjauan terhadap penerapan SMK3 meliputi kebijakan, perencanaan, pelaksanaan, pemantauan</p><p>dan evaluasi telah dilakukan, dicatat dan</p><p>didokumentasikan.</p>',8,1486564004,8,1486564004),(52,10,'smk3-title','Smk3Criteria','Kriteria','Hasil tinjauan ulang dimasukkan dalam perencanaan tindakan manajemen.','<p>Hasil tinjauan ulang dimasukkan dalam perencanaan tindakan manajemen.</p>',8,1486564004,8,1486564004),(53,11,'smk3-title','Smk3Criteria','Kriteria','Keterlibatan tenaga kerja dan penjadwalan konsultasi tenaga kerja dengan wakil perusahaan didokumentasikan dan disebarluaskan ke seluruh tenaga kerja.','<p>Keterlibatan tenaga kerja dan penjadwalan konsultasi tenaga kerja dengan wakil perusahaan didokumentasikan dan disebarluaskan ke seluruh tenaga kerja.</p>',8,1486564004,8,1486564004),(54,12,'smk3-title','Smk3Criteria','Kriteria','Pengurus harus meninjau ulang pelaksanaan SMK3 secara berkala untuk menilai kesesuaian dan efektivitas SMK3.','<p>Pengurus harus meninjau ulang pelaksanaan SMK3 secara berkala untuk menilai kesesuaian dan efektivitas SMK3.</p>',8,1486564004,8,1486564004),(55,17,'smk3-title','Smk3Criteria','Kriteria','Petugas yang bertanggung jawab untuk menangani keadaan darurat telah ditetapkan dan mendapatkan pelatihan.','<p>Petugas yang bertanggung jawab untuk menangani keadaan darurat telah ditetapkan dan mendapatkan pelatihan.</p>',8,1486564004,8,1486564004),(56,18,'smk3-title','Smk3Criteria','Kriteria','Perusahaan mendapatkan saran-saran dari para ahli di bidang K3 yang berasal dari dalam dan/atau luar perusahaan.','<p>Perusahaan mendapatkan saran-saran dari para ahli di bidang K3 yang berasal dari dalam dan/atau luar perusahaan.</p>',8,1486564004,8,1486564004),(57,19,'smk3-title','Smk3Criteria','Kriteria','Kinerja K3 termuat dalam laporan tahunan perusahaan atau laporan lain yang setingkat.','<strong></strong><p>Kinerja K3 termuat dalam laporan tahunan perusahaan atau laporan lain yang setingkat.<strong>asdasdawd</strong></p>',8,1486564004,8,1486564004),(58,21,'smk3-title','Smk3Criteria','Kriteria','test','testatat',8,1486564491,8,1486564491),(63,22,'smk3-title','Smk3Criteria','Kriteria','test','testaadasdaw',8,1486565232,8,1486565232),(64,5,'smk3','Smk3','Triwulan','6','IV',8,1486636814,8,1486636814),(65,6,'smk3','Smk3','Triwulan','1','V',8,1486636827,8,1486636827),(66,10,'environment-permit','EnvironmentPermitDetail','Tanggal','2017-02-01','2017-02-21',8,1486840181,8,1486840181),(67,1,'environment-permit','EnvironmentPermitDetail','Batasan Kapasitas','123123','12312332',8,1487061634,8,1487061634),(68,1,'ppu-emission-source','PpuEmissionSource','Lokasi','PLTU TARAHAN','PLTU TARAHAN 2',8,1487419278,8,1487419278),(69,1,'ppu-emission-source','PpuEmissionSource','Waktu Operasi (Jam/Tahun)','999.99','4884.98',8,1487430511,8,1487430511),(70,1,'ppu-compulsory-monitored-emission-source','PpucmesMonth','Ppucmesm Operation Time','5153.00','5153.500',8,1487560583,8,1487560583),(71,2,'ppu-compulsory-monitored-emission-source','PpuCompulsoryMonitoredEmissionSource','Nama Sumber Emisi','awdad','Boiler Unit 3',8,1487586573,8,1487586573),(72,2,'ppu-compulsory-monitored-emission-source','PpuCompulsoryMonitoredEmissionSource','Kode Cerobong','adwd','CEROBONG 3',8,1487586573,8,1487586573),(73,2,'ppu-compulsory-monitored-emission-source','PpuCompulsoryMonitoredEmissionSource','Waktu Operasi (Jam/Tahun)','1231.00','4884.98',8,1487586573,8,1487586573),(74,1,'ppu-compulsory-monitored-emission-source','PpucmesMonth','Waktu Operasi','5153.50','729.283',8,1487586573,8,1487586573),(75,2,'ppu-compulsory-monitored-emission-source','PpucmesMonth','Waktu Operasi','13.00','644.033',8,1487586573,8,1487586573),(76,3,'ppu-compulsory-monitored-emission-source','PpucmesMonth','Waktu Operasi','135.00','720',8,1487586573,8,1487586573),(77,4,'ppu-compulsory-monitored-emission-source','PpucmesMonth','Waktu Operasi','13.00','645.25',8,1487586573,8,1487586573),(78,5,'ppu-compulsory-monitored-emission-source','PpucmesMonth','Waktu Operasi','135.00','521.55',8,1487586573,8,1487586573),(79,6,'ppu-compulsory-monitored-emission-source','PpucmesMonth','Waktu Operasi','135.00','453.03333',8,1487586573,8,1487586573),(80,7,'ppu-compulsory-monitored-emission-source','PpucmesMonth','Waktu Operasi','135.00','744.000',8,1487586573,8,1487586573),(81,8,'ppu-compulsory-monitored-emission-source','PpucmesMonth','Waktu Operasi','135.00','193.3333333',8,1487586573,8,1487586573),(82,9,'ppu-compulsory-monitored-emission-source','PpucmesMonth','Waktu Operasi','135.00','234.5',8,1487586573,8,1487586573),(83,10,'ppu-compulsory-monitored-emission-source','PpucmesMonth','Waktu Operasi','153.00','1',8,1487586573,8,1487586573),(84,11,'ppu-compulsory-monitored-emission-source','PpucmesMonth','Waktu Operasi','13.00','1',8,1487586573,8,1487586573),(85,12,'ppu-compulsory-monitored-emission-source','PpucmesMonth','Waktu Operasi','531.00','1',8,1487586573,8,1487586573),(86,2,'ppu-compulsory-monitored-emission-source','PpuCompulsoryMonitoredEmissionSource','Frekuensi Kewajiban Pemantauan','FMOC1','PAFMOC1',8,1487677825,8,1487677825),(87,1,'ppu-parameter-obligation','PpuParameterObligation','Baku Mutu','850.00','8500',8,1487746257,8,1487746257),(88,1,'ppu-parameter-obligation','PpuParameterObligation','Baku Mutu','999.99','850',8,1487746279,8,1487746279),(89,1,'ppu-emission-load-grk','PpuEmissionLoadGrkCalc','Pemakaian Batubara','293.316','293.317',8,1487746462,8,1487746462),(90,1,'ppu-emission-load-grk','PpuEmissionLoadGrk','Parameter','CO2','CO23',8,1487746612,8,1487746612),(91,1,'ppu-emission-load-grk','PpuEmissionLoadGrkCalc','Pemakaian Batubara','293.317','293.316',8,1487748744,8,1487748744),(92,1,'ppu-emission-load-grk','PpuEmissionLoadGrk','Parameter','CO23','CO2',8,1487748758,8,1487748758),(93,1,'ppu-parameter-obligation','PpuParameterObligation','Baku Mutu','850.00','85',8,1487791045,8,1487791045),(94,1,'ppu-parameter-obligation','PpupoMonth','Nilai','113.00','113.74',8,1487791138,8,1487791138),(95,14,'ppu-parameter-obligation','PpupoMonth','Nilai','19.23','19.32',8,1487791173,8,1487791173),(96,2,'ppu-compulsory-monitored-emission-source','PpuCompulsoryMonitoredEmissionSource','Waktu Operasi (Jam/Tahun)','4884.98','4884.983333',8,1487791238,8,1487791238),(97,2,'ppu-emission-source','PpuEmissionSource','Nama Sumber Emisi','Boiler Unit 3','Boiler Unit 4',8,1487791794,8,1487791794),(98,1,'ppu','Ppu','Tahun','2014','2016',8,1487792049,8,1487792049),(99,2,'ppu-compulsory-monitored-emission-source','PpuCompulsoryMonitoredEmissionSource','Waktu Operasi (Jam/Tahun)','4884.980000','4884.983333',8,1487841876,8,1487841876),(100,1,'ppu-compulsory-monitored-emission-source','PpucmesMonth','Tahun','2013','2015',8,1487841877,8,1487841877),(101,2,'ppu-compulsory-monitored-emission-source','PpucmesMonth','Tahun','2013','2015',8,1487841877,8,1487841877),(102,3,'ppu-compulsory-monitored-emission-source','PpucmesMonth','Tahun','2013','2015',8,1487841877,8,1487841877),(103,4,'ppu-compulsory-monitored-emission-source','PpucmesMonth','Tahun','2013','2015',8,1487841877,8,1487841877),(104,5,'ppu-compulsory-monitored-emission-source','PpucmesMonth','Tahun','2013','2015',8,1487841877,8,1487841877),(105,6,'ppu-compulsory-monitored-emission-source','PpucmesMonth','Tahun','2013','2015',8,1487841877,8,1487841877),(106,7,'ppu-compulsory-monitored-emission-source','PpucmesMonth','Tahun','2014','2016',8,1487841877,8,1487841877),(107,8,'ppu-compulsory-monitored-emission-source','PpucmesMonth','Tahun','2014','2016',8,1487841877,8,1487841877),(108,9,'ppu-compulsory-monitored-emission-source','PpucmesMonth','Tahun','2014','2016',8,1487841877,8,1487841877),(109,10,'ppu-compulsory-monitored-emission-source','PpucmesMonth','Tahun','2014','2016',8,1487841877,8,1487841877),(110,11,'ppu-compulsory-monitored-emission-source','PpucmesMonth','Tahun','2014','2016',8,1487841877,8,1487841877),(111,12,'ppu-compulsory-monitored-emission-source','PpucmesMonth','Tahun','2014','2016',8,1487841877,8,1487841877),(112,3,'ppu-compulsory-monitored-emission-source','PpuCompulsoryMonitoredEmissionSource','Waktu Operasi (Jam/Tahun)','5413.000000','5412.996667',8,1487841902,8,1487841902),(113,13,'ppu-compulsory-monitored-emission-source','PpucmesMonth','Tahun','2013','2015',8,1487841902,8,1487841902),(114,14,'ppu-compulsory-monitored-emission-source','PpucmesMonth','Tahun','2013','2015',8,1487841902,8,1487841902),(115,15,'ppu-compulsory-monitored-emission-source','PpucmesMonth','Tahun','2013','2015',8,1487841902,8,1487841902),(116,16,'ppu-compulsory-monitored-emission-source','PpucmesMonth','Tahun','2013','2015',8,1487841902,8,1487841902),(117,17,'ppu-compulsory-monitored-emission-source','PpucmesMonth','Tahun','2013','2015',8,1487841902,8,1487841902),(118,18,'ppu-compulsory-monitored-emission-source','PpucmesMonth','Tahun','2013','2015',8,1487841902,8,1487841902),(119,19,'ppu-compulsory-monitored-emission-source','PpucmesMonth','Tahun','2014','2016',8,1487841902,8,1487841902),(120,20,'ppu-compulsory-monitored-emission-source','PpucmesMonth','Tahun','2014','2016',8,1487841902,8,1487841902),(121,21,'ppu-compulsory-monitored-emission-source','PpucmesMonth','Tahun','2014','2016',8,1487841902,8,1487841902),(122,22,'ppu-compulsory-monitored-emission-source','PpucmesMonth','Tahun','2014','2016',8,1487841903,8,1487841903),(123,23,'ppu-compulsory-monitored-emission-source','PpucmesMonth','Tahun','2014','2016',8,1487841903,8,1487841903),(124,24,'ppu-compulsory-monitored-emission-source','PpucmesMonth','Tahun','2014','2016',8,1487841903,8,1487841903),(125,86,'ppu-parameter-obligation','PpupoMonth','Nilai','178.70','178.75',8,1487842149,8,1487842149),(126,90,'ppu-parameter-obligation','PpupoMonth','Nilai','456.60','456.63',8,1487842150,8,1487842150),(127,93,'ppu-parameter-obligation','PpupoMonth','Nilai','542.39','542.59',8,1487842150,8,1487842150),(128,111,'ppu-parameter-obligation','PpupoMonth','Nilai','11.80','11.89',8,1487842240,8,1487842240),(129,113,'ppu-parameter-obligation','PpupoMonth','Nilai','69.70','69.71',8,1487842240,8,1487842240),(130,10,'ppu-parameter-obligation','PpuParameterObligation','Baku Mutu','850.00','750',8,1487842455,8,1487842455),(131,11,'ppu-parameter-obligation','PpuParameterObligation','Baku Mutu','850.00','750',8,1487842468,8,1487842468),(132,1,'ppucems-report-bm','PpucemsrbQuarter','Nilai','92','91',8,1488443327,8,1488443327),(133,1,'ppucems-report-bm','PpucemsrbQuarter','Nilai','91','92',8,1488443346,8,1488443346),(134,4,'ppucems-report-bm','PpucemsrbQuarter','Nilai Baku Mutu','93','30',8,1488521426,8,1488521426),(135,3,'ppu-emission-source','PpuEmissionSource','Waktu Operasi (Jam/Tahun)','5413.00','4884.98',8,1488798713,8,1488798713),(136,73,'ppu-parameter-obligation','PpupoMonth','Nilai','15.26','18.54',8,1488799005,8,1488799005),(137,74,'ppu-parameter-obligation','PpupoMonth','Nilai','19.32','17.55',8,1488799005,8,1488799005),(138,75,'ppu-parameter-obligation','PpupoMonth','Nilai','21.56','6.98',8,1488799005,8,1488799005),(139,76,'ppu-parameter-obligation','PpupoMonth','Nilai','17.15','14.05',8,1488799005,8,1488799005),(140,77,'ppu-parameter-obligation','PpupoMonth','Nilai','17.18','11.41',8,1488799005,8,1488799005),(141,78,'ppu-parameter-obligation','PpupoMonth','Nilai','11.41','10.83',8,1488799005,8,1488799005),(142,79,'ppu-parameter-obligation','PpupoMonth','Nilai','19.21','10.52',8,1488799005,8,1488799005),(143,80,'ppu-parameter-obligation','PpupoMonth','Nilai','20.98','10.52',8,1488799005,8,1488799005),(144,81,'ppu-parameter-obligation','PpupoMonth','Nilai','13.96','15.01',8,1488799005,8,1488799005),(145,97,'ppu-parameter-obligation','PpupoMonth','Nilai','18.54','15.26',8,1488799099,8,1488799099),(146,98,'ppu-parameter-obligation','PpupoMonth','Nilai','17.55','19.32',8,1488799100,8,1488799100),(147,99,'ppu-parameter-obligation','PpupoMonth','Nilai','6.98','21.56',8,1488799100,8,1488799100),(148,100,'ppu-parameter-obligation','PpupoMonth','Nilai','14.05','17.15',8,1488799100,8,1488799100),(149,101,'ppu-parameter-obligation','PpupoMonth','Nilai','11.41','17.18',8,1488799100,8,1488799100),(150,102,'ppu-parameter-obligation','PpupoMonth','Nilai','10.83','11.41',8,1488799100,8,1488799100),(151,103,'ppu-parameter-obligation','PpupoMonth','Nilai','10.52','19.21',8,1488799100,8,1488799100),(152,104,'ppu-parameter-obligation','PpupoMonth','Nilai','10.52','20.98',8,1488799100,8,1488799100),(153,105,'ppu-parameter-obligation','PpupoMonth','Nilai','15.01','13.96',8,1488799100,8,1488799100),(154,61,'ppu-parameter-obligation','PpupoMonth','Nilai','113.74','66.73',8,1488799201,8,1488799201),(155,62,'ppu-parameter-obligation','PpupoMonth','Nilai','279.31','178.75',8,1488799201,8,1488799201),(156,63,'ppu-parameter-obligation','PpupoMonth','Nilai','259.00','195',8,1488799201,8,1488799201),(157,64,'ppu-parameter-obligation','PpupoMonth','Nilai','281.05','258.14',8,1488799201,8,1488799201),(158,65,'ppu-parameter-obligation','PpupoMonth','Nilai','428.09','590.19',8,1488799201,8,1488799201),(159,66,'ppu-parameter-obligation','PpupoMonth','Nilai','453.94','456.63',8,1488799201,8,1488799201),(160,67,'ppu-parameter-obligation','PpupoMonth','Nilai','281.60','401.75',8,1488799201,8,1488799201),(161,68,'ppu-parameter-obligation','PpupoMonth','Nilai','472.88','143.21',8,1488799201,8,1488799201),(162,69,'ppu-parameter-obligation','PpupoMonth','Nilai','408.15','542.59',8,1488799201,8,1488799201),(163,2,'ppu-emission-source','PpuEmissionSource','Waktu Operasi (Jam/Tahun)','5413.00','5412.996667',8,1488799302,8,1488799302),(164,2,'ppu-emission-source','PpuEmissionSource','Waktu Operasi (Jam/Tahun)','5413.000000','5412.996667',8,1488799340,8,1488799340),(165,29,'ppu-emission-source','PpuesMonth','Waktu Operasi','521.55','521.56',8,1488823209,8,1488823209),(166,29,'ppu-emission-source','PpuesMonth','Waktu Operasi','521.56','521.55',8,1488823217,8,1488823217),(167,181,'ppu-parameter-obligation','PpupoMonth','Nilai','113.70','113.71',8,1488824352,8,1488824352),(168,181,'ppu-parameter-obligation','PpupoMonth','Nilai','113.71','113.70',8,1488824360,8,1488824360),(169,19,'ppu-parameter-obligation','PpuParameterObligation','Satuan Baku Mutu','PRQUC1','PRQUC2',8,1488825157,8,1488825157),(170,5,'ppu-emission-source','PpuEmissionSource','Waktu Operasi (Jam/Tahun)','4884.690000','4884.98',8,1488826078,8,1488826078),(171,25,'ppu-emission-source','PpuesMonth','Waktu Operasi','729.000000','729.283',8,1488826078,8,1488826078),(172,26,'ppu-emission-source','PpuesMonth','Waktu Operasi','644.030000','644.033333',8,1488826078,8,1488826078),(173,30,'ppu-emission-source','PpuesMonth','Waktu Operasi','453.030000','453.033333',8,1488826078,8,1488826078),(174,32,'ppu-emission-source','PpuesMonth','Waktu Operasi','193.330000','193.333333',8,1488826078,8,1488826078),(175,5,'ppu-emission-source','PpuEmissionSource','Waktu Operasi (Jam/Tahun)','4884.980000','4884.982999',8,1488826210,8,1488826210),(176,5,'ppu-emission-source','PpuEmissionSource','Waktu Operasi (Jam/Tahun)','4884.982999','4884.983332',8,1488826272,8,1488826272),(177,25,'ppu-emission-source','PpuesMonth','Waktu Operasi','729.283000','729.283333',8,1488826272,8,1488826272),(178,2,'ppucemsrb-parameter-report','PpucemsrbParameterReport','Tanggal','2015-07-01','2015-08-01',8,1488877035,8,1488877035),(179,2,'ppucemsrb-parameter-report','PpucemsrbParameterReport','Bulan','7','8',8,1488877093,8,1488877093),(180,2,'ppucemsrb-parameter-report','PpucemsrbParameterReport','Bulan','8','7',8,1488878113,8,1488878113),(181,2,'ppucemsrb-parameter-report','PpucemsrbParameterReport','Tanggal','2015-08-01','2015-07-01',8,1488878113,8,1488878113),(182,5,'environment-permit','EnvironmentPermit','Tahun','2014','2015',8,1491822841,8,1491822841),(183,35,'plb3-balance-sheet-detail','Plb3BalanceSheetDetail','Limbah Periode sebelumnya','999999.999999999','1000000',8,1492153238,8,1492153238),(184,889,'plb3-balance-sheet-detail','Plb3bsdMonth','Plb3bsdm Value','99999.99','99',8,1492153931,8,1492153931),(185,889,'plb3-balance-sheet-detail','Plb3bsdMonth','Plb3bsdm Value','99.00','1231299',8,1492153955,8,1492153955),(186,1018,'plb3-balance-sheet-detail','Plb3bsdMonth','Plb3bsdm Value','0.00','400',8,1492286565,8,1492286565),(187,973,'plb3-balance-sheet-detail','Plb3bsdMonth','Plb3bsdm Value','0.00','1230',8,1492286630,8,1492286630),(188,973,'plb3-balance-sheet-detail','Plb3bsdMonth','Plb3bsdm Value','1230.00','0',8,1492410673,8,1492410673),(189,1018,'plb3-balance-sheet-detail','Plb3bsdMonth','Plb3bsdm Value','400.00','0',8,1492410673,8,1492410673),(190,10,'plb3-question','Plb3Question','Kategori','PQTCP11','PQTCP12',8,1492596398,8,1492596398),(191,1,'plb3-checklist-detail','Plb3ChecklistAnswer','Jawaban','0','1',8,1492599291,8,1492599291),(192,13,'plb3-checklist-detail','Plb3ChecklistAnswer','Jawaban','0','1',8,1492600290,8,1492600290),(193,9,'plb3-checklist-detail','Plb3ChecklistAnswer','Jawaban','0','1',8,1492600305,8,1492600305),(194,11,'plb3-checklist-detail','Plb3ChecklistAnswer','Jawaban','0','1',8,1492600305,8,1492600305),(195,8,'plb3-checklist-detail','Plb3ChecklistAnswer','Jawaban','0','1',8,1492609475,8,1492609475),(196,12,'plb3-checklist-detail','Plb3ChecklistAnswer','Jawaban','0','1',8,1492609591,8,1492609591),(197,12,'plb3-checklist-detail','Plb3ChecklistAnswer','Jawaban','1','0',8,1492609687,8,1492609687),(198,24,'plb3-checklist-detail','Plb3ChecklistAnswer','Jawaban','0','1',8,1492609877,8,1492609877),(199,26,'plb3-checklist-detail','Plb3ChecklistAnswer','Jawaban','0','1',8,1492609911,8,1492609911),(200,24,'plb3-checklist-detail','Plb3ChecklistAnswer','Jawaban','1','0',8,1492609911,8,1492609911),(201,24,'plb3-question','Plb3Question','Kategori','PQTCP11','PQTCP12',8,1492620062,8,1492620062),(202,36,'plb3-question','Plb3Question','Kategori','PQTCP23','PQTCP24',8,1492620976,8,1492620976),(203,37,'plb3-question','Plb3Question','Kategori','PQTCP23','PQTCP24',8,1492620987,8,1492620987),(204,29,'plb3-checklist-detail','Plb3ChecklistAnswer','Jawaban','1','0',8,1492625954,8,1492625954),(205,52,'plb3-checklist-detail','Plb3ChecklistAnswer','Jawaban','0','1',8,1492677200,8,1492677200),(206,7,'roadmap-k3l','RoadmapK3lItem','When','2017-04-12','2017-04-13',8,1492857202,8,1492857202),(207,5,'sector','Sector','Nama','Bandar Lampung','Sektor Bandar Lampung',8,1492871279,8,1492871279),(208,8,'sector','Sector','Nama','Bukit Asam','Sektor Bukit Asam',8,1492871289,8,1492871289),(209,7,'sector','Sector','Nama','Bengkulu','Sektor Bengkulu',8,1492871346,8,1492871346),(210,6,'sector','Sector','Nama','Bukit Tinggi','Sektor Bukit Tinggi',8,1492871353,8,1492871353),(211,4,'sector','Sector','Nama','Jambi','Sektor Jambi',8,1492871359,8,1492871359),(212,2,'sector','Sector','Nama','Keramasan','Sektor Keramasan',8,1492871365,8,1492871365),(213,3,'sector','Sector','Nama','Medan','Sektor Medan',8,1492871370,8,1492871370),(214,1,'sector','Sector','Nama','Pekanbaru','Sektor Pekanbaru',8,1492871377,8,1492871377),(215,9,'sector','Sector','Nama','Tarahan','Sektor Tarahan',8,1492871384,8,1492871384),(216,414,'smk3','Smk3Detail','Jawaban','0','1',8,1492884852,8,1492884852),(217,415,'smk3','Smk3Detail','Jawaban','0','2',8,1492884852,8,1492884852),(218,421,'smk3','Smk3Detail','Jawaban','0','1',8,1492884852,8,1492884852),(219,422,'smk3','Smk3Detail','Jawaban','0','2',8,1492884852,8,1492884852),(220,1,'skko','SkkoDetail','Tanggal','2017-04-28','2017-04-17',8,1493027626,8,1493027626),(221,12,'bo-assessment-aspect','BoasCriteria','Deskripsi Kriteria','<p>123213</p>','<p>12321312321</p>',8,1494381615,8,1494381615),(222,14,'bo-assessment-aspect','BoasCriteria','Deskripsi Kriteria','<strong></strong><p><strong></strong><strong>1. </strong><strong>Profil Perusahaan</strong></p>','<p><strong></strong></p><p><strong></strong><strong>1. </strong><strong>Profil Perusahaan</strong></p>',8,1494381755,8,1494381755),(223,14,'bo-assessment-aspect','BoasCriteria','Nilai Kriteria','0.50','1.50',8,1494381755,8,1494381755),(224,14,'bo-assessment-aspect','BoasCriteria','Nilai Kriteria','1.50','0.50',8,1494381849,8,1494381849),(225,5,'bo-assessment-aspect','BoAssessmentAspect','Aspek Penilaian','<p>PENDAHULUAN</p>','<p>PENDAHULUANa</p>',8,1494384083,8,1494384083),(226,16,'bo-assessment-aspect','BoasCriteria','Deskripsi Kriteria','<strong></strong><p><strong>1. Profil Perusahaan</strong></p>','<p><strong></strong></p><p><strong>1. Profil Perusahaan</strong></p>',8,1494384083,8,1494384083),(227,5,'bo-assessment-aspect','BoAssessmentAspect','Aspek Penilaian','<p>PENDAHULUANa</p>','<p>PENDAHULUAN</p>',8,1494384094,8,1494384094),(228,1,'beyond-obedience','BeyondObedience','Tahun','12312','112312',8,1494384221,8,1494384221),(229,1,'beyond-obedience','BoAssessment','Nilai Kriteria','99.99','79.99',8,1494384221,8,1494384221),(230,1,'beyond-obedience','BoAssessment','Keterangan','123','1231',8,1494384221,8,1494384221),(231,2,'beyond-obedience','BoAssessment','Nilai Kriteria','99.99','89.99',8,1494384221,8,1494384221),(232,2,'beyond-obedience','BoAssessment','Keterangan','123','1231',8,1494384221,8,1494384221),(233,4,'beyond-obedience','BoAssessment','Keterangan','123','1231',8,1494385815,8,1494385815),(234,33,'beyond-obedience','BoAssessment','Nilai Kriteria','2.00','23.00',8,1494519003,8,1494519003),(235,33,'beyond-obedience','BoAssessment','Nilai Kriteria','23.00','223',8,1494520773,8,1494520773),(236,32,'beyond-obedience','BoAssessment','Nilai Kriteria','1.00','1.12',8,1494520844,8,1494520844),(237,17,'bo-assessment-aspect','BoasCriteria','Nilai Kriteria','0.50','123',8,1494521378,8,1494521378),(238,26,'bo-assessment-aspect','BoasCriteria','Deskripsi Kriteria','<p>123</p>','<p>1234</p>',8,1494522451,8,1494522451),(239,29,'bo-assessment-aspect','BoasCriteria','Deskripsi Kriteria','a.Memiliki manager energi yang mempunyai tugas dan tanggung jawab untuk melaksanakan management energi. ','<p>a.Memiliki manager energi yang mempunyai tugas dan tanggung jawab untuk melaksanakan management energi.</p>',8,1494672316,8,1494672316),(240,29,'bo-assessment-aspect','BoasCriteria','Nilai Kriteria','0.00','2.00',8,1494672316,8,1494672316),(241,30,'bo-assessment-aspect','BoasCriteria','Nilai Kriteria','0.00','2.00',8,1494672316,8,1494672316),(242,28,'bo-assessment-aspect','BoasCriteria','Nilai Kriteria','0.00','2.00',8,1494672342,8,1494672342),(243,37,'bo-assessment-aspect','BoasCriteria','Deskripsi Kriteria','<p> b. Menyediakan sumber daya yang memadai untuk melaksanakan pengurangan pencemar udara : </p>','<p> b. Menyediakan sumber daya yang memadai untuk melaksanakan pengurangan pencemar udara : <br>i) Manusia (personil memiliki latar belakang pendidikan dan pelatihan yang relevan dengan pelaksanaan pengurangan pencemar udara). </p>',8,1494673033,8,1494673033),(244,50,'bo-assessment-aspect','BoasCriteria','Deskripsi Kriteria','<strong></strong><p><strong></strong></p><p><strong>2. Pemenuhan Peraturan <br></strong></p><p>a. Perusahaan telah menggunakan peraturan terbaru untuk mengukur ketaatannya dalam: </p><p> a) Pengendalian pencemaran air </p><p><strong></strong></p>','<p><strong></strong></p><p><strong></strong></p><p><strong>2. Pemenuhan Peraturan <br></strong></p><p>a. Perusahaan telah menggunakan peraturan terbaru untuk mengukur ketaatannya dalam: </p><p> a) Pengendalian pencemaran air </p><p><strong></strong></p>',8,1494674091,8,1494674091),(245,55,'bo-assessment-aspect','BoasCriteria','Deskripsi Kriteria','<p>a) Perusahaan telah menetapkan tujuan dan sasaran lingkungan secara kualitatif terhadap aspek-aspek lingkungan utama sebagaimana tercantum dalam angka a. 2).</p>','<p><strong>3. Tujuan dan sasaran </strong><br></p><p>a) Perusahaan telah menetapkan tujuan dan sasaran lingkungan secara kualitatif terhadap aspek-aspek lingkungan utama sebagaimana tercantum dalam angka a. 2).</p>',8,1494674091,8,1494674091),(246,22,'bo-assessment-aspect','BoasCriteria','Deskripsi Kriteria','<p>c. Pemakaian energi untuk fasilitas pendukung yang tidak berkaitan dengan proses produksi dan jasa yang dihasilkan</p>','<p>ii. Perubahan subsistem memberikan kontribusi perbaikan kinerja dari subsistem untuk mengurangi dampak negatif terhadap lingkungan, misalnya penerapan eco-efisiensi dan optimasi dar suatu subsistem</p>',8,1494918013,8,1494918013),(247,23,'bo-assessment-aspect','BoasCriteria','Deskripsi Kriteria','<p>d. Rasio hasil efisiensi energi yang dilaporkan dalam Proper dengan total pemakaian energi</p>','<p>iii. Perubahan sistem melakukan redesain keseluruhan sistem sehingga dampak terhadap ekosistem dapat dihilangkan atau dikurangi</p>',8,1494918013,8,1494918013),(248,24,'bo-assessment-aspect','BoasCriteria','Nilai Kriteria','6.00','0.5',8,1494918013,8,1494918013),(249,11,'beyond-obedience','BeyondObedience','Tahun','1234','2017',8,1494942917,8,1494942917),(250,178,'bo-assessment-aspect','BoasCriteria','Deskripsi Kriteria','<p>ii. Perubahan subsistem memberikan kontribusi perbaikan kinerja dari subsistem untuk mengurangi dampak negatif terhadap lingkungan, misalnya penerapan eco-efisiensi dan optimasi dar suatu subsistem</p>','<p>ii. Penerimaan menyebabkan perubahan perilaku, praktek dan proses, di pengguna</p>',8,1494944643,8,1494944643),(251,179,'bo-assessment-aspect','BoasCriteria','Nilai Kriteria','0.50','1.5',8,1494944643,8,1494944643),(252,32,'beyond-obedience','BoAssessment','Nilai Kriteria','1.12','0.50',8,1494947036,8,1494947036),(253,102,'beyond-obedience','BoAssessment','Nilai Kriteria','0.00','0.50',8,1494947036,8,1494947036),(254,34,'beyond-obedience','BoAssessment','Nilai Kriteria','3.00','0.50',8,1494947036,8,1494947036),(255,35,'beyond-obedience','BoAssessment','Nilai Kriteria','4.00','0.50',8,1494947036,8,1494947036),(256,36,'beyond-obedience','BoAssessment','Nilai Kriteria','5.00','0.50',8,1494947036,8,1494947036),(257,120,'beyond-obedience','BoAssessment','Nilai Kriteria','0.00','0.50',8,1494947036,8,1494947036),(258,121,'beyond-obedience','BoAssessment','Nilai Kriteria','0.00','0.50',8,1494947036,8,1494947036),(259,122,'beyond-obedience','BoAssessment','Nilai Kriteria','0.00','0.50',8,1494947036,8,1494947036),(260,12,'beyond-obedience','BeyondObedience','Tahun','1234','2017',8,1494951127,8,1494951127),(261,267,'bo-assessment-aspect','BoasCriteria','Nilai Kriteria','1.00','0.5',8,1494957816,8,1494957816),(262,268,'bo-assessment-aspect','BoasCriteria','Deskripsi Kriteria','<p>b) Deskripsi metode yang digunakan untuk menghitung beban emisi: </p><p><br><br>i) Bahan pencemar udara konvensional.</p>','<p>ii) Gas Rumah Kaca </p>',8,1494957816,8,1494957816),(263,269,'bo-assessment-aspect','BoasCriteria','Deskripsi Kriteria','<p>ii) Gas Rumah Kaca. </p>','<p>f) Penghitungan beban emisi dari seluruh sumber emisi yang berada dalam area kewenangan kegiatannya: </p><p><br><br>i) Bahan pencemar udara konvensional. </p>',8,1494957816,8,1494957816),(264,270,'bo-assessment-aspect','BoasCriteria','Deskripsi Kriteria','<p>c) Pencatatan dan uraian data aktifitas, faktor emisi, faktor oksidasi dan konversi dari masing-masing sumber emisi yang dihitung beban emisinya: </p><p><br><br>i) Bahan pencemar udara konvensional. </p>','<p>ii) Gas Rumah Kaca </p>',8,1494957816,8,1494957816),(265,270,'bo-assessment-aspect','BoasCriteria','Nilai Kriteria','1.00','0.5',8,1494957816,8,1494957816),(266,272,'bo-assessment-aspect','BoasCriteria','Nilai Kriteria','0.50','1',8,1494957816,8,1494957816),(267,457,'bo-assessment-aspect','BoasCriteria','Deskripsi Kriteria','<strong></strong><p><strong></strong></p><p><strong>a. Terdapat struktur yang secara tertulis memiliki tugas dan fungsi khusus untuk melaksanakan Pengembangan Masyarakat (CD) </strong></p>','<p><strong></strong></p><p><strong></strong></p><p><strong></strong>a. Terdapat struktur yang secara tertulis memiliki tugas dan fungsi khusus untuk melaksanakan Pengembangan Masyarakat (CD) <strong></strong></p>',8,1495003694,8,1495003694),(268,4,'power-plant','PowerPlant','Nama','PLTU Pembangkit 1','Kantor Sektor',8,1495616676,8,1495616676),(269,1,'power-plant','PowerPlant','Nama','PLTG Batanghari 1','Kantor Sektor',8,1495616793,8,1495616793),(270,2,'power-plant','PowerPlant','Nama','PLTG Batanghari 2','PLTG Batanghari',8,1495616811,8,1495616811),(271,3,'power-plant','PowerPlant','Nama','PLTG Payo Selincah','PLTMG Sei Gelam',8,1495616832,8,1495616832),(272,5,'power-plant','PowerPlant','Nama','PLTG Pembangkit 1','Kantor Sektor',8,1495617078,8,1495617078);

/*Table structure for table `login_history` */

DROP TABLE IF EXISTS `login_history`;

CREATE TABLE `login_history` (
  `id` int(11) NOT NULL AUTO_INCREMENT,
  `user_id` smallint(5) unsigned DEFAULT NULL,
  `username` varchar(255) DEFAULT NULL,
  `password` varchar(255) DEFAULT NULL,
  `remark` varchar(20) DEFAULT NULL,
  `ip_address` varchar(20) DEFAULT NULL,
  `created_at` int(11) NOT NULL,
  `updated_at` int(11) NOT NULL,
  PRIMARY KEY (`id`),
  KEY `FK_login_history_user` (`user_id`),
  CONSTRAINT `FK_login_history_user` FOREIGN KEY (`user_id`) REFERENCES `user` (`id`) ON DELETE CASCADE ON UPDATE CASCADE
) ENGINE=InnoDB AUTO_INCREMENT=63 DEFAULT CHARSET=latin1;

/*Data for the table `login_history` */

insert  into `login_history`(`id`,`user_id`,`username`,`password`,`remark`,`ip_address`,`created_at`,`updated_at`) values (1,8,NULL,NULL,'LOGOUT','::1',1479269759,1479269759),(2,8,NULL,NULL,'LOGIN SUCCESS','::1',1479269767,1479269767),(3,8,NULL,NULL,'LOGOUT','::1',1479398320,1479398320),(4,8,NULL,NULL,'LOGIN SUCCESS','::1',1479440555,1479440555),(5,8,NULL,NULL,'LOGOUT','::1',1479730129,1479730129),(6,8,NULL,NULL,'LOGIN SUCCESS','::1',1480046393,1480046393),(7,12,NULL,NULL,'LOGIN SUCCESS','::1',1480052102,1480052102),(8,12,NULL,NULL,'LOGOUT','::1',1480052214,1480052214),(9,12,NULL,NULL,'LOGIN SUCCESS','::1',1480052222,1480052222),(10,12,NULL,NULL,'LOGOUT','::1',1480053606,1480053606),(11,8,NULL,NULL,'LOGOUT','::1',1480053612,1480053612),(12,12,NULL,NULL,'LOGIN SUCCESS','::1',1480053621,1480053621),(13,8,NULL,NULL,'LOGIN SUCCESS','::1',1480053978,1480053978),(14,12,NULL,NULL,'LOGOUT','::1',1480129987,1480129987),(15,8,NULL,NULL,'LOGIN SUCCESS','::1',1480130000,1480130000),(16,8,NULL,NULL,'LOGOUT','::1',1480131778,1480131778),(17,12,NULL,NULL,'LOGIN SUCCESS','::1',1480131788,1480131788),(18,12,NULL,NULL,'LOGOUT','::1',1480149980,1480149980),(19,12,NULL,NULL,'LOGIN SUCCESS','::1',1480150043,1480150043),(20,12,NULL,NULL,'LOGOUT','::1',1480150050,1480150050),(21,8,NULL,NULL,'LOGOUT','::1',1480150107,1480150107),(22,8,NULL,NULL,'LOGIN SUCCESS','::1',1481598277,1481598277),(23,8,NULL,NULL,'LOGOUT','::1',1481599145,1481599145),(24,8,NULL,NULL,'LOGIN SUCCESS','::1',1482375151,1482375151),(25,8,NULL,NULL,'LOGOUT','::1',1482394645,1482394645),(26,8,NULL,NULL,'LOGIN SUCCESS','::1',1482394655,1482394655),(27,8,NULL,NULL,'LOGOUT','::1',1482413207,1482413207),(28,8,NULL,NULL,'LOGIN SUCCESS','::1',1482482524,1482482524),(29,8,NULL,NULL,'LOGOUT','::1',1482826243,1482826243),(30,8,NULL,NULL,'LOGIN SUCCESS','::1',1482826390,1482826390),(31,8,NULL,NULL,'LOGOUT','::1',1482830435,1482830435),(32,8,NULL,NULL,'LOGIN SUCCESS','::1',1482904018,1482904018),(33,8,NULL,NULL,'LOGOUT','::1',1482908945,1482908945),(34,8,NULL,NULL,'LOGIN SUCCESS','::1',1482908955,1482908955),(35,8,NULL,NULL,'LOGOUT','::1',1482913301,1482913301),(36,8,NULL,NULL,'LOGIN SUCCESS','::1',1482913439,1482913439),(37,8,NULL,NULL,'LOGOUT','::1',1482980058,1482980058),(38,8,NULL,NULL,'LOGIN SUCCESS','::1',1483074651,1483074651),(39,8,NULL,NULL,'LOGOUT','::1',1483082347,1483082347),(40,8,NULL,NULL,'LOGIN SUCCESS','::1',1483082384,1483082384),(41,8,NULL,NULL,'LOGOUT','::1',1483419405,1483419405),(42,8,NULL,NULL,'LOGIN SUCCESS','::1',1483419453,1483419453),(43,8,NULL,NULL,'LOGIN SUCCESS','::1',1483590963,1483590963),(44,8,NULL,NULL,'LOGOUT','::1',1483676171,1483676171),(45,8,NULL,NULL,'LOGIN SUCCESS','::1',1483676266,1483676266),(46,8,NULL,NULL,'LOGOUT','::1',1483699644,1483699644),(47,8,NULL,NULL,'LOGIN SUCCESS','::1',1483760748,1483760748),(48,8,NULL,NULL,'LOGOUT','::1',1484042329,1484042329),(49,8,NULL,NULL,'LOGIN SUCCESS','::1',1484105381,1484105381),(50,8,NULL,NULL,'LOGOUT','::1',1484301026,1484301026),(51,8,NULL,NULL,'LOGIN SUCCESS','::1',1484301803,1484301803),(52,8,NULL,NULL,'LOGOUT','::1',1484543719,1484543719),(53,8,NULL,NULL,'LOGIN SUCCESS','::1',1484543730,1484543730),(54,8,NULL,NULL,'LOGOUT','::1',1484714239,1484714239),(55,8,NULL,NULL,'LOGIN SUCCESS','::1',1484795562,1484795562),(56,8,NULL,NULL,'LOGOUT','::1',1485264263,1485264263),(57,8,NULL,NULL,'LOGIN SUCCESS','::1',1485264914,1485264914),(58,8,NULL,NULL,'LOGOUT','::1',1485344838,1485344838),(59,8,NULL,NULL,'LOGIN SUCCESS','::1',1485422635,1485422635),(60,8,NULL,NULL,'LOGOUT','::1',1485444933,1485444933),(61,8,NULL,NULL,'LOGIN SUCCESS','::1',1486025491,1486025491),(62,8,NULL,NULL,'LOGIN SUCCESS','::1',1495615651,1495615651);

/*Table structure for table `maturity_level` */

DROP TABLE IF EXISTS `maturity_level`;

CREATE TABLE `maturity_level` (
  `id` int(11) NOT NULL AUTO_INCREMENT,
  `sector_id` int(11) NOT NULL,
  `mlvl_quarter` varchar(2) NOT NULL,
  `mlvl_year` int(4) NOT NULL,
  `created_by` smallint(5) unsigned NOT NULL,
  `created_at` int(11) NOT NULL,
  `updated_by` smallint(5) unsigned NOT NULL,
  `updated_at` int(11) NOT NULL,
  PRIMARY KEY (`id`),
  KEY `FK_maturity_level_sector` (`sector_id`),
  CONSTRAINT `FK_maturity_level_sector` FOREIGN KEY (`sector_id`) REFERENCES `sector` (`id`) ON DELETE CASCADE ON UPDATE CASCADE
) ENGINE=InnoDB AUTO_INCREMENT=20 DEFAULT CHARSET=latin1;

/*Data for the table `maturity_level` */

insert  into `maturity_level`(`id`,`sector_id`,`mlvl_quarter`,`mlvl_year`,`created_by`,`created_at`,`updated_by`,`updated_at`) values (19,10,'12',1231,8,1492887754,8,1492887754);

/*Table structure for table `maturity_level_detail` */

DROP TABLE IF EXISTS `maturity_level_detail`;

CREATE TABLE `maturity_level_detail` (
  `id` int(11) NOT NULL AUTO_INCREMENT,
  `maturity_level_id` int(11) NOT NULL,
  `maturity_level_question_id` int(11) NOT NULL,
  `mld_target` decimal(14,2) DEFAULT NULL,
  `mld_realization` decimal(14,2) DEFAULT NULL,
  `created_by` smallint(5) unsigned NOT NULL,
  `created_at` int(11) NOT NULL,
  `updated_by` smallint(5) unsigned NOT NULL,
  `updated_at` int(11) NOT NULL,
  PRIMARY KEY (`id`),
  KEY `FK_maturity_level_detail` (`maturity_level_id`),
  KEY `FK_maturity_level_detail_question` (`maturity_level_question_id`),
  CONSTRAINT `FK_maturity_level_detail` FOREIGN KEY (`maturity_level_id`) REFERENCES `maturity_level` (`id`) ON DELETE CASCADE ON UPDATE CASCADE,
  CONSTRAINT `FK_maturity_level_detail_question` FOREIGN KEY (`maturity_level_question_id`) REFERENCES `maturity_level_question` (`id`) ON DELETE CASCADE ON UPDATE CASCADE
) ENGINE=InnoDB AUTO_INCREMENT=2 DEFAULT CHARSET=latin1;

/*Data for the table `maturity_level_detail` */

insert  into `maturity_level_detail`(`id`,`maturity_level_id`,`maturity_level_question_id`,`mld_target`,`mld_realization`,`created_by`,`created_at`,`updated_by`,`updated_at`) values (1,19,1,'12321.00','12312.00',8,1492887754,8,1492887754);

/*Table structure for table `maturity_level_question` */

DROP TABLE IF EXISTS `maturity_level_question`;

CREATE TABLE `maturity_level_question` (
  `id` int(11) NOT NULL AUTO_INCREMENT,
  `maturity_level_title_id` int(11) NOT NULL,
  `q_action_plan` text,
  `q_criteria` text,
  `q_unit_code` varchar(10) NOT NULL,
  `q_weight` decimal(5,2) DEFAULT NULL,
  `created_by` smallint(5) unsigned NOT NULL,
  `created_at` int(11) NOT NULL,
  `updated_by` smallint(5) unsigned NOT NULL,
  `updated_at` int(11) NOT NULL,
  PRIMARY KEY (`id`),
  KEY `FK_maturity_level_question_title` (`maturity_level_title_id`),
  CONSTRAINT `FK_maturity_level_question_title` FOREIGN KEY (`maturity_level_title_id`) REFERENCES `maturity_level_title` (`id`) ON DELETE CASCADE ON UPDATE CASCADE
) ENGINE=InnoDB AUTO_INCREMENT=2 DEFAULT CHARSET=latin1;

/*Data for the table `maturity_level_question` */

insert  into `maturity_level_question`(`id`,`maturity_level_title_id`,`q_action_plan`,`q_criteria`,`q_unit_code`,`q_weight`,`created_by`,`created_at`,`updated_by`,`updated_at`) values (1,1,'<p>dawd</p>','<p>adwad</p>','UC1','999.99',8,1492887022,8,1492887022);

/*Table structure for table `maturity_level_title` */

DROP TABLE IF EXISTS `maturity_level_title`;

CREATE TABLE `maturity_level_title` (
  `id` int(11) NOT NULL AUTO_INCREMENT,
  `title_text` varchar(255) NOT NULL,
  `created_by` smallint(5) unsigned NOT NULL,
  `created_at` int(11) NOT NULL,
  `updated_by` smallint(5) unsigned NOT NULL,
  `updated_at` int(11) NOT NULL,
  PRIMARY KEY (`id`)
) ENGINE=InnoDB AUTO_INCREMENT=2 DEFAULT CHARSET=latin1;

/*Data for the table `maturity_level_title` */

insert  into `maturity_level_title`(`id`,`title_text`,`created_by`,`created_at`,`updated_by`,`updated_at`) values (1,'ASD',8,1488015722,8,1488015722);

/*Table structure for table `plb3_balance_sheet` */

DROP TABLE IF EXISTS `plb3_balance_sheet`;

CREATE TABLE `plb3_balance_sheet` (
  `id` int(11) NOT NULL AUTO_INCREMENT,
  `sector_id` int(11) NOT NULL,
  `power_plant_id` int(11) NOT NULL,
  `plb3_year` int(4) NOT NULL,
  `created_by` smallint(5) unsigned NOT NULL,
  `created_at` int(11) NOT NULL,
  `updated_by` smallint(5) unsigned NOT NULL,
  `updated_at` int(11) NOT NULL,
  PRIMARY KEY (`id`),
  KEY `FK_plb3_balance_sheet_power_plant` (`power_plant_id`),
  KEY `FK_plb3_balance_sheet_sector` (`sector_id`),
  CONSTRAINT `FK_plb3_balance_sheet_power_plant` FOREIGN KEY (`power_plant_id`) REFERENCES `power_plant` (`id`) ON DELETE CASCADE ON UPDATE CASCADE,
  CONSTRAINT `FK_plb3_balance_sheet_sector` FOREIGN KEY (`sector_id`) REFERENCES `sector` (`id`) ON DELETE CASCADE ON UPDATE CASCADE
) ENGINE=InnoDB AUTO_INCREMENT=3 DEFAULT CHARSET=latin1;

/*Data for the table `plb3_balance_sheet` */

insert  into `plb3_balance_sheet`(`id`,`sector_id`,`power_plant_id`,`plb3_year`,`created_by`,`created_at`,`updated_by`,`updated_at`) values (1,2,4,2017,8,1491896765,8,1491896765),(2,2,4,23,8,1492438405,8,1492438405);

/*Table structure for table `plb3_balance_sheet_detail` */

DROP TABLE IF EXISTS `plb3_balance_sheet_detail`;

CREATE TABLE `plb3_balance_sheet_detail` (
  `id` int(11) NOT NULL AUTO_INCREMENT,
  `form_type_code` varchar(10) NOT NULL,
  `plb3_balance_sheet_id` int(11) NOT NULL,
  `plb3_waste_type` varchar(100) NOT NULL,
  `plb3_waste_source_code` varchar(10) NOT NULL,
  `plb3_waste_unit_code` varchar(10) NOT NULL,
  `plb3_previous_waste` decimal(15,9) NOT NULL,
  `created_by` smallint(5) unsigned NOT NULL,
  `created_at` int(11) NOT NULL,
  `updated_by` smallint(5) unsigned NOT NULL,
  `updated_at` int(11) NOT NULL,
  PRIMARY KEY (`id`),
  KEY `FK_plb3_dominant_ash_disposal` (`plb3_balance_sheet_id`),
  CONSTRAINT `FK_plb3_dominant_ash_disposal` FOREIGN KEY (`plb3_balance_sheet_id`) REFERENCES `plb3_balance_sheet` (`id`) ON DELETE CASCADE ON UPDATE CASCADE
) ENGINE=InnoDB AUTO_INCREMENT=44 DEFAULT CHARSET=latin1;

/*Data for the table `plb3_balance_sheet_detail` */

insert  into `plb3_balance_sheet_detail`(`id`,`form_type_code`,`plb3_balance_sheet_id`,`plb3_waste_type`,`plb3_waste_source_code`,`plb3_waste_unit_code`,`plb3_previous_waste`,`created_by`,`created_at`,`updated_by`,`updated_at`) values (40,'GD',1,'FLY ASH & BOTTOM ASH','PBWTC1','PBWUC1','189333.515000000',8,1492281063,8,1492410673),(41,'AD',1,'1232132312adwada','PBWTC3','PBWUC1','123213.000000000',8,1492366292,8,1492366292),(43,'GD',1,'asdasdwad','PBWTC1','PBWUC1','943784.000000000',8,1492416280,8,1492416280);

/*Table structure for table `plb3_balance_sheet_treatment` */

DROP TABLE IF EXISTS `plb3_balance_sheet_treatment`;

CREATE TABLE `plb3_balance_sheet_treatment` (
  `id` int(11) NOT NULL AUTO_INCREMENT,
  `plb3_balance_sheet_detail_id` int(11) NOT NULL,
  `plb3bst_treatment_type_code` varchar(10) NOT NULL,
  `plb3bst_ref` varchar(255) DEFAULT NULL,
  `plb3bst_manifest_code` varchar(50) DEFAULT NULL,
  `created_by` smallint(5) unsigned NOT NULL,
  `created_at` int(11) NOT NULL,
  `updated_by` smallint(5) unsigned NOT NULL,
  `updated_at` int(11) NOT NULL,
  PRIMARY KEY (`id`),
  KEY `FK_plb3_balance_sheet_treatment` (`plb3_balance_sheet_detail_id`),
  CONSTRAINT `FK_plb3_balance_sheet_treatment` FOREIGN KEY (`plb3_balance_sheet_detail_id`) REFERENCES `plb3_balance_sheet_detail` (`id`) ON DELETE CASCADE ON UPDATE CASCADE
) ENGINE=InnoDB AUTO_INCREMENT=156 DEFAULT CHARSET=latin1;

/*Data for the table `plb3_balance_sheet_treatment` */

insert  into `plb3_balance_sheet_treatment`(`id`,`plb3_balance_sheet_detail_id`,`plb3bst_treatment_type_code`,`plb3bst_ref`,`plb3bst_manifest_code`,`created_by`,`created_at`,`updated_by`,`updated_at`) values (128,40,'PBTTC1','abc','def',8,1492281063,8,1492281063),(129,40,'PBTTC2','','',8,1492281064,8,1492281064),(130,40,'PBTTC3','0','0',8,1492281064,8,1492281064),(131,40,'PBTTC4','0','0',8,1492281064,8,1492281064),(132,40,'PBTTC5','0','0',8,1492281064,8,1492281064),(133,40,'PBTTC6','0','0',8,1492281064,8,1492281064),(134,40,'PBTTC7','0','0',8,1492281064,8,1492281064),(135,41,'PBTTC1','','',8,1492366292,8,1492366292),(136,41,'PBTTC2','','',8,1492366292,8,1492366292),(137,41,'PBTTC3','','',8,1492366292,8,1492366292),(138,41,'PBTTC4','','',8,1492366293,8,1492366293),(139,41,'PBTTC5','','',8,1492366293,8,1492366293),(140,41,'PBTTC6','','',8,1492366293,8,1492366293),(141,41,'PBTTC7','','',8,1492366293,8,1492366293),(149,43,'PBTTC1','','',8,1492416280,8,1492416280),(150,43,'PBTTC2','','',8,1492416280,8,1492416280),(151,43,'PBTTC3','','',8,1492416280,8,1492416280),(152,43,'PBTTC4','','',8,1492416280,8,1492416280),(153,43,'PBTTC5','','',8,1492416281,8,1492416281),(154,43,'PBTTC6','','',8,1492416281,8,1492416281),(155,43,'PBTTC7','','',8,1492416281,8,1492416281);

/*Table structure for table `plb3_checklist` */

DROP TABLE IF EXISTS `plb3_checklist`;

CREATE TABLE `plb3_checklist` (
  `id` int(11) NOT NULL AUTO_INCREMENT,
  `sector_id` int(11) NOT NULL,
  `power_plant_id` int(11) NOT NULL,
  `plb3c_year` int(4) NOT NULL,
  `created_by` smallint(5) unsigned NOT NULL,
  `created_at` int(11) NOT NULL,
  `updated_by` smallint(5) unsigned NOT NULL,
  `updated_at` int(11) NOT NULL,
  PRIMARY KEY (`id`),
  KEY `FK_plb3_checklist_power_plant` (`power_plant_id`),
  KEY `FK_plb3_checklist_sector` (`sector_id`),
  CONSTRAINT `FK_plb3_checklist_power_plant` FOREIGN KEY (`power_plant_id`) REFERENCES `power_plant` (`id`) ON DELETE CASCADE ON UPDATE CASCADE,
  CONSTRAINT `FK_plb3_checklist_sector` FOREIGN KEY (`sector_id`) REFERENCES `sector` (`id`) ON DELETE CASCADE ON UPDATE CASCADE
) ENGINE=InnoDB AUTO_INCREMENT=2 DEFAULT CHARSET=latin1;

/*Data for the table `plb3_checklist` */

insert  into `plb3_checklist`(`id`,`sector_id`,`power_plant_id`,`plb3c_year`,`created_by`,`created_at`,`updated_by`,`updated_at`) values (1,2,4,2017,8,1492543020,8,1492543020);

/*Table structure for table `plb3_checklist_answer` */

DROP TABLE IF EXISTS `plb3_checklist_answer`;

CREATE TABLE `plb3_checklist_answer` (
  `id` int(11) NOT NULL AUTO_INCREMENT,
  `plb3_checklist_detail_id` int(11) NOT NULL,
  `plb3_question_id` int(11) NOT NULL,
  `plb3ca_answer` int(2) NOT NULL,
  `created_by` smallint(5) unsigned NOT NULL,
  `created_at` int(11) NOT NULL,
  `updated_by` smallint(5) unsigned NOT NULL,
  `updated_at` int(11) NOT NULL,
  PRIMARY KEY (`id`),
  KEY `FK_plb3_checklist_answer` (`plb3_checklist_detail_id`),
  KEY `FK_plb3_checklist_answer_question` (`plb3_question_id`),
  CONSTRAINT `FK_plb3_checklist_answer` FOREIGN KEY (`plb3_checklist_detail_id`) REFERENCES `plb3_checklist_detail` (`id`) ON DELETE CASCADE ON UPDATE CASCADE,
  CONSTRAINT `FK_plb3_checklist_answer_question` FOREIGN KEY (`plb3_question_id`) REFERENCES `plb3_question` (`id`) ON DELETE CASCADE ON UPDATE CASCADE
) ENGINE=InnoDB AUTO_INCREMENT=54 DEFAULT CHARSET=latin1;

/*Data for the table `plb3_checklist_answer` */

insert  into `plb3_checklist_answer`(`id`,`plb3_checklist_detail_id`,`plb3_question_id`,`plb3ca_answer`,`created_by`,`created_at`,`updated_by`,`updated_at`) values (28,5,21,1,8,1492620466,8,1492677199),(29,5,22,0,8,1492620466,8,1492677199),(30,5,23,1,8,1492620466,8,1492677200),(31,5,24,1,8,1492620466,8,1492677200),(32,5,25,1,8,1492620466,8,1492677200),(33,5,26,1,8,1492620466,8,1492677200),(34,5,27,1,8,1492620466,8,1492677200),(35,5,29,1,8,1492620466,8,1492677200),(36,5,28,1,8,1492620466,8,1492677200),(37,6,30,1,8,1492621043,8,1492621043),(38,6,31,1,8,1492621043,8,1492621043),(39,6,45,1,8,1492621043,8,1492621043),(40,6,46,1,8,1492621043,8,1492621043),(41,6,34,1,8,1492621043,8,1492621043),(42,6,35,1,8,1492621043,8,1492621043),(43,6,37,1,8,1492621043,8,1492621043),(44,6,36,1,8,1492621043,8,1492621043),(45,7,39,1,8,1492621145,8,1492621145),(46,7,38,1,8,1492621145,8,1492621145),(47,7,42,1,8,1492621145,8,1492621145),(48,7,40,1,8,1492621145,8,1492621145),(49,7,41,1,8,1492621145,8,1492621145),(50,7,43,1,8,1492621145,8,1492621145),(51,7,44,1,8,1492621145,8,1492621145),(52,5,47,1,8,1492673527,8,1492677199),(53,5,48,0,8,1492673537,8,1492677200);

/*Table structure for table `plb3_checklist_detail` */

DROP TABLE IF EXISTS `plb3_checklist_detail`;

CREATE TABLE `plb3_checklist_detail` (
  `id` int(11) NOT NULL AUTO_INCREMENT,
  `plb3_checklist_id` int(11) NOT NULL,
  `plb3cd_form_type_code` varchar(10) NOT NULL,
  `plb3cd_company_name` varchar(100) NOT NULL,
  `plb3cd_industrial_sector` varchar(100) NOT NULL,
  `plb3cd_location` varchar(50) NOT NULL,
  `plb3cd_assessment_team` varchar(50) DEFAULT NULL,
  `plb3cd_assessment_date` date DEFAULT NULL,
  `created_by` smallint(5) unsigned NOT NULL,
  `created_at` int(11) NOT NULL,
  `updated_by` smallint(5) unsigned NOT NULL,
  `updated_at` int(11) NOT NULL,
  PRIMARY KEY (`id`),
  KEY `FK_plb3_checklist_detail` (`plb3_checklist_id`),
  CONSTRAINT `FK_plb3_checklist_detail` FOREIGN KEY (`plb3_checklist_id`) REFERENCES `plb3_checklist` (`id`) ON DELETE CASCADE ON UPDATE CASCADE
) ENGINE=InnoDB AUTO_INCREMENT=8 DEFAULT CHARSET=latin1;

/*Data for the table `plb3_checklist_detail` */

insert  into `plb3_checklist_detail`(`id`,`plb3_checklist_id`,`plb3cd_form_type_code`,`plb3cd_company_name`,`plb3cd_industrial_sector`,`plb3cd_location`,`plb3cd_assessment_team`,`plb3cd_assessment_date`,`created_by`,`created_at`,`updated_by`,`updated_at`) values (5,1,'PCFTC1','PT. PLN (PERSERO) PEMBANGKITAN SBS ','ENERGI','Kab. LAMPUNG SELATAN','Penilai 1','2017-04-03',8,1492620464,8,1492677199),(6,1,'PCFTC2','PT. PLN (PERSERO) PEMBANGKITAN SBS ','ENERGI','Kab./Kota Lampung Selatan','Tim Penilai 2','2017-04-05',8,1492621041,8,1492621041),(7,1,'PCFTC3','PT. PLN (PERSERO) PEMBANGKITAN SBS ','ENERGI','Kab. LAMPUNG SELATAN','Tim Penilai 3','2017-03-14',8,1492621143,8,1492621143);

/*Table structure for table `plb3_question` */

DROP TABLE IF EXISTS `plb3_question`;

CREATE TABLE `plb3_question` (
  `id` int(11) NOT NULL AUTO_INCREMENT,
  `plb3_form_type_code` varchar(10) NOT NULL,
  `plb3_question_type_code` varchar(10) NOT NULL,
  `plb3_question` varchar(255) NOT NULL,
  `created_by` smallint(5) unsigned NOT NULL,
  `created_at` int(11) NOT NULL,
  `updated_by` smallint(5) unsigned NOT NULL,
  `updated_at` int(11) NOT NULL,
  PRIMARY KEY (`id`)
) ENGINE=InnoDB AUTO_INCREMENT=49 DEFAULT CHARSET=latin1;

/*Data for the table `plb3_question` */

insert  into `plb3_question`(`id`,`plb3_form_type_code`,`plb3_question_type_code`,`plb3_question`,`created_by`,`created_at`,`updated_by`,`updated_at`) values (21,'PCFTC1','PQTCP11','<p>apakah bagian luar bangunan diberi papan nama? </p>',8,1492619986,8,1492619986),(22,'PCFTC1','PQTCP11','<p>apakah bagian luar diberi simbol limbah B3 sesuai dengan karakteristik limbah B3 yang disimpan?</p>',8,1492620019,8,1492620019),(23,'PCFTC1','PQTCP12','<p>apakah pengemasan limbah B3 dilakukan sesuai dengan bentuk limbah B3?</p>',8,1492620040,8,1492620040),(24,'PCFTC1','PQTCP12','<p>apakah pengemasan limbah B3 dilakukan sesuai dengan karakteristik limbah B3?</p>',8,1492620054,8,1492620062),(25,'PCFTC1','PQTCP13','<p>apakah ada logbook/catatan untuk mencatat keluar masuk limbah limbah B3?</p>',8,1492620084,8,1492620084),(26,'PCFTC1','PQTCP13','<p>apakah jumlah dan jenis limbah B3 sesuai dengan yang tercatat di logbook/catatan?</p>',8,1492620097,8,1492620097),(27,'PCFTC1','PQTCP14','<p>apakah melakukan pengelolaan lanjutan terhadap limbah B3 yang disimpan? (diserahkan ke pihak ketiga/dimanfaatkan internal)</p>',8,1492620113,8,1492620113),(28,'PCFTC1','PQTCP15','<p>apakah memiliki SOP tanggap darurat?</p>',8,1492620127,8,1492620127),(29,'PCFTC1','PQTCP15','<p>Apakah memiliki Sistem Tanggap Darurat dalam melakukan pengelolaan limbah B3</p>',8,1492620138,8,1492620138),(30,'PCFTC2','PQTCP21','<p>apakah Jenis limbah B3 yang ditimbun sesuai dengan izin ?</p>',8,1492620154,8,1492620154),(31,'PCFTC2','PQTCP21','<p>apakah jenis limbah yang ditimbun memenuhi bakumutu TCLP?</p>',8,1492620165,8,1492620165),(34,'PCFTC2','PQTCP23','<p>apakah berada di area lokasi landfill dan memiliki 1 unit pompa?</p>',8,1492620208,8,1492620208),(35,'PCFTC2','PQTCP23','<p>apakah konstruksi pondasi, lantai dan dinding dari beton?</p>',8,1492620223,8,1492620223),(36,'PCFTC2','PQTCP24','<p>terdiakah tersedia alat tanggap darurat yang sesuai dan mudah dijangkau?</p>',8,1492620234,8,1492620976),(37,'PCFTC2','PQTCP24','<p>apakah memiliki SOP tanggap darurat?</p>',8,1492620246,8,1492620987),(38,'PCFTC3','PQTCP31','<p>Pihak ke-3 memiliki izin sebagai Pengelola limbah B3 (pengangkut/pengumpul/pengolah/pemanfaat)</p>',8,1492620262,8,1492620262),(39,'PCFTC3','PQTCP31','<p>Izin pengelolaan Limbah B3 pihak ke-3 belum habis masa berlaku</p>',8,1492620272,8,1492620272),(40,'PCFTC3','PQTCP32','<p>Perpindahan / pergerakan limbah B3 yang dilakukan oleh pihak ke-3 dilengkapi dengan dokumen manifest limbah B3</p>',8,1492620285,8,1492620285),(41,'PCFTC3','PQTCP32','<p>Pihak yang melakukan pengelola limbah B3 memperoleh salinan dokumen manifest limbah B3 sesuai dipersyaratkan</p>',8,1492620298,8,1492620298),(42,'PCFTC3','PQTCP32','<p>Dokumen manifest limbah B3 diisi sesuai dengan tatacara pengisian Dokumen Limbah B3</p>',8,1492620306,8,1492620306),(43,'PCFTC3','PQTCP33','<p>Dokumen manifest limbah B3 diisi sesuai dengan tatacara pengisian Dokumen Limbah B3</p>',8,1492620317,8,1492620317),(44,'PCFTC3','PQTCP33','<p>Kode manifest sesuai dengan yang tercantum pada rekomendasi pengangkutan limbah B3</p>',8,1492620328,8,1492620328),(45,'PCFTC2','PQTCP22','<p>apakah lapisan dasar (sub base) adalah tanah lempung yang dipadatkan dengan permeabilitas 1 x 10-9 m/det?</p>',8,1492620748,8,1492620748),(46,'PCFTC2','PQTCP22','<p>apakah permeabilitas dari sistem pendeteksi kebocoran (k) = 1 x 10-4 m/det?</p>',8,1492620759,8,1492620759),(47,'PCFTC1','PQTCP11','<p>awdadaw</p>',8,1492673527,8,1492673527),(48,'PCFTC1','PQTCP11','<p>awdawdwad</p>',8,1492673537,8,1492673537);

/*Table structure for table `plb3_sa_company_profile` */

DROP TABLE IF EXISTS `plb3_sa_company_profile`;

CREATE TABLE `plb3_sa_company_profile` (
  `id` int(11) NOT NULL AUTO_INCREMENT,
  `plb3_self_assessment_id` int(11) NOT NULL,
  `profile_name` varchar(255) NOT NULL,
  `profile_activity_loc_address` text,
  `profile_phone_fax` varchar(100) DEFAULT NULL,
  `profile_main_office_address` text,
  `profile_holding_name` varchar(255) DEFAULT NULL,
  `profile_holding_office_address` text,
  `profile_holding_phone_fax` varchar(100) DEFAULT NULL,
  `profile_company_established_year` varchar(100) DEFAULT NULL,
  `profile_industry_field` varchar(150) DEFAULT NULL,
  `profile_capital_status` varchar(150) DEFAULT NULL,
  `profile_area_factory` varchar(50) DEFAULT NULL,
  `profile_number_of_employees` varchar(150) DEFAULT NULL,
  `profile_production_capacity_installed` varchar(50) DEFAULT NULL,
  `profile_production_capacity_realization` varchar(50) DEFAULT NULL,
  `profile_raw_material` varchar(150) DEFAULT NULL,
  `profile_adjuvant_material` varchar(150) DEFAULT NULL,
  `profile_production_process` text,
  `profile_export_marketing_percentage` varchar(150) DEFAULT NULL,
  `profile_local_marketing_percentage` varchar(150) DEFAULT NULL,
  `profile_environment_document` text,
  `profile_contacts_name` text,
  `profile_contacts_mobile_phone` text,
  `profile_contacts_email` text,
  `created_by` smallint(5) unsigned NOT NULL,
  `created_at` int(11) NOT NULL,
  `updated_by` smallint(5) unsigned NOT NULL,
  `updated_at` int(11) NOT NULL,
  PRIMARY KEY (`id`),
  KEY `FK_plb3_sa_company_profile_sa` (`plb3_self_assessment_id`),
  CONSTRAINT `FK_plb3_sa_company_profile_sa` FOREIGN KEY (`plb3_self_assessment_id`) REFERENCES `plb3_self_assessment` (`id`) ON DELETE CASCADE ON UPDATE CASCADE
) ENGINE=InnoDB AUTO_INCREMENT=3 DEFAULT CHARSET=latin1;

/*Data for the table `plb3_sa_company_profile` */

insert  into `plb3_sa_company_profile`(`id`,`plb3_self_assessment_id`,`profile_name`,`profile_activity_loc_address`,`profile_phone_fax`,`profile_main_office_address`,`profile_holding_name`,`profile_holding_office_address`,`profile_holding_phone_fax`,`profile_company_established_year`,`profile_industry_field`,`profile_capital_status`,`profile_area_factory`,`profile_number_of_employees`,`profile_production_capacity_installed`,`profile_production_capacity_realization`,`profile_raw_material`,`profile_adjuvant_material`,`profile_production_process`,`profile_export_marketing_percentage`,`profile_local_marketing_percentage`,`profile_environment_document`,`profile_contacts_name`,`profile_contacts_mobile_phone`,`profile_contacts_email`,`created_by`,`created_at`,`updated_by`,`updated_at`) values (1,2,'PT. PLN (PERSERO) PEMBANGKITAN SUMATERA BAGIAN SELATAN SEKTOR PEMBANGKITAN TARAHAN','JALAN LINTAS SUMATERA KM.15, KECAMATAN KATIBUNG, KABUPATEN LAMPUNG SELATAN, LAMPUNG, 35452','0721-341815/ 341819','PT. PLN (PERSERO) PEMBANGKITAN SUMATERA BAGIAN SELATAN \r\nJALAN DEMANG LEBAR DAUN NO. 375, PALEMBANG 30128','PT. PLN (PERSERO) KANTOR PUSAT','JALAN TRUNOJOYO BLOK M I/135 KEBAYORAN BARU, JAKARTA 12160','021-72616875,7261122/ 7251234','20 Februari 2008 (STO Desember 2007)','KETENAGALISTRIKAN','BADAN USAHA MILIK NEGARA','374.705 m2','121 PEGAWAI (per Mei 2016)','2 X 100 MW','2 X 100 MW','BATUBARA KELAS SUB BITUMINOUS','LIMESTONE (KAPUR)','BAHAN BAKAR (BATUBARA) --> BOILER CFB DENGAN FLUIDA AIR --> AIR BERUBAH MENJADI UAP --> UAP MEMUTAR TURBIN GENERATOR --> TRAFO STEP UP 6/11 kV MENJADI 150 kV --> GARDU INDUK NEW TARAHAN','NIHIL','MENYUPLAI SISTEM KELISTRIKAN PROVINSI LAMPUNG','AMDAL DENGAN PERSETUJUAN NOMOR : 3463/0115/SJ.T/1996 TANGGAL 03 SEPTEMBER 1996','SAHRONI ; TIZADIN ASHSEPTIAN ; MEILY PRILIANI','085378002526 ; 085268934407 ; 081214686288','s_roni16@yahoo.co.id ; tizadin2@pln.co.id ; meilypriliani@pln.co.id',8,1492163271,8,1492247368),(2,3,'123','','','','','','','','','','','','','','','','','','','','','','',8,1492946802,8,1492946802);

/*Table structure for table `plb3_sa_form` */

DROP TABLE IF EXISTS `plb3_sa_form`;

CREATE TABLE `plb3_sa_form` (
  `id` int(11) NOT NULL AUTO_INCREMENT,
  `plb3_self_assessment_id` int(11) NOT NULL,
  `created_by` smallint(5) unsigned NOT NULL,
  `created_at` int(11) NOT NULL,
  `updated_by` smallint(5) unsigned NOT NULL,
  `updated_at` int(11) NOT NULL,
  PRIMARY KEY (`id`),
  KEY `FK_plb3_sa_form_self_assessment` (`plb3_self_assessment_id`),
  CONSTRAINT `FK_plb3_sa_form_self_assessment` FOREIGN KEY (`plb3_self_assessment_id`) REFERENCES `plb3_self_assessment` (`id`) ON DELETE CASCADE ON UPDATE CASCADE
) ENGINE=InnoDB AUTO_INCREMENT=4 DEFAULT CHARSET=latin1;

/*Data for the table `plb3_sa_form` */

insert  into `plb3_sa_form`(`id`,`plb3_self_assessment_id`,`created_by`,`created_at`,`updated_by`,`updated_at`) values (3,2,8,1492696547,8,1492703355);

/*Table structure for table `plb3_sa_form_detail` */

DROP TABLE IF EXISTS `plb3_sa_form_detail`;

CREATE TABLE `plb3_sa_form_detail` (
  `id` int(11) NOT NULL AUTO_INCREMENT,
  `plb3_sa_form_id` int(11) NOT NULL,
  `plb3_sa_question_id` int(11) NOT NULL,
  `plb3safd_yes_no` varchar(1) DEFAULT NULL,
  `plb3safd_percentage` int(3) DEFAULT NULL,
  `plb3safd_description` text,
  `created_by` smallint(5) unsigned NOT NULL,
  `created_at` int(11) NOT NULL,
  `updated_by` smallint(5) unsigned NOT NULL,
  `updated_at` int(11) NOT NULL,
  PRIMARY KEY (`id`),
  KEY `FK_plb3_sa_form_detail_form` (`plb3_sa_form_id`),
  KEY `FK_plb3_sa_form_detail_question` (`plb3_sa_question_id`),
  CONSTRAINT `FK_plb3_sa_form_detail_form` FOREIGN KEY (`plb3_sa_form_id`) REFERENCES `plb3_sa_form` (`id`) ON DELETE CASCADE ON UPDATE CASCADE,
  CONSTRAINT `FK_plb3_sa_form_detail_question` FOREIGN KEY (`plb3_sa_question_id`) REFERENCES `plb3_sa_question` (`id`) ON DELETE CASCADE ON UPDATE CASCADE
) ENGINE=InnoDB AUTO_INCREMENT=15 DEFAULT CHARSET=latin1;

/*Data for the table `plb3_sa_form_detail` */

insert  into `plb3_sa_form_detail`(`id`,`plb3_sa_form_id`,`plb3_sa_question_id`,`plb3safd_yes_no`,`plb3safd_percentage`,`plb3safd_description`,`created_by`,`created_at`,`updated_by`,`updated_at`) values (1,3,1,NULL,NULL,NULL,8,1492696547,8,1492703355),(2,3,3,'Y',NULL,'Izin Tempat Penyimpanan Sementara Ash Disposal Area',8,1492696550,8,1492703355),(3,3,4,'Y',NULL,'Izin TPS Gudang Limbah B3',8,1492696550,8,1492703355),(4,3,7,NULL,100,NULL,8,1492696550,8,1492703355),(5,3,9,'Y',NULL,'',8,1492696550,8,1492703355),(6,3,10,NULL,NULL,NULL,8,1492696550,8,1492703355),(7,3,13,'Y',NULL,'- Nama pihak ketiga : PT. SEMEN BATURAJA PERSERO\r\n- Izin/SK Nomor : 203 TAHUN 2012\r\n- Jenis Limbah B3 yang diizinkan dikelola oleh pihak ketiga : PEMANFAATAN\r\n- Instansi yang mengeluarkan izin : KEMENTERIAN LINGKUNGAN HIDUP',8,1492696550,8,1492703355),(8,3,14,'Y',NULL,'',8,1492696550,8,1492703355),(9,3,21,'Y',NULL,'',8,1492696550,8,1492703355),(10,3,16,'Y',NULL,'',8,1492696550,8,1492703355),(11,3,17,'Y',NULL,'',8,1492696550,8,1492703355),(12,3,18,'Y',NULL,'',8,1492696550,8,1492703355),(13,3,19,'Y',NULL,'',8,1492696550,8,1492703355),(14,3,20,'Y',NULL,'',8,1492696550,8,1492703355);

/*Table structure for table `plb3_sa_form_detail_static` */

DROP TABLE IF EXISTS `plb3_sa_form_detail_static`;

CREATE TABLE `plb3_sa_form_detail_static` (
  `id` int(11) NOT NULL AUTO_INCREMENT,
  `plb3_sa_form_id` int(11) NOT NULL,
  `plb3safds_ans_1` varchar(1) DEFAULT NULL,
  `plb3safds_ans_2` varchar(1) DEFAULT NULL,
  `plb3safds_ans_3` varchar(1) DEFAULT NULL,
  `created_by` smallint(5) unsigned NOT NULL,
  `created_at` int(11) NOT NULL,
  `updated_by` smallint(5) unsigned NOT NULL,
  `updated_at` int(11) NOT NULL,
  PRIMARY KEY (`id`),
  KEY `FK_plb3_sa_form_detail_static` (`plb3_sa_form_id`),
  CONSTRAINT `FK_plb3_sa_form_detail_static` FOREIGN KEY (`plb3_sa_form_id`) REFERENCES `plb3_sa_form` (`id`) ON DELETE CASCADE ON UPDATE CASCADE
) ENGINE=InnoDB AUTO_INCREMENT=2 DEFAULT CHARSET=latin1;

/*Data for the table `plb3_sa_form_detail_static` */

insert  into `plb3_sa_form_detail_static`(`id`,`plb3_sa_form_id`,`plb3safds_ans_1`,`plb3safds_ans_2`,`plb3safds_ans_3`,`created_by`,`created_at`,`updated_by`,`updated_at`) values (1,3,'Y','N','Y',8,1492696550,8,1492703284);

/*Table structure for table `plb3_sa_form_detail_static_quarter` */

DROP TABLE IF EXISTS `plb3_sa_form_detail_static_quarter`;

CREATE TABLE `plb3_sa_form_detail_static_quarter` (
  `id` int(11) NOT NULL AUTO_INCREMENT,
  `plb3_sa_form_id` int(11) NOT NULL,
  `plb3safdsq_quarter` int(1) NOT NULL,
  `plb3safdsq_ans_1` varchar(1) DEFAULT NULL,
  `plb3safdsq_ans_2` varchar(1) DEFAULT NULL,
  `plb3safdsq_ans_3` varchar(1) DEFAULT NULL,
  `created_by` smallint(5) unsigned NOT NULL,
  `created_at` int(11) NOT NULL,
  `updated_by` smallint(5) unsigned NOT NULL,
  `updated_at` int(11) NOT NULL,
  PRIMARY KEY (`id`),
  KEY `FK_plb3_sa_form_detail_static_quarter` (`plb3_sa_form_id`),
  CONSTRAINT `FK_plb3_sa_form_detail_static_quarter` FOREIGN KEY (`plb3_sa_form_id`) REFERENCES `plb3_sa_form` (`id`) ON DELETE CASCADE ON UPDATE CASCADE
) ENGINE=InnoDB AUTO_INCREMENT=5 DEFAULT CHARSET=latin1;

/*Data for the table `plb3_sa_form_detail_static_quarter` */

insert  into `plb3_sa_form_detail_static_quarter`(`id`,`plb3_sa_form_id`,`plb3safdsq_quarter`,`plb3safdsq_ans_1`,`plb3safdsq_ans_2`,`plb3safdsq_ans_3`,`created_by`,`created_at`,`updated_by`,`updated_at`) values (1,3,3,'Y','Y','Y',8,1492696552,8,1492703355),(2,3,4,'N','N','N',8,1492696552,8,1492703355),(3,3,1,'Y','Y','Y',8,1492696552,8,1492703355),(4,3,2,'N','N','N',8,1492696552,8,1492703355);

/*Table structure for table `plb3_sa_question` */

DROP TABLE IF EXISTS `plb3_sa_question`;

CREATE TABLE `plb3_sa_question` (
  `id` int(11) NOT NULL AUTO_INCREMENT,
  `category_code` varchar(10) NOT NULL,
  `input_type_code` varchar(10) DEFAULT NULL,
  `label` text,
  `is_question` varchar(1) NOT NULL DEFAULT 'Y',
  `parent_id` int(11) DEFAULT NULL,
  `created_by` smallint(5) unsigned NOT NULL,
  `created_at` int(11) NOT NULL,
  `updated_by` smallint(5) unsigned NOT NULL,
  `updated_at` int(11) NOT NULL,
  PRIMARY KEY (`id`),
  KEY `FK_plb3_sa_question_self` (`parent_id`),
  CONSTRAINT `FK_plb3_sa_question_self` FOREIGN KEY (`parent_id`) REFERENCES `plb3_sa_question` (`id`) ON DELETE CASCADE ON UPDATE CASCADE
) ENGINE=InnoDB AUTO_INCREMENT=22 DEFAULT CHARSET=latin1;

/*Data for the table `plb3_sa_question` */

insert  into `plb3_sa_question`(`id`,`category_code`,`input_type_code`,`label`,`is_question`,`parent_id`,`created_by`,`created_at`,`updated_by`,`updated_at`) values (1,'GNRL','FILE','<p>Jelaskan gambaran secara umum pengelolaan untuk masing-masing jenis limbah B3 yang dilakukan perusahaan Saudara, dan lengkapi dengan diagram proses produksi (maksimal 1 lembar A4):</p>','Y',NULL,8,1492344596,8,1492344596),(2,'HZRD','','<p><strong>Perizinan Pengelolaan Limbah B3</strong><strong></strong></p>','N',NULL,8,1492345665,8,1492420923),(3,'HZRD','YN','<p>- Memiliki izin pengelolaan limbah B3</p>','Y',2,8,1492345728,8,1492658462),(4,'HZRD','YN','<p>- Memiliki izin pengelolaan limbah B3</p>','Y',2,8,1492421349,8,1492421349),(5,'HZRD','','<p><strong>Pemenuhan ketentuan izin</strong><strong></strong></p>','N',NULL,8,1492421369,8,1492421369),(6,'HZRD','','<p><strong>a. Mengisi cheklist sesuai pengelolaan limbah B3 yang dilakukan (Form terlampir)</strong><strong></strong></p>','N',5,8,1492421386,8,1492421386),(7,'HZRD','PCT','<p>- Persentase pemenuhan ketentuan teknis pengelolaan limbah B3sesuai checklist yang telah diisi<br>(jika izin lebih dari satu, silahkan menambahkan baris)</p>','Y',6,8,1492421415,8,1492421415),(8,'HZRD','','<p><strong>Jumlah limbah B3 yang dikelola</strong><strong></strong></p>','N',NULL,8,1492421589,8,1492421589),(9,'HZRD','YN','- Apakah memiliki pencatatan jumlah limbah B3 yang telah dikelola selama periode penilaian','Y',8,8,1492421632,8,1492421632),(10,'HZRD','PCT','<p>-Prosentase Limbah B3 yang dikelola sesuai dengan ketentuan</p>','Y',8,8,1492421654,8,1492421654),(11,'HZRD','','<p><strong>Pengelolaan limbah B3 oleh pihak ke-3</strong><strong></strong></p>','N',NULL,8,1492421679,8,1492421679),(12,'HZRD','','<strong>a. Pengumpul/pengolah/pemanfaat/penimbun</strong><strong></strong>','N',11,8,1492421699,8,1492421699),(13,'HZRD','YN','<p>- Apakah limbah B3 dikelola oleh pihak ketiga (pengumpul/pengolah/pemanfaat/penimbun) yang berizin</p>','Y',12,8,1492421786,8,1492421786),(14,'HZRD','YN','<p>- Apakah memiliki kontrak kerja sama antara penghasil dengan pihak ketiga yang mengelola limbah B3 (pengumpul/pengolah/pemanfaat/penimbun)</p>','Y',12,8,1492421833,8,1492421833),(15,'HZRD','','<p><strong>b. Pengangkut</strong><strong></strong></p>','N',11,8,1492421865,8,1492421865),(16,'HZRD','YN','- Apakah pihak pengangkut memiliki rekomendasi pengangkutan limbah B3 dari KLH (PT. SEMEN BATURAJA PERSERO)','Y',15,8,1492421900,8,1492421900),(17,'HZRD','YN','- Apakah pihak pengangkut memiliki izin pengangkutan limbah B3 dari kementerian perhubungan ( PT. SEMEN BATURAJA PERSEO)','Y',15,8,1492421975,8,1492421975),(18,'HZRD','YN','- Apakah jenis limbah B3 yang diangkut telah sesuai dengan rekomendasi dan izin yang dimiliki oleh pihak pengangkut','Y',15,8,1492422000,8,1492422000),(19,'HZRD','YN','- Apakah pihak pengangkut memiliki dokumen manifest yang sah sesuai dengan ketentuan kep.Ka. Bapedal Nomor: Kep-02/Bapedal/09/1996','Y',15,8,1492422036,8,1492422036),(20,'HZRD','YN','- Apakah pihak pengangkut sedang memiliki permasalahan pencemaran lingkungan (PT. PRIMANRU JAYA)','Y',15,8,1492422054,8,1492422054),(21,'HZRD','YN','<p>- Apakah pihak ketiga (pengumpul/pengolah/pemanfaat/ penimbun) sedang memiliki permasalahan pencemaran lingkungan (PT. SEMEN BATURAJA PERSERO)</p>','Y',12,8,1492602290,8,1492602290);

/*Table structure for table `plb3_self_assessment` */

DROP TABLE IF EXISTS `plb3_self_assessment`;

CREATE TABLE `plb3_self_assessment` (
  `id` int(11) NOT NULL AUTO_INCREMENT,
  `sector_id` int(11) NOT NULL,
  `power_plant_id` int(11) NOT NULL,
  `plb3_year` int(4) NOT NULL,
  `created_by` smallint(5) unsigned NOT NULL,
  `created_at` int(11) NOT NULL,
  `updated_by` smallint(5) unsigned NOT NULL,
  `updated_at` int(11) NOT NULL,
  PRIMARY KEY (`id`),
  KEY `FK_plb3_self_assessment_power_plant` (`power_plant_id`),
  KEY `FK_plb3_self_assessment_sector` (`sector_id`),
  CONSTRAINT `FK_plb3_self_assessment_power_plant` FOREIGN KEY (`power_plant_id`) REFERENCES `power_plant` (`id`) ON DELETE CASCADE ON UPDATE CASCADE,
  CONSTRAINT `FK_plb3_self_assessment_sector` FOREIGN KEY (`sector_id`) REFERENCES `sector` (`id`) ON DELETE CASCADE ON UPDATE CASCADE
) ENGINE=InnoDB AUTO_INCREMENT=4 DEFAULT CHARSET=latin1;

/*Data for the table `plb3_self_assessment` */

insert  into `plb3_self_assessment`(`id`,`sector_id`,`power_plant_id`,`plb3_year`,`created_by`,`created_at`,`updated_by`,`updated_at`) values (2,4,1,2016,8,1492149488,8,1492149488),(3,2,4,2017,8,1492946603,8,1492946603);

/*Table structure for table `plb3bsd_month` */

DROP TABLE IF EXISTS `plb3bsd_month`;

CREATE TABLE `plb3bsd_month` (
  `id` int(11) NOT NULL AUTO_INCREMENT,
  `plb3_balance_sheet_treatment_id` int(11) NOT NULL,
  `plb3bsdm_month` int(2) NOT NULL,
  `plb3bsdm_year` int(4) NOT NULL,
  `plb3bsdm_value` decimal(10,2) DEFAULT NULL,
  `created_by` smallint(5) unsigned NOT NULL,
  `created_at` int(11) NOT NULL,
  `updated_by` smallint(5) unsigned NOT NULL,
  `updated_at` int(11) NOT NULL,
  PRIMARY KEY (`id`),
  KEY `FK_plb3bsd_month_balance_sheet_treatment` (`plb3_balance_sheet_treatment_id`),
  CONSTRAINT `FK_plb3bsd_month_balance_sheet_treatment` FOREIGN KEY (`plb3_balance_sheet_treatment_id`) REFERENCES `plb3_balance_sheet_treatment` (`id`) ON DELETE CASCADE ON UPDATE CASCADE
) ENGINE=InnoDB AUTO_INCREMENT=1249 DEFAULT CHARSET=latin1;

/*Data for the table `plb3bsd_month` */

insert  into `plb3bsd_month`(`id`,`plb3_balance_sheet_treatment_id`,`plb3bsdm_month`,`plb3bsdm_year`,`plb3bsdm_value`,`created_by`,`created_at`,`updated_by`,`updated_at`) values (961,128,7,2016,'1710.00',8,1492281063,8,1492410673),(962,128,8,2016,'1152.00',8,1492281064,8,1492410673),(963,128,9,2016,'1386.00',8,1492281064,8,1492410673),(964,128,10,2016,'1188.00',8,1492281064,8,1492410673),(965,128,11,2016,'1134.00',8,1492281064,8,1492410673),(966,128,12,2016,'1044.00',8,1492281064,8,1492410673),(967,128,1,2017,'684.00',8,1492281064,8,1492410673),(968,128,2,2017,'828.00',8,1492281064,8,1492410673),(969,128,3,2017,'1458.00',8,1492281064,8,1492410673),(970,128,4,2017,NULL,8,1492281064,8,1492410673),(971,128,5,2017,NULL,8,1492281064,8,1492410673),(972,128,6,2017,NULL,8,1492281064,8,1492410673),(973,130,7,2016,'0.00',8,1492281064,8,1492410673),(974,130,8,2016,'0.00',8,1492281064,8,1492410673),(975,130,9,2016,'0.00',8,1492281064,8,1492410673),(976,130,10,2016,'0.00',8,1492281064,8,1492410673),(977,130,11,2016,'0.00',8,1492281064,8,1492410673),(978,130,12,2016,'0.00',8,1492281064,8,1492410673),(979,130,1,2017,'0.00',8,1492281064,8,1492410673),(980,130,2,2017,'0.00',8,1492281064,8,1492410673),(981,130,3,2017,'0.00',8,1492281064,8,1492410673),(982,130,4,2017,'0.00',8,1492281064,8,1492410673),(983,130,5,2017,'0.00',8,1492281064,8,1492410673),(984,130,6,2017,'0.00',8,1492281064,8,1492410673),(985,131,7,2016,'0.00',8,1492281064,8,1492410673),(986,131,8,2016,'0.00',8,1492281064,8,1492410673),(987,131,9,2016,'0.00',8,1492281064,8,1492410673),(988,131,10,2016,'0.00',8,1492281064,8,1492410673),(989,131,11,2016,'0.00',8,1492281064,8,1492410673),(990,131,12,2016,'0.00',8,1492281064,8,1492410673),(991,131,1,2017,'0.00',8,1492281064,8,1492410673),(992,131,2,2017,'0.00',8,1492281064,8,1492410673),(993,131,3,2017,'0.00',8,1492281064,8,1492410673),(994,131,4,2017,'0.00',8,1492281064,8,1492410673),(995,131,5,2017,'0.00',8,1492281064,8,1492410673),(996,131,6,2017,'0.00',8,1492281064,8,1492410673),(997,132,7,2016,'0.00',8,1492281064,8,1492410673),(998,132,8,2016,'0.00',8,1492281064,8,1492410673),(999,132,9,2016,'0.00',8,1492281064,8,1492410673),(1000,132,10,2016,'0.00',8,1492281064,8,1492410673),(1001,132,11,2016,'0.00',8,1492281064,8,1492410673),(1002,132,12,2016,'0.00',8,1492281064,8,1492410673),(1003,132,1,2017,'0.00',8,1492281064,8,1492410673),(1004,132,2,2017,'0.00',8,1492281064,8,1492410673),(1005,132,3,2017,'0.00',8,1492281064,8,1492410673),(1006,132,4,2017,'0.00',8,1492281064,8,1492410673),(1007,132,5,2017,'0.00',8,1492281064,8,1492410673),(1008,132,6,2017,'0.00',8,1492281064,8,1492410673),(1009,133,7,2016,'163.28',8,1492281064,8,1492410673),(1010,133,8,2016,'373.91',8,1492281064,8,1492410673),(1011,133,9,2016,'474.63',8,1492281064,8,1492410673),(1012,133,10,2016,'507.87',8,1492281064,8,1492410673),(1013,133,11,2016,'662.79',8,1492281064,8,1492410673),(1014,133,12,2016,'639.58',8,1492281064,8,1492410673),(1015,133,1,2017,'276.82',8,1492281064,8,1492410673),(1016,133,2,2017,'423.48',8,1492281064,8,1492410673),(1017,133,3,2017,'402.21',8,1492281064,8,1492410673),(1018,133,4,2017,'0.00',8,1492281064,8,1492410673),(1019,133,5,2017,'0.00',8,1492281064,8,1492410673),(1020,133,6,2017,'0.00',8,1492281064,8,1492410673),(1021,134,7,2016,'0.00',8,1492281064,8,1492410673),(1022,134,8,2016,'0.00',8,1492281064,8,1492410673),(1023,134,9,2016,'0.00',8,1492281064,8,1492410673),(1024,134,10,2016,'0.00',8,1492281064,8,1492410673),(1025,134,11,2016,'0.00',8,1492281064,8,1492410673),(1026,134,12,2016,'0.00',8,1492281064,8,1492410673),(1027,134,1,2017,'0.00',8,1492281064,8,1492410673),(1028,134,2,2017,'0.00',8,1492281064,8,1492410673),(1029,134,3,2017,'0.00',8,1492281064,8,1492410673),(1030,134,4,2017,'0.00',8,1492281064,8,1492410673),(1031,134,5,2017,'0.00',8,1492281064,8,1492410673),(1032,134,6,2017,'0.00',8,1492281064,8,1492410673),(1033,135,7,2016,'123.00',8,1492366292,8,1492366292),(1034,135,8,2016,'123.00',8,1492366292,8,1492366292),(1035,135,9,2016,NULL,8,1492366292,8,1492366292),(1036,135,10,2016,NULL,8,1492366292,8,1492366292),(1037,135,11,2016,NULL,8,1492366292,8,1492366292),(1038,135,12,2016,NULL,8,1492366292,8,1492366292),(1039,135,1,2017,NULL,8,1492366292,8,1492366292),(1040,135,2,2017,NULL,8,1492366292,8,1492366292),(1041,135,3,2017,NULL,8,1492366292,8,1492366292),(1042,135,4,2017,NULL,8,1492366292,8,1492366292),(1043,135,5,2017,NULL,8,1492366292,8,1492366292),(1044,135,6,2017,NULL,8,1492366292,8,1492366292),(1045,137,7,2016,'123.00',8,1492366292,8,1492366292),(1046,137,8,2016,'123.00',8,1492366292,8,1492366292),(1047,137,9,2016,NULL,8,1492366292,8,1492366292),(1048,137,10,2016,NULL,8,1492366292,8,1492366292),(1049,137,11,2016,NULL,8,1492366292,8,1492366292),(1050,137,12,2016,NULL,8,1492366292,8,1492366292),(1051,137,1,2017,NULL,8,1492366292,8,1492366292),(1052,137,2,2017,NULL,8,1492366293,8,1492366293),(1053,137,3,2017,NULL,8,1492366293,8,1492366293),(1054,137,4,2017,NULL,8,1492366293,8,1492366293),(1055,137,5,2017,NULL,8,1492366293,8,1492366293),(1056,137,6,2017,NULL,8,1492366293,8,1492366293),(1057,138,7,2016,NULL,8,1492366293,8,1492366293),(1058,138,8,2016,NULL,8,1492366293,8,1492366293),(1059,138,9,2016,NULL,8,1492366293,8,1492366293),(1060,138,10,2016,NULL,8,1492366293,8,1492366293),(1061,138,11,2016,NULL,8,1492366293,8,1492366293),(1062,138,12,2016,NULL,8,1492366293,8,1492366293),(1063,138,1,2017,NULL,8,1492366293,8,1492366293),(1064,138,2,2017,NULL,8,1492366293,8,1492366293),(1065,138,3,2017,NULL,8,1492366293,8,1492366293),(1066,138,4,2017,NULL,8,1492366293,8,1492366293),(1067,138,5,2017,NULL,8,1492366293,8,1492366293),(1068,138,6,2017,NULL,8,1492366293,8,1492366293),(1069,139,7,2016,NULL,8,1492366293,8,1492366293),(1070,139,8,2016,NULL,8,1492366293,8,1492366293),(1071,139,9,2016,NULL,8,1492366293,8,1492366293),(1072,139,10,2016,NULL,8,1492366293,8,1492366293),(1073,139,11,2016,NULL,8,1492366293,8,1492366293),(1074,139,12,2016,NULL,8,1492366293,8,1492366293),(1075,139,1,2017,NULL,8,1492366293,8,1492366293),(1076,139,2,2017,NULL,8,1492366293,8,1492366293),(1077,139,3,2017,NULL,8,1492366293,8,1492366293),(1078,139,4,2017,NULL,8,1492366293,8,1492366293),(1079,139,5,2017,NULL,8,1492366293,8,1492366293),(1080,139,6,2017,NULL,8,1492366293,8,1492366293),(1081,140,7,2016,NULL,8,1492366293,8,1492366293),(1082,140,8,2016,NULL,8,1492366293,8,1492366293),(1083,140,9,2016,NULL,8,1492366293,8,1492366293),(1084,140,10,2016,NULL,8,1492366293,8,1492366293),(1085,140,11,2016,NULL,8,1492366293,8,1492366293),(1086,140,12,2016,NULL,8,1492366293,8,1492366293),(1087,140,1,2017,NULL,8,1492366293,8,1492366293),(1088,140,2,2017,NULL,8,1492366293,8,1492366293),(1089,140,3,2017,NULL,8,1492366293,8,1492366293),(1090,140,4,2017,NULL,8,1492366293,8,1492366293),(1091,140,5,2017,NULL,8,1492366293,8,1492366293),(1092,140,6,2017,NULL,8,1492366293,8,1492366293),(1093,141,7,2016,NULL,8,1492366293,8,1492366293),(1094,141,8,2016,NULL,8,1492366293,8,1492366293),(1095,141,9,2016,NULL,8,1492366293,8,1492366293),(1096,141,10,2016,NULL,8,1492366293,8,1492366293),(1097,141,11,2016,NULL,8,1492366293,8,1492366293),(1098,141,12,2016,NULL,8,1492366293,8,1492366293),(1099,141,1,2017,NULL,8,1492366293,8,1492366293),(1100,141,2,2017,NULL,8,1492366293,8,1492366293),(1101,141,3,2017,NULL,8,1492366293,8,1492366293),(1102,141,4,2017,NULL,8,1492366293,8,1492366293),(1103,141,5,2017,NULL,8,1492366293,8,1492366293),(1104,141,6,2017,NULL,8,1492366293,8,1492366293),(1177,149,7,2016,'12312.00',8,1492416280,8,1492416280),(1178,149,8,2016,'3123.00',8,1492416280,8,1492416280),(1179,149,9,2016,'123.00',8,1492416280,8,1492416280),(1180,149,10,2016,'123.00',8,1492416280,8,1492416280),(1181,149,11,2016,'123.00',8,1492416280,8,1492416280),(1182,149,12,2016,'123123.00',8,1492416280,8,1492416280),(1183,149,1,2017,'323.00',8,1492416280,8,1492416280),(1184,149,2,2017,'414.00',8,1492416280,8,1492416280),(1185,149,3,2017,NULL,8,1492416280,8,1492416280),(1186,149,4,2017,NULL,8,1492416280,8,1492416280),(1187,149,5,2017,NULL,8,1492416280,8,1492416280),(1188,149,6,2017,NULL,8,1492416280,8,1492416280),(1189,151,7,2016,NULL,8,1492416280,8,1492416280),(1190,151,8,2016,NULL,8,1492416280,8,1492416280),(1191,151,9,2016,NULL,8,1492416280,8,1492416280),(1192,151,10,2016,NULL,8,1492416280,8,1492416280),(1193,151,11,2016,NULL,8,1492416280,8,1492416280),(1194,151,12,2016,NULL,8,1492416280,8,1492416280),(1195,151,1,2017,NULL,8,1492416280,8,1492416280),(1196,151,2,2017,'42423.00',8,1492416280,8,1492416280),(1197,151,3,2017,NULL,8,1492416280,8,1492416280),(1198,151,4,2017,NULL,8,1492416280,8,1492416280),(1199,151,5,2017,NULL,8,1492416280,8,1492416280),(1200,151,6,2017,NULL,8,1492416280,8,1492416280),(1201,152,7,2016,NULL,8,1492416280,8,1492416280),(1202,152,8,2016,NULL,8,1492416280,8,1492416280),(1203,152,9,2016,'123.00',8,1492416280,8,1492416280),(1204,152,10,2016,'123.00',8,1492416280,8,1492416280),(1205,152,11,2016,'123.00',8,1492416280,8,1492416280),(1206,152,12,2016,'123.00',8,1492416280,8,1492416280),(1207,152,1,2017,NULL,8,1492416280,8,1492416280),(1208,152,2,2017,'244.00',8,1492416280,8,1492416280),(1209,152,3,2017,NULL,8,1492416280,8,1492416280),(1210,152,4,2017,NULL,8,1492416280,8,1492416280),(1211,152,5,2017,NULL,8,1492416281,8,1492416281),(1212,152,6,2017,NULL,8,1492416281,8,1492416281),(1213,153,7,2016,NULL,8,1492416281,8,1492416281),(1214,153,8,2016,NULL,8,1492416281,8,1492416281),(1215,153,9,2016,'123.00',8,1492416281,8,1492416281),(1216,153,10,2016,NULL,8,1492416281,8,1492416281),(1217,153,11,2016,NULL,8,1492416281,8,1492416281),(1218,153,12,2016,NULL,8,1492416281,8,1492416281),(1219,153,1,2017,'3.00',8,1492416281,8,1492416281),(1220,153,2,2017,'124.00',8,1492416281,8,1492416281),(1221,153,3,2017,NULL,8,1492416281,8,1492416281),(1222,153,4,2017,NULL,8,1492416281,8,1492416281),(1223,153,5,2017,NULL,8,1492416281,8,1492416281),(1224,153,6,2017,NULL,8,1492416281,8,1492416281),(1225,154,7,2016,NULL,8,1492416281,8,1492416281),(1226,154,8,2016,NULL,8,1492416281,8,1492416281),(1227,154,9,2016,'3123.00',8,1492416281,8,1492416281),(1228,154,10,2016,'123.00',8,1492416281,8,1492416281),(1229,154,11,2016,NULL,8,1492416281,8,1492416281),(1230,154,12,2016,'123.00',8,1492416281,8,1492416281),(1231,154,1,2017,NULL,8,1492416281,8,1492416281),(1232,154,2,2017,'12.00',8,1492416281,8,1492416281),(1233,154,3,2017,NULL,8,1492416281,8,1492416281),(1234,154,4,2017,NULL,8,1492416281,8,1492416281),(1235,154,5,2017,NULL,8,1492416281,8,1492416281),(1236,154,6,2017,NULL,8,1492416281,8,1492416281),(1237,155,7,2016,NULL,8,1492416281,8,1492416281),(1238,155,8,2016,NULL,8,1492416281,8,1492416281),(1239,155,9,2016,NULL,8,1492416281,8,1492416281),(1240,155,10,2016,NULL,8,1492416281,8,1492416281),(1241,155,11,2016,NULL,8,1492416281,8,1492416281),(1242,155,12,2016,NULL,8,1492416281,8,1492416281),(1243,155,1,2017,'123.00',8,1492416281,8,1492416281),(1244,155,2,2017,NULL,8,1492416281,8,1492416281),(1245,155,3,2017,NULL,8,1492416281,8,1492416281),(1246,155,4,2017,NULL,8,1492416281,8,1492416281),(1247,155,5,2017,NULL,8,1492416281,8,1492416281),(1248,155,6,2017,NULL,8,1492416281,8,1492416281);

/*Table structure for table `power_plant` */

DROP TABLE IF EXISTS `power_plant`;

CREATE TABLE `power_plant` (
  `id` int(11) NOT NULL AUTO_INCREMENT,
  `sector_id` int(11) NOT NULL,
  `pp_name` varchar(150) NOT NULL,
  `created_by` smallint(5) unsigned NOT NULL,
  `created_at` int(11) NOT NULL,
  `updated_by` smallint(5) unsigned NOT NULL,
  `updated_at` int(11) NOT NULL,
  PRIMARY KEY (`id`),
  KEY `FK_power_plant_sector` (`sector_id`),
  CONSTRAINT `FK_power_plant_sector` FOREIGN KEY (`sector_id`) REFERENCES `sector` (`id`)
) ENGINE=InnoDB AUTO_INCREMENT=32 DEFAULT CHARSET=latin1;

/*Data for the table `power_plant` */

insert  into `power_plant`(`id`,`sector_id`,`pp_name`,`created_by`,`created_at`,`updated_by`,`updated_at`) values (1,4,'Kantor Sektor',8,1479444423,8,1495616793),(2,4,'PLTG Batanghari',8,1479444739,8,1495616811),(3,4,'PLTMG Sei Gelam',8,1479444770,8,1495616832),(4,2,'Kantor Sektor',8,1479444945,8,1495616676),(5,7,'Kantor Sektor',8,1479445219,8,1495617078),(6,10,'Kantor Induk',8,1495616509,8,1495616509),(7,11,'PLTU Ombilin',8,1495616543,8,1495616543),(8,11,'PLTG Pauh Limo',8,1495616554,8,1495616554),(9,8,'PLTU Bukit Asam',8,1495616599,8,1495616599),(10,9,'PLTU Tarahan',8,1495616608,8,1495616608),(11,12,'PLTU Teluk Sirih',8,1495616617,8,1495616617),(12,13,'PLTU Sebalang',8,1495616628,8,1495616628),(13,2,'PLTG Keramasan',8,1495616705,8,1495616705),(14,2,'PLTGU Indralaya',8,1495616713,8,1495616713),(15,2,'PLTG Borang',8,1495616725,8,1495616725),(16,2,'PLTG Jakabaring',8,1495616734,8,1495616734),(17,2,'PLTG Talang Duku',8,1495616754,8,1495616754),(18,2,'PLTD Sungai Juaro',8,1495616764,8,1495616764),(19,5,'Kantor Sektor',8,1495616874,8,1495616874),(20,5,'PLTP Ulubelu',8,1495616882,8,1495616882),(21,5,'PLTD Tegineneng',8,1495616893,8,1495616893),(22,5,'PLTD Teluk Betung',8,1495616903,8,1495616903),(23,5,'PLTD/G Tarahan',8,1495616912,8,1495616912),(24,5,'PLTA Besai',8,1495616921,8,1495616921),(25,5,'PLTA Batutegi',8,1495616930,8,1495616930),(26,6,'Kantor Sektor',8,1495616993,8,1495616993),(27,6,'PLTA Maninjau',8,1495617002,8,1495617002),(28,6,'PLTA Singkarak',8,1495617012,8,1495617012),(29,6,'PLTA Batang Agam',8,1495617021,8,1495617021),(30,7,'PLTA Musi',8,1495617090,8,1495617090),(31,7,'PLTA Tes',8,1495617100,8,1495617100);

/*Table structure for table `ppa` */

DROP TABLE IF EXISTS `ppa`;

CREATE TABLE `ppa` (
  `id` int(11) NOT NULL AUTO_INCREMENT,
  `sector_id` int(11) NOT NULL,
  `power_plant_id` int(11) NOT NULL,
  `ppa_year` int(4) NOT NULL,
  `created_by` smallint(5) unsigned NOT NULL,
  `created_at` int(11) NOT NULL,
  `updated_by` smallint(5) unsigned NOT NULL,
  `updated_at` int(11) NOT NULL,
  PRIMARY KEY (`id`),
  KEY `FK_ppa_sector` (`sector_id`),
  KEY `FK_ppa_power_plant` (`power_plant_id`),
  CONSTRAINT `FK_ppa_power_plant` FOREIGN KEY (`power_plant_id`) REFERENCES `power_plant` (`id`) ON DELETE CASCADE ON UPDATE CASCADE,
  CONSTRAINT `FK_ppa_sector` FOREIGN KEY (`sector_id`) REFERENCES `sector` (`id`) ON DELETE CASCADE ON UPDATE CASCADE
) ENGINE=InnoDB AUTO_INCREMENT=4 DEFAULT CHARSET=latin1;

/*Data for the table `ppa` */

insert  into `ppa`(`id`,`sector_id`,`power_plant_id`,`ppa_year`,`created_by`,`created_at`,`updated_by`,`updated_at`) values (1,4,2,2017,8,1487233107,8,1487233107),(2,7,5,2017,8,1487233182,8,1487233182),(3,2,4,2017,8,1487479047,8,1487479047);

/*Table structure for table `ppa_ba` */

DROP TABLE IF EXISTS `ppa_ba`;

CREATE TABLE `ppa_ba` (
  `id` int(11) NOT NULL AUTO_INCREMENT,
  `sector_id` int(11) NOT NULL,
  `power_plant_id` int(11) NOT NULL,
  `ppaba_year` int(4) NOT NULL,
  `created_by` smallint(5) unsigned NOT NULL,
  `created_at` int(11) NOT NULL,
  `updated_by` smallint(5) unsigned NOT NULL,
  `updated_at` int(11) NOT NULL,
  PRIMARY KEY (`id`),
  KEY `FK_ppa_sector` (`sector_id`),
  KEY `FK_ppa_power_plant` (`power_plant_id`),
  CONSTRAINT `FK_ppa_ba_power_plant` FOREIGN KEY (`power_plant_id`) REFERENCES `power_plant` (`id`),
  CONSTRAINT `FK_ppa_ba_sector` FOREIGN KEY (`sector_id`) REFERENCES `sector` (`id`)
) ENGINE=InnoDB AUTO_INCREMENT=4 DEFAULT CHARSET=latin1;

/*Data for the table `ppa_ba` */

insert  into `ppa_ba`(`id`,`sector_id`,`power_plant_id`,`ppaba_year`,`created_by`,`created_at`,`updated_by`,`updated_at`) values (1,4,1,2017,8,1490334284,8,1490334284),(2,4,2,2016,8,1490334436,8,1490334436),(3,2,4,1234,8,1491714734,8,1491714734);

/*Table structure for table `ppa_ba_concentration` */

DROP TABLE IF EXISTS `ppa_ba_concentration`;

CREATE TABLE `ppa_ba_concentration` (
  `id` int(11) NOT NULL AUTO_INCREMENT,
  `ppa_ba_report_bm_id` int(11) NOT NULL,
  `ppabac_month` int(2) DEFAULT NULL,
  `ppabac_year` int(4) DEFAULT NULL,
  `ppabac_value` decimal(21,12) DEFAULT NULL,
  `created_by` smallint(5) unsigned NOT NULL,
  `created_at` int(11) NOT NULL,
  `updated_by` smallint(5) unsigned NOT NULL,
  `updated_at` int(11) NOT NULL,
  PRIMARY KEY (`id`),
  KEY `FK_ppa_ba_consentration_report_bm` (`ppa_ba_report_bm_id`),
  CONSTRAINT `FK_ppa_ba_consentration_report_bm` FOREIGN KEY (`ppa_ba_report_bm_id`) REFERENCES `ppa_ba_report_bm` (`id`) ON DELETE CASCADE ON UPDATE CASCADE
) ENGINE=InnoDB AUTO_INCREMENT=61 DEFAULT CHARSET=latin1;

/*Data for the table `ppa_ba_concentration` */

insert  into `ppa_ba_concentration`(`id`,`ppa_ba_report_bm_id`,`ppabac_month`,`ppabac_year`,`ppabac_value`,`created_by`,`created_at`,`updated_by`,`updated_at`) values (1,1,7,2016,'7.200000000000',8,1490518613,8,1490520116),(2,1,8,2016,'7.940000000000',8,1490518613,8,1490520116),(3,1,9,2016,'7.480000000000',8,1490518613,8,1490520116),(4,1,10,2016,'7.140000000000',8,1490518613,8,1490520116),(5,1,11,2016,'7.240000000000',8,1490518613,8,1490520116),(6,1,12,2016,'7.510000000000',8,1490518613,8,1490520116),(7,1,1,2017,'7.260000000000',8,1490518613,8,1490520116),(8,1,2,2017,'7.780000000000',8,1490518613,8,1490520116),(9,1,3,2017,'7.910000000000',8,1490518613,8,1490520116),(10,1,4,2017,'7.090000000000',8,1490518613,8,1490520116),(11,1,5,2017,'0.000000000000',8,1490518613,8,1490520116),(12,1,6,2017,'0.000000000000',8,1490518613,8,1490520116),(13,2,7,2016,'1.000000000000',8,1490518713,8,1490518713),(14,2,8,2016,'5.000000000000',8,1490518713,8,1490518713),(15,2,9,2016,'2.000000000000',8,1490518713,8,1490518713),(16,2,10,2016,'0.000000000000',8,1490518713,8,1490518713),(17,2,11,2016,'10.000000000000',8,1490518713,8,1490518713),(18,2,12,2016,'1.000000000000',8,1490518713,8,1490518713),(19,2,1,2017,'3.000000000000',8,1490518713,8,1490518713),(20,2,2,2017,'5.000000000000',8,1490518713,8,1490518713),(21,2,3,2017,'4.000000000000',8,1490518713,8,1490518713),(22,2,4,2017,'6.000000000000',8,1490518713,8,1490518713),(23,2,5,2017,NULL,8,1490518713,8,1490518713),(24,2,6,2017,NULL,8,1490518713,8,1490518713),(25,3,7,2016,'1.000000000000',8,1490518840,8,1490518840),(26,3,8,2016,'3.000000000000',8,1490518840,8,1490518840),(27,3,9,2016,'1.000000000000',8,1490518840,8,1490518840),(28,3,10,2016,'3.000000000000',8,1490518840,8,1490518840),(29,3,11,2016,'2.000000000000',8,1490518840,8,1490518840),(30,3,12,2016,'1.000000000000',8,1490518840,8,1490518840),(31,3,1,2017,'0.400000000000',8,1490518840,8,1490518840),(32,3,2,2017,'1.900000000000',8,1490518840,8,1490518840),(33,3,3,2017,'1.100000000000',8,1490518840,8,1490518840),(34,3,4,2017,'1.900000000000',8,1490518840,8,1490518840),(35,3,5,2017,NULL,8,1490518840,8,1490518840),(36,3,6,2017,NULL,8,1490518840,8,1490518840),(37,4,7,2016,'1395.000000000000',8,1490518920,8,1490518920),(38,4,8,2016,'1395.000000000000',8,1490518920,8,1490518920),(39,4,9,2016,'1350.000000000000',8,1490518920,8,1490518920),(40,4,10,2016,'1395.000000000000',8,1490518920,8,1490518920),(41,4,11,2016,'1350.000000000000',8,1490518920,8,1490518920),(42,4,12,2016,'1395.000000000000',8,1490518920,8,1490518920),(43,4,1,2017,'1395.000000000000',8,1490518920,8,1490518920),(44,4,2,2017,'1305.000000000000',8,1490518920,8,1490518920),(45,4,3,2017,'1395.000000000000',8,1490518920,8,1490518920),(46,4,4,2017,'1395.000000000000',8,1490518920,8,1490518920),(47,4,5,2017,NULL,8,1490518920,8,1490518920),(48,4,6,2017,NULL,8,1490518920,8,1490518920),(49,5,7,2016,'121252677.000000000000',8,1490519268,8,1490519268),(50,5,8,2016,'124272600.000000000000',8,1490519268,8,1490519268),(51,5,9,2016,'130266044.000000000000',8,1490519268,8,1490519268),(52,5,10,2016,'116507959.000000000000',8,1490519268,8,1490519268),(53,5,11,2016,'74002945.000000000000',8,1490519268,8,1490519268),(54,5,12,2016,'83155247.000000000000',8,1490519268,8,1490519268),(55,5,1,2017,'77516071.000000000000',8,1490519268,8,1490519268),(56,5,2,2017,'89188124.505899995565',8,1490519268,8,1490519268),(57,5,3,2017,'63281097.520000003278',8,1490519268,8,1490519268),(58,5,4,2017,'49570318.465145699680',8,1490519268,8,1490519268),(59,5,5,2017,NULL,8,1490519268,8,1490519268),(60,5,6,2017,NULL,8,1490519268,8,1490519268);

/*Table structure for table `ppa_ba_monitoring_point` */

DROP TABLE IF EXISTS `ppa_ba_monitoring_point`;

CREATE TABLE `ppa_ba_monitoring_point` (
  `id` int(11) NOT NULL AUTO_INCREMENT,
  `ppa_ba_id` int(11) NOT NULL,
  `ppabamp_wastewater_source` varchar(150) DEFAULT NULL,
  `ppabamp_monitoring_point_name` varchar(150) DEFAULT NULL,
  `ppabamp_coord_lat` varchar(50) DEFAULT NULL,
  `ppabamp_coord_long` varchar(50) DEFAULT NULL,
  `ppabamp_document_name` varchar(150) DEFAULT NULL,
  `ppabamp_permit_publisher` varchar(150) DEFAULT NULL,
  `ppabamp_validation_date` date DEFAULT NULL,
  `ppabamp_monitoring_frequency_code` varchar(10) DEFAULT NULL,
  `ppabamp_monitoring_status_code` varchar(10) DEFAULT NULL,
  `created_by` smallint(5) unsigned NOT NULL,
  `created_at` int(11) NOT NULL,
  `updated_by` smallint(5) unsigned NOT NULL,
  `updated_at` int(11) NOT NULL,
  PRIMARY KEY (`id`),
  KEY `FK_ppa_ba_monitoring_point` (`ppa_ba_id`),
  CONSTRAINT `FK_ppa_ba_monitoring_point` FOREIGN KEY (`ppa_ba_id`) REFERENCES `ppa_ba` (`id`) ON DELETE CASCADE ON UPDATE CASCADE
) ENGINE=InnoDB AUTO_INCREMENT=3 DEFAULT CHARSET=latin1;

/*Data for the table `ppa_ba_monitoring_point` */

insert  into `ppa_ba_monitoring_point`(`id`,`ppa_ba_id`,`ppabamp_wastewater_source`,`ppabamp_monitoring_point_name`,`ppabamp_coord_lat`,`ppabamp_coord_long`,`ppabamp_document_name`,`ppabamp_permit_publisher`,`ppabamp_validation_date`,`ppabamp_monitoring_frequency_code`,`ppabamp_monitoring_status_code`,`created_by`,`created_at`,`updated_by`,`updated_at`) values (1,1,'WWTP','INLET AIR LAUT','05&deg; 31\' 26,22\"','105&deg; 20\' 53,4\"','KepMen LH No.109 Th 2012','Kementrian Lingkungan Hidup','2012-05-29','1M','Y',8,1490463344,8,1490464102),(2,1,'WWTP','OUTLET AIR LAUT','05&deg; 31\' 7,08\"','105&deg; 20\' 42,6\"','KepMen LH No.109 Th 2012','Kementrian Lingkungan Hidup','2012-05-29','1M','Y',8,1490463702,8,1490463702);

/*Table structure for table `ppa_ba_month` */

DROP TABLE IF EXISTS `ppa_ba_month`;

CREATE TABLE `ppa_ba_month` (
  `id` int(11) NOT NULL AUTO_INCREMENT,
  `ppa_ba_monitoring_point_id` int(11) NOT NULL,
  `ppabam_month` int(2) NOT NULL,
  `ppabam_year` int(4) NOT NULL,
  `ppabam_cert_number` varchar(4) DEFAULT NULL,
  `created_by` smallint(5) unsigned NOT NULL,
  `created_at` int(11) NOT NULL,
  `updated_by` smallint(5) unsigned NOT NULL,
  `updated_at` int(11) NOT NULL,
  PRIMARY KEY (`id`),
  KEY `FK_ppa_month_permit` (`ppa_ba_monitoring_point_id`),
  CONSTRAINT `FK_ppa_ba_month_monitoring_point` FOREIGN KEY (`ppa_ba_monitoring_point_id`) REFERENCES `ppa_ba_monitoring_point` (`id`) ON DELETE CASCADE ON UPDATE CASCADE
) ENGINE=InnoDB AUTO_INCREMENT=25 DEFAULT CHARSET=latin1;

/*Data for the table `ppa_ba_month` */

insert  into `ppa_ba_month`(`id`,`ppa_ba_monitoring_point_id`,`ppabam_month`,`ppabam_year`,`ppabam_cert_number`,`created_by`,`created_at`,`updated_by`,`updated_at`) values (1,1,7,2016,'1212',8,1490463344,8,1490464102),(2,1,8,2016,'1376',8,1490463344,8,1490464102),(3,1,9,2016,'1515',8,1490463344,8,1490464102),(4,1,10,2016,'1789',8,1490463344,8,1490464102),(5,1,11,2016,'1975',8,1490463344,8,1490464102),(6,1,12,2016,'2251',8,1490463344,8,1490464102),(7,1,1,2017,'2453',8,1490463344,8,1490464102),(8,1,2,2017,'2596',8,1490463344,8,1490464102),(9,1,3,2017,'2766',8,1490463344,8,1490464102),(10,1,4,2017,'',8,1490463344,8,1490464102),(11,1,5,2017,'',8,1490463344,8,1490464102),(12,1,6,2017,'',8,1490463344,8,1490464102),(13,2,7,2016,'1213',8,1490463702,8,1490463702),(14,2,8,2016,'1377',8,1490463702,8,1490463702),(15,2,9,2016,'1514',8,1490463702,8,1490463702),(16,2,10,2016,'1790',8,1490463702,8,1490463702),(17,2,11,2016,'1976',8,1490463702,8,1490463702),(18,2,12,2016,'2250',8,1490463702,8,1490463702),(19,2,1,2017,'2454',8,1490463702,8,1490463702),(20,2,2,2017,'2597',8,1490463702,8,1490463702),(21,2,3,2017,'2767',8,1490463702,8,1490463702),(22,2,4,2017,'',8,1490463702,8,1490463702),(23,2,5,2017,'',8,1490463702,8,1490463702),(24,2,6,2017,'',8,1490463702,8,1490463702);

/*Table structure for table `ppa_ba_report_bm` */

DROP TABLE IF EXISTS `ppa_ba_report_bm`;

CREATE TABLE `ppa_ba_report_bm` (
  `id` int(11) NOT NULL AUTO_INCREMENT,
  `ppa_ba_monitoring_point_id` int(11) NOT NULL,
  `ppabar_param_code` varchar(10) NOT NULL,
  `ppabar_param_unit_code` varchar(10) DEFAULT NULL,
  `ppabar_qs_1` decimal(5,2) DEFAULT NULL,
  `ppabar_qs_2` decimal(5,2) DEFAULT NULL,
  `ppabar_qs_unit_code` varchar(10) DEFAULT NULL,
  `ppabar_qs_ref` varchar(100) DEFAULT NULL,
  `created_by` smallint(5) unsigned NOT NULL,
  `created_at` int(11) NOT NULL,
  `updated_by` smallint(5) unsigned NOT NULL,
  `updated_at` int(11) NOT NULL,
  PRIMARY KEY (`id`),
  KEY `FK_ppa_ba_report_bm_monitoring_point` (`ppa_ba_monitoring_point_id`),
  CONSTRAINT `FK_ppa_ba_report_bm_monitoring_point` FOREIGN KEY (`ppa_ba_monitoring_point_id`) REFERENCES `ppa_ba_monitoring_point` (`id`) ON DELETE CASCADE ON UPDATE CASCADE
) ENGINE=InnoDB AUTO_INCREMENT=6 DEFAULT CHARSET=latin1;

/*Data for the table `ppa_ba_report_bm` */

insert  into `ppa_ba_report_bm`(`id`,`ppa_ba_monitoring_point_id`,`ppabar_param_code`,`ppabar_param_unit_code`,`ppabar_qs_1`,`ppabar_qs_2`,`ppabar_qs_unit_code`,`ppabar_qs_ref`,`created_by`,`created_at`,`updated_by`,`updated_at`) values (1,1,'PH',NULL,NULL,NULL,'','',8,1490518613,8,1490520116),(2,1,'TSS',NULL,NULL,NULL,'','',8,1490518713,8,1490518713),(3,1,'OIL_FAT',NULL,NULL,NULL,'','',8,1490518839,8,1490518839),(4,1,'DBT','M3_P_M',NULL,NULL,'','',8,1490518920,8,1490518920),(5,1,'PRD','',NULL,NULL,'','',8,1490519268,8,1490519268);

/*Table structure for table `ppa_inlet_outlet` */

DROP TABLE IF EXISTS `ppa_inlet_outlet`;

CREATE TABLE `ppa_inlet_outlet` (
  `id` int(11) NOT NULL AUTO_INCREMENT,
  `ppa_report_bm_id` int(11) NOT NULL,
  `ppaio_month` int(2) DEFAULT NULL,
  `ppaio_year` int(4) DEFAULT NULL,
  `ppaio_inlet_value` decimal(14,5) DEFAULT NULL,
  `ppaio_outlet_value` decimal(14,5) DEFAULT NULL,
  `created_by` smallint(5) unsigned NOT NULL,
  `created_at` int(11) NOT NULL,
  `updated_by` smallint(5) unsigned NOT NULL,
  `updated_at` int(11) NOT NULL,
  PRIMARY KEY (`id`),
  KEY `FK_ppa_inlet_outlet_report` (`ppa_report_bm_id`),
  CONSTRAINT `FK_ppa_inlet_outlet_report` FOREIGN KEY (`ppa_report_bm_id`) REFERENCES `ppa_report_bm` (`id`) ON DELETE CASCADE ON UPDATE CASCADE
) ENGINE=InnoDB AUTO_INCREMENT=49 DEFAULT CHARSET=latin1;

/*Data for the table `ppa_inlet_outlet` */

insert  into `ppa_inlet_outlet`(`id`,`ppa_report_bm_id`,`ppaio_month`,`ppaio_year`,`ppaio_inlet_value`,`ppaio_outlet_value`,`created_by`,`created_at`,`updated_by`,`updated_at`) values (1,2,7,2016,'6.30000','6.11000',8,1487653232,8,1487662500),(2,2,8,2016,'6.18000','7.88000',8,1487653232,8,1487662500),(3,2,9,2016,'7.40000','7.30000',8,1487653232,8,1487662500),(4,2,10,2016,'6.90000','6.80000',8,1487653232,8,1487662500),(5,2,11,2016,'6.27000','6.29000',8,1487653232,8,1487662500),(6,2,12,2016,'7.24000','8.33000',8,1487653232,8,1487662500),(7,2,1,2017,'6.11000','6.15000',8,1487653232,8,1487662500),(8,2,2,2017,'7.88000','6.20000',8,1487653232,8,1487662500),(9,2,3,2017,'8.02000','8.90000',8,1487653232,8,1487662500),(10,2,4,2017,'6.89000','8.33000',8,1487653232,8,1487662500),(11,2,5,2017,'0.00000','0.00000',8,1487653232,8,1487662500),(12,2,6,2017,'0.00000','0.00000',8,1487653232,8,1487662500),(13,3,7,2016,'1.00000','2.00000',8,1487663739,8,1487663739),(14,3,8,2016,'2.00000','4.00000',8,1487663739,8,1487663739),(15,3,9,2016,'3.00000','4.00000',8,1487663739,8,1487663739),(16,3,10,2016,'3.00000','1.00000',8,1487663739,8,1487663739),(17,3,11,2016,'2.00000','2.00000',8,1487663739,8,1487663739),(18,3,12,2016,'1.00000','3.00000',8,1487663739,8,1487663739),(19,3,1,2017,'0.00000','1.00000',8,1487663739,8,1487663739),(20,3,2,2017,'3.00000','5.00000',8,1487663739,8,1487663739),(21,3,3,2017,'6.00000','4.00000',8,1487663739,8,1487663739),(22,3,4,2017,'0.00000','1.00000',8,1487663739,8,1487663739),(23,3,5,2017,NULL,NULL,8,1487663739,8,1487663739),(24,3,6,2017,NULL,NULL,8,1487663739,8,1487663739),(25,4,7,2016,'2.00000','3.00000',8,1487663840,8,1487663840),(26,4,8,2016,'2.00000','1.00000',8,1487663840,8,1487663840),(27,4,9,2016,'2.00000','2.00000',8,1487663840,8,1487663840),(28,4,10,2016,'3.00000','1.00000',8,1487663840,8,1487663840),(29,4,11,2016,'2.00000','1.00000',8,1487663840,8,1487663840),(30,4,12,2016,'2.00000','4.00000',8,1487663840,8,1487663840),(31,4,1,2017,'1.30000','0.26000',8,1487663840,8,1487663840),(32,4,2,2017,'1.30000','0.00000',8,1487663840,8,1487663840),(33,4,3,2017,'0.90000','1.50000',8,1487663840,8,1487663840),(34,4,4,2017,'0.30000','0.40000',8,1487663840,8,1487663840),(35,4,5,2017,NULL,NULL,8,1487663840,8,1487663840),(36,4,6,2017,NULL,NULL,8,1487663840,8,1487663840),(37,5,7,2016,NULL,'635.29000',8,1487664152,8,1487664152),(38,5,8,2016,NULL,'286.59000',8,1487664152,8,1487664152),(39,5,9,2016,NULL,'931.86000',8,1487664152,8,1487664152),(40,5,10,2016,NULL,'2351.51000',8,1487664152,8,1487664152),(41,5,11,2016,NULL,'1494.31000',8,1487664152,8,1487664152),(42,5,12,2016,NULL,'733.74000',8,1487664152,8,1487664152),(43,5,1,2017,NULL,'1649.41000',8,1487664152,8,1487664152),(44,5,2,2017,NULL,'3331.89000',8,1487664152,8,1487664152),(45,5,3,2017,NULL,'3742.53000',8,1487664152,8,1487664152),(46,5,4,2017,NULL,'1649.41000',8,1487664152,8,1487664152),(47,5,5,2017,NULL,NULL,8,1487664152,8,1487664152),(48,5,6,2017,NULL,NULL,8,1487664152,8,1487664152);

/*Table structure for table `ppa_laboratorium` */

DROP TABLE IF EXISTS `ppa_laboratorium`;

CREATE TABLE `ppa_laboratorium` (
  `id` int(11) NOT NULL AUTO_INCREMENT,
  `ppa_technical_provision_id` int(11) NOT NULL,
  `labor_name` varchar(255) NOT NULL,
  `created_by` smallint(5) unsigned NOT NULL,
  `created_at` int(11) NOT NULL,
  `updated_by` smallint(5) unsigned NOT NULL,
  `updated_at` int(11) NOT NULL,
  PRIMARY KEY (`id`),
  KEY `FK_ppa_laboratorium_tech_prov` (`ppa_technical_provision_id`),
  CONSTRAINT `FK_ppa_laboratorium_tech_prov` FOREIGN KEY (`ppa_technical_provision_id`) REFERENCES `ppa_technical_provision` (`id`) ON DELETE CASCADE ON UPDATE CASCADE
) ENGINE=InnoDB AUTO_INCREMENT=5 DEFAULT CHARSET=latin1;

/*Data for the table `ppa_laboratorium` */

insert  into `ppa_laboratorium`(`id`,`ppa_technical_provision_id`,`labor_name`,`created_by`,`created_at`,`updated_by`,`updated_at`) values (4,3,'BALAI RISET DAN STANDARISASI JAMBI',8,1488604474,8,1488604474);

/*Table structure for table `ppa_laboratorium_accreditation` */

DROP TABLE IF EXISTS `ppa_laboratorium_accreditation`;

CREATE TABLE `ppa_laboratorium_accreditation` (
  `id` int(11) NOT NULL AUTO_INCREMENT,
  `ppa_laboratorium_id` int(11) NOT NULL,
  `lacc_number` varchar(50) NOT NULL,
  `lacc_end_date` date DEFAULT NULL,
  `lacc_remark` varchar(255) DEFAULT NULL,
  `created_by` smallint(5) unsigned NOT NULL,
  `created_at` int(11) NOT NULL,
  `updated_by` smallint(5) unsigned NOT NULL,
  `updated_at` int(11) NOT NULL,
  PRIMARY KEY (`id`),
  KEY `FK_ppa_laboratorium_accreditation` (`ppa_laboratorium_id`),
  CONSTRAINT `FK_ppa_laboratorium_accreditation` FOREIGN KEY (`ppa_laboratorium_id`) REFERENCES `ppa_laboratorium` (`id`) ON DELETE CASCADE ON UPDATE CASCADE
) ENGINE=InnoDB AUTO_INCREMENT=9 DEFAULT CHARSET=latin1;

/*Data for the table `ppa_laboratorium_accreditation` */

insert  into `ppa_laboratorium_accreditation`(`id`,`ppa_laboratorium_id`,`lacc_number`,`lacc_end_date`,`lacc_remark`,`created_by`,`created_at`,`updated_by`,`updated_at`) values (8,4,'LI-047-IN','2017-03-10','',8,1488604474,8,1488604474);

/*Table structure for table `ppa_laboratorium_test` */

DROP TABLE IF EXISTS `ppa_laboratorium_test`;

CREATE TABLE `ppa_laboratorium_test` (
  `id` int(11) NOT NULL AUTO_INCREMENT,
  `ppa_laboratorium_id` int(11) NOT NULL,
  `test_month` int(2) NOT NULL,
  `test_year` int(4) NOT NULL,
  `test_value` tinyint(1) DEFAULT NULL,
  `created_by` smallint(5) unsigned NOT NULL,
  `created_at` int(11) NOT NULL,
  `updated_by` smallint(5) unsigned NOT NULL,
  `updated_at` int(11) NOT NULL,
  PRIMARY KEY (`id`),
  KEY `FK_ppa_laboratorium_test` (`ppa_laboratorium_id`),
  CONSTRAINT `FK_ppa_laboratorium_test` FOREIGN KEY (`ppa_laboratorium_id`) REFERENCES `ppa_laboratorium` (`id`) ON DELETE CASCADE ON UPDATE CASCADE
) ENGINE=InnoDB AUTO_INCREMENT=49 DEFAULT CHARSET=latin1;

/*Data for the table `ppa_laboratorium_test` */

insert  into `ppa_laboratorium_test`(`id`,`ppa_laboratorium_id`,`test_month`,`test_year`,`test_value`,`created_by`,`created_at`,`updated_by`,`updated_at`) values (37,4,7,2016,NULL,8,1488604474,8,1488604474),(38,4,8,2016,1,8,1488604474,8,1488604474),(39,4,9,2016,NULL,8,1488604474,8,1488604474),(40,4,10,2016,NULL,8,1488604474,8,1488604474),(41,4,11,2016,1,8,1488604474,8,1488604474),(42,4,12,2016,NULL,8,1488604474,8,1488604474),(43,4,1,2017,NULL,8,1488604474,8,1488604474),(44,4,2,2017,NULL,8,1488604474,8,1488604474),(45,4,3,2017,NULL,8,1488604474,8,1488604474),(46,4,4,2017,NULL,8,1488604474,8,1488604474),(47,4,5,2017,NULL,8,1488604474,8,1488604474),(48,4,6,2017,NULL,8,1488604474,8,1488604474);

/*Table structure for table `ppa_month` */

DROP TABLE IF EXISTS `ppa_month`;

CREATE TABLE `ppa_month` (
  `id` int(11) NOT NULL AUTO_INCREMENT,
  `ppa_setup_permit_id` int(11) NOT NULL,
  `ppam_month` int(2) NOT NULL,
  `ppam_year` int(4) NOT NULL,
  `ppam_cert_number` varchar(4) DEFAULT NULL,
  `created_by` smallint(5) unsigned NOT NULL,
  `created_at` int(11) NOT NULL,
  `updated_by` smallint(5) unsigned NOT NULL,
  `updated_at` int(11) NOT NULL,
  PRIMARY KEY (`id`),
  KEY `FK_ppa_month_permit` (`ppa_setup_permit_id`),
  CONSTRAINT `FK_ppa_month_permit` FOREIGN KEY (`ppa_setup_permit_id`) REFERENCES `ppa_setup_permit` (`id`) ON DELETE CASCADE ON UPDATE CASCADE
) ENGINE=InnoDB AUTO_INCREMENT=13 DEFAULT CHARSET=latin1;

/*Data for the table `ppa_month` */

insert  into `ppa_month`(`id`,`ppa_setup_permit_id`,`ppam_month`,`ppam_year`,`ppam_cert_number`,`created_by`,`created_at`,`updated_by`,`updated_at`) values (1,1,7,2016,'1205',8,1487513541,8,1493058301),(2,1,8,2016,'1348',8,1487513541,8,1493058303),(3,1,9,2016,'1492',8,1487513541,8,1493058303),(4,1,10,2016,'1797',8,1487513541,8,1493058303),(5,1,11,2016,'1967',8,1487513541,8,1493058303),(6,1,12,2016,'1201',8,1487513541,8,1493058303),(7,1,1,2017,'2429',8,1487513541,8,1493058303),(8,1,2,2017,'2572',8,1487513541,8,1493058303),(9,1,3,2017,'2722',8,1487513541,8,1493058303),(10,1,4,2017,'2940',8,1487513541,8,1493058303),(11,1,5,2017,'',8,1487513541,8,1493058303),(12,1,6,2017,'',8,1487513541,8,1493058303);

/*Table structure for table `ppa_pollution_load_decrease` */

DROP TABLE IF EXISTS `ppa_pollution_load_decrease`;

CREATE TABLE `ppa_pollution_load_decrease` (
  `id` int(11) NOT NULL AUTO_INCREMENT,
  `ppa_id` int(11) NOT NULL,
  `ppapld_activity` varchar(255) NOT NULL,
  `ppapld_parameter` varchar(50) DEFAULT NULL,
  `ppapld_unit` varchar(10) DEFAULT NULL,
  `created_by` smallint(5) unsigned NOT NULL,
  `created_at` int(11) NOT NULL,
  `updated_by` smallint(5) unsigned NOT NULL,
  `updated_at` int(11) NOT NULL,
  PRIMARY KEY (`id`),
  KEY `FK_ppa_pollution_load_decrease_ppa` (`ppa_id`),
  CONSTRAINT `FK_ppa_pollution_load_decrease_ppa` FOREIGN KEY (`ppa_id`) REFERENCES `ppa` (`id`) ON DELETE CASCADE ON UPDATE CASCADE
) ENGINE=InnoDB DEFAULT CHARSET=latin1;

/*Data for the table `ppa_pollution_load_decrease` */

/*Table structure for table `ppa_pollution_load_decrease_year` */

DROP TABLE IF EXISTS `ppa_pollution_load_decrease_year`;

CREATE TABLE `ppa_pollution_load_decrease_year` (
  `id` int(11) NOT NULL AUTO_INCREMENT,
  `ppa_pollution_load_decrease_id` int(11) NOT NULL,
  `ppapldy_year` int(4) NOT NULL,
  `ppapldy_value` decimal(7,5) DEFAULT NULL,
  `created_by` smallint(5) unsigned NOT NULL,
  `created_at` int(11) NOT NULL,
  `updated_by` smallint(5) unsigned NOT NULL,
  `updated_at` int(11) NOT NULL,
  PRIMARY KEY (`id`),
  KEY `FK_ppa_pollution_load_decrease_year` (`ppa_pollution_load_decrease_id`),
  CONSTRAINT `FK_ppa_pollution_load_decrease_year` FOREIGN KEY (`ppa_pollution_load_decrease_id`) REFERENCES `ppa_pollution_load_decrease` (`id`) ON DELETE CASCADE ON UPDATE CASCADE
) ENGINE=InnoDB DEFAULT CHARSET=latin1;

/*Data for the table `ppa_pollution_load_decrease_year` */

/*Table structure for table `ppa_question` */

DROP TABLE IF EXISTS `ppa_question`;

CREATE TABLE `ppa_question` (
  `id` int(11) NOT NULL AUTO_INCREMENT,
  `ppaq_question_type_code` varchar(10) NOT NULL,
  `ppaq_question` text NOT NULL,
  `created_by` smallint(5) unsigned NOT NULL,
  `created_at` int(11) NOT NULL,
  `updated_by` smallint(5) unsigned NOT NULL,
  `updated_at` int(11) NOT NULL,
  PRIMARY KEY (`id`)
) ENGINE=InnoDB AUTO_INCREMENT=13 DEFAULT CHARSET=latin1;

/*Data for the table `ppa_question` */

insert  into `ppa_question`(`id`,`ppaq_question_type_code`,`ppaq_question`,`created_by`,`created_at`,`updated_by`,`updated_at`) values (1,'GNRL','<p>Lampirkan <em>layout</em> IPAL, saluran air limbah dan gambar konstruksi</p>',8,1487738729,8,1487739075),(2,'GNRL','<p>Lampirkan foto dan <em>layout </em>saluran air limpasan hujan (drainase)</p>',8,1487739103,8,1487739103),(3,'GNRL','<p>Lampirkan foto lokasi titik penaatan dan alat pengukur debit (flowmeter)</p>',8,1487739117,8,1487739117),(4,'GNRL','<p>Lampirkan data pengukuran pH harian</p>',8,1487739129,8,1487739129),(5,'GNRL','<p>Lampirkan data pengukuran debit harian</p>',8,1487739150,8,1487739150),(6,'GNRL','<p>Lampirkan neraca air</p>',8,1487739161,8,1487739161),(7,'OIL_IND','<p>Lampirkan jenis dan karakteristik lahan untuk aplikasi<br>(Permeabilitas dan porositas)</p>',8,1487739178,8,1487739178),(8,'OIL_IND','<p>Lampirkan peta kedalaman air tanah</p>',8,1487739191,8,1487739191),(9,'OIL_IND','<p>Lampirkan foto lokasi sumur pantau (minimal 3 lokasi)</p>',8,1487739204,8,1487739204),(10,'OIL_IND','<p>Lampirkan peta dan foto lokasi lahan aplikasi</p>',8,1487739254,8,1487739254),(11,'OIL_IND','<p>Lampirkan neraca dosis dan rotasi aplikasi</p>',8,1487739269,8,1487739269),(12,'PETRO_IND','<p>Lampirkan data pemantauan harian pH dan COD</p>',8,1487739280,8,1487739280);

/*Table structure for table `ppa_report_bm` */

DROP TABLE IF EXISTS `ppa_report_bm`;

CREATE TABLE `ppa_report_bm` (
  `id` int(11) NOT NULL AUTO_INCREMENT,
  `ppa_setup_permit_id` int(11) NOT NULL,
  `ppar_param_code` varchar(10) NOT NULL,
  `ppar_param_unit_code` varchar(10) DEFAULT NULL,
  `ppar_qs_1` decimal(5,2) DEFAULT NULL,
  `ppar_qs_2` decimal(5,2) DEFAULT NULL,
  `ppar_qs_unit_code` varchar(10) DEFAULT NULL,
  `ppar_qs_ref` varchar(100) DEFAULT NULL,
  `ppar_qs_max_pollution_load` decimal(5,2) DEFAULT NULL,
  `ppar_qs_load_unit_code` varchar(10) DEFAULT NULL,
  `ppar_qs_max_pollution_load_ref` varchar(100) DEFAULT NULL,
  `created_by` smallint(5) unsigned NOT NULL,
  `created_at` int(11) NOT NULL,
  `updated_by` smallint(5) unsigned NOT NULL,
  `updated_at` int(11) NOT NULL,
  PRIMARY KEY (`id`),
  KEY `FK_ppa_report_bm_setup` (`ppa_setup_permit_id`),
  CONSTRAINT `FK_ppa_report_bm_setup` FOREIGN KEY (`ppa_setup_permit_id`) REFERENCES `ppa_setup_permit` (`id`) ON DELETE CASCADE ON UPDATE CASCADE
) ENGINE=InnoDB AUTO_INCREMENT=6 DEFAULT CHARSET=latin1;

/*Data for the table `ppa_report_bm` */

insert  into `ppa_report_bm`(`id`,`ppa_setup_permit_id`,`ppar_param_code`,`ppar_param_unit_code`,`ppar_qs_1`,`ppar_qs_2`,`ppar_qs_unit_code`,`ppar_qs_ref`,`ppar_qs_max_pollution_load`,`ppar_qs_load_unit_code`,`ppar_qs_max_pollution_load_ref`,`created_by`,`created_at`,`updated_by`,`updated_at`) values (2,1,'PH','','6.00','9.00','','PermenLH 08/2009',NULL,'TON_P_M','',8,1487653232,8,1487662500),(3,1,'TSS',NULL,'100.00',NULL,'MG_P_L','PermenLH 08/2009',NULL,'TON_P_M','',8,1487663739,8,1487663739),(4,1,'OIL_FAT',NULL,'10.00',NULL,'MG_P_L','PermenLH 08/2009',NULL,'TON_P_M','',8,1487663840,8,1487663840),(5,1,'DBT','M3_P_M',NULL,NULL,'','',NULL,'','',8,1487664152,8,1487664152);

/*Table structure for table `ppa_setup_permit` */

DROP TABLE IF EXISTS `ppa_setup_permit`;

CREATE TABLE `ppa_setup_permit` (
  `id` int(11) NOT NULL AUTO_INCREMENT,
  `ppa_id` int(11) NOT NULL,
  `ppasp_wastewater_source` varchar(150) DEFAULT NULL,
  `ppasp_setup_point_name` varchar(150) DEFAULT NULL,
  `ppasp_coord_ls` varchar(50) DEFAULT NULL,
  `ppasp_coord_bt` varchar(50) DEFAULT NULL,
  `ppasp_wastewater_tech_code` varchar(10) DEFAULT NULL,
  `ppasp_permit_number` varchar(50) DEFAULT NULL,
  `ppasp_permit_publisher` varchar(150) DEFAULT NULL,
  `ppasp_permit_publish_date` date DEFAULT NULL,
  `ppasp_permit_end_date` date DEFAULT NULL,
  `created_by` smallint(5) unsigned NOT NULL,
  `created_at` int(11) NOT NULL,
  `updated_by` smallint(5) unsigned NOT NULL,
  `updated_at` int(11) NOT NULL,
  PRIMARY KEY (`id`),
  KEY `FK_ppa_setup_permit_ppa` (`ppa_id`),
  CONSTRAINT `FK_ppa_setup_permit_ppa` FOREIGN KEY (`ppa_id`) REFERENCES `ppa` (`id`) ON DELETE CASCADE ON UPDATE CASCADE
) ENGINE=InnoDB AUTO_INCREMENT=2 DEFAULT CHARSET=latin1;

/*Data for the table `ppa_setup_permit` */

insert  into `ppa_setup_permit`(`id`,`ppa_id`,`ppasp_wastewater_source`,`ppasp_setup_point_name`,`ppasp_coord_ls`,`ppasp_coord_bt`,`ppasp_wastewater_tech_code`,`ppasp_permit_number`,`ppasp_permit_publisher`,`ppasp_permit_publish_date`,`ppasp_permit_end_date`,`created_by`,`created_at`,`updated_by`,`updated_at`) values (1,1,'PROSES UTAMA (WWTP)','OUTLET WWTP','05&deg; 31\' 20,6\"','105&deg; 21\' 12,7\"','ANAER','109 TAHUN 2012','KEMENTERIAN LINGKUNGAN HIDUP','2012-05-29','2017-05-29',8,1487513541,8,1493058301);

/*Table structure for table `ppa_technical_provision` */

DROP TABLE IF EXISTS `ppa_technical_provision`;

CREATE TABLE `ppa_technical_provision` (
  `id` int(11) NOT NULL AUTO_INCREMENT,
  `ppa_id` int(11) NOT NULL,
  `created_by` smallint(5) unsigned NOT NULL,
  `created_at` int(11) NOT NULL,
  `updated_by` smallint(5) unsigned NOT NULL,
  `updated_at` int(11) NOT NULL,
  PRIMARY KEY (`id`),
  KEY `FK_ppa_technical_provision_ppa` (`ppa_id`),
  CONSTRAINT `FK_ppa_technical_provision_ppa` FOREIGN KEY (`ppa_id`) REFERENCES `ppa` (`id`) ON DELETE CASCADE ON UPDATE CASCADE
) ENGINE=InnoDB AUTO_INCREMENT=4 DEFAULT CHARSET=latin1;

/*Data for the table `ppa_technical_provision` */

insert  into `ppa_technical_provision`(`id`,`ppa_id`,`created_by`,`created_at`,`updated_by`,`updated_at`) values (3,1,8,1488517482,8,1488604474);

/*Table structure for table `ppa_technical_provision_detail` */

DROP TABLE IF EXISTS `ppa_technical_provision_detail`;

CREATE TABLE `ppa_technical_provision_detail` (
  `id` int(11) NOT NULL AUTO_INCREMENT,
  `ppa_technical_provision_id` int(11) NOT NULL,
  `ppa_question_id` int(11) NOT NULL,
  `created_by` smallint(5) unsigned NOT NULL,
  `created_at` int(11) NOT NULL,
  `updated_by` smallint(5) unsigned NOT NULL,
  `updated_at` int(11) NOT NULL,
  PRIMARY KEY (`id`),
  KEY `FK_ppa_technical_provision_detail` (`ppa_technical_provision_id`),
  KEY `FK_ppa_technical_provision_detail_question` (`ppa_question_id`),
  CONSTRAINT `FK_ppa_technical_provision_detail` FOREIGN KEY (`ppa_technical_provision_id`) REFERENCES `ppa_technical_provision` (`id`) ON DELETE CASCADE ON UPDATE CASCADE,
  CONSTRAINT `FK_ppa_technical_provision_detail_question` FOREIGN KEY (`ppa_question_id`) REFERENCES `ppa_question` (`id`) ON DELETE CASCADE ON UPDATE CASCADE
) ENGINE=InnoDB AUTO_INCREMENT=37 DEFAULT CHARSET=latin1;

/*Data for the table `ppa_technical_provision_detail` */

insert  into `ppa_technical_provision_detail`(`id`,`ppa_technical_provision_id`,`ppa_question_id`,`created_by`,`created_at`,`updated_by`,`updated_at`) values (25,3,1,8,1488517483,8,1488604474),(26,3,5,8,1488517485,8,1488604474),(27,3,4,8,1488517487,8,1488604474),(28,3,2,8,1488517487,8,1488604474),(29,3,3,8,1488517487,8,1488604474),(30,3,6,8,1488517487,8,1488604474),(31,3,9,8,1488517487,8,1488604474),(32,3,7,8,1488517487,8,1488604474),(33,3,11,8,1488517487,8,1488604474),(34,3,10,8,1488517487,8,1488604474),(35,3,8,8,1488517487,8,1488604474),(36,3,12,8,1488517487,8,1488604474);

/*Table structure for table `ppu` */

DROP TABLE IF EXISTS `ppu`;

CREATE TABLE `ppu` (
  `id` int(11) NOT NULL AUTO_INCREMENT,
  `sector_id` int(11) NOT NULL,
  `power_plant_id` int(11) NOT NULL,
  `ppu_year` int(4) NOT NULL,
  `created_by` smallint(5) unsigned NOT NULL,
  `created_at` int(11) NOT NULL,
  `updated_by` smallint(5) unsigned NOT NULL,
  `updated_at` int(11) NOT NULL,
  PRIMARY KEY (`id`),
  KEY `FK_ppu_power_plant` (`power_plant_id`),
  KEY `FK_ppu_sector` (`sector_id`),
  CONSTRAINT `FK_ppu_power_plant` FOREIGN KEY (`power_plant_id`) REFERENCES `power_plant` (`id`),
  CONSTRAINT `FK_ppu_sector` FOREIGN KEY (`sector_id`) REFERENCES `sector` (`id`)
) ENGINE=InnoDB AUTO_INCREMENT=12 DEFAULT CHARSET=latin1;

/*Data for the table `ppu` */

insert  into `ppu`(`id`,`sector_id`,`power_plant_id`,`ppu_year`,`created_by`,`created_at`,`updated_by`,`updated_at`) values (1,7,5,2016,8,1487327122,8,1487792049),(2,7,5,2014,8,1487327211,8,1487327211),(3,7,5,2014,8,1487327355,8,1487327355),(4,4,1,2017,8,1488794828,8,1488794828),(5,7,5,2017,8,1488794922,8,1488794922),(6,7,5,2018,8,1488794978,8,1488794978),(10,2,4,2017,8,1491747358,8,1491747358),(11,2,4,2017,8,1491822879,8,1491822879);

/*Table structure for table `ppu_ambient` */

DROP TABLE IF EXISTS `ppu_ambient`;

CREATE TABLE `ppu_ambient` (
  `id` int(11) NOT NULL AUTO_INCREMENT,
  `sector_id` int(11) NOT NULL,
  `power_plant_id` int(11) NOT NULL,
  `ppua_year` int(4) NOT NULL,
  `created_by` smallint(5) unsigned NOT NULL,
  `created_at` int(11) NOT NULL,
  `updated_by` smallint(5) unsigned NOT NULL,
  `updated_at` int(11) NOT NULL,
  PRIMARY KEY (`id`),
  KEY `FK_ppu_ambient_sector` (`sector_id`),
  KEY `FK_ppu_ambient_power_plant` (`power_plant_id`),
  CONSTRAINT `FK_ppu_ambient_power_plant` FOREIGN KEY (`power_plant_id`) REFERENCES `power_plant` (`id`),
  CONSTRAINT `FK_ppu_ambient_sector` FOREIGN KEY (`sector_id`) REFERENCES `sector` (`id`)
) ENGINE=InnoDB AUTO_INCREMENT=8 DEFAULT CHARSET=latin1;

/*Data for the table `ppu_ambient` */

insert  into `ppu_ambient`(`id`,`sector_id`,`power_plant_id`,`ppua_year`,`created_by`,`created_at`,`updated_by`,`updated_at`) values (2,7,5,2017,8,1488987336,8,1488987336),(4,2,4,2017,8,1491822033,8,1491822033),(5,2,4,2017,8,1491822892,8,1491822892),(6,2,4,2017,8,1491822965,8,1491822965),(7,2,4,2016,8,1491823002,8,1491823002);

/*Table structure for table `ppu_emission_load_grk` */

DROP TABLE IF EXISTS `ppu_emission_load_grk`;

CREATE TABLE `ppu_emission_load_grk` (
  `id` int(11) NOT NULL AUTO_INCREMENT,
  `ppu_emission_source_id` int(11) NOT NULL,
  `ppuelg_parameter` varchar(40) NOT NULL,
  `created_by` smallint(5) unsigned NOT NULL,
  `created_at` int(11) NOT NULL,
  `updated_by` smallint(5) unsigned NOT NULL,
  `updated_at` int(11) NOT NULL,
  PRIMARY KEY (`id`),
  KEY `FK_ppu_emission_load_grk` (`ppu_emission_source_id`),
  CONSTRAINT `FK_ppu_emission_load_grk` FOREIGN KEY (`ppu_emission_source_id`) REFERENCES `ppu_emission_source` (`id`) ON DELETE CASCADE ON UPDATE CASCADE
) ENGINE=InnoDB AUTO_INCREMENT=3 DEFAULT CHARSET=latin1;

/*Data for the table `ppu_emission_load_grk` */

insert  into `ppu_emission_load_grk`(`id`,`ppu_emission_source_id`,`ppuelg_parameter`,`created_by`,`created_at`,`updated_by`,`updated_at`) values (1,5,'CO2',8,1488825235,8,1488825235),(2,8,'Co2',8,1488825332,8,1488825332);

/*Table structure for table `ppu_emission_load_grk_calc` */

DROP TABLE IF EXISTS `ppu_emission_load_grk_calc`;

CREATE TABLE `ppu_emission_load_grk_calc` (
  `id` int(11) NOT NULL AUTO_INCREMENT,
  `ppu_emission_load_grk_id` int(11) NOT NULL,
  `ppueglc_year` int(4) NOT NULL,
  `ppueglc_coal_usage` decimal(11,8) NOT NULL,
  `ppueglc_carbon_content` int(3) NOT NULL,
  `ppueglc_carbon_actual_content` int(3) NOT NULL,
  `ppueglc_mw_carbondioxyde` int(3) NOT NULL,
  `ppueglc_anc` int(3) NOT NULL,
  `ppueglc_oxidation_factor` decimal(5,2) NOT NULL,
  `created_by` smallint(5) unsigned NOT NULL,
  `created_at` int(11) NOT NULL,
  `updated_by` smallint(5) unsigned NOT NULL,
  `updated_at` int(11) NOT NULL,
  PRIMARY KEY (`id`),
  KEY `FK_ppu_emission_load_grk_calc` (`ppu_emission_load_grk_id`),
  CONSTRAINT `FK_ppu_emission_load_grk_calc` FOREIGN KEY (`ppu_emission_load_grk_id`) REFERENCES `ppu_emission_load_grk` (`id`) ON DELETE CASCADE ON UPDATE CASCADE
) ENGINE=InnoDB AUTO_INCREMENT=5 DEFAULT CHARSET=latin1;

/*Data for the table `ppu_emission_load_grk_calc` */

insert  into `ppu_emission_load_grk_calc`(`id`,`ppu_emission_load_grk_id`,`ppueglc_year`,`ppueglc_coal_usage`,`ppueglc_carbon_content`,`ppueglc_carbon_actual_content`,`ppueglc_mw_carbondioxyde`,`ppueglc_anc`,`ppueglc_oxidation_factor`,`created_by`,`created_at`,`updated_by`,`updated_at`) values (1,1,2014,'293.31600000',50,500,44,12,'0.98',8,1488825236,8,1488825236),(2,1,2015,'314.85800000',50,500,44,12,'0.98',8,1488825236,8,1488825236),(3,2,2014,'296.29900000',50,500,44,12,'0.98',8,1488825332,8,1488825332),(4,2,2015,'292.98600000',50,500,44,12,'0.98',8,1488825333,8,1488825333);

/*Table structure for table `ppu_emission_source` */

DROP TABLE IF EXISTS `ppu_emission_source`;

CREATE TABLE `ppu_emission_source` (
  `id` int(11) NOT NULL AUTO_INCREMENT,
  `ppu_id` int(11) NOT NULL,
  `ppues_name` varchar(150) NOT NULL,
  `ppues_chimney_name` varchar(150) NOT NULL,
  `ppues_capacity` int(11) NOT NULL,
  `ppues_control_device` varchar(255) NOT NULL,
  `ppues_fuel_name_code` varchar(10) NOT NULL,
  `ppues_total_fuel` decimal(12,2) NOT NULL,
  `ppues_fuel_unit_code` varchar(10) NOT NULL,
  `ppues_operation_time` decimal(10,6) DEFAULT NULL,
  `ppues_location` varchar(150) NOT NULL,
  `ppues_coord_ls` varchar(50) NOT NULL,
  `ppues_coord_bt` varchar(50) NOT NULL,
  `ppues_chimney_shape_code` varchar(10) NOT NULL,
  `ppues_chimney_height` decimal(5,2) NOT NULL,
  `ppues_chimney_diameter` decimal(5,2) NOT NULL,
  `ppues_hole_position` int(11) NOT NULL,
  `ppues_monitoring_data_status_code` varchar(10) NOT NULL,
  `ppues_freq_monitoring_obligation_code` varchar(10) NOT NULL,
  `ppues_ref` varchar(255) DEFAULT NULL,
  `created_by` smallint(5) unsigned NOT NULL,
  `created_at` int(11) NOT NULL,
  `updated_by` smallint(5) unsigned NOT NULL,
  `updated_at` int(11) NOT NULL,
  PRIMARY KEY (`id`),
  KEY `FK_ppu_emission_source` (`ppu_id`),
  CONSTRAINT `FK_ppu_emission_source` FOREIGN KEY (`ppu_id`) REFERENCES `ppu` (`id`) ON DELETE CASCADE ON UPDATE CASCADE
) ENGINE=InnoDB AUTO_INCREMENT=10 DEFAULT CHARSET=latin1;

/*Data for the table `ppu_emission_source` */

insert  into `ppu_emission_source`(`id`,`ppu_id`,`ppues_name`,`ppues_chimney_name`,`ppues_capacity`,`ppues_control_device`,`ppues_fuel_name_code`,`ppues_total_fuel`,`ppues_fuel_unit_code`,`ppues_operation_time`,`ppues_location`,`ppues_coord_ls`,`ppues_coord_bt`,`ppues_chimney_shape_code`,`ppues_chimney_height`,`ppues_chimney_diameter`,`ppues_hole_position`,`ppues_monitoring_data_status_code`,`ppues_freq_monitoring_obligation_code`,`ppues_ref`,`created_by`,`created_at`,`updated_by`,`updated_at`) values (5,1,'Boiler Unit 3','CEROBONG 3',100,'Cyclone,  Bag House, Limestone Injection','FNC1','223346984.25','FUC1','4884.983332','PLTU TARAHAN','05o 31\' 15,42\"','105o 21\' 12,56\"','CYL','141.95','3.30',43,'WATCHED','FMOC1','',8,1488823079,8,1488831200),(8,1,'Boiler Unit 4','CEROBONG 4',100,'Cyclone,  Bag House, Limestone Injection','FNC1','191842365.75','FUC1','5413.000000','PLTU TARAHAN','05O 31\' 15,42\"','105O 21\' 12,56\"','CYL','141.95','3.30',43,'WATCHED','FMOC1','',8,1488824063,8,1488824063),(9,1,'Boiler Unit 5','CEROBONG 5',100,'Cyclone,  Bag House, Limestone Injection','FNC1','15467645.12','FUC1','0.000000','PLTU TARAHAN','1564467','4676467','CYL','141.95','3.30',43,'NWATCHED','FMOC1','',8,1488824116,8,1488824116);

/*Table structure for table `ppu_parameter_obligation` */

DROP TABLE IF EXISTS `ppu_parameter_obligation`;

CREATE TABLE `ppu_parameter_obligation` (
  `id` int(11) NOT NULL AUTO_INCREMENT,
  `ppu_emission_source_id` int(11) NOT NULL,
  `ppupo_parameter_code` varchar(10) NOT NULL,
  `ppupo_parameter_unit_code` varchar(10) DEFAULT NULL,
  `ppupo_qs` decimal(5,2) NOT NULL,
  `ppupo_qs_unit_code` varchar(10) NOT NULL,
  `ppupo_qs_ref` varchar(255) NOT NULL,
  `ppupo_qs_max_pollution_load` decimal(5,2) NOT NULL,
  `ppupo_qs_load_unit_code` varchar(10) NOT NULL,
  `ppupo_qs_max_pollution_load_ref` varchar(255) NOT NULL,
  `created_by` smallint(5) unsigned NOT NULL,
  `created_at` int(11) NOT NULL,
  `updated_by` smallint(5) unsigned NOT NULL,
  `updated_at` int(11) NOT NULL,
  PRIMARY KEY (`id`),
  KEY `FK_ppu_parameter_obligation` (`ppu_emission_source_id`),
  CONSTRAINT `FK_ppu_parameter_obligation` FOREIGN KEY (`ppu_emission_source_id`) REFERENCES `ppu_emission_source` (`id`) ON DELETE CASCADE ON UPDATE CASCADE
) ENGINE=InnoDB AUTO_INCREMENT=27 DEFAULT CHARSET=latin1;

/*Data for the table `ppu_parameter_obligation` */

insert  into `ppu_parameter_obligation`(`id`,`ppu_emission_source_id`,`ppupo_parameter_code`,`ppupo_parameter_unit_code`,`ppupo_qs`,`ppupo_qs_unit_code`,`ppupo_qs_ref`,`ppupo_qs_max_pollution_load`,`ppupo_qs_load_unit_code`,`ppupo_qs_max_pollution_load_ref`,`created_by`,`created_at`,`updated_by`,`updated_at`) values (16,5,'PRPC1','','850.00','PRQUC1','Permen LH 21 tahun 2008','500.00','PRQLUC1','PERMENLH 21/2008',8,1488824274,8,1488824846),(17,5,'PRPC2','','850.00','PRQUC1','Permen LH 21 tahun 2008','500.00','PRQLUC1','PERMENLH 21/2008',8,1488824329,8,1488824856),(19,5,'PRPC3','','850.00','PRQUC2','Permen LH 21 tahun 2008','500.00','PRQLUC1','PERMENLH 21/2008',8,1488824706,8,1488825157),(20,5,'PRPC4','','850.00','PRQUC1','Permen LH 21 tahun 2008','500.00','PRQLUC1','PERMENLH 21/2008',8,1488824757,8,1488824872),(21,5,'LAJUALIR','PRPUC1','850.00','PRQUC1','Permen LH 21 tahun 2008','500.00','PRQLUC1','PERMENLH 21/2008',8,1488824833,8,1488824833),(22,8,'LAJUALIR','PRPUC1','850.00','PRQUC1','Permen LH 21 tahun 2008','500.00','PRQLUC1','PERMENLH 21/2008',8,1488824933,8,1488824933),(23,8,'PRPC1','','850.00','PRQUC1','Permen LH 21 tahun 2008','500.00','PRQLUC1','PERMENLH 21/2008',8,1488825000,8,1488825000),(24,8,'PRPC3','','850.00','PRQUC2','Permen LH 21 tahun 2008','500.00','PRQLUC1','PERMENLH 21/2008',8,1488825030,8,1488825030),(25,8,'PRPC2','','850.00','PRQUC1','Permen LH 21 tahun 2008','500.00','PRQLUC1','PERMENLH 21/2008',8,1488825086,8,1488825086),(26,8,'PRPC4','','850.00','PRQUC1','Permen LH 21 tahun 2008','500.00','PRQLUC1','PERMENLH 21/2008',8,1488825143,8,1488825143);

/*Table structure for table `ppu_question` */

DROP TABLE IF EXISTS `ppu_question`;

CREATE TABLE `ppu_question` (
  `id` int(11) NOT NULL AUTO_INCREMENT,
  `ppuq_question_type_code` varchar(10) DEFAULT NULL,
  `ppuq_question` varchar(255) NOT NULL,
  `created_by` smallint(5) unsigned NOT NULL,
  `created_at` int(11) NOT NULL,
  `updated_by` smallint(5) unsigned NOT NULL,
  `updated_at` int(11) NOT NULL,
  PRIMARY KEY (`id`)
) ENGINE=InnoDB AUTO_INCREMENT=9 DEFAULT CHARSET=latin1;

/*Data for the table `ppu_question` */

insert  into `ppu_question`(`id`,`ppuq_question_type_code`,`ppuq_question`,`created_by`,`created_at`,`updated_by`,`updated_at`) values (1,NULL,'<p>Lampirkan bukti hasil kalibrasi Peralatan CEMS</p>',8,1487928179,8,1487928179),(2,NULL,'<p>Lampirkan foto cerobong dan sarana perlengkapan (lubang sampling, tangga, platform, sumber listrik untuk pengambilan sampel)</p>',8,1487928199,8,1487928199),(3,NULL,'<p>Lampirkan sertifikat akreditasi laboratorium/SK Gubernur sebagai laboratorium rujukan</p>',8,1487928227,8,1487928227),(5,NULL,'<p>Hello</p>',8,1488988967,8,1488988967),(6,NULL,'<p>asd</p>',8,1488989480,8,1488989480),(7,NULL,'<p>asd</p>',8,1488991276,8,1488991276),(8,NULL,'<p>ad</p>',8,1488991991,8,1488991991);

/*Table structure for table `ppu_technical_provision` */

DROP TABLE IF EXISTS `ppu_technical_provision`;

CREATE TABLE `ppu_technical_provision` (
  `id` int(11) NOT NULL AUTO_INCREMENT,
  `ppu_id` int(11) NOT NULL,
  `created_by` smallint(5) unsigned NOT NULL,
  `created_at` int(11) NOT NULL,
  `updated_by` smallint(5) unsigned NOT NULL,
  `updated_at` int(11) NOT NULL,
  PRIMARY KEY (`id`),
  KEY `FK_ppu_technical_provision` (`ppu_id`),
  CONSTRAINT `FK_ppu_technical_provision` FOREIGN KEY (`ppu_id`) REFERENCES `ppu` (`id`) ON DELETE CASCADE ON UPDATE CASCADE
) ENGINE=InnoDB AUTO_INCREMENT=36 DEFAULT CHARSET=latin1;

/*Data for the table `ppu_technical_provision` */

insert  into `ppu_technical_provision`(`id`,`ppu_id`,`created_by`,`created_at`,`updated_by`,`updated_at`) values (35,1,8,1488991264,8,1488992000);

/*Table structure for table `ppu_technical_provision_detail` */

DROP TABLE IF EXISTS `ppu_technical_provision_detail`;

CREATE TABLE `ppu_technical_provision_detail` (
  `id` int(11) NOT NULL AUTO_INCREMENT,
  `ppu_technical_provision_id` int(11) NOT NULL,
  `ppu_question_id` int(11) DEFAULT NULL,
  `created_by` smallint(5) unsigned NOT NULL,
  `created_at` int(11) NOT NULL,
  `updated_by` smallint(5) unsigned NOT NULL,
  `updated_at` int(11) NOT NULL,
  PRIMARY KEY (`id`),
  KEY `FK_ppu_technical_provision_detail` (`ppu_technical_provision_id`),
  KEY `FK_ppu_technical_provision_detail_question` (`ppu_question_id`),
  CONSTRAINT `FK_ppu_technical_provision_detail` FOREIGN KEY (`ppu_technical_provision_id`) REFERENCES `ppu_technical_provision` (`id`) ON DELETE CASCADE ON UPDATE CASCADE,
  CONSTRAINT `FK_ppu_technical_provision_detail_question` FOREIGN KEY (`ppu_question_id`) REFERENCES `ppu_question` (`id`) ON DELETE CASCADE ON UPDATE CASCADE
) ENGINE=InnoDB AUTO_INCREMENT=58 DEFAULT CHARSET=latin1;

/*Data for the table `ppu_technical_provision_detail` */

insert  into `ppu_technical_provision_detail`(`id`,`ppu_technical_provision_id`,`ppu_question_id`,`created_by`,`created_at`,`updated_by`,`updated_at`) values (51,35,1,8,1488991264,8,1488992000),(52,35,2,8,1488991264,8,1488992000),(53,35,3,8,1488991264,8,1488992000),(54,35,5,8,1488991264,8,1488992000),(55,35,6,8,1488991264,8,1488992000),(56,35,7,8,1488991616,8,1488992000),(57,35,8,8,1488992000,8,1488992000);

/*Table structure for table `ppua_monitoring_point` */

DROP TABLE IF EXISTS `ppua_monitoring_point`;

CREATE TABLE `ppua_monitoring_point` (
  `id` int(11) NOT NULL AUTO_INCREMENT,
  `ppu_ambient_id` int(11) NOT NULL,
  `ppua_monitoring_location` varchar(100) NOT NULL,
  `ppua_code_location` varchar(100) NOT NULL,
  `ppua_coord_latitude` varchar(20) NOT NULL,
  `ppua_coord_longitude` varchar(20) NOT NULL,
  `ppua_env_doc_name` varchar(100) NOT NULL,
  `ppua_institution` varchar(100) NOT NULL,
  `ppua_confirm_date` date NOT NULL,
  `ppua_freq_monitoring_obligation_code` varchar(10) NOT NULL,
  `ppua_monitoring_data_status_code` varchar(10) NOT NULL,
  `ppua_ref` varchar(200) DEFAULT NULL,
  `created_by` smallint(5) unsigned NOT NULL,
  `created_at` int(11) NOT NULL,
  `updated_by` smallint(5) unsigned NOT NULL,
  `updated_at` int(11) NOT NULL,
  PRIMARY KEY (`id`),
  KEY `FK_ppua_monitoring_point` (`ppu_ambient_id`),
  CONSTRAINT `FK_ppua_monitoring_point` FOREIGN KEY (`ppu_ambient_id`) REFERENCES `ppu_ambient` (`id`) ON DELETE CASCADE ON UPDATE CASCADE
) ENGINE=InnoDB AUTO_INCREMENT=3 DEFAULT CHARSET=latin1;

/*Data for the table `ppua_monitoring_point` */

insert  into `ppua_monitoring_point`(`id`,`ppu_ambient_id`,`ppua_monitoring_location`,`ppua_code_location`,`ppua_coord_latitude`,`ppua_coord_longitude`,`ppua_env_doc_name`,`ppua_institution`,`ppua_confirm_date`,`ppua_freq_monitoring_obligation_code`,`ppua_monitoring_data_status_code`,`ppua_ref`,`created_by`,`created_at`,`updated_by`,`updated_at`) values (1,2,'ASH DISPOSAL','LOCATION','05 31\' 28,4\"','105 21\'23,0\"','ANDAL PLTU TARAHAN 2x100 MW LAMPUNG SELATAN PROPINSI LAMPUNG','DEPARTEMEN PERTAMBANGAN DAN ENERGI','2017-03-21','PMFMOC1','PMMDSC1','ad',8,1490643184,8,1490643184),(2,2,'DUSUN GOTONG ROYONG','LOCATION','05 31\' 28,4\"','105 21\'23,0\"','ANDAL PLTU TARAHAN 2x100 MW LAMPUNG SELATAN PROPINSI LAMPUNG','DEPARTEMEN PERTAMBANGAN DAN ENERGI','2017-03-10','PMFMOC1','PMMDSC1','ad',8,1490644577,8,1490644577);

/*Table structure for table `ppua_parameter_obligation` */

DROP TABLE IF EXISTS `ppua_parameter_obligation`;

CREATE TABLE `ppua_parameter_obligation` (
  `id` int(11) NOT NULL AUTO_INCREMENT,
  `ppua_monitoring_point_id` int(11) NOT NULL,
  `ppuapo_parameter_code` varchar(10) NOT NULL,
  `ppuapo_qs` decimal(5,2) NOT NULL,
  `ppuapo_qs_unit_code` varchar(10) NOT NULL,
  `ppuapo_qs_ref` varchar(100) NOT NULL,
  `ppuapo_qs_max_pollution_load` decimal(5,2) NOT NULL,
  `ppuapo_qs_load_unit_code` varchar(10) NOT NULL,
  `ppuapo_qs_max_pollution_load_ref` varchar(100) NOT NULL,
  `created_by` smallint(5) unsigned NOT NULL,
  `created_at` int(11) NOT NULL,
  `updated_by` smallint(5) unsigned NOT NULL,
  `updated_at` int(11) NOT NULL,
  PRIMARY KEY (`id`),
  KEY `FK_ppua_parameter_obligation_monitoring_point` (`ppua_monitoring_point_id`),
  CONSTRAINT `FK_ppua_parameter_obligation_monitoring_point` FOREIGN KEY (`ppua_monitoring_point_id`) REFERENCES `ppua_monitoring_point` (`id`) ON DELETE CASCADE ON UPDATE CASCADE
) ENGINE=InnoDB AUTO_INCREMENT=5 DEFAULT CHARSET=latin1;

/*Data for the table `ppua_parameter_obligation` */

insert  into `ppua_parameter_obligation`(`id`,`ppua_monitoring_point_id`,`ppuapo_parameter_code`,`ppuapo_qs`,`ppuapo_qs_unit_code`,`ppuapo_qs_ref`,`ppuapo_qs_max_pollution_load`,`ppuapo_qs_load_unit_code`,`ppuapo_qs_max_pollution_load_ref`,`created_by`,`created_at`,`updated_by`,`updated_at`) values (1,1,'PRPC1','900.00','PRQUC1','PP RI NO 41 TH 1999','500.00','PRQLUC1','PP RI NO 41 TH 1999',8,1490644354,8,1490644354),(2,1,'PRPC2','400.00','PRQUC1','PP RI NO 41 TH 1999','500.00','PRQLUC1','PP RI NO 41 TH 1999',8,1490644535,8,1490644535),(3,2,'PRPC1','900.00','PRQUC1','PP RI NO 41 TH 1999','500.00','PRQLUC1','PP RI NO 41 TH 1999',8,1490644618,8,1490644618),(4,2,'PRPC2','400.00','PRQUC1','PP RI NO 41 TH 1999','500.00','PRQLUC1','PP RI NO 41 TH 1999',8,1490644654,8,1490644654);

/*Table structure for table `ppuapo_month` */

DROP TABLE IF EXISTS `ppuapo_month`;

CREATE TABLE `ppuapo_month` (
  `id` int(11) NOT NULL AUTO_INCREMENT,
  `ppua_parameter_obligation_id` int(11) NOT NULL,
  `ppuapom_month` int(2) NOT NULL,
  `ppuapom_year` int(4) NOT NULL,
  `ppuapom_value` decimal(5,2) DEFAULT NULL,
  `created_by` smallint(5) unsigned NOT NULL,
  `created_at` int(11) NOT NULL,
  `updated_by` smallint(5) unsigned NOT NULL,
  `updated_at` int(11) NOT NULL,
  PRIMARY KEY (`id`),
  KEY `FK_ppuapo_month_parameter_obligation` (`ppua_parameter_obligation_id`),
  CONSTRAINT `FK_ppuapo_month_parameter_obligation` FOREIGN KEY (`ppua_parameter_obligation_id`) REFERENCES `ppua_parameter_obligation` (`id`) ON DELETE CASCADE ON UPDATE CASCADE
) ENGINE=InnoDB AUTO_INCREMENT=49 DEFAULT CHARSET=latin1;

/*Data for the table `ppuapo_month` */

insert  into `ppuapo_month`(`id`,`ppua_parameter_obligation_id`,`ppuapom_month`,`ppuapom_year`,`ppuapom_value`,`created_by`,`created_at`,`updated_by`,`updated_at`) values (1,1,7,2016,'12.74',8,1490644354,8,1490644354),(2,1,8,2016,NULL,8,1490644354,8,1490644354),(3,1,9,2016,NULL,8,1490644354,8,1490644354),(4,1,10,2016,'6.20',8,1490644354,8,1490644354),(5,1,11,2016,NULL,8,1490644354,8,1490644354),(6,1,12,2016,NULL,8,1490644354,8,1490644354),(7,1,1,2017,'20.00',8,1490644354,8,1490644354),(8,1,2,2017,NULL,8,1490644354,8,1490644354),(9,1,3,2017,NULL,8,1490644354,8,1490644354),(10,1,4,2017,NULL,8,1490644354,8,1490644354),(11,1,5,2017,NULL,8,1490644354,8,1490644354),(12,1,6,2017,NULL,8,1490644354,8,1490644354),(13,2,7,2016,'20.00',8,1490644535,8,1490644535),(14,2,8,2016,NULL,8,1490644535,8,1490644535),(15,2,9,2016,NULL,8,1490644535,8,1490644535),(16,2,10,2016,'1.73',8,1490644535,8,1490644535),(17,2,11,2016,NULL,8,1490644535,8,1490644535),(18,2,12,2016,NULL,8,1490644535,8,1490644535),(19,2,1,2017,'3.03',8,1490644535,8,1490644535),(20,2,2,2017,NULL,8,1490644535,8,1490644535),(21,2,3,2017,NULL,8,1490644535,8,1490644535),(22,2,4,2017,NULL,8,1490644535,8,1490644535),(23,2,5,2017,NULL,8,1490644535,8,1490644535),(24,2,6,2017,NULL,8,1490644535,8,1490644535),(25,3,7,2016,'12.97',8,1490644618,8,1490644618),(26,3,8,2016,NULL,8,1490644618,8,1490644618),(27,3,9,2016,NULL,8,1490644618,8,1490644618),(28,3,10,2016,'16.34',8,1490644618,8,1490644618),(29,3,11,2016,NULL,8,1490644618,8,1490644618),(30,3,12,2016,NULL,8,1490644618,8,1490644618),(31,3,1,2017,'20.00',8,1490644618,8,1490644618),(32,3,2,2017,NULL,8,1490644618,8,1490644618),(33,3,3,2017,NULL,8,1490644618,8,1490644618),(34,3,4,2017,NULL,8,1490644618,8,1490644618),(35,3,5,2017,NULL,8,1490644618,8,1490644618),(36,3,6,2017,NULL,8,1490644618,8,1490644618),(37,4,7,2016,'20.00',8,1490644654,8,1490644654),(38,4,8,2016,NULL,8,1490644654,8,1490644654),(39,4,9,2016,NULL,8,1490644654,8,1490644654),(40,4,10,2016,'5.11',8,1490644654,8,1490644654),(41,4,11,2016,NULL,8,1490644654,8,1490644654),(42,4,12,2016,NULL,8,1490644654,8,1490644654),(43,4,1,2017,'8.16',8,1490644654,8,1490644654),(44,4,2,2017,NULL,8,1490644654,8,1490644654),(45,4,3,2017,NULL,8,1490644654,8,1490644654),(46,4,4,2017,NULL,8,1490644654,8,1490644654),(47,4,5,2017,NULL,8,1490644654,8,1490644654),(48,4,6,2017,NULL,8,1490644654,8,1490644654);

/*Table structure for table `ppucems_report_bm` */

DROP TABLE IF EXISTS `ppucems_report_bm`;

CREATE TABLE `ppucems_report_bm` (
  `id` int(11) NOT NULL AUTO_INCREMENT,
  `ppu_emission_source_id` int(11) NOT NULL,
  `ppucemsrb_parameter_code` varchar(10) NOT NULL,
  `ppucemsrb_ref` varchar(255) DEFAULT NULL,
  `ppucemsrb_sec_ref` varchar(255) DEFAULT NULL,
  `created_by` smallint(5) unsigned NOT NULL,
  `created_at` int(11) NOT NULL,
  `updated_by` smallint(5) unsigned NOT NULL,
  `updated_at` int(11) NOT NULL,
  PRIMARY KEY (`id`),
  KEY `FK_ppucems_report_bm_emission_source` (`ppu_emission_source_id`),
  CONSTRAINT `FK_ppucems_report_bm_emission_source` FOREIGN KEY (`ppu_emission_source_id`) REFERENCES `ppu_emission_source` (`id`) ON DELETE CASCADE ON UPDATE CASCADE
) ENGINE=InnoDB AUTO_INCREMENT=8 DEFAULT CHARSET=latin1;

/*Data for the table `ppucems_report_bm` */

insert  into `ppucems_report_bm`(`id`,`ppu_emission_source_id`,`ppucemsrb_parameter_code`,`ppucemsrb_ref`,`ppucemsrb_sec_ref`,`created_by`,`created_at`,`updated_by`,`updated_at`) values (1,5,'PRPC2','TW II 2016 DATA HANYA BULAN APRIL',NULL,8,1488827682,8,1488875674),(3,5,'PRPC1','TW II 2016 DATA HANYA BULAN APRIL',NULL,8,1488875702,8,1488875702),(4,5,'PRPC3','TW II 2016 DATA HANYA BULAN APRIL',NULL,8,1488875724,8,1488875724),(5,8,'PRPC2','TW II 2016 DATA HANYA BULAN APRIL',NULL,8,1488875747,8,1488875747),(6,8,'PRPC1','TW II 2016 DATA HANYA BULAN APRIL',NULL,8,1488875767,8,1488875767),(7,8,'PRPC3','TW II 2016 DATA HANYA BULAN APRIL',NULL,8,1488875783,8,1488875783);

/*Table structure for table `ppucemsrb_parameter_report` */

DROP TABLE IF EXISTS `ppucemsrb_parameter_report`;

CREATE TABLE `ppucemsrb_parameter_report` (
  `id` int(11) NOT NULL AUTO_INCREMENT,
  `ppu_emission_source_id` int(11) NOT NULL,
  `ppucems_report_bm_id` int(11) NOT NULL,
  `ppucemsrbpr_month` int(2) NOT NULL,
  `ppucemsrbpr_year` int(4) NOT NULL,
  `ppucemsrbpr_quarter` varchar(30) NOT NULL,
  `ppucemsrbpr_calc_date` date NOT NULL,
  `ppucemsrbpr_avg_concentration` decimal(5,2) NOT NULL,
  `ppucemsrbpr_calc_result` decimal(2,2) NOT NULL,
  `ppucemsrbpr_operation_time` int(2) NOT NULL,
  `ppucemsrbpr_qs` decimal(5,2) NOT NULL,
  `ppucemsrbpr_qs_unit_code` varchar(10) NOT NULL,
  `ppucemsrbpr_ref` varchar(50) NOT NULL,
  `created_by` smallint(5) unsigned NOT NULL,
  `created_at` int(11) NOT NULL,
  `updated_by` smallint(5) unsigned NOT NULL,
  `updated_at` int(11) NOT NULL,
  PRIMARY KEY (`id`),
  KEY `FK_ppucemsrb_parameter_report` (`ppucems_report_bm_id`),
  KEY `FK_ppucemsrb_parameter_report_emission_source` (`ppu_emission_source_id`),
  CONSTRAINT `FK_ppucemsrb_parameter_report` FOREIGN KEY (`ppucems_report_bm_id`) REFERENCES `ppucems_report_bm` (`id`) ON DELETE CASCADE ON UPDATE CASCADE,
  CONSTRAINT `FK_ppucemsrb_parameter_report_emission_source` FOREIGN KEY (`ppu_emission_source_id`) REFERENCES `ppu_emission_source` (`id`) ON DELETE CASCADE ON UPDATE CASCADE
) ENGINE=InnoDB AUTO_INCREMENT=10 DEFAULT CHARSET=latin1;

/*Data for the table `ppucemsrb_parameter_report` */

insert  into `ppucemsrb_parameter_report`(`id`,`ppu_emission_source_id`,`ppucems_report_bm_id`,`ppucemsrbpr_month`,`ppucemsrbpr_year`,`ppucemsrbpr_quarter`,`ppucemsrbpr_calc_date`,`ppucemsrbpr_avg_concentration`,`ppucemsrbpr_calc_result`,`ppucemsrbpr_operation_time`,`ppucemsrbpr_qs`,`ppucemsrbpr_qs_unit_code`,`ppucemsrbpr_ref`,`created_by`,`created_at`,`updated_by`,`updated_at`) values (6,5,3,7,2015,'Triwulan III 2015','2015-07-01','603.90','0.33',24,'750.00','PRPRQUC1','PerMen LH 21/2008',8,1488878649,8,1488878649),(7,5,3,7,2015,'Triwulan III 2015','2015-07-02','658.65','0.33',24,'750.00','PRPRQUC1','PerMen LH 21/2008',8,1488878708,8,1488878708),(8,8,6,7,2015,'Triwulan III 2015','2015-07-01','845.01','0.99',24,'750.00','PRPRQUC1','PerMen LH 21/2008',8,1488878761,8,1488878761),(9,8,6,7,2015,'Triwulan III 2015','2015-07-02','869.42','0.99',24,'750.00','PRPRQUC1','PerMen LH 21/2008',8,1488878794,8,1488878794);

/*Table structure for table `ppucemsrb_quarter` */

DROP TABLE IF EXISTS `ppucemsrb_quarter`;

CREATE TABLE `ppucemsrb_quarter` (
  `id` int(11) NOT NULL AUTO_INCREMENT,
  `ppucems_report_bm_id` int(11) NOT NULL,
  `ppucemsrbq_quarter` varchar(3) NOT NULL,
  `ppucemsrbq_year` int(4) NOT NULL,
  `ppucemsrbq_value` int(5) NOT NULL,
  `ppucemsrbq_qs_value` int(5) NOT NULL,
  `created_by` smallint(5) unsigned NOT NULL,
  `created_at` int(11) NOT NULL,
  `updated_by` smallint(5) unsigned NOT NULL,
  `updated_at` int(11) NOT NULL,
  PRIMARY KEY (`id`),
  KEY `FK_ppucemsrb_quarter` (`ppucems_report_bm_id`),
  CONSTRAINT `FK_ppucemsrb_quarter` FOREIGN KEY (`ppucems_report_bm_id`) REFERENCES `ppucems_report_bm` (`id`) ON DELETE CASCADE ON UPDATE CASCADE
) ENGINE=InnoDB AUTO_INCREMENT=29 DEFAULT CHARSET=latin1;

/*Data for the table `ppucemsrb_quarter` */

insert  into `ppucemsrb_quarter`(`id`,`ppucems_report_bm_id`,`ppucemsrbq_quarter`,`ppucemsrbq_year`,`ppucemsrbq_value`,`ppucemsrbq_qs_value`,`created_by`,`created_at`,`updated_by`,`updated_at`) values (1,1,'III',2015,92,92,8,1488827683,8,1488875674),(2,1,'IV',2015,92,92,8,1488827683,8,1488875674),(3,1,'I',2016,90,90,8,1488827683,8,1488875674),(4,1,'II',2016,30,30,8,1488827683,8,1488875674),(9,3,'III',2015,92,92,8,1488875702,8,1488875702),(10,3,'IV',2015,92,92,8,1488875702,8,1488875702),(11,3,'I',2016,90,90,8,1488875702,8,1488875702),(12,3,'II',2016,30,30,8,1488875702,8,1488875702),(13,4,'III',2015,92,92,8,1488875724,8,1488875724),(14,4,'IV',2015,92,92,8,1488875724,8,1488875724),(15,4,'I',2016,90,90,8,1488875724,8,1488875724),(16,4,'II',2016,30,30,8,1488875724,8,1488875724),(17,5,'III',2015,92,92,8,1488875747,8,1488875747),(18,5,'IV',2015,92,92,8,1488875747,8,1488875747),(19,5,'I',2016,90,90,8,1488875747,8,1488875747),(20,5,'II',2016,30,30,8,1488875747,8,1488875747),(21,6,'III',2015,92,92,8,1488875767,8,1488875767),(22,6,'IV',2015,92,92,8,1488875767,8,1488875767),(23,6,'I',2016,90,90,8,1488875767,8,1488875767),(24,6,'II',2016,30,30,8,1488875767,8,1488875767),(25,7,'III',2015,92,92,8,1488875783,8,1488875783),(26,7,'IV',2015,92,92,8,1488875783,8,1488875783),(27,7,'I',2016,90,90,8,1488875783,8,1488875783),(28,7,'II',2016,30,30,8,1488875783,8,1488875783);

/*Table structure for table `ppues_month` */

DROP TABLE IF EXISTS `ppues_month`;

CREATE TABLE `ppues_month` (
  `id` int(11) NOT NULL AUTO_INCREMENT,
  `ppu_emission_source_id` int(11) NOT NULL,
  `ppuesm_month` int(2) NOT NULL,
  `ppuesm_year` int(4) NOT NULL,
  `ppuesm_operation_time` decimal(11,6) DEFAULT NULL,
  `created_by` smallint(5) unsigned NOT NULL,
  `created_at` int(11) NOT NULL,
  `updated_by` smallint(5) unsigned NOT NULL,
  `updated_at` int(11) NOT NULL,
  PRIMARY KEY (`id`),
  KEY `FK_ppues_month` (`ppu_emission_source_id`),
  CONSTRAINT `FK_ppues_month` FOREIGN KEY (`ppu_emission_source_id`) REFERENCES `ppu_emission_source` (`id`) ON DELETE CASCADE ON UPDATE CASCADE
) ENGINE=InnoDB AUTO_INCREMENT=85 DEFAULT CHARSET=latin1;

/*Data for the table `ppues_month` */

insert  into `ppues_month`(`id`,`ppu_emission_source_id`,`ppuesm_month`,`ppuesm_year`,`ppuesm_operation_time`,`created_by`,`created_at`,`updated_by`,`updated_at`) values (25,5,7,2015,'729.283333',8,1488823081,8,1488831200),(26,5,8,2015,'644.033333',8,1488823081,8,1488831200),(27,5,9,2015,'720.000000',8,1488823081,8,1488831200),(28,5,10,2015,'645.250000',8,1488823081,8,1488831200),(29,5,11,2015,'521.550000',8,1488823081,8,1488831201),(30,5,12,2015,'453.033333',8,1488823081,8,1488831201),(31,5,1,2016,'744.000000',8,1488823081,8,1488831201),(32,5,2,2016,'193.333333',8,1488823081,8,1488831201),(33,5,3,2016,'234.500000',8,1488823081,8,1488831201),(34,5,4,2016,'0.000000',8,1488823081,8,1488831201),(35,5,5,2016,'0.000000',8,1488823081,8,1488831201),(36,5,6,2016,'0.000000',8,1488823081,8,1488831201),(61,8,7,2015,'599.580000',8,1488824065,8,1488824065),(62,8,8,2015,'744.000000',8,1488824065,8,1488824065),(63,8,9,2015,'714.450000',8,1488824065,8,1488824065),(64,8,10,2015,'629.220000',8,1488824065,8,1488824065),(65,8,11,2015,'387.400000',8,1488824065,8,1488824065),(66,8,12,2015,'732.280000',8,1488824065,8,1488824065),(67,8,1,2016,'533.020000',8,1488824065,8,1488824065),(68,8,2,2016,'519.670000',8,1488824065,8,1488824065),(69,8,3,2016,'553.380000',8,1488824065,8,1488824065),(70,8,4,2016,'0.000000',8,1488824065,8,1488824065),(71,8,5,2016,'0.000000',8,1488824065,8,1488824065),(72,8,6,2016,'0.000000',8,1488824065,8,1488824065),(73,9,7,2015,'0.000000',8,1488824118,8,1488824118),(74,9,8,2015,'0.000000',8,1488824118,8,1488824118),(75,9,9,2015,'0.000000',8,1488824118,8,1488824118),(76,9,10,2015,'0.000000',8,1488824118,8,1488824118),(77,9,11,2015,'0.000000',8,1488824118,8,1488824118),(78,9,12,2015,'0.000000',8,1488824118,8,1488824118),(79,9,1,2016,'0.000000',8,1488824118,8,1488824118),(80,9,2,2016,'0.000000',8,1488824118,8,1488824118),(81,9,3,2016,'0.000000',8,1488824118,8,1488824118),(82,9,4,2016,'0.000000',8,1488824118,8,1488824118),(83,9,5,2016,'0.000000',8,1488824118,8,1488824118),(84,9,6,2016,'0.000000',8,1488824118,8,1488824118);

/*Table structure for table `ppupo_month` */

DROP TABLE IF EXISTS `ppupo_month`;

CREATE TABLE `ppupo_month` (
  `id` int(11) NOT NULL AUTO_INCREMENT,
  `ppu_parameter_obligation_id` int(11) NOT NULL,
  `ppupom_month` int(2) NOT NULL,
  `ppupom_year` int(4) NOT NULL,
  `ppupom_value` decimal(5,2) DEFAULT NULL,
  `created_by` smallint(5) unsigned NOT NULL,
  `created_at` int(11) NOT NULL,
  `updated_by` smallint(5) unsigned NOT NULL,
  `updated_at` int(11) NOT NULL,
  PRIMARY KEY (`id`),
  KEY `FK_ppupo_month` (`ppu_parameter_obligation_id`),
  CONSTRAINT `FK_ppupo_month` FOREIGN KEY (`ppu_parameter_obligation_id`) REFERENCES `ppu_parameter_obligation` (`id`) ON DELETE CASCADE ON UPDATE CASCADE
) ENGINE=InnoDB AUTO_INCREMENT=313 DEFAULT CHARSET=latin1;

/*Data for the table `ppupo_month` */

insert  into `ppupo_month`(`id`,`ppu_parameter_obligation_id`,`ppupom_month`,`ppupom_year`,`ppupom_value`,`created_by`,`created_at`,`updated_by`,`updated_at`) values (181,16,7,2015,'113.70',8,1488824274,8,1488824846),(182,16,8,2015,'279.31',8,1488824274,8,1488824846),(183,16,9,2015,'259.00',8,1488824274,8,1488824846),(184,16,10,2015,'281.05',8,1488824274,8,1488824847),(185,16,11,2015,'428.09',8,1488824274,8,1488824847),(186,16,12,2015,'453.94',8,1488824274,8,1488824847),(187,16,1,2016,'281.60',8,1488824274,8,1488824847),(188,16,2,2016,'472.88',8,1488824274,8,1488824847),(189,16,3,2016,'408.15',8,1488824274,8,1488824847),(190,16,4,2016,NULL,8,1488824274,8,1488824847),(191,16,5,2016,NULL,8,1488824274,8,1488824847),(192,16,6,2016,NULL,8,1488824274,8,1488824847),(193,17,7,2015,'0.30',8,1488824330,8,1488824856),(194,17,8,2015,'7.04',8,1488824330,8,1488824856),(195,17,9,2015,'11.80',8,1488824330,8,1488824856),(196,17,10,2015,'39.15',8,1488824330,8,1488824856),(197,17,11,2015,'69.70',8,1488824330,8,1488824856),(198,17,12,2015,'528.20',8,1488824330,8,1488824856),(199,17,1,2016,'147.69',8,1488824330,8,1488824856),(200,17,2,2016,'35.61',8,1488824330,8,1488824856),(201,17,3,2016,'365.39',8,1488824330,8,1488824856),(202,17,4,2016,NULL,8,1488824330,8,1488824856),(203,17,5,2016,NULL,8,1488824330,8,1488824856),(204,17,6,2016,NULL,8,1488824330,8,1488824856),(217,19,7,2015,'10.00',8,1488824707,8,1488825157),(218,19,8,2015,'10.00',8,1488824707,8,1488825157),(219,19,9,2015,'10.00',8,1488824707,8,1488825157),(220,19,10,2015,'10.00',8,1488824707,8,1488825157),(221,19,11,2015,'10.00',8,1488824707,8,1488825157),(222,19,12,2015,'10.00',8,1488824707,8,1488825157),(223,19,1,2016,'10.00',8,1488824707,8,1488825157),(224,19,2,2016,'10.00',8,1488824707,8,1488825157),(225,19,3,2016,'10.00',8,1488824707,8,1488825157),(226,19,4,2016,NULL,8,1488824707,8,1488825157),(227,19,5,2016,NULL,8,1488824707,8,1488825157),(228,19,6,2016,NULL,8,1488824707,8,1488825157),(229,20,7,2015,'11.07',8,1488824757,8,1488824872),(230,20,8,2015,'69.30',8,1488824757,8,1488824872),(231,20,9,2015,'106.40',8,1488824757,8,1488824872),(232,20,10,2015,'72.63',8,1488824757,8,1488824872),(233,20,11,2015,'86.54',8,1488824757,8,1488824872),(234,20,12,2015,'93.30',8,1488824757,8,1488824872),(235,20,1,2016,'117.12',8,1488824758,8,1488824872),(236,20,2,2016,'150.00',8,1488824758,8,1488824872),(237,20,3,2016,'30.71',8,1488824758,8,1488824872),(238,20,4,2016,NULL,8,1488824758,8,1488824872),(239,20,5,2016,NULL,8,1488824758,8,1488824872),(240,20,6,2016,NULL,8,1488824758,8,1488824872),(241,21,7,2015,'15.26',8,1488824834,8,1488824834),(242,21,8,2015,'19.32',8,1488824834,8,1488824834),(243,21,9,2015,'21.56',8,1488824834,8,1488824834),(244,21,10,2015,'17.15',8,1488824834,8,1488824834),(245,21,11,2015,'17.18',8,1488824835,8,1488824835),(246,21,12,2015,'11.40',8,1488824835,8,1488824835),(247,21,1,2016,'19.21',8,1488824835,8,1488824835),(248,21,2,2016,'20.98',8,1488824835,8,1488824835),(249,21,3,2016,'13.96',8,1488824835,8,1488824835),(250,21,4,2016,NULL,8,1488824835,8,1488824835),(251,21,5,2016,NULL,8,1488824835,8,1488824835),(252,21,6,2016,NULL,8,1488824835,8,1488824835),(253,22,7,2015,'18.54',8,1488824933,8,1488824933),(254,22,8,2015,'17.50',8,1488824933,8,1488824933),(255,22,9,2015,'6.98',8,1488824933,8,1488824933),(256,22,10,2015,'14.05',8,1488824933,8,1488824933),(257,22,11,2015,'11.40',8,1488824933,8,1488824933),(258,22,12,2015,'10.80',8,1488824933,8,1488824933),(259,22,1,2016,'10.50',8,1488824933,8,1488824933),(260,22,2,2016,'10.52',8,1488824933,8,1488824933),(261,22,3,2016,'15.01',8,1488824933,8,1488824933),(262,22,4,2016,NULL,8,1488824933,8,1488824933),(263,22,5,2016,NULL,8,1488824933,8,1488824933),(264,22,6,2016,NULL,8,1488824933,8,1488824933),(265,23,7,2015,'66.73',8,1488825001,8,1488825001),(266,23,8,2015,'178.75',8,1488825001,8,1488825001),(267,23,9,2015,'195.00',8,1488825001,8,1488825001),(268,23,10,2015,'258.14',8,1488825001,8,1488825001),(269,23,11,2015,'590.19',8,1488825001,8,1488825001),(270,23,12,2015,'456.63',8,1488825001,8,1488825001),(271,23,1,2016,'401.75',8,1488825001,8,1488825001),(272,23,2,2016,'143.21',8,1488825001,8,1488825001),(273,23,3,2016,'542.59',8,1488825001,8,1488825001),(274,23,4,2016,NULL,8,1488825001,8,1488825001),(275,23,5,2016,NULL,8,1488825001,8,1488825001),(276,23,6,2016,NULL,8,1488825001,8,1488825001),(277,24,7,2015,'10.00',8,1488825030,8,1488825030),(278,24,8,2015,'10.00',8,1488825030,8,1488825030),(279,24,9,2015,'10.00',8,1488825030,8,1488825030),(280,24,10,2015,'10.00',8,1488825030,8,1488825030),(281,24,11,2015,'10.00',8,1488825030,8,1488825030),(282,24,12,2015,'10.00',8,1488825030,8,1488825030),(283,24,1,2016,'10.00',8,1488825030,8,1488825030),(284,24,2,2016,'10.00',8,1488825030,8,1488825030),(285,24,3,2016,'10.00',8,1488825031,8,1488825031),(286,24,4,2016,NULL,8,1488825031,8,1488825031),(287,24,5,2016,NULL,8,1488825031,8,1488825031),(288,24,6,2016,NULL,8,1488825031,8,1488825031),(289,25,7,2015,'10.50',8,1488825086,8,1488825086),(290,25,8,2015,'14.40',8,1488825086,8,1488825086),(291,25,9,2015,'10.35',8,1488825086,8,1488825086),(292,25,10,2015,'156.42',8,1488825086,8,1488825086),(293,25,11,2015,'106.42',8,1488825086,8,1488825086),(294,25,12,2015,'507.76',8,1488825086,8,1488825086),(295,25,1,2016,'122.20',8,1488825086,8,1488825086),(296,25,2,2016,'6.56',8,1488825086,8,1488825086),(297,25,3,2016,'25.00',8,1488825086,8,1488825086),(298,25,4,2016,NULL,8,1488825086,8,1488825086),(299,25,5,2016,NULL,8,1488825086,8,1488825086),(300,25,6,2016,NULL,8,1488825086,8,1488825086),(301,26,7,2015,'28.78',8,1488825143,8,1488825143),(302,26,8,2015,'47.70',8,1488825143,8,1488825143),(303,26,9,2015,'68.70',8,1488825143,8,1488825143),(304,26,10,2015,'55.50',8,1488825143,8,1488825143),(305,26,11,2015,'28.73',8,1488825143,8,1488825143),(306,26,12,2015,'54.98',8,1488825143,8,1488825143),(307,26,1,2016,'58.18',8,1488825143,8,1488825143),(308,26,2,2016,'74.04',8,1488825143,8,1488825143),(309,26,3,2016,'24.41',8,1488825143,8,1488825143),(310,26,4,2016,NULL,8,1488825143,8,1488825143),(311,26,5,2016,NULL,8,1488825144,8,1488825144),(312,26,6,2016,NULL,8,1488825144,8,1488825144);

/*Table structure for table `profile` */

DROP TABLE IF EXISTS `profile`;

CREATE TABLE `profile` (
  `id` int(11) NOT NULL AUTO_INCREMENT,
  `app_name` varchar(100) NOT NULL,
  `address` text,
  `master_email` varchar(150) NOT NULL,
  `title_tag` varchar(66) NOT NULL,
  `meta_description` varchar(160) NOT NULL,
  `meta_keyword` text NOT NULL,
  `profile_left` text,
  `profile_center` text,
  `profile_right` text,
  `active_status` varchar(1) NOT NULL DEFAULT 'Y',
  `created_by` smallint(5) unsigned NOT NULL,
  `created_at` int(11) NOT NULL,
  `updated_by` smallint(5) unsigned NOT NULL,
  `updated_at` int(11) NOT NULL,
  PRIMARY KEY (`id`)
) ENGINE=InnoDB AUTO_INCREMENT=2 DEFAULT CHARSET=latin1;

/*Data for the table `profile` */

insert  into `profile`(`id`,`app_name`,`address`,`master_email`,`title_tag`,`meta_description`,`meta_keyword`,`profile_left`,`profile_center`,`profile_right`,`active_status`,`created_by`,`created_at`,`updated_by`,`updated_at`) values (1,'PLN - K3LH KITSBS','Sektor Sumatera Selatan','joko.hermanto19@gmail.com','-','-','-','','','','Y',8,1477904014,8,1479195188);

/*Table structure for table `roadmap_k3l` */

DROP TABLE IF EXISTS `roadmap_k3l`;

CREATE TABLE `roadmap_k3l` (
  `id` int(11) NOT NULL AUTO_INCREMENT,
  `form_type_code` varchar(10) NOT NULL,
  `sector_id` int(11) NOT NULL,
  `power_plant_id` int(11) NOT NULL,
  `k3l_year` varchar(4) NOT NULL,
  `created_by` smallint(5) unsigned NOT NULL,
  `created_at` int(11) NOT NULL,
  `updated_by` smallint(5) unsigned NOT NULL,
  `updated_at` int(11) NOT NULL,
  PRIMARY KEY (`id`),
  KEY `FK_roadmap_k3l_sector` (`sector_id`),
  KEY `FK_roadmap_k3l_power_plant` (`power_plant_id`),
  CONSTRAINT `FK_roadmap_k3l_power_plant` FOREIGN KEY (`power_plant_id`) REFERENCES `power_plant` (`id`),
  CONSTRAINT `FK_roadmap_k3l_sector` FOREIGN KEY (`sector_id`) REFERENCES `sector` (`id`)
) ENGINE=InnoDB AUTO_INCREMENT=4 DEFAULT CHARSET=latin1;

/*Data for the table `roadmap_k3l` */

insert  into `roadmap_k3l`(`id`,`form_type_code`,`sector_id`,`power_plant_id`,`k3l_year`,`created_by`,`created_at`,`updated_by`,`updated_at`) values (3,'K3',7,5,'1234',8,1492857183,8,1492857201);

/*Table structure for table `roadmap_k3l_attribute` */

DROP TABLE IF EXISTS `roadmap_k3l_attribute`;

CREATE TABLE `roadmap_k3l_attribute` (
  `id` int(11) NOT NULL AUTO_INCREMENT,
  `attr_type_code` varchar(10) NOT NULL,
  `attr_text` varchar(255) NOT NULL,
  `attr_parent_id` int(11) DEFAULT NULL,
  `created_by` smallint(5) unsigned NOT NULL,
  `created_at` int(11) NOT NULL,
  `updated_by` smallint(5) unsigned NOT NULL,
  `updated_at` int(11) NOT NULL,
  PRIMARY KEY (`id`),
  KEY `FK_roadmap_k3l_attribute` (`attr_parent_id`),
  CONSTRAINT `FK_roadmap_k3l_attribute` FOREIGN KEY (`attr_parent_id`) REFERENCES `roadmap_k3l_attribute` (`id`) ON DELETE CASCADE ON UPDATE CASCADE
) ENGINE=InnoDB AUTO_INCREMENT=12 DEFAULT CHARSET=latin1;

/*Data for the table `roadmap_k3l_attribute` */

insert  into `roadmap_k3l_attribute`(`id`,`attr_type_code`,`attr_text`,`attr_parent_id`,`created_by`,`created_at`,`updated_by`,`updated_at`) values (1,'TGT','Tingkat Penerapan Sistem Manajemen  K3',NULL,8,1482728633,8,1482728633),(2,'TGT','Maturity Level Implementasi K2',NULL,8,1482728652,8,1482728652),(3,'TGT','Risk Rating Pembangkit',NULL,8,1482815485,8,1482815485),(4,'TGT','Maturity Level Behavioural Based Safety',NULL,8,1482822142,8,1482822142),(5,'TGT','Jumlah Nearmiss',NULL,8,1482822204,8,1482822204),(6,'PHDR','A - PENINGKATAN KAPABILITAS SDM',NULL,8,1482824515,8,1482824515),(7,'PSHDR','A.1 Sertifikasi Personil Wajib',NULL,8,1482824872,8,1482824872),(8,'PITEM','Sertifikasi Operator Pesawat Angkat Angkut',NULL,8,1482824888,8,1482824888),(9,'PITEM','Sertifikasi Operator Bejana Bertekanan',NULL,8,1482825045,8,1482825045),(10,'TGT','Jumlah Kecelakaan Kerja',NULL,8,1482826730,8,1482826730),(11,'TGT','Jumlah Kecelakaan Instalasi',NULL,8,1482909553,8,1482909553);

/*Table structure for table `roadmap_k3l_item` */

DROP TABLE IF EXISTS `roadmap_k3l_item`;

CREATE TABLE `roadmap_k3l_item` (
  `id` int(11) NOT NULL AUTO_INCREMENT,
  `roadmap_k3l_id` int(11) NOT NULL,
  `roadmap_k3l_attribute_id` int(11) NOT NULL,
  `item_value_when` date DEFAULT NULL,
  `item_value_where` text,
  `item_value_who` text,
  `item_value_how_many` text,
  `item_value_how_much` int(9) DEFAULT NULL,
  `item_order` int(2) DEFAULT NULL,
  `created_by` smallint(5) unsigned NOT NULL,
  `created_at` int(11) NOT NULL,
  `updated_by` smallint(5) unsigned NOT NULL,
  `updated_at` int(11) NOT NULL,
  PRIMARY KEY (`id`),
  KEY `FK_roadmap_k3l_item` (`roadmap_k3l_id`),
  KEY `FK_roadmap_k3l_item_attribute` (`roadmap_k3l_attribute_id`),
  CONSTRAINT `FK_roadmap_k3l_item` FOREIGN KEY (`roadmap_k3l_id`) REFERENCES `roadmap_k3l` (`id`) ON DELETE CASCADE ON UPDATE CASCADE,
  CONSTRAINT `FK_roadmap_k3l_item_attribute` FOREIGN KEY (`roadmap_k3l_attribute_id`) REFERENCES `roadmap_k3l_attribute` (`id`) ON DELETE CASCADE ON UPDATE CASCADE
) ENGINE=InnoDB AUTO_INCREMENT=8 DEFAULT CHARSET=latin1;

/*Data for the table `roadmap_k3l_item` */

insert  into `roadmap_k3l_item`(`id`,`roadmap_k3l_id`,`roadmap_k3l_attribute_id`,`item_value_when`,`item_value_where`,`item_value_who`,`item_value_how_many`,`item_value_how_much`,`item_order`,`created_by`,`created_at`,`updated_by`,`updated_at`) values (7,3,8,'2017-04-13','asd','asd','asd',1231,0,8,1492857183,8,1492857202);

/*Table structure for table `roadmap_k3l_target` */

DROP TABLE IF EXISTS `roadmap_k3l_target`;

CREATE TABLE `roadmap_k3l_target` (
  `id` int(11) NOT NULL AUTO_INCREMENT,
  `roadmap_k3l_id` int(11) NOT NULL,
  `roadmap_k3l_attribute_id` int(11) NOT NULL,
  `target_value` varchar(150) NOT NULL,
  `target_order` int(11) DEFAULT NULL,
  `created_by` smallint(5) unsigned NOT NULL,
  `created_at` int(11) NOT NULL,
  `updated_by` smallint(5) unsigned NOT NULL,
  `updated_at` int(11) NOT NULL,
  PRIMARY KEY (`id`),
  KEY `FK_roadmap_k3l_target` (`roadmap_k3l_id`),
  KEY `FK_roadmap_k3l_target_attribute` (`roadmap_k3l_attribute_id`),
  CONSTRAINT `FK_roadmap_k3l_target` FOREIGN KEY (`roadmap_k3l_id`) REFERENCES `roadmap_k3l` (`id`) ON DELETE CASCADE ON UPDATE CASCADE,
  CONSTRAINT `FK_roadmap_k3l_target_attribute` FOREIGN KEY (`roadmap_k3l_attribute_id`) REFERENCES `roadmap_k3l_attribute` (`id`) ON DELETE CASCADE ON UPDATE CASCADE
) ENGINE=InnoDB DEFAULT CHARSET=latin1;

/*Data for the table `roadmap_k3l_target` */

/*Table structure for table `sector` */

DROP TABLE IF EXISTS `sector`;

CREATE TABLE `sector` (
  `id` int(11) NOT NULL AUTO_INCREMENT,
  `sector_name` varchar(150) NOT NULL,
  `sector_code` varchar(10) DEFAULT NULL,
  `sector_order` int(2) DEFAULT NULL,
  `created_by` smallint(5) unsigned NOT NULL,
  `created_at` int(11) NOT NULL,
  `updated_by` smallint(5) unsigned NOT NULL,
  `updated_at` int(11) NOT NULL,
  PRIMARY KEY (`id`)
) ENGINE=InnoDB AUTO_INCREMENT=14 DEFAULT CHARSET=latin1;

/*Data for the table `sector` */

insert  into `sector`(`id`,`sector_name`,`sector_code`,`sector_order`,`created_by`,`created_at`,`updated_by`,`updated_at`) values (2,'Sektor Keramasan',NULL,7,8,1479442578,8,1492871365),(4,'Sektor Jambi',NULL,8,8,1479442615,8,1492871359),(5,'Sektor Bandar Lampung',NULL,9,8,1479442635,8,1492871279),(6,'Sektor Bukit Tinggi',NULL,10,8,1479442646,8,1492871353),(7,'Sektor Bengkulu',NULL,11,8,1479442656,8,1492871346),(8,'Sektor Bukit Asam',NULL,3,8,1479442677,8,1492871289),(9,'Sektor Tarahan',NULL,4,8,1479442685,8,1492871384),(10,'Kantor Induk','KTR_IDK',1,8,1492871390,8,1492964088),(11,'Sektor Ombilin','',2,8,1495616146,8,1495616146),(12,'Sektor Teluk Sirih','',5,8,1495616156,8,1495616156),(13,'Sektor Sebalang','',6,8,1495616163,8,1495616163);

/*Table structure for table `skko` */

DROP TABLE IF EXISTS `skko`;

CREATE TABLE `skko` (
  `id` int(11) NOT NULL AUTO_INCREMENT,
  `sector_id` int(11) NOT NULL,
  `power_plant_id` int(11) DEFAULT NULL,
  `skko_year` int(4) NOT NULL,
  `created_by` smallint(5) unsigned NOT NULL,
  `created_at` int(11) NOT NULL,
  `updated_by` smallint(5) unsigned NOT NULL,
  `updated_at` int(11) NOT NULL,
  PRIMARY KEY (`id`),
  KEY `FK_skko_sector` (`sector_id`),
  KEY `FK_skko_power_plant` (`power_plant_id`),
  CONSTRAINT `FK_skko_power_plant` FOREIGN KEY (`power_plant_id`) REFERENCES `power_plant` (`id`) ON DELETE CASCADE ON UPDATE CASCADE,
  CONSTRAINT `FK_skko_sector` FOREIGN KEY (`sector_id`) REFERENCES `sector` (`id`) ON DELETE CASCADE ON UPDATE CASCADE
) ENGINE=InnoDB AUTO_INCREMENT=3 DEFAULT CHARSET=latin1;

/*Data for the table `skko` */

insert  into `skko`(`id`,`sector_id`,`power_plant_id`,`skko_year`,`created_by`,`created_at`,`updated_by`,`updated_at`) values (2,10,NULL,2016,8,1493203904,8,1493203904);

/*Table structure for table `skko_detail` */

DROP TABLE IF EXISTS `skko_detail`;

CREATE TABLE `skko_detail` (
  `id` int(11) NOT NULL AUTO_INCREMENT,
  `skko_id` int(11) NOT NULL,
  `skko_number` varchar(100) NOT NULL,
  `skko_date` date NOT NULL,
  `created_by` smallint(5) unsigned NOT NULL,
  `created_at` int(11) NOT NULL,
  `updated_by` smallint(5) unsigned NOT NULL,
  `updated_at` int(11) NOT NULL,
  PRIMARY KEY (`id`),
  KEY `FK_skko_detail` (`skko_id`),
  CONSTRAINT `FK_skko_detail` FOREIGN KEY (`skko_id`) REFERENCES `skko` (`id`) ON DELETE CASCADE ON UPDATE CASCADE
) ENGINE=InnoDB AUTO_INCREMENT=5 DEFAULT CHARSET=latin1;

/*Data for the table `skko_detail` */

insert  into `skko_detail`(`id`,`skko_id`,`skko_number`,`skko_date`,`created_by`,`created_at`,`updated_by`,`updated_at`) values (2,2,'Dokumen No 1/1/1','2017-04-27',8,1493203904,8,1493203904),(3,2,'Dokumen No 2/2/2','2017-04-09',8,1493203905,8,1493203905),(4,2,'Dokumen No 3/3/3','2017-04-10',8,1493203906,8,1493203906);

/*Table structure for table `smk3` */

DROP TABLE IF EXISTS `smk3`;

CREATE TABLE `smk3` (
  `id` int(11) NOT NULL AUTO_INCREMENT,
  `sector_id` int(11) NOT NULL,
  `power_plant_id` int(11) NOT NULL,
  `smk3_year` int(4) NOT NULL,
  `smk3_auditor` text NOT NULL,
  `created_by` smallint(5) unsigned NOT NULL,
  `created_at` int(11) NOT NULL,
  `updated_by` smallint(5) unsigned NOT NULL,
  `updated_at` int(11) NOT NULL,
  PRIMARY KEY (`id`),
  KEY `FK_smk3_sector` (`sector_id`),
  KEY `FK_smk3_power_plant` (`power_plant_id`),
  CONSTRAINT `FK_smk3_power_plant` FOREIGN KEY (`power_plant_id`) REFERENCES `power_plant` (`id`),
  CONSTRAINT `FK_smk3_sector` FOREIGN KEY (`sector_id`) REFERENCES `sector` (`id`)
) ENGINE=InnoDB AUTO_INCREMENT=9 DEFAULT CHARSET=latin1;

/*Data for the table `smk3` */

insert  into `smk3`(`id`,`sector_id`,`power_plant_id`,`smk3_year`,`smk3_auditor`,`created_by`,`created_at`,`updated_by`,`updated_at`) values (8,4,1,1234,'<p>adawdawda</p>',8,1492882423,8,1492884852);

/*Table structure for table `smk3_criteria` */

DROP TABLE IF EXISTS `smk3_criteria`;

CREATE TABLE `smk3_criteria` (
  `id` int(11) NOT NULL AUTO_INCREMENT,
  `smk3_subtitle_id` int(11) NOT NULL,
  `sctr_criteria` varchar(1000) NOT NULL,
  `created_by` smallint(5) unsigned NOT NULL,
  `created_at` int(11) NOT NULL,
  `updated_by` smallint(5) unsigned NOT NULL,
  `updated_at` int(11) NOT NULL,
  PRIMARY KEY (`id`),
  KEY `FK_smk3_criteria_subtitle` (`smk3_subtitle_id`),
  CONSTRAINT `FK_smk3_criteria_subtitle` FOREIGN KEY (`smk3_subtitle_id`) REFERENCES `smk3_subtitle` (`id`) ON DELETE CASCADE ON UPDATE CASCADE
) ENGINE=InnoDB AUTO_INCREMENT=73 DEFAULT CHARSET=latin1;

/*Data for the table `smk3_criteria` */

insert  into `smk3_criteria`(`id`,`smk3_subtitle_id`,`sctr_criteria`,`created_by`,`created_at`,`updated_by`,`updated_at`) values (31,15,'awada',8,1486551819,8,1486551819),(32,16,'asdadasfas',8,1486551916,8,1486551916),(33,16,'asdafsaf',8,1486551916,8,1486551916),(34,16,'asdafsadsaf',8,1486551916,8,1486551916),(35,17,'asfasfasdasfasfasf',8,1486551916,8,1486551916),(36,17,'asfasdasf',8,1486551916,8,1486551916),(37,18,'asdadwad',8,1486552144,8,1486552144),(38,18,'saddawdawdad',8,1486552144,8,1486552144),(39,18,'adsadwadsadw',8,1486552145,8,1486552145),(40,18,'asdasdawdada',8,1486552145,8,1486552145),(41,19,'asdawdawdawd',8,1486552145,8,1486552145),(42,20,'asdwadasdw',8,1486552145,8,1486552145),(43,21,'dasdwadasdwadwad',8,1486552145,8,1486552145),(44,21,'asdadawdasd',8,1486552145,8,1486552145),(45,22,'asdwad',8,1486552301,8,1486552301),(46,22,'asdadaw',8,1486552301,8,1486552301),(47,22,'sadawdasdw',8,1486552301,8,1486552301),(48,23,'dwadasdawdadawadwadawdwadawd',8,1486552301,8,1486552301),(49,23,'asdadwad',8,1486552301,8,1486552301),(50,24,'asdawdaw',8,1486552355,8,1486552355),(51,24,'asdwadasdwad',8,1486552355,8,1486552355),(52,24,'dawdasdwadasdawdadsadw',8,1486552356,8,1486552356),(53,25,'adsadawdasdwadwad',8,1486552356,8,1486552356),(54,25,'asdsadasdawda',8,1486552356,8,1486552356),(55,26,'asdawdasdwad',8,1486552356,8,1486552356),(61,32,'asdawd',8,1486565158,8,1486565158),(63,35,'<p>asdadsdwd<strong>asdawdsad<em>asdasdsadawa<del>dasdsadwadsa</del></em></strong></p>',8,1486640348,8,1486640348),(67,37,'<p>asdwada</p>',8,1486641950,8,1486641950),(68,37,'<p>asdawd</p>',8,1486641951,8,1486641951),(69,37,'<p>asdawd</p>',8,1486641951,8,1486641951),(70,38,'<p>asdasdawd</p>',8,1486641951,8,1486641951),(71,38,'<p>asdawdsad</p>',8,1486641951,8,1486641951),(72,38,'<p>asdwadsad<em>sadadadasdwadawd<strong>sadwad</strong><strong></strong></em></p>',8,1486641951,8,1486641951);

/*Table structure for table `smk3_detail` */

DROP TABLE IF EXISTS `smk3_detail`;

CREATE TABLE `smk3_detail` (
  `id` int(11) NOT NULL AUTO_INCREMENT,
  `smk3_id` int(11) NOT NULL,
  `smk3_criteria_id` int(11) NOT NULL,
  `sdtl_answer` int(2) NOT NULL,
  `created_by` smallint(5) unsigned NOT NULL,
  `created_at` int(11) NOT NULL,
  `updated_by` smallint(5) unsigned NOT NULL,
  `updated_at` int(11) NOT NULL,
  PRIMARY KEY (`id`),
  KEY `FK_smk3_answer_criteria` (`smk3_criteria_id`),
  KEY `FK_smk3_answer` (`smk3_id`),
  CONSTRAINT `FK_smk3_answer` FOREIGN KEY (`smk3_id`) REFERENCES `smk3` (`id`) ON DELETE CASCADE ON UPDATE CASCADE,
  CONSTRAINT `FK_smk3_answer_criteria` FOREIGN KEY (`smk3_criteria_id`) REFERENCES `smk3_criteria` (`id`) ON DELETE CASCADE ON UPDATE CASCADE
) ENGINE=InnoDB AUTO_INCREMENT=423 DEFAULT CHARSET=latin1;

/*Data for the table `smk3_detail` */

insert  into `smk3_detail`(`id`,`smk3_id`,`smk3_criteria_id`,`sdtl_answer`,`created_by`,`created_at`,`updated_by`,`updated_at`) values (390,8,31,0,8,1492882423,8,1492884852),(391,8,32,0,8,1492882423,8,1492884852),(392,8,33,0,8,1492882424,8,1492884852),(393,8,34,0,8,1492882424,8,1492884852),(394,8,35,0,8,1492882424,8,1492884852),(395,8,36,0,8,1492882424,8,1492884852),(396,8,37,0,8,1492882424,8,1492884852),(397,8,38,0,8,1492882424,8,1492884852),(398,8,39,0,8,1492882424,8,1492884852),(399,8,40,0,8,1492882424,8,1492884852),(400,8,41,0,8,1492882424,8,1492884852),(401,8,42,0,8,1492882424,8,1492884852),(402,8,43,0,8,1492882424,8,1492884852),(403,8,44,0,8,1492882424,8,1492884852),(404,8,45,0,8,1492882424,8,1492884852),(405,8,46,0,8,1492882424,8,1492884852),(406,8,47,0,8,1492882424,8,1492884852),(407,8,48,0,8,1492882424,8,1492884852),(408,8,49,0,8,1492882424,8,1492884852),(409,8,50,0,8,1492882424,8,1492884852),(410,8,51,0,8,1492882424,8,1492884852),(411,8,52,0,8,1492882424,8,1492884852),(412,8,53,0,8,1492882424,8,1492884852),(413,8,54,0,8,1492882424,8,1492884852),(414,8,55,1,8,1492882424,8,1492884852),(415,8,61,2,8,1492882424,8,1492884852),(416,8,63,0,8,1492882424,8,1492884852),(417,8,67,0,8,1492882424,8,1492884852),(418,8,68,0,8,1492882424,8,1492884852),(419,8,69,0,8,1492882424,8,1492884852),(420,8,70,0,8,1492882424,8,1492884852),(421,8,71,1,8,1492882424,8,1492884852),(422,8,72,2,8,1492882424,8,1492884852);

/*Table structure for table `smk3_subtitle` */

DROP TABLE IF EXISTS `smk3_subtitle`;

CREATE TABLE `smk3_subtitle` (
  `id` int(11) NOT NULL AUTO_INCREMENT,
  `smk3_title_id` int(11) NOT NULL,
  `ssub_subtitle` varchar(1000) NOT NULL,
  `created_by` smallint(5) unsigned NOT NULL,
  `created_at` int(11) NOT NULL,
  `updated_by` smallint(5) unsigned NOT NULL,
  `updated_at` int(11) NOT NULL,
  PRIMARY KEY (`id`),
  KEY `FK_smk3_title` (`smk3_title_id`),
  CONSTRAINT `FK_smk3_title` FOREIGN KEY (`smk3_title_id`) REFERENCES `smk3_title` (`id`) ON DELETE CASCADE ON UPDATE CASCADE
) ENGINE=InnoDB AUTO_INCREMENT=39 DEFAULT CHARSET=latin1;

/*Data for the table `smk3_subtitle` */

insert  into `smk3_subtitle`(`id`,`smk3_title_id`,`ssub_subtitle`,`created_by`,`created_at`,`updated_by`,`updated_at`) values (15,14,'awdadad',8,1486551819,8,1486551819),(16,15,'asdfasdasfasdasf',8,1486551916,8,1486551916),(17,15,'asdasdasdasf',8,1486551916,8,1486551916),(18,16,'sadawdasdwad',8,1486552144,8,1486552144),(19,16,'asdadadwad',8,1486552145,8,1486552145),(20,16,'asdasdwad',8,1486552145,8,1486552145),(21,16,'asdawdasdadwa',8,1486552145,8,1486552145),(22,17,'asdawad',8,1486552301,8,1486552301),(23,17,'asdawdsa',8,1486552301,8,1486552301),(24,18,'dwadzxdzdad',8,1486552355,8,1486552355),(25,18,'asdasdawdasdwada',8,1486552356,8,1486552356),(26,18,'asdasdawd',8,1486552356,8,1486552356),(32,24,'asdadw',8,1486565158,8,1486565158),(35,26,'asdwadsdw',8,1486640348,8,1486640348),(37,28,'asdawd',8,1486641950,8,1486641950),(38,28,'asdwadsd',8,1486641951,8,1486641951);

/*Table structure for table `smk3_title` */

DROP TABLE IF EXISTS `smk3_title`;

CREATE TABLE `smk3_title` (
  `id` int(11) NOT NULL AUTO_INCREMENT,
  `sttl_title` varchar(1000) NOT NULL,
  `created_by` smallint(5) unsigned NOT NULL,
  `created_at` int(11) NOT NULL,
  `updated_by` smallint(5) unsigned NOT NULL,
  `updated_at` int(11) NOT NULL,
  PRIMARY KEY (`id`)
) ENGINE=InnoDB AUTO_INCREMENT=29 DEFAULT CHARSET=latin1;

/*Data for the table `smk3_title` */

insert  into `smk3_title`(`id`,`sttl_title`,`created_by`,`created_at`,`updated_by`,`updated_at`) values (7,'Judul',8,1486470338,8,1486470338),(14,'wadawda',8,1486551819,8,1486551819),(15,'Jududul',8,1486551915,8,1486551915),(16,'adsadwad',8,1486552144,8,1486552144),(17,'adsadawda',8,1486552299,8,1486552299),(18,'awdasdawdasda',8,1486552355,8,1486552355),(24,'adwad',8,1486565158,8,1486565158),(25,'judul',8,1486635593,8,1486635593),(26,'awdasdw',8,1486640348,8,1486640348),(28,'wdadsd',8,1486641950,8,1486641950);

/*Table structure for table `user` */

DROP TABLE IF EXISTS `user`;

CREATE TABLE `user` (
  `id` smallint(5) unsigned NOT NULL AUTO_INCREMENT,
  `employee_id` smallint(5) unsigned NOT NULL,
  `branch_id` tinyint(3) unsigned NOT NULL,
  `username` varchar(255) COLLATE utf8_unicode_ci NOT NULL,
  `auth_key` varchar(32) COLLATE utf8_unicode_ci NOT NULL,
  `password_hash` varchar(255) COLLATE utf8_unicode_ci NOT NULL,
  `password_reset_token` varchar(255) COLLATE utf8_unicode_ci DEFAULT NULL,
  `status` varchar(1) COLLATE utf8_unicode_ci NOT NULL DEFAULT 'Y',
  `created_at` int(11) NOT NULL,
  `updated_at` int(11) NOT NULL,
  `created_by` smallint(5) unsigned NOT NULL,
  `updated_by` smallint(5) unsigned NOT NULL,
  PRIMARY KEY (`id`),
  KEY `branch_id` (`branch_id`)
) ENGINE=InnoDB AUTO_INCREMENT=13 DEFAULT CHARSET=utf8 COLLATE=utf8_unicode_ci;

/*Data for the table `user` */

insert  into `user`(`id`,`employee_id`,`branch_id`,`username`,`auth_key`,`password_hash`,`password_reset_token`,`status`,`created_at`,`updated_at`,`created_by`,`updated_by`) values (5,1,1,'tonny','HnE4y57oGqEFngtxia6M2Ka4W7gr2Ax0','$2y$13$3yKtjoQ/g9P89Hbc1NaFEO/GJsaE/LzikTjNIQO1LjAoKzVA1.pLm',NULL,'N',1457708718,1464334126,0,8),(6,3,1,'operator','imp4KzVp08MKpkph_ivwMsDa3OqR5xh3','$2y$13$tP8vFkjUG3AuR/LWurDadOdoQAEeos8Ejmy.tLFgBYPrSOdD7NPuy','f90Xwcim-PpzNatj9Zs5pNt3m9dUG9xF_1463481747','Y',1461898938,1463481747,5,6),(7,2,1,'supervisor','6pVYuEE-QBqQq6fGdQVBRFPGXCRyhKLP','$2y$13$MY4HcQ49hNgLzx16opFDiOOrq7eFQm2YcmG.IJZejZ77.w7zaJiPa','OWs1FsilmTVmgnBujy9C_mQqPrux_WFU_1461898973','Y',1461898973,1461899028,5,5),(8,1,1,'admin','NcRenGFqHJe153TpBrn-U_gLgiSbjT7d','$2y$13$u87MDBat2c0Q4XUiqrfpF.ADeSRhOl/QsUgo7bUR.wDnbLd6e2XeG','7fIIHhXUSFXyoEAGotFFzYemYPbwL82j_1464333703','Y',1464333703,1480133297,5,8),(12,6,1,'jokotest','M8f3j8YeCuBS7-63Wm8AznhCGK7e-Jjm','$2y$13$l9dA261SwUyWmrhZt0EtkuzBV/9p5OJhpjvl/.2KoLUFNwBjB2QCq','V73MFf6J4YiAGXZncxyQiHZRe_YqO1pi_1467276749','Y',1467276749,1480133435,8,12);

/*Table structure for table `user_sector` */

DROP TABLE IF EXISTS `user_sector`;

CREATE TABLE `user_sector` (
  `id` int(11) NOT NULL AUTO_INCREMENT,
  `user_id` smallint(5) unsigned NOT NULL,
  `sector_id` int(11) NOT NULL,
  `created_by` smallint(5) unsigned NOT NULL,
  `created_at` int(11) NOT NULL,
  `updated_by` smallint(5) unsigned NOT NULL,
  `updated_at` int(11) NOT NULL,
  PRIMARY KEY (`id`),
  KEY `FK_user_sector_sector` (`sector_id`),
  KEY `FK_user_sector_user` (`user_id`),
  CONSTRAINT `FK_user_sector_sector` FOREIGN KEY (`sector_id`) REFERENCES `sector` (`id`) ON DELETE CASCADE ON UPDATE CASCADE,
  CONSTRAINT `FK_user_sector_user` FOREIGN KEY (`user_id`) REFERENCES `user` (`id`) ON DELETE CASCADE ON UPDATE CASCADE
) ENGINE=InnoDB AUTO_INCREMENT=14 DEFAULT CHARSET=latin1;

/*Data for the table `user_sector` */

insert  into `user_sector`(`id`,`user_id`,`sector_id`,`created_by`,`created_at`,`updated_by`,`updated_at`) values (12,12,4,8,1480131607,8,1480131607),(13,12,2,8,1480131607,8,1480131607);

/*Table structure for table `working_plan` */

DROP TABLE IF EXISTS `working_plan`;

CREATE TABLE `working_plan` (
  `id` int(11) NOT NULL AUTO_INCREMENT,
  `form_type_code` varchar(10) NOT NULL,
  `sector_id` int(11) NOT NULL,
  `wp_year` varchar(4) NOT NULL,
  `created_by` smallint(5) unsigned NOT NULL,
  `created_at` int(11) NOT NULL,
  `updated_by` smallint(5) unsigned NOT NULL,
  `updated_at` int(11) NOT NULL,
  PRIMARY KEY (`id`),
  KEY `FK_working_plan_sector` (`sector_id`),
  CONSTRAINT `FK_working_plan_sector` FOREIGN KEY (`sector_id`) REFERENCES `sector` (`id`)
) ENGINE=InnoDB AUTO_INCREMENT=4 DEFAULT CHARSET=latin1;

/*Data for the table `working_plan` */

insert  into `working_plan`(`id`,`form_type_code`,`sector_id`,`wp_year`,`created_by`,`created_at`,`updated_by`,`updated_at`) values (1,'K3',4,'2017',8,1484970609,8,1485323406),(2,'LH',7,'2014',8,1486740207,8,1486740207),(3,'LH',7,'1231',8,1486839310,8,1486839310);

/*Table structure for table `working_plan_attribute` */

DROP TABLE IF EXISTS `working_plan_attribute`;

CREATE TABLE `working_plan_attribute` (
  `id` int(11) NOT NULL AUTO_INCREMENT,
  `attr_type_code` varchar(10) NOT NULL,
  `attr_text` varchar(255) NOT NULL,
  `attr_parent_id` int(11) DEFAULT NULL,
  `created_by` smallint(5) unsigned NOT NULL,
  `created_at` int(11) NOT NULL,
  `updated_by` smallint(5) unsigned NOT NULL,
  `updated_at` int(11) NOT NULL,
  PRIMARY KEY (`id`),
  KEY `FK_working_plan_attribute` (`attr_parent_id`),
  CONSTRAINT `FK_working_plan_attribute` FOREIGN KEY (`attr_parent_id`) REFERENCES `working_plan_attribute` (`id`) ON DELETE CASCADE ON UPDATE CASCADE
) ENGINE=InnoDB AUTO_INCREMENT=11 DEFAULT CHARSET=latin1;

/*Data for the table `working_plan_attribute` */

insert  into `working_plan_attribute`(`id`,`attr_type_code`,`attr_text`,`attr_parent_id`,`created_by`,`created_at`,`updated_by`,`updated_at`) values (1,'PHDR','KESELAMATAN DAN KESEHATAN KERJA',NULL,8,1484375544,8,1484375544),(2,'PSHDR','A. Peningkatan Kapabilitas SDM - K3',NULL,8,1484375573,8,1484375573),(3,'PITEM','Penyusunan Roadmap Training K3',NULL,8,1484375971,8,1484375971),(4,'PITEM','Sosialisasi Roadmap Training K3',NULL,8,1484543457,8,1484543457),(5,'PHDR','LINGKUNGAN',NULL,8,1484797156,8,1484797156),(6,'PSHDR','B. Pengembangan Sistem - K3',NULL,8,1484797207,8,1484797207),(7,'PSHDR','C. Pembangunan Sarana/ Fasilitas - K3',NULL,8,1484797246,8,1484797246),(8,'PSHDR','D. Pengendalian dan Peningkatan - K3',NULL,8,1484797269,8,1484797269),(9,'PSHDR','E. Pemantauan dan Pengukuran - K3',NULL,8,1484797288,8,1484797288),(10,'PITEM','Pelatihan K3 Manajemen',NULL,8,1485313423,8,1485313423);

/*Table structure for table `working_plan_detail` */

DROP TABLE IF EXISTS `working_plan_detail`;

CREATE TABLE `working_plan_detail` (
  `id` int(11) NOT NULL AUTO_INCREMENT,
  `working_plan_id` int(11) NOT NULL,
  `working_plan_attribute_id` int(11) NOT NULL,
  `wpd_rnr` varchar(2) DEFAULT NULL,
  `wpd_location` varchar(100) DEFAULT NULL,
  `wpd_pic` varchar(100) DEFAULT NULL,
  `wpd_order` int(2) DEFAULT NULL,
  `created_by` smallint(5) unsigned NOT NULL,
  `created_at` int(11) NOT NULL,
  `updated_by` smallint(5) unsigned NOT NULL,
  `updated_at` int(11) NOT NULL,
  PRIMARY KEY (`id`),
  KEY `FK_working_plan_detail_wp` (`working_plan_id`),
  KEY `FK_working_plan_detail_attribute` (`working_plan_attribute_id`),
  CONSTRAINT `FK_working_plan_detail_attribute` FOREIGN KEY (`working_plan_attribute_id`) REFERENCES `working_plan_attribute` (`id`) ON DELETE CASCADE ON UPDATE CASCADE,
  CONSTRAINT `FK_working_plan_detail_wp` FOREIGN KEY (`working_plan_id`) REFERENCES `working_plan` (`id`) ON DELETE CASCADE ON UPDATE CASCADE
) ENGINE=InnoDB AUTO_INCREMENT=8 DEFAULT CHARSET=latin1;

/*Data for the table `working_plan_detail` */

insert  into `working_plan_detail`(`id`,`working_plan_id`,`working_plan_attribute_id`,`wpd_rnr`,`wpd_location`,`wpd_pic`,`wpd_order`,`created_by`,`created_at`,`updated_by`,`updated_at`) values (1,1,3,'R','lokasi 1','hendra',0,8,1484970609,8,1485315493),(2,1,4,'R','lokasi 2','anton',1,8,1484970609,8,1484970609),(6,1,10,'NR','KI','Dedy',2,8,1485315493,8,1485315493),(7,3,3,'R','12312','124123',0,8,1486839310,8,1486839310);

/*Table structure for table `working_plan_month` */

DROP TABLE IF EXISTS `working_plan_month`;

CREATE TABLE `working_plan_month` (
  `id` int(11) NOT NULL AUTO_INCREMENT,
  `working_plan_detail_id` int(11) NOT NULL,
  `wpm_month` int(2) NOT NULL,
  `wpm_week` int(1) NOT NULL,
  `wpm_value` int(1) NOT NULL,
  `created_by` smallint(5) unsigned NOT NULL,
  `created_at` int(11) NOT NULL,
  `updated_by` smallint(5) unsigned NOT NULL,
  `updated_at` int(11) NOT NULL,
  PRIMARY KEY (`id`),
  KEY `FK_working_plan_month_detail` (`working_plan_detail_id`),
  CONSTRAINT `FK_working_plan_month_detail` FOREIGN KEY (`working_plan_detail_id`) REFERENCES `working_plan_detail` (`id`) ON DELETE CASCADE ON UPDATE CASCADE
) ENGINE=InnoDB AUTO_INCREMENT=101 DEFAULT CHARSET=latin1;

/*Data for the table `working_plan_month` */

insert  into `working_plan_month`(`id`,`working_plan_detail_id`,`wpm_month`,`wpm_week`,`wpm_value`,`created_by`,`created_at`,`updated_by`,`updated_at`) values (84,1,1,1,3,8,1485323406,8,1485323406),(85,1,1,2,4,8,1485323406,8,1485323406),(86,2,1,2,4,8,1485323406,8,1485323406),(87,6,1,2,4,8,1485323407,8,1485323407),(88,6,3,2,1,8,1485323407,8,1485323407),(89,6,3,3,1,8,1485323407,8,1485323407),(90,6,3,4,1,8,1485323407,8,1485323407),(91,6,4,1,2,8,1485323407,8,1485323407),(92,6,4,2,2,8,1485323407,8,1485323407),(93,6,4,3,3,8,1485323407,8,1485323407),(94,6,5,1,2,8,1485323407,8,1485323407),(95,6,10,2,1,8,1485323407,8,1485323407),(96,6,10,3,1,8,1485323407,8,1485323407),(97,6,10,4,1,8,1485323407,8,1485323407),(98,6,11,1,2,8,1485323407,8,1485323407),(99,6,11,2,2,8,1485323407,8,1485323407),(100,6,11,3,3,8,1485323407,8,1485323407);

/*!40101 SET SQL_MODE=@OLD_SQL_MODE */;
/*!40014 SET FOREIGN_KEY_CHECKS=@OLD_FOREIGN_KEY_CHECKS */;
