/*
SQLyog Enterprise - MySQL GUI v7.15 
MySQL - 5.5.5-10.1.19-MariaDB : Database - k3lh
*********************************************************************
*/

/*!40101 SET NAMES utf8 */;

/*!40101 SET SQL_MODE=''*/;

/*!40014 SET @OLD_FOREIGN_KEY_CHECKS=@@FOREIGN_KEY_CHECKS, FOREIGN_KEY_CHECKS=0 */;
/*!40101 SET @OLD_SQL_MODE=@@SQL_MODE, SQL_MODE='NO_AUTO_VALUE_ON_ZERO' */;

CREATE DATABASE /*!32312 IF NOT EXISTS*/`k3lh` /*!40100 DEFAULT CHARACTER SET latin1 */;

/*Table structure for table `attachment` */

DROP TABLE IF EXISTS `attachment`;

CREATE TABLE `attachment` (
  `id` int(11) NOT NULL AUTO_INCREMENT,
  `atf_filename` varchar(255) NOT NULL,
  `atf_filesize` int(11) DEFAULT NULL,
  `atf_filetype` varchar(50) NOT NULL,
  `atf_location` varchar(255) NOT NULL,
  `created_by` smallint(5) unsigned NOT NULL,
  `created_at` int(11) NOT NULL,
  `updated_by` smallint(5) unsigned NOT NULL,
  `updated_at` int(11) NOT NULL,
  PRIMARY KEY (`id`)
) ENGINE=InnoDB AUTO_INCREMENT=41 DEFAULT CHARSET=latin1;

/*Data for the table `attachment` */

insert  into `attachment`(`id`,`atf_filename`,`atf_filesize`,`atf_filetype`,`atf_location`,`created_by`,`created_at`,`updated_by`,`updated_at`) values (1,'1485318881_eTicket_GNLREQ.pdf',NULL,'pdf','WORKPLAN',8,1485318881,8,1485318881),(2,'1485318881_eTicket_KEGBAF.pdf',NULL,'pdf','WORKPLAN',8,1485318881,8,1485318881),(3,'1485318881_eTicket_DVWQIV_165908.pdf',NULL,'pdf','WORKPLAN',8,1485318881,8,1485318881),(5,'1486821633_Monitoring_Anggaran_LK2.xlsx',NULL,'xlsx','ENV_PERM',8,1486821633,8,1486821633),(6,'1486838453_Monitoring_Anggaran_LK2.xlsx',NULL,'xlsx','ENV_PERM',8,1486838453,8,1486838453),(7,'1486838453_Monitoring_Anggaran_LK2.xlsx',NULL,'xlsx','ENV_PERM',8,1486838453,8,1486838453),(9,'1486839310_Monitoring_Anggaran_LK2.xlsx',NULL,'xlsx','WORKPLAN',8,1486839310,8,1486839310),(10,'1486909069_Monitoring_Anggaran_LK2.xlsx',NULL,'xlsx','ENV_PERM',8,1486909069,8,1486909069),(11,'1486909069_Monitoring_Anggaran_LK2.xlsx',NULL,'xlsx','ENV_PERM',8,1486909069,8,1486909069),(12,'1486909070_Monitoring_Anggaran_LK2.xlsx',NULL,'xlsx','ENV_PERM',8,1486909070,8,1486909070),(13,'1487061100_Monitoring_Anggaran_LK2.xlsx',NULL,'xlsx','ENV_PERM',8,1487061100,8,1487061100),(15,'1487061975_Monitoring_Anggaran_LK2.xlsx',NULL,'xlsx','ENV_PERM',8,1487061975,8,1487061975),(16,'1487061975_Monitoring_Anggaran_LK2.xlsx',NULL,'xlsx','ENV_PERM',8,1487061975,8,1487061975),(17,'1487435241_Monitoring_Anggaran_LK2.xlsx',NULL,'xlsx','ENV_PERM',8,1487435241,8,1487435241),(18,'1487435277_Monitoring_Anggaran_LK2.xlsx',NULL,'xlsx','ENV_PERM',8,1487435277,8,1487435277),(19,'1487435691_Monitoring_Anggaran_LK2.xlsx',NULL,'xlsx','PPU_EMS_SRC',8,1487435691,8,1487435691),(21,'1488016931_Monitoring_Anggaran_LK2.xlsx',NULL,'xlsx','PPU_EMS_SRC',8,1488016931,8,1488016931),(28,'1488831200_160328125755Form_SA-Izin_Lingkungan_2016_15-01-26.xls',NULL,'xls','PPU_EMS_SRC',8,1488831200,8,1488831200),(34,'1488991628_160328125755Form_SA-Izin_Lingkungan_2016_15-01-26.xls',NULL,'xls','PPU_TECH_PROV',8,1488991628,8,1488991628),(35,'1488991704_160328125755Form_SA-Izin_Lingkungan_2016_15-01-26.xls',NULL,'xls','PPU_TECH_PROV',8,1488991704,8,1488991704),(36,'1488991729_160328125755Form_SA-Izin_Lingkungan_2016_15-01-26.xls',NULL,'xls','PPU_TECH_PROV',8,1488991729,8,1488991729),(40,'1488992001_160328125755Form_SA-Izin_Lingkungan_2016_15-01-26.xls',NULL,'xls','PPU_TECH_PROV',8,1488992001,8,1488992001);

/*Table structure for table `attachment_owner` */

DROP TABLE IF EXISTS `attachment_owner`;

CREATE TABLE `attachment_owner` (
  `id` int(11) NOT NULL AUTO_INCREMENT,
  `attachment_id` int(11) NOT NULL,
  `atfo_module_code` varchar(50) NOT NULL,
  `atfo_module_pk` int(11) NOT NULL,
  `created_by` smallint(5) unsigned NOT NULL,
  `created_at` int(11) NOT NULL,
  `updated_by` smallint(5) unsigned NOT NULL,
  `updated_at` int(11) NOT NULL,
  PRIMARY KEY (`id`),
  KEY `FK_attachment_owner_attachment` (`attachment_id`),
  CONSTRAINT `FK_attachment_owner_attachment` FOREIGN KEY (`attachment_id`) REFERENCES `attachment` (`id`) ON DELETE CASCADE ON UPDATE CASCADE
) ENGINE=InnoDB AUTO_INCREMENT=43 DEFAULT CHARSET=latin1;

/*Data for the table `attachment_owner` */

insert  into `attachment_owner`(`id`,`attachment_id`,`atfo_module_code`,`atfo_module_pk`,`created_by`,`created_at`,`updated_by`,`updated_at`) values (7,1,'WORKPLAN',1,8,1485318881,8,1485318881),(8,2,'WORKPLAN',2,8,1485318881,8,1485318881),(9,3,'WORKPLAN',6,8,1485318881,8,1485318881),(15,9,'WORKPLAN',7,8,1486839310,8,1486839310),(16,13,'ENV_PERM',1,8,1487061100,8,1487061100),(18,15,'ENV_PERM',3,8,1487061975,8,1487061975),(19,17,'ENV_PERM',4,8,1487435241,8,1487435241),(20,18,'ENV_PERM',5,8,1487435277,8,1487435277),(21,19,'PPU_EMS_SRC',1,8,1487435691,8,1487435691),(23,21,'PPU_EMS_SRC',2,8,1488016931,8,1488016931),(30,28,'PPU_EMS_SRC',5,8,1488831200,8,1488831200),(36,34,'PPU_TECH_PROV',56,8,1488991628,8,1488991628),(37,35,'PPU_TECH_PROV',55,8,1488991704,8,1488991704),(38,36,'PPU_TECH_PROV',54,8,1488991729,8,1488991729),(42,40,'PPU_TECH_PROV',57,8,1488992001,8,1488992001);

/*Table structure for table `auth_assignment` */

DROP TABLE IF EXISTS `auth_assignment`;

CREATE TABLE `auth_assignment` (
  `item_name` varchar(64) COLLATE utf8_unicode_ci NOT NULL,
  `user_id` varchar(64) COLLATE utf8_unicode_ci NOT NULL,
  `created_at` int(11) DEFAULT NULL,
  PRIMARY KEY (`item_name`,`user_id`),
  CONSTRAINT `auth_assignment_ibfk_1` FOREIGN KEY (`item_name`) REFERENCES `auth_item` (`name`) ON DELETE CASCADE ON UPDATE CASCADE
) ENGINE=InnoDB DEFAULT CHARSET=utf8 COLLATE=utf8_unicode_ci;

/*Data for the table `auth_assignment` */

insert  into `auth_assignment`(`item_name`,`user_id`,`created_at`) values ('Administrator','8',NULL),('Operator','12',NULL);

/*Table structure for table `auth_item` */

DROP TABLE IF EXISTS `auth_item`;

CREATE TABLE `auth_item` (
  `name` varchar(64) COLLATE utf8_unicode_ci NOT NULL,
  `type` int(11) NOT NULL,
  `description` text COLLATE utf8_unicode_ci,
  `rule_name` varchar(64) COLLATE utf8_unicode_ci DEFAULT NULL,
  `data` text COLLATE utf8_unicode_ci,
  `created_at` int(11) DEFAULT NULL,
  `updated_at` int(11) DEFAULT NULL,
  PRIMARY KEY (`name`),
  KEY `rule_name` (`rule_name`),
  KEY `idx-auth_item-type` (`type`),
  CONSTRAINT `auth_item_ibfk_1` FOREIGN KEY (`rule_name`) REFERENCES `auth_rule` (`name`) ON DELETE SET NULL ON UPDATE CASCADE
) ENGINE=InnoDB DEFAULT CHARSET=utf8 COLLATE=utf8_unicode_ci;

/*Data for the table `auth_item` */

insert  into `auth_item`(`name`,`type`,`description`,`rule_name`,`data`,`created_at`,`updated_at`) values ('Administrator',4,'Level akses admin',NULL,NULL,NULL,NULL),('budget-monitoring-create',1,NULL,NULL,NULL,NULL,NULL),('budget-monitoring-delete',1,NULL,NULL,NULL,NULL,NULL),('budget-monitoring-detail-ajax-delete',1,NULL,NULL,NULL,NULL,NULL),('budget-monitoring-index',1,NULL,NULL,NULL,NULL,NULL),('budget-monitoring-realization',1,NULL,NULL,NULL,NULL,NULL),('budget-monitoring-update',1,NULL,NULL,NULL,NULL,NULL),('budget-monitoring-view',1,NULL,NULL,NULL,NULL,NULL),('codeset',2,NULL,NULL,NULL,NULL,NULL),('codeset-create',1,NULL,NULL,NULL,NULL,NULL),('codeset-delete',1,NULL,NULL,NULL,NULL,NULL),('codeset-index',1,NULL,NULL,NULL,NULL,NULL),('codeset-update',1,NULL,NULL,NULL,NULL,NULL),('codeset-view',1,NULL,NULL,NULL,NULL,NULL),('environment-permit-create',1,NULL,NULL,NULL,NULL,NULL),('environment-permit-delete',1,NULL,NULL,NULL,NULL,NULL),('environment-permit-detail-ajax-delete',1,NULL,NULL,NULL,NULL,NULL),('environment-permit-index',1,NULL,NULL,NULL,NULL,NULL),('environment-permit-update',1,NULL,NULL,NULL,NULL,NULL),('environment-permit-view',1,NULL,NULL,NULL,NULL,NULL),('izin-lingkungan',2,NULL,NULL,NULL,NULL,NULL),('log',2,NULL,NULL,NULL,NULL,NULL),('log-dirty-delete-all',1,NULL,NULL,NULL,NULL,NULL),('log-dirty-index',1,NULL,NULL,NULL,NULL,NULL),('login-history-delete-all',1,NULL,NULL,NULL,NULL,NULL),('login-history-index',1,NULL,NULL,NULL,NULL,NULL),('maturity-level',2,NULL,NULL,NULL,NULL,NULL),('maturity-level-create',1,NULL,NULL,NULL,NULL,NULL),('maturity-level-delete',1,NULL,NULL,NULL,NULL,NULL),('maturity-level-index',1,NULL,NULL,NULL,NULL,NULL),('maturity-level-question-create',1,NULL,NULL,NULL,NULL,NULL),('maturity-level-question-delete',1,NULL,NULL,NULL,NULL,NULL),('maturity-level-question-index',1,NULL,NULL,NULL,NULL,NULL),('maturity-level-question-update',1,NULL,NULL,NULL,NULL,NULL),('maturity-level-question-view',1,NULL,NULL,NULL,NULL,NULL),('maturity-level-title-create',1,NULL,NULL,NULL,NULL,NULL),('maturity-level-title-delete',1,NULL,NULL,NULL,NULL,NULL),('maturity-level-title-index',1,NULL,NULL,NULL,NULL,NULL),('maturity-level-title-update',1,NULL,NULL,NULL,NULL,NULL),('maturity-level-title-view',1,NULL,NULL,NULL,NULL,NULL),('maturity-level-update',1,NULL,NULL,NULL,NULL,NULL),('maturity-level-view',1,NULL,NULL,NULL,NULL,NULL),('monitoring-anggaran',2,NULL,NULL,NULL,NULL,NULL),('Operator',3,'Level akses operator',NULL,NULL,NULL,NULL),('pembangkit-listrik',2,NULL,NULL,NULL,NULL,NULL),('pengendalian-pencemaran-air',2,NULL,NULL,NULL,NULL,NULL),('pengguna',2,NULL,NULL,NULL,NULL,NULL),('pertanyaan-maturity-level',2,NULL,NULL,NULL,NULL,NULL),('pertanyaan-pengendalian-pencemaran-air',2,NULL,NULL,NULL,NULL,NULL),('pertanyaan-smk3',2,NULL,NULL,NULL,NULL,NULL),('power-plant-ajax-plant',1,NULL,NULL,NULL,NULL,NULL),('power-plant-create',1,NULL,NULL,NULL,NULL,NULL),('power-plant-delete',1,NULL,NULL,NULL,NULL,NULL),('power-plant-index',1,NULL,NULL,NULL,NULL,NULL),('power-plant-update',1,NULL,NULL,NULL,NULL,NULL),('power-plant-view',1,NULL,NULL,NULL,NULL,NULL),('ppa-create',1,NULL,NULL,NULL,NULL,NULL),('ppa-delete',1,NULL,NULL,NULL,NULL,NULL),('ppa-index',1,NULL,NULL,NULL,NULL,NULL),('ppa-laboratorium-accreditation-ajax-delete',1,NULL,NULL,NULL,NULL,NULL),('ppa-laboratorium-ajax-delete',1,NULL,NULL,NULL,NULL,NULL),('ppa-pollution-load-decrease-create',1,NULL,NULL,NULL,NULL,NULL),('ppa-pollution-load-decrease-delete',1,NULL,NULL,NULL,NULL,NULL),('ppa-pollution-load-decrease-index',1,NULL,NULL,NULL,NULL,NULL),('ppa-pollution-load-decrease-update',1,NULL,NULL,NULL,NULL,NULL),('ppa-pollution-load-decrease-view',1,NULL,NULL,NULL,NULL,NULL),('ppa-question-create',1,NULL,NULL,NULL,NULL,NULL),('ppa-question-delete',1,NULL,NULL,NULL,NULL,NULL),('ppa-question-index',1,NULL,NULL,NULL,NULL,NULL),('ppa-question-update',1,NULL,NULL,NULL,NULL,NULL),('ppa-question-view',1,NULL,NULL,NULL,NULL,NULL),('ppa-report-bm-create',1,NULL,NULL,NULL,NULL,NULL),('ppa-report-bm-delete',1,NULL,NULL,NULL,NULL,NULL),('ppa-report-bm-index',1,NULL,NULL,NULL,NULL,NULL),('ppa-report-bm-update',1,NULL,NULL,NULL,NULL,NULL),('ppa-report-bm-view',1,NULL,NULL,NULL,NULL,NULL),('ppa-setup-permit-create',1,NULL,NULL,NULL,NULL,NULL),('ppa-setup-permit-delete',1,NULL,NULL,NULL,NULL,NULL),('ppa-setup-permit-index',1,NULL,NULL,NULL,NULL,NULL),('ppa-setup-permit-update',1,NULL,NULL,NULL,NULL,NULL),('ppa-setup-permit-view',1,NULL,NULL,NULL,NULL,NULL),('ppa-technical-provision-create',1,NULL,NULL,NULL,NULL,NULL),('ppa-technical-provision-delete',1,NULL,NULL,NULL,NULL,NULL),('ppa-technical-provision-index',1,NULL,NULL,NULL,NULL,NULL),('ppa-technical-provision-update',1,NULL,NULL,NULL,NULL,NULL),('ppa-technical-provision-view',1,NULL,NULL,NULL,NULL,NULL),('ppa-update',1,NULL,NULL,NULL,NULL,NULL),('ppa-view',1,NULL,NULL,NULL,NULL,NULL),('ppu',2,NULL,NULL,NULL,NULL,NULL),('ppu-ambient',2,NULL,NULL,NULL,NULL,NULL),('ppu-ambient-create',1,NULL,NULL,NULL,NULL,NULL),('ppu-ambient-delete',1,NULL,NULL,NULL,NULL,NULL),('ppu-ambient-index',1,NULL,NULL,NULL,NULL,NULL),('ppu-ambient-update',1,NULL,NULL,NULL,NULL,NULL),('ppu-ambient-view',1,NULL,NULL,NULL,NULL,NULL),('ppu-create',1,NULL,NULL,NULL,NULL,NULL),('ppu-delete',1,NULL,NULL,NULL,NULL,NULL),('ppu-emission-load-calc',1,NULL,NULL,NULL,NULL,NULL),('ppu-emission-load-grk-create',1,NULL,NULL,NULL,NULL,NULL),('ppu-emission-load-grk-delete',1,NULL,NULL,NULL,NULL,NULL),('ppu-emission-load-grk-index',1,NULL,NULL,NULL,NULL,NULL),('ppu-emission-load-grk-update',1,NULL,NULL,NULL,NULL,NULL),('ppu-emission-load-grk-view',1,NULL,NULL,NULL,NULL,NULL),('ppu-emission-source-ajax-emission',1,NULL,NULL,NULL,NULL,NULL),('ppu-emission-source-create',1,NULL,NULL,NULL,NULL,NULL),('ppu-emission-source-delete',1,NULL,NULL,NULL,NULL,NULL),('ppu-emission-source-index',1,NULL,NULL,NULL,NULL,NULL),('ppu-emission-source-update',1,NULL,NULL,NULL,NULL,NULL),('ppu-emission-source-view',1,NULL,NULL,NULL,NULL,NULL),('ppu-index',1,NULL,NULL,NULL,NULL,NULL),('ppu-ketaatan-parameter-ambient',2,NULL,NULL,NULL,NULL,NULL),('ppu-ketaatan-parameter-pelaporan-bm',2,NULL,NULL,NULL,NULL,NULL),('ppu-ketentuan-teknis',2,NULL,NULL,NULL,NULL,NULL),('ppu-parameter-obligation-create',1,NULL,NULL,NULL,NULL,NULL),('ppu-parameter-obligation-delete',1,NULL,NULL,NULL,NULL,NULL),('ppu-parameter-obligation-index',1,NULL,NULL,NULL,NULL,NULL),('ppu-parameter-obligation-update',1,NULL,NULL,NULL,NULL,NULL),('ppu-parameter-obligation-view',1,NULL,NULL,NULL,NULL,NULL),('ppu-pelaporan-bm-cems',2,NULL,NULL,NULL,NULL,NULL),('ppu-pelaporan-parameter-cems',2,NULL,NULL,NULL,NULL,NULL),('ppu-perhitungan-beban-emisi-grk',2,NULL,NULL,NULL,NULL,NULL),('ppu-pertanyaan',2,NULL,NULL,NULL,NULL,NULL),('ppu-pollution-load',1,NULL,NULL,NULL,NULL,NULL),('ppu-question-create',1,NULL,NULL,NULL,NULL,NULL),('ppu-question-delete',1,NULL,NULL,NULL,NULL,NULL),('ppu-question-index',1,NULL,NULL,NULL,NULL,NULL),('ppu-question-update',1,NULL,NULL,NULL,NULL,NULL),('ppu-question-view',1,NULL,NULL,NULL,NULL,NULL),('ppu-sumber-emisi',2,NULL,NULL,NULL,NULL,NULL),('ppu-technical-provision-create',1,NULL,NULL,NULL,NULL,NULL),('ppu-technical-provision-delete',1,NULL,NULL,NULL,NULL,NULL),('ppu-technical-provision-index',1,NULL,NULL,NULL,NULL,NULL),('ppu-technical-provision-update',1,NULL,NULL,NULL,NULL,NULL),('ppu-technical-provision-view',1,NULL,NULL,NULL,NULL,NULL),('ppu-titik-pemantauan-ambient',2,NULL,NULL,NULL,NULL,NULL),('ppu-update',1,NULL,NULL,NULL,NULL,NULL),('ppu-view',1,NULL,NULL,NULL,NULL,NULL),('ppua-monitoring-point-create',1,NULL,NULL,NULL,NULL,NULL),('ppua-monitoring-point-delete',1,NULL,NULL,NULL,NULL,NULL),('ppua-monitoring-point-index',1,NULL,NULL,NULL,NULL,NULL),('ppua-monitoring-point-update',1,NULL,NULL,NULL,NULL,NULL),('ppua-monitoring-point-view',1,NULL,NULL,NULL,NULL,NULL),('ppua-parameter-obligation-create',1,NULL,NULL,NULL,NULL,NULL),('ppua-parameter-obligation-delete',1,NULL,NULL,NULL,NULL,NULL),('ppua-parameter-obligation-index',1,NULL,NULL,NULL,NULL,NULL),('ppua-parameter-obligation-update',1,NULL,NULL,NULL,NULL,NULL),('ppua-parameter-obligation-view',1,NULL,NULL,NULL,NULL,NULL),('ppucems-report-bm-create',1,NULL,NULL,NULL,NULL,NULL),('ppucems-report-bm-delete',1,NULL,NULL,NULL,NULL,NULL),('ppucems-report-bm-index',1,NULL,NULL,NULL,NULL,NULL),('ppucems-report-bm-update',1,NULL,NULL,NULL,NULL,NULL),('ppucems-report-bm-view',1,NULL,NULL,NULL,NULL,NULL),('ppucemsrb-parameter-report-create',1,NULL,NULL,NULL,NULL,NULL),('ppucemsrb-parameter-report-delete',1,NULL,NULL,NULL,NULL,NULL),('ppucemsrb-parameter-report-index',1,NULL,NULL,NULL,NULL,NULL),('ppucemsrb-parameter-report-update',1,NULL,NULL,NULL,NULL,NULL),('ppucemsrb-parameter-report-view',1,NULL,NULL,NULL,NULL,NULL),('profil-pengguna',2,NULL,NULL,NULL,NULL,NULL),('profil-perusahaan',2,NULL,NULL,NULL,NULL,NULL),('profile-create',1,NULL,NULL,NULL,NULL,NULL),('profile-delete',1,NULL,NULL,NULL,NULL,NULL),('profile-index',1,NULL,NULL,NULL,NULL,NULL),('profile-update',1,NULL,NULL,NULL,NULL,NULL),('profile-view',1,NULL,NULL,NULL,NULL,NULL),('rencana-kerja',2,NULL,NULL,NULL,NULL,NULL),('roadmap-k3l-attribute-ajax-create',1,NULL,NULL,NULL,NULL,NULL),('roadmap-k3l-attribute-ajax-search',1,NULL,NULL,NULL,NULL,NULL),('roadmap-k3l-attribute-create',1,NULL,NULL,NULL,NULL,NULL),('roadmap-k3l-attribute-delete',1,NULL,NULL,NULL,NULL,NULL),('roadmap-k3l-attribute-index',1,NULL,NULL,NULL,NULL,NULL),('roadmap-k3l-attribute-update',1,NULL,NULL,NULL,NULL,NULL),('roadmap-k3l-attribute-view',1,NULL,NULL,NULL,NULL,NULL),('roadmap-k3l-create',1,NULL,NULL,NULL,NULL,NULL),('roadmap-k3l-delete',1,NULL,NULL,NULL,NULL,NULL),('roadmap-k3l-index',1,NULL,NULL,NULL,NULL,NULL),('roadmap-k3l-item-ajax-delete',1,NULL,NULL,NULL,NULL,NULL),('roadmap-k3l-kitsbs',2,NULL,NULL,NULL,NULL,NULL),('roadmap-k3l-target-ajax-delete',1,NULL,NULL,NULL,NULL,NULL),('roadmap-k3l-update',1,NULL,NULL,NULL,NULL,NULL),('roadmap-k3l-view',1,NULL,NULL,NULL,NULL,NULL),('sector-create',1,NULL,NULL,NULL,NULL,NULL),('sector-delete',1,NULL,NULL,NULL,NULL,NULL),('sector-index',1,NULL,NULL,NULL,NULL,NULL),('sector-update',1,NULL,NULL,NULL,NULL,NULL),('sector-view',1,NULL,NULL,NULL,NULL,NULL),('sektor',2,NULL,NULL,NULL,NULL,NULL),('smk3',2,NULL,NULL,NULL,NULL,NULL),('smk3-create',1,NULL,NULL,NULL,NULL,NULL),('smk3-criteria-ajax-delete',1,NULL,NULL,NULL,NULL,NULL),('smk3-delete',1,NULL,NULL,NULL,NULL,NULL),('smk3-detail-ajax-delete',1,NULL,NULL,NULL,NULL,NULL),('smk3-index',1,NULL,NULL,NULL,NULL,NULL),('smk3-subtitle-ajax-delete',1,NULL,NULL,NULL,NULL,NULL),('smk3-title-create',1,NULL,NULL,NULL,NULL,NULL),('smk3-title-delete',1,NULL,NULL,NULL,NULL,NULL),('smk3-title-index',1,NULL,NULL,NULL,NULL,NULL),('smk3-title-update',1,NULL,NULL,NULL,NULL,NULL),('smk3-title-view',1,NULL,NULL,NULL,NULL,NULL),('smk3-update',1,NULL,NULL,NULL,NULL,NULL),('smk3-view',1,NULL,NULL,NULL,NULL,NULL),('user-create',1,NULL,NULL,NULL,NULL,NULL),('user-delete',1,NULL,NULL,NULL,NULL,NULL),('user-index',1,NULL,NULL,NULL,NULL,NULL),('user-profile-update',1,NULL,NULL,NULL,NULL,NULL),('user-update',1,NULL,NULL,NULL,NULL,NULL),('user-view',1,NULL,NULL,NULL,NULL,NULL),('working-plan-ajax-delete-detail',1,NULL,NULL,NULL,NULL,NULL),('working-plan-ajax-read-detail',1,NULL,NULL,NULL,NULL,NULL),('working-plan-ajax-save-detail',1,NULL,NULL,NULL,NULL,NULL),('working-plan-attribute-ajax-create',1,NULL,NULL,NULL,NULL,NULL),('working-plan-attribute-ajax-search',1,NULL,NULL,NULL,NULL,NULL),('working-plan-attribute-create',1,NULL,NULL,NULL,NULL,NULL),('working-plan-attribute-delete',1,NULL,NULL,NULL,NULL,NULL),('working-plan-attribute-index',1,NULL,NULL,NULL,NULL,NULL),('working-plan-attribute-update',1,NULL,NULL,NULL,NULL,NULL),('working-plan-attribute-view',1,NULL,NULL,NULL,NULL,NULL),('working-plan-create',1,NULL,NULL,NULL,NULL,NULL),('working-plan-delete',1,NULL,NULL,NULL,NULL,NULL),('working-plan-index',1,NULL,NULL,NULL,NULL,NULL),('working-plan-update',1,NULL,NULL,NULL,NULL,NULL),('working-plan-view',1,NULL,NULL,NULL,NULL,NULL);

/*Table structure for table `auth_item_child` */

DROP TABLE IF EXISTS `auth_item_child`;

CREATE TABLE `auth_item_child` (
  `parent` varchar(64) COLLATE utf8_unicode_ci NOT NULL,
  `child` varchar(64) COLLATE utf8_unicode_ci NOT NULL,
  PRIMARY KEY (`parent`,`child`),
  KEY `child` (`child`),
  CONSTRAINT `auth_item_child_ibfk_1` FOREIGN KEY (`parent`) REFERENCES `auth_item` (`name`) ON DELETE CASCADE ON UPDATE CASCADE,
  CONSTRAINT `auth_item_child_ibfk_2` FOREIGN KEY (`child`) REFERENCES `auth_item` (`name`) ON DELETE CASCADE ON UPDATE CASCADE
) ENGINE=InnoDB DEFAULT CHARSET=utf8 COLLATE=utf8_unicode_ci;

/*Data for the table `auth_item_child` */

insert  into `auth_item_child`(`parent`,`child`) values ('Administrator','codeset'),('Administrator','izin-lingkungan'),('Administrator','log'),('Administrator','maturity-level'),('Administrator','monitoring-anggaran'),('Administrator','pembangkit-listrik'),('Administrator','pengendalian-pencemaran-air'),('Administrator','pengguna'),('Administrator','pertanyaan-maturity-level'),('Administrator','pertanyaan-pengendalian-pencemaran-air'),('Administrator','pertanyaan-smk3'),('Administrator','ppu'),('Administrator','ppu-ambient'),('Administrator','ppu-ketaatan-parameter-ambient'),('Administrator','ppu-ketaatan-parameter-pelaporan-bm'),('Administrator','ppu-ketentuan-teknis'),('Administrator','ppu-pelaporan-bm-cems'),('Administrator','ppu-pelaporan-parameter-cems'),('Administrator','ppu-perhitungan-beban-emisi-grk'),('Administrator','ppu-pertanyaan'),('Administrator','ppu-sumber-emisi'),('Administrator','ppu-titik-pemantauan-ambient'),('Administrator','profil-pengguna'),('Administrator','profil-perusahaan'),('Administrator','rencana-kerja'),('Administrator','roadmap-k3l-kitsbs'),('Administrator','sektor'),('Administrator','smk3'),('codeset','codeset-create'),('codeset','codeset-delete'),('codeset','codeset-index'),('codeset','codeset-update'),('codeset','codeset-view'),('izin-lingkungan','environment-permit-create'),('izin-lingkungan','environment-permit-delete'),('izin-lingkungan','environment-permit-detail-ajax-delete'),('izin-lingkungan','environment-permit-index'),('izin-lingkungan','environment-permit-update'),('izin-lingkungan','environment-permit-view'),('log','log-dirty-delete-all'),('log','log-dirty-index'),('log','login-history-delete-all'),('log','login-history-index'),('maturity-level','maturity-level-create'),('maturity-level','maturity-level-delete'),('maturity-level','maturity-level-index'),('maturity-level','maturity-level-update'),('maturity-level','maturity-level-view'),('monitoring-anggaran','budget-monitoring-create'),('monitoring-anggaran','budget-monitoring-delete'),('monitoring-anggaran','budget-monitoring-detail-ajax-delete'),('monitoring-anggaran','budget-monitoring-index'),('monitoring-anggaran','budget-monitoring-realization'),('monitoring-anggaran','budget-monitoring-update'),('monitoring-anggaran','budget-monitoring-view'),('Operator','pembangkit-listrik'),('Operator','profil-pengguna'),('Operator','sektor'),('pembangkit-listrik','power-plant-ajax-plant'),('pembangkit-listrik','power-plant-create'),('pembangkit-listrik','power-plant-delete'),('pembangkit-listrik','power-plant-index'),('pembangkit-listrik','power-plant-update'),('pembangkit-listrik','power-plant-view'),('pengendalian-pencemaran-air','ppa-create'),('pengendalian-pencemaran-air','ppa-delete'),('pengendalian-pencemaran-air','ppa-index'),('pengendalian-pencemaran-air','ppa-laboratorium-accreditation-ajax-delete'),('pengendalian-pencemaran-air','ppa-laboratorium-ajax-delete'),('pengendalian-pencemaran-air','ppa-pollution-load-decrease-create'),('pengendalian-pencemaran-air','ppa-pollution-load-decrease-delete'),('pengendalian-pencemaran-air','ppa-pollution-load-decrease-index'),('pengendalian-pencemaran-air','ppa-pollution-load-decrease-update'),('pengendalian-pencemaran-air','ppa-pollution-load-decrease-view'),('pengendalian-pencemaran-air','ppa-report-bm-create'),('pengendalian-pencemaran-air','ppa-report-bm-delete'),('pengendalian-pencemaran-air','ppa-report-bm-index'),('pengendalian-pencemaran-air','ppa-report-bm-update'),('pengendalian-pencemaran-air','ppa-report-bm-view'),('pengendalian-pencemaran-air','ppa-setup-permit-create'),('pengendalian-pencemaran-air','ppa-setup-permit-delete'),('pengendalian-pencemaran-air','ppa-setup-permit-index'),('pengendalian-pencemaran-air','ppa-setup-permit-update'),('pengendalian-pencemaran-air','ppa-setup-permit-view'),('pengendalian-pencemaran-air','ppa-technical-provision-create'),('pengendalian-pencemaran-air','ppa-technical-provision-delete'),('pengendalian-pencemaran-air','ppa-technical-provision-index'),('pengendalian-pencemaran-air','ppa-technical-provision-update'),('pengendalian-pencemaran-air','ppa-technical-provision-view'),('pengendalian-pencemaran-air','ppa-update'),('pengendalian-pencemaran-air','ppa-view'),('pengguna','user-create'),('pengguna','user-delete'),('pengguna','user-index'),('pengguna','user-update'),('pengguna','user-view'),('pertanyaan-maturity-level','maturity-level-question-create'),('pertanyaan-maturity-level','maturity-level-question-delete'),('pertanyaan-maturity-level','maturity-level-question-index'),('pertanyaan-maturity-level','maturity-level-question-update'),('pertanyaan-maturity-level','maturity-level-question-view'),('pertanyaan-maturity-level','maturity-level-title-create'),('pertanyaan-maturity-level','maturity-level-title-delete'),('pertanyaan-maturity-level','maturity-level-title-index'),('pertanyaan-maturity-level','maturity-level-title-update'),('pertanyaan-maturity-level','maturity-level-title-view'),('pertanyaan-pengendalian-pencemaran-air','ppa-question-create'),('pertanyaan-pengendalian-pencemaran-air','ppa-question-delete'),('pertanyaan-pengendalian-pencemaran-air','ppa-question-index'),('pertanyaan-pengendalian-pencemaran-air','ppa-question-update'),('pertanyaan-pengendalian-pencemaran-air','ppa-question-view'),('pertanyaan-smk3','smk3-criteria-ajax-delete'),('pertanyaan-smk3','smk3-detail-ajax-delete'),('pertanyaan-smk3','smk3-subtitle-ajax-delete'),('pertanyaan-smk3','smk3-title-create'),('pertanyaan-smk3','smk3-title-delete'),('pertanyaan-smk3','smk3-title-index'),('pertanyaan-smk3','smk3-title-update'),('pertanyaan-smk3','smk3-title-view'),('ppu','ppu-create'),('ppu','ppu-delete'),('ppu','ppu-emission-load-calc'),('ppu','ppu-index'),('ppu','ppu-pollution-load'),('ppu','ppu-update'),('ppu','ppu-view'),('ppu-ambient','ppu-ambient-create'),('ppu-ambient','ppu-ambient-delete'),('ppu-ambient','ppu-ambient-index'),('ppu-ambient','ppu-ambient-update'),('ppu-ambient','ppu-ambient-view'),('ppu-ketaatan-parameter-ambient','ppua-parameter-obligation-create'),('ppu-ketaatan-parameter-ambient','ppua-parameter-obligation-delete'),('ppu-ketaatan-parameter-ambient','ppua-parameter-obligation-index'),('ppu-ketaatan-parameter-ambient','ppua-parameter-obligation-update'),('ppu-ketaatan-parameter-ambient','ppua-parameter-obligation-view'),('ppu-ketaatan-parameter-pelaporan-bm','ppu-parameter-obligation-create'),('ppu-ketaatan-parameter-pelaporan-bm','ppu-parameter-obligation-delete'),('ppu-ketaatan-parameter-pelaporan-bm','ppu-parameter-obligation-index'),('ppu-ketaatan-parameter-pelaporan-bm','ppu-parameter-obligation-update'),('ppu-ketaatan-parameter-pelaporan-bm','ppu-parameter-obligation-view'),('ppu-ketentuan-teknis','ppu-technical-provision-create'),('ppu-ketentuan-teknis','ppu-technical-provision-delete'),('ppu-ketentuan-teknis','ppu-technical-provision-index'),('ppu-ketentuan-teknis','ppu-technical-provision-update'),('ppu-ketentuan-teknis','ppu-technical-provision-view'),('ppu-pelaporan-bm-cems','ppucems-report-bm-create'),('ppu-pelaporan-bm-cems','ppucems-report-bm-delete'),('ppu-pelaporan-bm-cems','ppucems-report-bm-index'),('ppu-pelaporan-bm-cems','ppucems-report-bm-update'),('ppu-pelaporan-bm-cems','ppucems-report-bm-view'),('ppu-pelaporan-parameter-cems','ppucemsrb-parameter-report-create'),('ppu-pelaporan-parameter-cems','ppucemsrb-parameter-report-delete'),('ppu-pelaporan-parameter-cems','ppucemsrb-parameter-report-index'),('ppu-pelaporan-parameter-cems','ppucemsrb-parameter-report-update'),('ppu-pelaporan-parameter-cems','ppucemsrb-parameter-report-view'),('ppu-perhitungan-beban-emisi-grk','ppu-emission-load-grk-create'),('ppu-perhitungan-beban-emisi-grk','ppu-emission-load-grk-delete'),('ppu-perhitungan-beban-emisi-grk','ppu-emission-load-grk-index'),('ppu-perhitungan-beban-emisi-grk','ppu-emission-load-grk-update'),('ppu-perhitungan-beban-emisi-grk','ppu-emission-load-grk-view'),('ppu-pertanyaan','ppu-question-create'),('ppu-pertanyaan','ppu-question-delete'),('ppu-pertanyaan','ppu-question-index'),('ppu-pertanyaan','ppu-question-update'),('ppu-pertanyaan','ppu-question-view'),('ppu-sumber-emisi','ppu-emission-source-ajax-emission'),('ppu-sumber-emisi','ppu-emission-source-create'),('ppu-sumber-emisi','ppu-emission-source-delete'),('ppu-sumber-emisi','ppu-emission-source-index'),('ppu-sumber-emisi','ppu-emission-source-update'),('ppu-sumber-emisi','ppu-emission-source-view'),('ppu-titik-pemantauan-ambient','ppua-monitoring-point-create'),('ppu-titik-pemantauan-ambient','ppua-monitoring-point-delete'),('ppu-titik-pemantauan-ambient','ppua-monitoring-point-index'),('ppu-titik-pemantauan-ambient','ppua-monitoring-point-update'),('ppu-titik-pemantauan-ambient','ppua-monitoring-point-view'),('profil-pengguna','user-profile-update'),('profil-perusahaan','profile-create'),('profil-perusahaan','profile-delete'),('profil-perusahaan','profile-index'),('profil-perusahaan','profile-update'),('profil-perusahaan','profile-view'),('rencana-kerja','working-plan-ajax-delete-detail'),('rencana-kerja','working-plan-ajax-read-detail'),('rencana-kerja','working-plan-ajax-save-detail'),('rencana-kerja','working-plan-attribute-ajax-create'),('rencana-kerja','working-plan-attribute-ajax-search'),('rencana-kerja','working-plan-attribute-create'),('rencana-kerja','working-plan-attribute-delete'),('rencana-kerja','working-plan-attribute-index'),('rencana-kerja','working-plan-attribute-update'),('rencana-kerja','working-plan-attribute-view'),('rencana-kerja','working-plan-create'),('rencana-kerja','working-plan-delete'),('rencana-kerja','working-plan-index'),('rencana-kerja','working-plan-update'),('rencana-kerja','working-plan-view'),('roadmap-k3l-kitsbs','roadmap-k3l-attribute-ajax-create'),('roadmap-k3l-kitsbs','roadmap-k3l-attribute-ajax-search'),('roadmap-k3l-kitsbs','roadmap-k3l-attribute-create'),('roadmap-k3l-kitsbs','roadmap-k3l-attribute-delete'),('roadmap-k3l-kitsbs','roadmap-k3l-attribute-index'),('roadmap-k3l-kitsbs','roadmap-k3l-attribute-update'),('roadmap-k3l-kitsbs','roadmap-k3l-attribute-view'),('roadmap-k3l-kitsbs','roadmap-k3l-create'),('roadmap-k3l-kitsbs','roadmap-k3l-delete'),('roadmap-k3l-kitsbs','roadmap-k3l-index'),('roadmap-k3l-kitsbs','roadmap-k3l-item-ajax-delete'),('roadmap-k3l-kitsbs','roadmap-k3l-target-ajax-delete'),('roadmap-k3l-kitsbs','roadmap-k3l-update'),('roadmap-k3l-kitsbs','roadmap-k3l-view'),('sektor','sector-create'),('sektor','sector-delete'),('sektor','sector-index'),('sektor','sector-update'),('sektor','sector-view'),('smk3','smk3-create'),('smk3','smk3-delete'),('smk3','smk3-index'),('smk3','smk3-update'),('smk3','smk3-view');

/*Table structure for table `auth_rule` */

DROP TABLE IF EXISTS `auth_rule`;

CREATE TABLE `auth_rule` (
  `name` varchar(64) COLLATE utf8_unicode_ci NOT NULL,
  `data` text COLLATE utf8_unicode_ci,
  `created_at` int(11) DEFAULT NULL,
  `updated_at` int(11) DEFAULT NULL,
  PRIMARY KEY (`name`)
) ENGINE=InnoDB DEFAULT CHARSET=utf8 COLLATE=utf8_unicode_ci;

/*Data for the table `auth_rule` */

/*Table structure for table `budget_monitoring` */

DROP TABLE IF EXISTS `budget_monitoring`;

CREATE TABLE `budget_monitoring` (
  `id` int(11) NOT NULL AUTO_INCREMENT,
  `form_type_code` varchar(10) NOT NULL,
  `sector_id` int(11) NOT NULL,
  `power_plant_id` int(11) NOT NULL,
  `k3l_year` varchar(4) NOT NULL,
  `created_by` smallint(5) unsigned NOT NULL,
  `created_at` int(11) NOT NULL,
  `updated_by` smallint(5) unsigned NOT NULL,
  `updated_at` int(11) NOT NULL,
  PRIMARY KEY (`id`),
  KEY `FK_budget_monitoring_sector` (`sector_id`),
  KEY `FK_budget_monitoring_power_plant` (`power_plant_id`),
  CONSTRAINT `FK_budget_monitoring_power_plant` FOREIGN KEY (`power_plant_id`) REFERENCES `power_plant` (`id`),
  CONSTRAINT `FK_budget_monitoring_sector` FOREIGN KEY (`sector_id`) REFERENCES `sector` (`id`)
) ENGINE=InnoDB AUTO_INCREMENT=5 DEFAULT CHARSET=latin1;

/*Data for the table `budget_monitoring` */

insert  into `budget_monitoring`(`id`,`form_type_code`,`sector_id`,`power_plant_id`,`k3l_year`,`created_by`,`created_at`,`updated_by`,`updated_at`) values (1,'LH',4,1,'2017',8,1486035644,8,1486035644),(2,'LH',4,1,'2017',8,1486035723,8,1486565752),(4,'LH',4,1,'2017',8,1486036303,8,1486036303);

/*Table structure for table `budget_monitoring_detail` */

DROP TABLE IF EXISTS `budget_monitoring_detail`;

CREATE TABLE `budget_monitoring_detail` (
  `id` int(11) NOT NULL AUTO_INCREMENT,
  `budget_monitoring_id` int(11) NOT NULL,
  `bmd_no_prk` varchar(150) NOT NULL,
  `bmd_program` varchar(255) NOT NULL,
  `bmd_value` int(9) NOT NULL,
  `created_by` smallint(5) unsigned NOT NULL,
  `created_at` int(11) NOT NULL,
  `updated_by` smallint(5) unsigned NOT NULL,
  `updated_at` int(11) NOT NULL,
  PRIMARY KEY (`id`),
  KEY `FK_budget_monitoring_detail` (`budget_monitoring_id`),
  CONSTRAINT `FK_budget_monitoring_detail` FOREIGN KEY (`budget_monitoring_id`) REFERENCES `budget_monitoring` (`id`) ON DELETE CASCADE ON UPDATE CASCADE
) ENGINE=InnoDB AUTO_INCREMENT=6 DEFAULT CHARSET=latin1;

/*Data for the table `budget_monitoring_detail` */

insert  into `budget_monitoring_detail`(`id`,`budget_monitoring_id`,`bmd_no_prk`,`bmd_program`,`bmd_value`,`created_by`,`created_at`,`updated_by`,`updated_at`) values (2,2,'asdf','asdf',110000,8,1486035724,8,1486565753),(4,4,'asdf','asdf',11000,8,1486036303,8,1486036303),(5,4,'qwer','qwer',11000,8,1486036304,8,1486036304);

/*Table structure for table `budget_monitoring_month` */

DROP TABLE IF EXISTS `budget_monitoring_month`;

CREATE TABLE `budget_monitoring_month` (
  `id` int(11) NOT NULL AUTO_INCREMENT,
  `budget_monitoring_detail_id` int(11) NOT NULL,
  `bmv_month` int(2) NOT NULL,
  `bmv_plan_value` int(11) DEFAULT NULL,
  `bmv_realization_value` int(11) DEFAULT NULL,
  `created_by` smallint(5) unsigned NOT NULL,
  `created_at` int(11) NOT NULL,
  `updated_by` smallint(5) unsigned NOT NULL,
  `updated_at` int(11) NOT NULL,
  PRIMARY KEY (`id`),
  KEY `FK_budget_monitoring_month` (`budget_monitoring_detail_id`),
  CONSTRAINT `FK_budget_monitoring_month` FOREIGN KEY (`budget_monitoring_detail_id`) REFERENCES `budget_monitoring_detail` (`id`) ON DELETE CASCADE ON UPDATE CASCADE
) ENGINE=InnoDB AUTO_INCREMENT=61 DEFAULT CHARSET=latin1;

/*Data for the table `budget_monitoring_month` */

insert  into `budget_monitoring_month`(`id`,`budget_monitoring_detail_id`,`bmv_month`,`bmv_plan_value`,`bmv_realization_value`,`created_by`,`created_at`,`updated_by`,`updated_at`) values (13,2,2,110000,NULL,8,1486035724,8,1486565753),(14,2,3,NULL,NULL,8,1486035724,8,1486565753),(15,2,4,NULL,NULL,8,1486035724,8,1486565753),(16,2,5,NULL,NULL,8,1486035724,8,1486565753),(17,2,6,NULL,NULL,8,1486035724,8,1486565753),(18,2,7,NULL,NULL,8,1486035724,8,1486565753),(19,2,8,NULL,NULL,8,1486035724,8,1486565753),(20,2,9,NULL,NULL,8,1486035724,8,1486565753),(21,2,10,NULL,NULL,8,1486035724,8,1486565753),(22,2,11,NULL,NULL,8,1486035724,8,1486565753),(23,2,12,NULL,NULL,8,1486035724,8,1486565753),(24,2,13,NULL,NULL,8,1486035724,8,1486565753),(37,4,2,11000,NULL,8,1486036303,8,1486036303),(38,4,3,NULL,NULL,8,1486036303,8,1486036303),(39,4,4,NULL,NULL,8,1486036303,8,1486036303),(40,4,5,NULL,NULL,8,1486036303,8,1486036303),(41,4,6,NULL,NULL,8,1486036303,8,1486036303),(42,4,7,NULL,NULL,8,1486036303,8,1486036303),(43,4,8,NULL,NULL,8,1486036303,8,1486036303),(44,4,9,NULL,NULL,8,1486036304,8,1486036304),(45,4,10,NULL,NULL,8,1486036304,8,1486036304),(46,4,11,NULL,NULL,8,1486036304,8,1486036304),(47,4,12,NULL,NULL,8,1486036304,8,1486036304),(48,4,13,NULL,NULL,8,1486036304,8,1486036304),(49,5,2,11000,NULL,8,1486036304,8,1486036304),(50,5,3,NULL,NULL,8,1486036304,8,1486036304),(51,5,4,NULL,NULL,8,1486036304,8,1486036304),(52,5,5,NULL,NULL,8,1486036304,8,1486036304),(53,5,6,NULL,NULL,8,1486036304,8,1486036304),(54,5,7,NULL,NULL,8,1486036304,8,1486036304),(55,5,8,NULL,NULL,8,1486036304,8,1486036304),(56,5,9,NULL,NULL,8,1486036304,8,1486036304),(57,5,10,NULL,NULL,8,1486036304,8,1486036304),(58,5,11,NULL,NULL,8,1486036304,8,1486036304),(59,5,12,NULL,NULL,8,1486036304,8,1486036304),(60,5,13,NULL,NULL,8,1486036304,8,1486036304);

/*Table structure for table `codeset` */

DROP TABLE IF EXISTS `codeset`;

CREATE TABLE `codeset` (
  `id` int(10) unsigned NOT NULL AUTO_INCREMENT,
  `cset_name` varchar(150) NOT NULL,
  `cset_code` varchar(50) NOT NULL,
  `cset_value` varchar(255) NOT NULL,
  `cset_description` text,
  `cset_parent_pk` varchar(50) DEFAULT NULL,
  `cset_order` int(2) DEFAULT NULL,
  `created_at` int(11) DEFAULT NULL,
  `updated_at` int(11) DEFAULT NULL,
  `created_by` smallint(5) unsigned DEFAULT NULL,
  `updated_by` smallint(5) unsigned DEFAULT NULL,
  PRIMARY KEY (`id`)
) ENGINE=InnoDB AUTO_INCREMENT=46 DEFAULT CHARSET=latin1;

/*Data for the table `codeset` */

insert  into `codeset`(`id`,`cset_name`,`cset_code`,`cset_value`,`cset_description`,`cset_parent_pk`,`cset_order`,`created_at`,`updated_at`,`created_by`,`updated_by`) values (1,'WEB_CONFIG','ALLOWED_IP','127.0.0.1; ::1; 36.68.179.127; 36.77.140.14; 36.77.110.187','IP Address yang diijinkan untuk akses aplikasi. Pisahkan berdasarkan titik koma. Cth: 127.0.01; 128.1.1.2','',6,1462779626,1462786889,5,5),(2,'POST_TYPE_CODE','PAGE','Halaman','','',NULL,1474948722,1474948722,8,8),(3,'POST_TYPE_CODE','NEWS','Berita','','',NULL,1475051416,1475051416,8,8),(4,'FORM_TYPE_CODE','K3','K3','K3','',NULL,1482483701,1482483701,8,8),(5,'FORM_TYPE_CODE','LH','Lingkungan Hidup','Lingkungan Hidup','',NULL,1482483722,1482483722,8,8),(6,'ATTRIBUTE_TYPE_CODE','TGT','Target','','',NULL,1482729769,1482729769,8,8),(7,'ATTRIBUTE_TYPE_CODE','PHDR','Header','','',1,1482729801,1482729801,8,8),(8,'ATTRIBUTE_TYPE_CODE','PSHDR','Sub Header','','',2,1482729814,1482729814,8,8),(9,'ATTRIBUTE_TYPE_CODE','PITEM','Item','','',3,1482729825,1482729825,8,8),(10,'WP_LEGEND','1','Persiapan Program (TOR, RAB)','','',NULL,1484796129,1484796129,8,8),(11,'WP_LEGEND','2','Proses Pengadaan Barang / Jasa','','',NULL,1484796147,1484796147,8,8),(12,'WP_LEGEND','3','Pelaksanaan Program','','',NULL,1484796162,1484796162,8,8),(13,'WP_LEGEND','4','Monitoring Evaluasi','','',NULL,1484796174,1484796174,8,8),(14,'WP_LEGEND','5','Penyusunan Laporan','','',NULL,1484796190,1484796190,8,8),(15,'PPU_ES_CHIMNEY_SHAPE_CODE','SQR','Kotak','Bentuk Cerobong','',NULL,1487361038,1487676283,8,8),(16,'PPU_ES_CHIMNEY_SHAPE_CODE','CYL','Silinder','Bentuk Cerobong','',NULL,1487361112,1487676301,8,8),(17,'PPU_ES_CHIMNEY_SHAPE_CODE','CON','Kerucut','Bentuk Cerobong','',NULL,1487361142,1487676294,8,8),(18,'PPU_ES_MONITORING_DATA_STATUS_CODE','WATCHED','Dipantau','Status data pemantauan pada PPU','',NULL,1487416822,1487676321,8,8),(19,'PPU_ES_MONITORING_DATA_STATUS_CODE','NWATCHED','Tidak Dipantau','Status data pemantauan pada PPU','',NULL,1487416843,1487676327,8,8),(20,'PPU_ES_FREQ_MONITORING_OBLIGATION_CODE','FMOC1','1 Tahun 2 Kali','Frekuensi Kewajiban Pemantauan pada PPU','',NULL,1487417000,1487676312,8,8),(21,'PPU_ES_FUEL_NAME_CODE','FNC1','Batubara','Nama Bahan Bakar','',NULL,1487417127,1487676341,8,8),(22,'PPU_ES_FUEL_UNIT_CODE','FUC1','kg','Satuan Bahan Bakar','',NULL,1487417150,1487676352,8,8),(23,'PPU_RBM_PARAM_CODE','PRPC1','NO2','Parameter code for RBM','',NULL,1487669901,1487669901,8,8),(24,'PPU_RBM_PARAM_CODE','PRPC2','SO2','Parameter code for RBM','',NULL,1487669918,1487669918,8,8),(25,'PPU_RBM_PARAM_UNIT_CODE','PRPUC1','(m3/detik)','Parameter unit code for RBM','',NULL,1487669953,1487669953,8,8),(26,'PPU_RBM_QS_UNIT_CODE','PRQUC1','mg/Nm3','QS unit code for RBM','',NULL,1487669996,1487669996,8,8),(27,'PPU_RBM_QS_LOAD_UNIT_CODE','PRQLUC1','kg/ton','QS load unit code for RBM','',NULL,1487670022,1487670022,8,8),(28,'PPU_AP_FREQ_MONITORING_OBLIGATION_CODE','PAFMOC1','1 Tahun 2 Kali','AP Frequency monitoring','',NULL,1487677803,1487677803,8,8),(29,'PPU_RBM_PARAM_CODE','LAJUALIR','Laju Alir','Laju AIr RBM','',NULL,1487775070,1487775070,8,8),(30,'PPU_RBM_PARAM_CODE','PRPC3','Opasitas','','',NULL,1487842345,1487842345,8,8),(31,'PPU_RBM_PARAM_CODE','PRPC4','Partikulat','','',NULL,1487842359,1487842359,8,8),(32,'PPU_RBM_QS_UNIT_CODE','PRQUC2','%','','',NULL,1487842427,1487842427,8,8),(33,'PPUA_MP_MONITORING_DATA_STATUS_CODE','PMMDSC1','3 Bulan Sekali','','',NULL,1488135214,1488135214,8,8),(34,'PPUA_MP_FREQ_MONITORING_OBLIGATION_CODE','PMFMOC1','Dipantau','','',NULL,1488135240,1488135240,8,8),(35,'PPUA_RBM_PARAM_CODE','PRPC1','SO2','','',NULL,1488185215,1488185215,8,8),(36,'PPUA_RBM_PARAM_CODE','PRPC2','NO2','','',NULL,1488185226,1488185226,8,8),(37,'PPUA_RBM_PARAM_CODE','PRPC3','TSP','','',NULL,1488185234,1488185234,8,8),(38,'PPUA_RBM_PARAM_CODE','PRPC4','PM10','','',NULL,1488185245,1488185245,8,8),(39,'PPUA_RBM_PARAM_CODE','PRPC5','CO','','',NULL,1488185253,1488185253,8,8),(40,'PPUA_RBM_QS_UNIT_CODE','PRQUC1','gram/m3','','',NULL,1488185284,1488185284,8,8),(41,'PPUA_RBM_QS_LOAD_UNIT_CODE','PRQLUC1','gram/m3','','',NULL,1488185298,1488185298,8,8),(42,'PPUCEMS_RBM_PARAM_CODE','PRPC1','SOx','','',NULL,1488389277,1488389277,8,8),(43,'PPUCEMS_RBM_PARAM_CODE','PRPC2','NOx','','',NULL,1488389286,1488389286,8,8),(44,'PPUCEMS_RBM_PARAM_CODE','PRPC3','Partikulat','','',NULL,1488389298,1488389298,8,8),(45,'PPUCEMS_RBM_PARAM_REPORT_QS_UNIT_CODE','PRPRQUC1','mg/Nm3','','',NULL,1488572218,1488572218,8,8);

/*Table structure for table `employee` */

DROP TABLE IF EXISTS `employee`;

CREATE TABLE `employee` (
  `id` smallint(5) unsigned NOT NULL AUTO_INCREMENT,
  `name` varchar(32) NOT NULL,
  `address` varchar(100) DEFAULT NULL,
  `email` varchar(150) DEFAULT NULL,
  `phone` varchar(32) NOT NULL,
  `salary` int(11) DEFAULT NULL,
  `commission` decimal(5,2) DEFAULT NULL,
  `note` text,
  `joined_date` date NOT NULL,
  `status` char(1) NOT NULL DEFAULT 'Y',
  `created_by` smallint(5) unsigned NOT NULL,
  `created_at` int(11) NOT NULL,
  `updated_by` smallint(5) unsigned NOT NULL,
  `updated_at` int(11) NOT NULL,
  PRIMARY KEY (`id`)
) ENGINE=InnoDB AUTO_INCREMENT=7 DEFAULT CHARSET=latin1;

/*Data for the table `employee` */

insert  into `employee`(`id`,`name`,`address`,`email`,`phone`,`salary`,`commission`,`note`,`joined_date`,`status`,`created_by`,`created_at`,`updated_by`,`updated_at`) values (1,'Joko Hermanto','Lorong Jengkol. Talang Banjar.','joko.hermanto19@gmail.com','085228292014',0,'20.00','','2016-04-01','Y',0,0,8,1480133297),(2,'Supervisor','',NULL,'0819',NULL,NULL,NULL,'2016-03-24','Y',0,0,5,1460139806),(3,'Operator','',NULL,'0852',NULL,NULL,NULL,'2016-03-24','Y',0,0,0,0),(6,'Joko Test','Bhayangkara','','123123131231231',0,NULL,NULL,'2016-06-30','Y',8,1467276747,12,1480133435);

/*Table structure for table `environment_permit` */

DROP TABLE IF EXISTS `environment_permit`;

CREATE TABLE `environment_permit` (
  `id` int(11) NOT NULL AUTO_INCREMENT,
  `sector_id` int(11) NOT NULL,
  `power_plant_id` int(11) NOT NULL,
  `ep_year` int(4) NOT NULL,
  `ep_quarter` varchar(2) NOT NULL,
  `created_by` smallint(5) unsigned NOT NULL,
  `created_at` int(11) NOT NULL,
  `updated_by` smallint(5) unsigned NOT NULL,
  `updated_at` int(11) NOT NULL,
  PRIMARY KEY (`id`),
  KEY `FK_environment_permit_sector` (`sector_id`),
  KEY `FK_environment_permit_power_plant` (`power_plant_id`),
  CONSTRAINT `FK_environment_permit_power_plant` FOREIGN KEY (`power_plant_id`) REFERENCES `power_plant` (`id`),
  CONSTRAINT `FK_environment_permit_sector` FOREIGN KEY (`sector_id`) REFERENCES `sector` (`id`)
) ENGINE=InnoDB AUTO_INCREMENT=5 DEFAULT CHARSET=latin1;

/*Data for the table `environment_permit` */

insert  into `environment_permit`(`id`,`sector_id`,`power_plant_id`,`ep_year`,`ep_quarter`,`created_by`,`created_at`,`updated_by`,`updated_at`) values (1,7,5,2131,'13',8,1487061099,8,1487061634),(2,7,5,12312,'12',8,1487061974,8,1487061974),(3,7,5,1233,'13',8,1487435241,8,1487435241),(4,7,5,1231,'12',8,1487435277,8,1487435277);

/*Table structure for table `environment_permit_detail` */

DROP TABLE IF EXISTS `environment_permit_detail`;

CREATE TABLE `environment_permit_detail` (
  `id` int(11) NOT NULL AUTO_INCREMENT,
  `environment_permit_id` int(11) NOT NULL,
  `ep_document_name` varchar(1000) NOT NULL,
  `ep_institution` varchar(1000) NOT NULL,
  `ep_date` date NOT NULL,
  `ep_limit_capacity` int(11) NOT NULL,
  `ep_realization_capacity` int(11) NOT NULL,
  `created_by` smallint(5) unsigned NOT NULL,
  `created_at` int(11) NOT NULL,
  `updated_by` smallint(5) unsigned NOT NULL,
  `updated_at` int(11) NOT NULL,
  PRIMARY KEY (`id`),
  KEY `FK_environment_permit_detail` (`environment_permit_id`),
  CONSTRAINT `FK_environment_permit_detail` FOREIGN KEY (`environment_permit_id`) REFERENCES `environment_permit` (`id`) ON DELETE CASCADE ON UPDATE CASCADE
) ENGINE=InnoDB AUTO_INCREMENT=6 DEFAULT CHARSET=latin1;

/*Data for the table `environment_permit_detail` */

insert  into `environment_permit_detail`(`id`,`environment_permit_id`,`ep_document_name`,`ep_institution`,`ep_date`,`ep_limit_capacity`,`ep_realization_capacity`,`created_by`,`created_at`,`updated_by`,`updated_at`) values (1,1,'wadwad','wadawd','2017-03-01',12312332,123123,8,1487061100,8,1487061634),(3,2,'awdadw','awdawd','2017-02-02',12312,123123,8,1487061975,8,1487061975),(4,3,'dawd','wadwad','2017-02-21',123,13123,8,1487435241,8,1487435241),(5,4,'12321','12312','2017-02-15',123,12312,8,1487435277,8,1487435277);

/*Table structure for table `log` */

DROP TABLE IF EXISTS `log`;

CREATE TABLE `log` (
  `id` int(11) NOT NULL AUTO_INCREMENT,
  `type` varchar(7) DEFAULT NULL,
  `table_name` varchar(100) DEFAULT NULL,
  `action` varchar(255) DEFAULT NULL,
  `created_by` smallint(5) unsigned DEFAULT NULL,
  `created_at` int(11) NOT NULL,
  `updated_by` smallint(5) unsigned DEFAULT NULL,
  `updated_at` int(11) NOT NULL,
  PRIMARY KEY (`id`),
  KEY `FK_log_updated_by` (`updated_by`),
  KEY `FK_log_created_by` (`created_by`),
  CONSTRAINT `FK_log_created_by` FOREIGN KEY (`created_by`) REFERENCES `user` (`id`) ON DELETE CASCADE ON UPDATE CASCADE,
  CONSTRAINT `FK_log_updated_by` FOREIGN KEY (`updated_by`) REFERENCES `user` (`id`) ON DELETE CASCADE ON UPDATE CASCADE
) ENGINE=InnoDB AUTO_INCREMENT=3321 DEFAULT CHARSET=latin1;

/*Data for the table `log` */

insert  into `log`(`id`,`type`,`table_name`,`action`,`created_by`,`created_at`,`updated_by`,`updated_at`) values (1,'SUCCESS','sector','INSERTING NEW DATA WITH ID #1',8,1479442400,8,1479442400),(2,'SUCCESS','sector','UPDATING DATA ID #1',8,1479442515,8,1479442515),(3,'SUCCESS','log_dirty','INSERTING NEW DATA WITH ID #1',8,1479442515,8,1479442515),(4,'SUCCESS','sector','UPDATING DATA ID #1',8,1479442528,8,1479442528),(5,'SUCCESS','log_dirty','INSERTING NEW DATA WITH ID #2',8,1479442528,8,1479442528),(6,'SUCCESS','sector','INSERTING NEW DATA WITH ID #2',8,1479442578,8,1479442578),(7,'SUCCESS','sector','INSERTING NEW DATA WITH ID #3',8,1479442600,8,1479442600),(8,'SUCCESS','sector','INSERTING NEW DATA WITH ID #4',8,1479442615,8,1479442615),(9,'SUCCESS','sector','INSERTING NEW DATA WITH ID #5',8,1479442635,8,1479442635),(10,'SUCCESS','sector','INSERTING NEW DATA WITH ID #6',8,1479442646,8,1479442646),(11,'SUCCESS','sector','INSERTING NEW DATA WITH ID #7',8,1479442656,8,1479442656),(12,'SUCCESS','sector','INSERTING NEW DATA WITH ID #8',8,1479442677,8,1479442677),(13,'SUCCESS','sector','INSERTING NEW DATA WITH ID #9',8,1479442685,8,1479442685),(14,'SUCCESS','power_plant','INSERTING NEW DATA WITH ID #1',8,1479444423,8,1479444423),(15,'SUCCESS','power_plant','UPDATING DATA ID #1',8,1479444562,8,1479444562),(16,'SUCCESS','log_dirty','INSERTING NEW DATA WITH ID #3',8,1479444562,8,1479444562),(17,'SUCCESS','power_plant','UPDATING DATA ID #1',8,1479444587,8,1479444587),(18,'SUCCESS','log_dirty','INSERTING NEW DATA WITH ID #4',8,1479444587,8,1479444587),(19,'SUCCESS','power_plant','INSERTING NEW DATA WITH ID #2',8,1479444739,8,1479444739),(20,'SUCCESS','power_plant','INSERTING NEW DATA WITH ID #3',8,1479444771,8,1479444771),(21,'SUCCESS','power_plant','INSERTING NEW DATA WITH ID #4',8,1479444945,8,1479444945),(22,'SUCCESS','power_plant','INSERTING NEW DATA WITH ID #5',8,1479445219,8,1479445219),(23,'SUCCESS','auth_item_child','DELETING DATA ID #administrator-sektor',8,1479728932,8,1479728932),(24,'SUCCESS','auth_item_child','INSERTING NEW DATA WITH ID #administrator-sektor',8,1479729076,8,1479729076),(25,'SUCCESS','auth_item_child','DELETING DATA ID #administrator-sektor',8,1479729495,8,1479729495),(26,'SUCCESS','auth_item_child','INSERTING NEW DATA WITH ID #administrator-sektor',8,1479729513,8,1479729513),(27,'SUCCESS','auth_item','INSERTING NEW DATA WITH ID #Operator',8,1480052146,8,1480052146),(28,'SUCCESS','auth_item_child','INSERTING NEW DATA WITH ID #Operator-pembangkit-listrik',8,1480052177,8,1480052177),(29,'SUCCESS','auth_item_child','INSERTING NEW DATA WITH ID #Operator-sektor',8,1480052177,8,1480052177),(30,'SUCCESS','auth_item_child','INSERTING NEW DATA WITH ID #Operator-profil',8,1480052200,8,1480052200),(31,'SUCCESS','employee','UPDATING DATA ID #6',8,1480052276,8,1480052276),(32,'SUCCESS','{{%user}}','UPDATING DATA ID #12',8,1480052276,8,1480052276),(33,'SUCCESS','auth_assignment','INSERTING NEW DATA WITH ID #',8,1480052276,8,1480052276),(34,'SUCCESS','employee','UPDATING DATA ID #6',8,1480052326,8,1480052326),(35,'SUCCESS','{{%user}}','UPDATING DATA ID #12',8,1480052326,8,1480052326),(36,'SUCCESS','auth_assignment','INSERTING NEW DATA WITH ID #',8,1480052326,8,1480052326),(37,'SUCCESS','employee','UPDATING DATA ID #6',8,1480052516,8,1480052516),(38,'SUCCESS','{{%user}}','UPDATING DATA ID #12',8,1480052516,8,1480052516),(39,'SUCCESS','auth_assignment','INSERTING NEW DATA WITH ID #',8,1480052516,8,1480052516),(40,'SUCCESS','user_sector','INSERTING NEW DATA WITH ID #1',8,1480052516,8,1480052516),(41,'SUCCESS','user_sector','INSERTING NEW DATA WITH ID #2',8,1480052516,8,1480052516),(42,'SUCCESS','employee','UPDATING DATA ID #6',8,1480052537,8,1480052537),(43,'SUCCESS','{{%user}}','UPDATING DATA ID #12',8,1480052537,8,1480052537),(44,'SUCCESS','auth_assignment','INSERTING NEW DATA WITH ID #',8,1480052537,8,1480052537),(45,'SUCCESS','user_sector','INSERTING NEW DATA WITH ID #3',8,1480052537,8,1480052537),(46,'SUCCESS','employee','UPDATING DATA ID #6',8,1480053994,8,1480053994),(47,'SUCCESS','{{%user}}','UPDATING DATA ID #12',8,1480053994,8,1480053994),(48,'SUCCESS','auth_assignment','INSERTING NEW DATA WITH ID #',8,1480053994,8,1480053994),(49,'SUCCESS','user_sector','INSERTING NEW DATA WITH ID #4',8,1480053994,8,1480053994),(50,'SUCCESS','user_sector','INSERTING NEW DATA WITH ID #5',8,1480053994,8,1480053994),(53,'SUCCESS','employee','UPDATING DATA ID #6',8,1480131494,8,1480131494),(54,'SUCCESS','{{%user}}','UPDATING DATA ID #12',8,1480131494,8,1480131494),(55,'SUCCESS','auth_assignment','INSERTING NEW DATA WITH ID #',8,1480131494,8,1480131494),(56,'SUCCESS','auth_assignment','INSERTING NEW DATA WITH ID #',8,1480131494,8,1480131494),(57,'SUCCESS','user_sector','INSERTING NEW DATA WITH ID #6',8,1480131494,8,1480131494),(58,'SUCCESS','user_sector','INSERTING NEW DATA WITH ID #7',8,1480131494,8,1480131494),(59,'SUCCESS','employee','UPDATING DATA ID #6',8,1480131503,8,1480131503),(60,'SUCCESS','{{%user}}','UPDATING DATA ID #12',8,1480131503,8,1480131503),(61,'SUCCESS','auth_assignment','INSERTING NEW DATA WITH ID #',8,1480131503,8,1480131503),(62,'SUCCESS','user_sector','INSERTING NEW DATA WITH ID #8',8,1480131503,8,1480131503),(63,'SUCCESS','user_sector','INSERTING NEW DATA WITH ID #9',8,1480131503,8,1480131503),(66,'SUCCESS','employee','UPDATING DATA ID #6',8,1480131585,8,1480131585),(67,'SUCCESS','{{%user}}','UPDATING DATA ID #12',8,1480131585,8,1480131585),(68,'SUCCESS','user_sector','INSERTING NEW DATA WITH ID #10',8,1480131585,8,1480131585),(69,'SUCCESS','user_sector','INSERTING NEW DATA WITH ID #11',8,1480131585,8,1480131585),(70,'SUCCESS','employee','UPDATING DATA ID #6',8,1480131592,8,1480131592),(71,'SUCCESS','{{%user}}','UPDATING DATA ID #12',8,1480131592,8,1480131592),(72,'SUCCESS','employee','UPDATING DATA ID #6',8,1480131607,8,1480131607),(73,'SUCCESS','{{%user}}','UPDATING DATA ID #12',8,1480131607,8,1480131607),(74,'SUCCESS','auth_assignment','INSERTING NEW DATA WITH ID #',8,1480131607,8,1480131607),(75,'SUCCESS','user_sector','INSERTING NEW DATA WITH ID #12',8,1480131607,8,1480131607),(76,'SUCCESS','user_sector','INSERTING NEW DATA WITH ID #13',8,1480131607,8,1480131607),(77,'SUCCESS','auth_item_child','INSERTING NEW DATA WITH ID #Administrator-profil-pengguna',8,1480132915,8,1480132915),(78,'SUCCESS','employee','UPDATING DATA ID #1',8,1480133279,8,1480133279),(79,'SUCCESS','log_dirty','INSERTING NEW DATA WITH ID #5',8,1480133279,8,1480133279),(80,'SUCCESS','{{%user}}','UPDATING DATA ID #8',8,1480133279,8,1480133279),(81,'SUCCESS','employee','UPDATING DATA ID #1',8,1480133297,8,1480133297),(82,'SUCCESS','log_dirty','INSERTING NEW DATA WITH ID #6',8,1480133297,8,1480133297),(83,'SUCCESS','{{%user}}','UPDATING DATA ID #8',8,1480133297,8,1480133297),(84,'SUCCESS','auth_item_child','INSERTING NEW DATA WITH ID #Operator-profil-pengguna',8,1480133395,8,1480133395),(85,'SUCCESS','auth_item_child','DELETING DATA ID #Operator-profil-perusahaan',8,1480133404,8,1480133404),(86,'SUCCESS','employee','UPDATING DATA ID #6',12,1480133428,12,1480133428),(87,'SUCCESS','log_dirty','INSERTING NEW DATA WITH ID #7',12,1480133428,12,1480133428),(88,'SUCCESS','{{%user}}','UPDATING DATA ID #12',12,1480133428,12,1480133428),(89,'SUCCESS','employee','UPDATING DATA ID #6',12,1480133435,12,1480133435),(90,'SUCCESS','log_dirty','INSERTING NEW DATA WITH ID #8',12,1480133435,12,1480133435),(91,'SUCCESS','{{%user}}','UPDATING DATA ID #12',12,1480133435,12,1480133435),(92,'SUCCESS','codeset','INSERTING NEW DATA WITH ID #4',8,1482483701,8,1482483701),(93,'SUCCESS','codeset','INSERTING NEW DATA WITH ID #5',8,1482483722,8,1482483722),(94,'SUCCESS','roadmap_k3l_attribute','INSERTING NEW DATA WITH ID #1',8,1482559889,8,1482559889),(95,'SUCCESS','roadmap_k3l_attribute','INSERTING NEW DATA WITH ID #2',8,1482559935,8,1482559935),(96,'SUCCESS','roadmap_k3l_attribute','INSERTING NEW DATA WITH ID #3',8,1482560032,8,1482560032),(97,'SUCCESS','roadmap_k3l_attribute','INSERTING NEW DATA WITH ID #4',8,1482560070,8,1482560070),(98,'SUCCESS','roadmap_k3l_attribute','INSERTING NEW DATA WITH ID #5',8,1482560152,8,1482560152),(99,'SUCCESS','roadmap_k3l_attribute','INSERTING NEW DATA WITH ID #6',8,1482560797,8,1482560797),(100,'SUCCESS','roadmap_k3l_attribute','INSERTING NEW DATA WITH ID #7',8,1482560814,8,1482560814),(101,'SUCCESS','roadmap_k3l_attribute','INSERTING NEW DATA WITH ID #8',8,1482560865,8,1482560865),(102,'SUCCESS','roadmap_k3l_attribute','INSERTING NEW DATA WITH ID #9',8,1482566240,8,1482566240),(103,'SUCCESS','roadmap_k3l_attribute','INSERTING NEW DATA WITH ID #10',8,1482566255,8,1482566255),(104,'SUCCESS','roadmap_k3l_attribute','INSERTING NEW DATA WITH ID #11',8,1482566327,8,1482566327),(105,'SUCCESS','roadmap_k3l_attribute','INSERTING NEW DATA WITH ID #12',8,1482566341,8,1482566341),(106,'SUCCESS','roadmap_k3l_attribute','INSERTING NEW DATA WITH ID #13',8,1482566403,8,1482566403),(107,'SUCCESS','roadmap_k3l_attribute','INSERTING NEW DATA WITH ID #14',8,1482566416,8,1482566416),(108,'SUCCESS','roadmap_k3l_attribute','INSERTING NEW DATA WITH ID #15',8,1482566480,8,1482566480),(109,'SUCCESS','roadmap_k3l_attribute','INSERTING NEW DATA WITH ID #16',8,1482566549,8,1482566549),(110,'SUCCESS','roadmap_k3l_attribute','INSERTING NEW DATA WITH ID #1',8,1482728633,8,1482728633),(111,'SUCCESS','roadmap_k3l_attribute','INSERTING NEW DATA WITH ID #2',8,1482728652,8,1482728652),(112,'SUCCESS','codeset','INSERTING NEW DATA WITH ID #6',8,1482729769,8,1482729769),(113,'SUCCESS','codeset','INSERTING NEW DATA WITH ID #7',8,1482729801,8,1482729801),(114,'SUCCESS','codeset','INSERTING NEW DATA WITH ID #8',8,1482729814,8,1482729814),(115,'SUCCESS','codeset','INSERTING NEW DATA WITH ID #9',8,1482729825,8,1482729825),(116,'SUCCESS','roadmap_k3l_attribute','INSERTING NEW DATA WITH ID #3',8,1482815485,8,1482815485),(117,'SUCCESS','roadmap_k3l_attribute','INSERTING NEW DATA WITH ID #4',8,1482822142,8,1482822142),(118,'SUCCESS','roadmap_k3l_attribute','INSERTING NEW DATA WITH ID #5',8,1482822205,8,1482822205),(119,'SUCCESS','roadmap_k3l_attribute','INSERTING NEW DATA WITH ID #6',8,1482824515,8,1482824515),(120,'SUCCESS','roadmap_k3l_attribute','INSERTING NEW DATA WITH ID #7',8,1482824872,8,1482824872),(121,'SUCCESS','roadmap_k3l_attribute','INSERTING NEW DATA WITH ID #8',8,1482824888,8,1482824888),(122,'SUCCESS','roadmap_k3l_attribute','INSERTING NEW DATA WITH ID #9',8,1482825046,8,1482825046),(123,'SUCCESS','roadmap_k3l_attribute','INSERTING NEW DATA WITH ID #10',8,1482826730,8,1482826730),(124,'SUCCESS','roadmap_k3l_attribute','INSERTING NEW DATA WITH ID #11',8,1482909553,8,1482909553),(125,'SUCCESS','auth_item_child','DELETING DATA ID #Administrator-sektor',8,1482914856,8,1482914856),(126,'SUCCESS','auth_item_child','INSERTING NEW DATA WITH ID #Administrator-sektor',8,1482915155,8,1482915155),(127,'SUCCESS','roadmap_k3l','INSERTING NEW DATA WITH ID #1',8,1483431973,8,1483431973),(128,'SUCCESS','roadmap_k3l_item','INSERTING NEW DATA WITH ID #1',8,1483431973,8,1483431973),(129,'SUCCESS','roadmap_k3l_item','INSERTING NEW DATA WITH ID #2',8,1483431973,8,1483431973),(130,'SUCCESS','roadmap_k3l_item','INSERTING NEW DATA WITH ID #3',8,1483431973,8,1483431973),(131,'SUCCESS','roadmap_k3l_item','INSERTING NEW DATA WITH ID #4',8,1483431973,8,1483431973),(132,'SUCCESS','roadmap_k3l_target','INSERTING NEW DATA WITH ID #1',8,1483431973,8,1483431973),(133,'SUCCESS','roadmap_k3l_target','INSERTING NEW DATA WITH ID #2',8,1483431973,8,1483431973),(134,'SUCCESS','roadmap_k3l','UPDATING DATA ID #1',8,1483676974,8,1483676974),(135,'SUCCESS','log_dirty','INSERTING NEW DATA WITH ID #9',8,1483676974,8,1483676974),(139,'SUCCESS','roadmap_k3l','UPDATING DATA ID #1',8,1483694441,8,1483694441),(140,'SUCCESS','log_dirty','INSERTING NEW DATA WITH ID #11',8,1483694441,8,1483694441),(143,'SUCCESS','roadmap_k3l','UPDATING DATA ID #1',8,1483694734,8,1483694734),(144,'SUCCESS','roadmap_k3l_item','UPDATING DATA ID #1',8,1483694734,8,1483694734),(145,'SUCCESS','roadmap_k3l_item','UPDATING DATA ID #2',8,1483694734,8,1483694734),(146,'SUCCESS','roadmap_k3l_item','UPDATING DATA ID #3',8,1483694734,8,1483694734),(147,'SUCCESS','roadmap_k3l_item','UPDATING DATA ID #4',8,1483694734,8,1483694734),(148,'SUCCESS','roadmap_k3l_target','UPDATING DATA ID #1',8,1483694734,8,1483694734),(149,'SUCCESS','log_dirty','INSERTING NEW DATA WITH ID #12',8,1483694734,8,1483694734),(150,'SUCCESS','roadmap_k3l_target','UPDATING DATA ID #2',8,1483694734,8,1483694734),(151,'SUCCESS','log_dirty','INSERTING NEW DATA WITH ID #13',8,1483694734,8,1483694734),(152,'SUCCESS','roadmap_k3l_target','INSERTING NEW DATA WITH ID #3',8,1483694734,8,1483694734),(153,'SUCCESS','roadmap_k3l_target','DELETING DATA ID #3',8,1483694753,8,1483694753),(154,'SUCCESS','roadmap_k3l_item','DELETING DATA ID #3',8,1483694849,8,1483694849),(155,'SUCCESS','roadmap_k3l','UPDATING DATA ID #1',8,1483694887,8,1483694887),(156,'SUCCESS','log_dirty','INSERTING NEW DATA WITH ID #14',8,1483694887,8,1483694887),(157,'SUCCESS','roadmap_k3l_item','UPDATING DATA ID #1',8,1483694887,8,1483694887),(158,'SUCCESS','roadmap_k3l_item','UPDATING DATA ID #2',8,1483694887,8,1483694887),(159,'SUCCESS','roadmap_k3l_item','UPDATING DATA ID #4',8,1483694887,8,1483694887),(160,'SUCCESS','roadmap_k3l_item','INSERTING NEW DATA WITH ID #5',8,1483694887,8,1483694887),(161,'SUCCESS','roadmap_k3l_target','UPDATING DATA ID #1',8,1483694887,8,1483694887),(162,'SUCCESS','roadmap_k3l_target','UPDATING DATA ID #2',8,1483694887,8,1483694887),(163,'SUCCESS','roadmap_k3l_target','INSERTING NEW DATA WITH ID #4',8,1483694887,8,1483694887),(164,'SUCCESS','roadmap_k3l','DELETING DATA ID #1',8,1483695755,8,1483695755),(165,'SUCCESS','roadmap_k3l','INSERTING NEW DATA WITH ID #2',8,1483699622,8,1483699622),(166,'SUCCESS','roadmap_k3l_item','INSERTING NEW DATA WITH ID #6',8,1483699622,8,1483699622),(167,'SUCCESS','roadmap_k3l_target','INSERTING NEW DATA WITH ID #5',8,1483699622,8,1483699622),(168,'SUCCESS','working_plan_attribute','INSERTING NEW DATA WITH ID #1',8,1484374821,8,1484374821),(169,'SUCCESS','working_plan_attribute','INSERTING NEW DATA WITH ID #2',8,1484375233,8,1484375233),(170,'SUCCESS','working_plan_attribute','INSERTING NEW DATA WITH ID #3',8,1484375363,8,1484375363),(171,'SUCCESS','working_plan_attribute','INSERTING NEW DATA WITH ID #1',8,1484375544,8,1484375544),(172,'SUCCESS','working_plan_attribute','INSERTING NEW DATA WITH ID #2',8,1484375573,8,1484375573),(173,'SUCCESS','working_plan_attribute','INSERTING NEW DATA WITH ID #3',8,1484375971,8,1484375971),(174,'SUCCESS','working_plan_attribute','INSERTING NEW DATA WITH ID #4',8,1484543457,8,1484543457),(175,'SUCCESS','codeset','INSERTING NEW DATA WITH ID #10',8,1484796129,8,1484796129),(176,'SUCCESS','codeset','INSERTING NEW DATA WITH ID #11',8,1484796147,8,1484796147),(177,'SUCCESS','codeset','INSERTING NEW DATA WITH ID #12',8,1484796162,8,1484796162),(178,'SUCCESS','codeset','INSERTING NEW DATA WITH ID #13',8,1484796174,8,1484796174),(179,'SUCCESS','codeset','INSERTING NEW DATA WITH ID #14',8,1484796190,8,1484796190),(180,'SUCCESS','working_plan_attribute','INSERTING NEW DATA WITH ID #5',8,1484797156,8,1484797156),(181,'SUCCESS','working_plan_attribute','INSERTING NEW DATA WITH ID #6',8,1484797207,8,1484797207),(182,'SUCCESS','working_plan_attribute','INSERTING NEW DATA WITH ID #7',8,1484797246,8,1484797246),(183,'SUCCESS','working_plan_attribute','INSERTING NEW DATA WITH ID #8',8,1484797269,8,1484797269),(184,'SUCCESS','working_plan_attribute','INSERTING NEW DATA WITH ID #9',8,1484797288,8,1484797288),(185,'SUCCESS','working_plan','INSERTING NEW DATA WITH ID #1',8,1484804918,8,1484804918),(186,'SUCCESS','working_plan','INSERTING NEW DATA WITH ID #1',8,1484893091,8,1484893091),(187,'SUCCESS','working_plan_detail','INSERTING NEW DATA WITH ID #1',8,1484893092,8,1484893092),(188,'SUCCESS','working_plan_detail','INSERTING NEW DATA WITH ID #2',8,1484893092,8,1484893092),(283,'SUCCESS','working_plan','INSERTING NEW DATA WITH ID #31',8,1484968988,8,1484968988),(284,'SUCCESS','working_plan_detail','INSERTING NEW DATA WITH ID #44',8,1484968988,8,1484968988),(285,'SUCCESS','working_plan_month','INSERTING NEW DATA WITH ID #17',8,1484968988,8,1484968988),(286,'SUCCESS','working_plan_month','INSERTING NEW DATA WITH ID #18',8,1484968988,8,1484968988),(287,'SUCCESS','working_plan_month','INSERTING NEW DATA WITH ID #19',8,1484968988,8,1484968988),(288,'SUCCESS','working_plan_month','INSERTING NEW DATA WITH ID #20',8,1484968988,8,1484968988),(289,'SUCCESS','working_plan_detail','INSERTING NEW DATA WITH ID #45',8,1484968988,8,1484968988),(290,'SUCCESS','working_plan_month','INSERTING NEW DATA WITH ID #21',8,1484968988,8,1484968988),(291,'SUCCESS','working_plan_month','INSERTING NEW DATA WITH ID #22',8,1484968988,8,1484968988),(292,'SUCCESS','working_plan_month','INSERTING NEW DATA WITH ID #23',8,1484968988,8,1484968988),(293,'SUCCESS','working_plan_month','INSERTING NEW DATA WITH ID #24',8,1484968988,8,1484968988),(294,'SUCCESS','working_plan','INSERTING NEW DATA WITH ID #1',8,1484970609,8,1484970609),(295,'SUCCESS','working_plan_detail','INSERTING NEW DATA WITH ID #1',8,1484970609,8,1484970609),(296,'SUCCESS','attachment','INSERTING NEW DATA WITH ID #5',8,1484970609,8,1484970609),(297,'SUCCESS','attachment_owner','INSERTING NEW DATA WITH ID #5',8,1484970609,8,1484970609),(298,'SUCCESS','working_plan_month','INSERTING NEW DATA WITH ID #1',8,1484970609,8,1484970609),(299,'SUCCESS','working_plan_month','INSERTING NEW DATA WITH ID #2',8,1484970609,8,1484970609),(300,'SUCCESS','working_plan_detail','INSERTING NEW DATA WITH ID #2',8,1484970609,8,1484970609),(301,'SUCCESS','attachment','INSERTING NEW DATA WITH ID #6',8,1484970609,8,1484970609),(302,'SUCCESS','attachment_owner','INSERTING NEW DATA WITH ID #6',8,1484970609,8,1484970609),(303,'SUCCESS','working_plan_month','INSERTING NEW DATA WITH ID #3',8,1484970609,8,1484970609),(304,'SUCCESS','working_plan_attribute','INSERTING NEW DATA WITH ID #10',8,1485313423,8,1485313423),(329,'SUCCESS','working_plan','UPDATING DATA ID #1',8,1485315493,8,1485315493),(330,'SUCCESS','working_plan_detail','UPDATING DATA ID #1',8,1485315493,8,1485315493),(331,'SUCCESS','log_dirty','INSERTING NEW DATA WITH ID #18',8,1485315493,8,1485315493),(332,'SUCCESS','working_plan_month','INSERTING NEW DATA WITH ID #13',8,1485315493,8,1485315493),(333,'SUCCESS','working_plan_month','INSERTING NEW DATA WITH ID #14',8,1485315493,8,1485315493),(334,'SUCCESS','working_plan_detail','UPDATING DATA ID #2',8,1485315493,8,1485315493),(335,'SUCCESS','working_plan_month','INSERTING NEW DATA WITH ID #15',8,1485315493,8,1485315493),(336,'SUCCESS','working_plan_detail','INSERTING NEW DATA WITH ID #6',8,1485315493,8,1485315493),(337,'SUCCESS','working_plan_month','INSERTING NEW DATA WITH ID #16',8,1485315493,8,1485315493),(338,'SUCCESS','working_plan_month','INSERTING NEW DATA WITH ID #17',8,1485315493,8,1485315493),(339,'SUCCESS','working_plan_month','INSERTING NEW DATA WITH ID #18',8,1485315493,8,1485315493),(340,'SUCCESS','attachment','DELETING DATA ID #5',8,1485318070,8,1485318070),(341,'SUCCESS','working_plan','UPDATING DATA ID #1',8,1485318881,8,1485318881),(342,'SUCCESS','working_plan_detail','UPDATING DATA ID #1',8,1485318881,8,1485318881),(343,'SUCCESS','attachment','INSERTING NEW DATA WITH ID #1',8,1485318881,8,1485318881),(344,'SUCCESS','attachment_owner','INSERTING NEW DATA WITH ID #7',8,1485318881,8,1485318881),(345,'SUCCESS','working_plan_month','INSERTING NEW DATA WITH ID #19',8,1485318881,8,1485318881),(346,'SUCCESS','working_plan_month','INSERTING NEW DATA WITH ID #20',8,1485318881,8,1485318881),(347,'SUCCESS','working_plan_detail','UPDATING DATA ID #2',8,1485318881,8,1485318881),(348,'SUCCESS','attachment','INSERTING NEW DATA WITH ID #2',8,1485318881,8,1485318881),(349,'SUCCESS','attachment_owner','INSERTING NEW DATA WITH ID #8',8,1485318881,8,1485318881),(350,'SUCCESS','working_plan_month','INSERTING NEW DATA WITH ID #21',8,1485318881,8,1485318881),(351,'SUCCESS','working_plan_detail','UPDATING DATA ID #6',8,1485318881,8,1485318881),(352,'SUCCESS','attachment','INSERTING NEW DATA WITH ID #3',8,1485318881,8,1485318881),(353,'SUCCESS','attachment_owner','INSERTING NEW DATA WITH ID #9',8,1485318881,8,1485318881),(354,'SUCCESS','working_plan_month','INSERTING NEW DATA WITH ID #22',8,1485318881,8,1485318881),(355,'SUCCESS','working_plan_month','INSERTING NEW DATA WITH ID #23',8,1485318881,8,1485318881),(356,'SUCCESS','working_plan_month','INSERTING NEW DATA WITH ID #24',8,1485318881,8,1485318881),(357,'SUCCESS','working_plan_month','INSERTING NEW DATA WITH ID #25',8,1485318881,8,1485318881),(358,'SUCCESS','working_plan','UPDATING DATA ID #1',8,1485318918,8,1485318918),(359,'SUCCESS','working_plan_detail','UPDATING DATA ID #1',8,1485318919,8,1485318919),(360,'SUCCESS','working_plan_month','INSERTING NEW DATA WITH ID #26',8,1485318919,8,1485318919),(361,'SUCCESS','working_plan_month','INSERTING NEW DATA WITH ID #27',8,1485318919,8,1485318919),(362,'SUCCESS','working_plan_detail','UPDATING DATA ID #2',8,1485318919,8,1485318919),(363,'SUCCESS','working_plan_month','INSERTING NEW DATA WITH ID #28',8,1485318919,8,1485318919),(364,'SUCCESS','working_plan_detail','UPDATING DATA ID #6',8,1485318919,8,1485318919),(365,'SUCCESS','working_plan_month','INSERTING NEW DATA WITH ID #29',8,1485318919,8,1485318919),(366,'SUCCESS','working_plan_month','INSERTING NEW DATA WITH ID #30',8,1485318919,8,1485318919),(367,'SUCCESS','working_plan','UPDATING DATA ID #1',8,1485319006,8,1485319006),(368,'SUCCESS','working_plan_detail','UPDATING DATA ID #1',8,1485319006,8,1485319006),(369,'SUCCESS','working_plan_month','INSERTING NEW DATA WITH ID #31',8,1485319006,8,1485319006),(370,'SUCCESS','working_plan_month','INSERTING NEW DATA WITH ID #32',8,1485319006,8,1485319006),(371,'SUCCESS','working_plan_detail','UPDATING DATA ID #2',8,1485319006,8,1485319006),(372,'SUCCESS','working_plan_month','INSERTING NEW DATA WITH ID #33',8,1485319006,8,1485319006),(373,'SUCCESS','working_plan_detail','UPDATING DATA ID #6',8,1485319006,8,1485319006),(374,'SUCCESS','working_plan_month','INSERTING NEW DATA WITH ID #34',8,1485319006,8,1485319006),(375,'SUCCESS','working_plan_month','INSERTING NEW DATA WITH ID #35',8,1485319006,8,1485319006),(376,'SUCCESS','working_plan_month','INSERTING NEW DATA WITH ID #36',8,1485319006,8,1485319006),(377,'SUCCESS','working_plan_month','INSERTING NEW DATA WITH ID #37',8,1485319006,8,1485319006),(378,'SUCCESS','working_plan','UPDATING DATA ID #1',8,1485320169,8,1485320169),(379,'SUCCESS','working_plan_detail','UPDATING DATA ID #1',8,1485320169,8,1485320169),(380,'SUCCESS','working_plan_month','INSERTING NEW DATA WITH ID #38',8,1485320169,8,1485320169),(381,'SUCCESS','working_plan_month','INSERTING NEW DATA WITH ID #39',8,1485320169,8,1485320169),(382,'SUCCESS','working_plan_detail','UPDATING DATA ID #2',8,1485320169,8,1485320169),(383,'SUCCESS','working_plan_month','INSERTING NEW DATA WITH ID #40',8,1485320169,8,1485320169),(384,'SUCCESS','working_plan_detail','UPDATING DATA ID #6',8,1485320169,8,1485320169),(385,'SUCCESS','working_plan_month','INSERTING NEW DATA WITH ID #41',8,1485320169,8,1485320169),(386,'SUCCESS','working_plan_month','INSERTING NEW DATA WITH ID #42',8,1485320169,8,1485320169),(387,'SUCCESS','working_plan','UPDATING DATA ID #1',8,1485320261,8,1485320261),(388,'SUCCESS','working_plan_detail','UPDATING DATA ID #1',8,1485320261,8,1485320261),(389,'SUCCESS','working_plan_month','INSERTING NEW DATA WITH ID #43',8,1485320261,8,1485320261),(390,'SUCCESS','working_plan_month','INSERTING NEW DATA WITH ID #44',8,1485320261,8,1485320261),(391,'SUCCESS','working_plan_detail','UPDATING DATA ID #2',8,1485320261,8,1485320261),(392,'SUCCESS','working_plan_month','INSERTING NEW DATA WITH ID #45',8,1485320261,8,1485320261),(393,'SUCCESS','working_plan_detail','UPDATING DATA ID #6',8,1485320261,8,1485320261),(394,'SUCCESS','working_plan_month','INSERTING NEW DATA WITH ID #46',8,1485320261,8,1485320261),(395,'SUCCESS','working_plan_month','INSERTING NEW DATA WITH ID #47',8,1485320261,8,1485320261),(396,'SUCCESS','working_plan_month','INSERTING NEW DATA WITH ID #48',8,1485320261,8,1485320261),(417,'SUCCESS','working_plan','UPDATING DATA ID #1',8,1485320480,8,1485320480),(418,'SUCCESS','working_plan_detail','UPDATING DATA ID #1',8,1485320480,8,1485320480),(419,'SUCCESS','working_plan_month','INSERTING NEW DATA WITH ID #61',8,1485320480,8,1485320480),(420,'SUCCESS','working_plan_month','INSERTING NEW DATA WITH ID #62',8,1485320480,8,1485320480),(421,'SUCCESS','working_plan_detail','UPDATING DATA ID #2',8,1485320480,8,1485320480),(422,'SUCCESS','working_plan_month','INSERTING NEW DATA WITH ID #63',8,1485320480,8,1485320480),(423,'SUCCESS','working_plan_detail','UPDATING DATA ID #6',8,1485320480,8,1485320480),(424,'SUCCESS','working_plan_month','INSERTING NEW DATA WITH ID #64',8,1485320480,8,1485320480),(425,'SUCCESS','working_plan_month','INSERTING NEW DATA WITH ID #65',8,1485320480,8,1485320480),(426,'SUCCESS','working_plan_month','INSERTING NEW DATA WITH ID #66',8,1485320480,8,1485320480),(437,'SUCCESS','working_plan','UPDATING DATA ID #1',8,1485320692,8,1485320692),(438,'SUCCESS','working_plan_detail','UPDATING DATA ID #1',8,1485320692,8,1485320692),(439,'SUCCESS','working_plan_month','INSERTING NEW DATA WITH ID #73',8,1485320692,8,1485320692),(440,'SUCCESS','working_plan_month','INSERTING NEW DATA WITH ID #74',8,1485320692,8,1485320692),(441,'SUCCESS','working_plan_detail','UPDATING DATA ID #2',8,1485320692,8,1485320692),(442,'SUCCESS','working_plan_month','INSERTING NEW DATA WITH ID #75',8,1485320692,8,1485320692),(443,'SUCCESS','working_plan_detail','UPDATING DATA ID #6',8,1485320692,8,1485320692),(444,'SUCCESS','working_plan_month','INSERTING NEW DATA WITH ID #76',8,1485320692,8,1485320692),(445,'SUCCESS','working_plan_month','INSERTING NEW DATA WITH ID #77',8,1485320692,8,1485320692),(446,'SUCCESS','working_plan_month','INSERTING NEW DATA WITH ID #78',8,1485320692,8,1485320692),(447,'SUCCESS','working_plan','UPDATING DATA ID #1',8,1485320785,8,1485320785),(448,'SUCCESS','working_plan_detail','UPDATING DATA ID #1',8,1485320785,8,1485320785),(449,'SUCCESS','working_plan_month','INSERTING NEW DATA WITH ID #79',8,1485320785,8,1485320785),(450,'SUCCESS','working_plan_detail','UPDATING DATA ID #2',8,1485320785,8,1485320785),(451,'SUCCESS','working_plan_month','INSERTING NEW DATA WITH ID #80',8,1485320785,8,1485320785),(452,'SUCCESS','working_plan_detail','UPDATING DATA ID #6',8,1485320785,8,1485320785),(453,'SUCCESS','working_plan_month','INSERTING NEW DATA WITH ID #81',8,1485320785,8,1485320785),(454,'SUCCESS','working_plan_month','INSERTING NEW DATA WITH ID #82',8,1485320785,8,1485320785),(455,'SUCCESS','working_plan_month','INSERTING NEW DATA WITH ID #83',8,1485320785,8,1485320785),(456,'SUCCESS','working_plan','UPDATING DATA ID #1',8,1485323406,8,1485323406),(457,'SUCCESS','working_plan_detail','UPDATING DATA ID #1',8,1485323406,8,1485323406),(458,'SUCCESS','working_plan_month','INSERTING NEW DATA WITH ID #84',8,1485323406,8,1485323406),(459,'SUCCESS','working_plan_month','INSERTING NEW DATA WITH ID #85',8,1485323406,8,1485323406),(460,'SUCCESS','working_plan_detail','UPDATING DATA ID #2',8,1485323406,8,1485323406),(461,'SUCCESS','working_plan_month','INSERTING NEW DATA WITH ID #86',8,1485323406,8,1485323406),(462,'SUCCESS','working_plan_detail','UPDATING DATA ID #6',8,1485323407,8,1485323407),(463,'SUCCESS','working_plan_month','INSERTING NEW DATA WITH ID #87',8,1485323407,8,1485323407),(464,'SUCCESS','working_plan_month','INSERTING NEW DATA WITH ID #88',8,1485323407,8,1485323407),(465,'SUCCESS','working_plan_month','INSERTING NEW DATA WITH ID #89',8,1485323407,8,1485323407),(466,'SUCCESS','working_plan_month','INSERTING NEW DATA WITH ID #90',8,1485323407,8,1485323407),(467,'SUCCESS','working_plan_month','INSERTING NEW DATA WITH ID #91',8,1485323407,8,1485323407),(468,'SUCCESS','working_plan_month','INSERTING NEW DATA WITH ID #92',8,1485323407,8,1485323407),(469,'SUCCESS','working_plan_month','INSERTING NEW DATA WITH ID #93',8,1485323407,8,1485323407),(470,'SUCCESS','working_plan_month','INSERTING NEW DATA WITH ID #94',8,1485323407,8,1485323407),(471,'SUCCESS','working_plan_month','INSERTING NEW DATA WITH ID #95',8,1485323407,8,1485323407),(472,'SUCCESS','working_plan_month','INSERTING NEW DATA WITH ID #96',8,1485323407,8,1485323407),(473,'SUCCESS','working_plan_month','INSERTING NEW DATA WITH ID #97',8,1485323407,8,1485323407),(474,'SUCCESS','working_plan_month','INSERTING NEW DATA WITH ID #98',8,1485323407,8,1485323407),(475,'SUCCESS','working_plan_month','INSERTING NEW DATA WITH ID #99',8,1485323407,8,1485323407),(476,'SUCCESS','working_plan_month','INSERTING NEW DATA WITH ID #100',8,1485323407,8,1485323407),(477,'SUCCESS','budget_monitoring','UPDATING DATA ID #35',8,1486034835,8,1486034835),(478,'SUCCESS','budget_monitoring_detail','UPDATING DATA ID #83',8,1486034835,8,1486034835),(479,'SUCCESS','budget_monitoring_month','UPDATING DATA ID #1166',8,1486034835,8,1486034835),(480,'SUCCESS','budget_monitoring_month','UPDATING DATA ID #1167',8,1486034835,8,1486034835),(481,'SUCCESS','budget_monitoring_month','UPDATING DATA ID #1168',8,1486034835,8,1486034835),(482,'SUCCESS','budget_monitoring_month','UPDATING DATA ID #1169',8,1486034835,8,1486034835),(483,'SUCCESS','budget_monitoring_month','UPDATING DATA ID #1170',8,1486034835,8,1486034835),(484,'SUCCESS','budget_monitoring_month','UPDATING DATA ID #1171',8,1486034835,8,1486034835),(485,'SUCCESS','budget_monitoring_month','UPDATING DATA ID #1172',8,1486034835,8,1486034835),(486,'SUCCESS','budget_monitoring_month','UPDATING DATA ID #1173',8,1486034835,8,1486034835),(487,'SUCCESS','budget_monitoring_month','UPDATING DATA ID #1174',8,1486034835,8,1486034835),(488,'SUCCESS','budget_monitoring_month','UPDATING DATA ID #1175',8,1486034835,8,1486034835),(489,'SUCCESS','budget_monitoring_month','UPDATING DATA ID #1176',8,1486034835,8,1486034835),(490,'SUCCESS','budget_monitoring_month','UPDATING DATA ID #1177',8,1486034835,8,1486034835),(491,'SUCCESS','budget_monitoring_detail','UPDATING DATA ID #84',8,1486034835,8,1486034835),(492,'SUCCESS','budget_monitoring_month','UPDATING DATA ID #1178',8,1486034835,8,1486034835),(493,'SUCCESS','budget_monitoring_month','UPDATING DATA ID #1179',8,1486034835,8,1486034835),(494,'SUCCESS','budget_monitoring_month','UPDATING DATA ID #1180',8,1486034835,8,1486034835),(495,'SUCCESS','budget_monitoring_month','UPDATING DATA ID #1181',8,1486034835,8,1486034835),(496,'SUCCESS','budget_monitoring_month','UPDATING DATA ID #1182',8,1486034835,8,1486034835),(497,'SUCCESS','budget_monitoring_month','UPDATING DATA ID #1183',8,1486034835,8,1486034835),(498,'SUCCESS','budget_monitoring_month','UPDATING DATA ID #1184',8,1486034835,8,1486034835),(499,'SUCCESS','budget_monitoring_month','UPDATING DATA ID #1185',8,1486034835,8,1486034835),(500,'SUCCESS','budget_monitoring_month','UPDATING DATA ID #1186',8,1486034835,8,1486034835),(501,'SUCCESS','budget_monitoring_month','UPDATING DATA ID #1187',8,1486034835,8,1486034835),(502,'SUCCESS','budget_monitoring_month','UPDATING DATA ID #1188',8,1486034835,8,1486034835),(503,'SUCCESS','budget_monitoring_month','UPDATING DATA ID #1189',8,1486034835,8,1486034835),(504,'SUCCESS','budget_monitoring_detail','UPDATING DATA ID #85',8,1486034835,8,1486034835),(505,'SUCCESS','budget_monitoring_month','UPDATING DATA ID #1190',8,1486034835,8,1486034835),(506,'SUCCESS','budget_monitoring_month','UPDATING DATA ID #1191',8,1486034835,8,1486034835),(507,'SUCCESS','budget_monitoring_month','UPDATING DATA ID #1192',8,1486034835,8,1486034835),(508,'SUCCESS','budget_monitoring_month','UPDATING DATA ID #1193',8,1486034835,8,1486034835),(509,'SUCCESS','budget_monitoring_month','UPDATING DATA ID #1194',8,1486034835,8,1486034835),(510,'SUCCESS','budget_monitoring_month','UPDATING DATA ID #1195',8,1486034835,8,1486034835),(511,'SUCCESS','budget_monitoring_month','UPDATING DATA ID #1196',8,1486034835,8,1486034835),(512,'SUCCESS','budget_monitoring_month','UPDATING DATA ID #1197',8,1486034835,8,1486034835),(513,'SUCCESS','budget_monitoring_month','UPDATING DATA ID #1198',8,1486034835,8,1486034835),(514,'SUCCESS','budget_monitoring_month','UPDATING DATA ID #1199',8,1486034835,8,1486034835),(515,'SUCCESS','budget_monitoring_month','UPDATING DATA ID #1200',8,1486034835,8,1486034835),(516,'SUCCESS','budget_monitoring_month','UPDATING DATA ID #1201',8,1486034835,8,1486034835),(517,'SUCCESS','budget_monitoring_detail','UPDATING DATA ID #86',8,1486034835,8,1486034835),(518,'SUCCESS','budget_monitoring_month','UPDATING DATA ID #1202',8,1486034835,8,1486034835),(519,'SUCCESS','budget_monitoring_month','UPDATING DATA ID #1203',8,1486034835,8,1486034835),(520,'SUCCESS','budget_monitoring_month','UPDATING DATA ID #1204',8,1486034835,8,1486034835),(521,'SUCCESS','budget_monitoring_month','UPDATING DATA ID #1205',8,1486034835,8,1486034835),(522,'SUCCESS','budget_monitoring_month','UPDATING DATA ID #1206',8,1486034835,8,1486034835),(523,'SUCCESS','budget_monitoring_month','UPDATING DATA ID #1207',8,1486034835,8,1486034835),(524,'SUCCESS','budget_monitoring_month','UPDATING DATA ID #1208',8,1486034835,8,1486034835),(525,'SUCCESS','budget_monitoring_month','UPDATING DATA ID #1209',8,1486034835,8,1486034835),(526,'SUCCESS','budget_monitoring_month','UPDATING DATA ID #1210',8,1486034835,8,1486034835),(527,'SUCCESS','budget_monitoring_month','UPDATING DATA ID #1211',8,1486034835,8,1486034835),(528,'SUCCESS','budget_monitoring_month','UPDATING DATA ID #1212',8,1486034835,8,1486034835),(529,'SUCCESS','budget_monitoring_month','UPDATING DATA ID #1213',8,1486034835,8,1486034835),(530,'SUCCESS','budget_monitoring_detail','UPDATING DATA ID #93',8,1486034835,8,1486034835),(531,'SUCCESS','budget_monitoring_month','UPDATING DATA ID #1250',8,1486034835,8,1486034835),(532,'SUCCESS','budget_monitoring_month','UPDATING DATA ID #1251',8,1486034835,8,1486034835),(533,'SUCCESS','budget_monitoring_month','UPDATING DATA ID #1252',8,1486034835,8,1486034835),(534,'SUCCESS','budget_monitoring_month','UPDATING DATA ID #1253',8,1486034835,8,1486034835),(535,'SUCCESS','budget_monitoring_month','UPDATING DATA ID #1254',8,1486034835,8,1486034835),(536,'SUCCESS','budget_monitoring_month','UPDATING DATA ID #1255',8,1486034835,8,1486034835),(537,'SUCCESS','budget_monitoring_month','UPDATING DATA ID #1256',8,1486034835,8,1486034835),(538,'SUCCESS','budget_monitoring_month','UPDATING DATA ID #1257',8,1486034835,8,1486034835),(539,'SUCCESS','budget_monitoring_month','UPDATING DATA ID #1258',8,1486034835,8,1486034835),(540,'SUCCESS','budget_monitoring_month','UPDATING DATA ID #1259',8,1486034835,8,1486034835),(541,'SUCCESS','budget_monitoring_month','UPDATING DATA ID #1260',8,1486034835,8,1486034835),(542,'SUCCESS','budget_monitoring_month','UPDATING DATA ID #1261',8,1486034835,8,1486034835),(543,'SUCCESS','budget_monitoring_detail','UPDATING DATA ID #95',8,1486034835,8,1486034835),(544,'SUCCESS','budget_monitoring_month','UPDATING DATA ID #1274',8,1486034835,8,1486034835),(545,'SUCCESS','budget_monitoring_month','UPDATING DATA ID #1275',8,1486034835,8,1486034835),(546,'SUCCESS','budget_monitoring_month','UPDATING DATA ID #1276',8,1486034835,8,1486034835),(547,'SUCCESS','budget_monitoring_month','UPDATING DATA ID #1277',8,1486034835,8,1486034835),(548,'SUCCESS','budget_monitoring_month','UPDATING DATA ID #1278',8,1486034835,8,1486034835),(549,'SUCCESS','budget_monitoring_month','UPDATING DATA ID #1279',8,1486034836,8,1486034836),(550,'SUCCESS','budget_monitoring_month','UPDATING DATA ID #1280',8,1486034836,8,1486034836),(551,'SUCCESS','budget_monitoring_month','UPDATING DATA ID #1281',8,1486034836,8,1486034836),(552,'SUCCESS','budget_monitoring_month','UPDATING DATA ID #1282',8,1486034836,8,1486034836),(553,'SUCCESS','budget_monitoring_month','UPDATING DATA ID #1283',8,1486034836,8,1486034836),(554,'SUCCESS','budget_monitoring_month','UPDATING DATA ID #1284',8,1486034836,8,1486034836),(555,'SUCCESS','budget_monitoring_month','UPDATING DATA ID #1285',8,1486034836,8,1486034836),(556,'SUCCESS','budget_monitoring_detail','UPDATING DATA ID #96',8,1486034836,8,1486034836),(557,'SUCCESS','budget_monitoring_month','UPDATING DATA ID #1286',8,1486034836,8,1486034836),(558,'SUCCESS','budget_monitoring_month','UPDATING DATA ID #1287',8,1486034836,8,1486034836),(559,'SUCCESS','budget_monitoring_month','UPDATING DATA ID #1288',8,1486034836,8,1486034836),(560,'SUCCESS','budget_monitoring_month','UPDATING DATA ID #1289',8,1486034836,8,1486034836),(561,'SUCCESS','budget_monitoring_month','UPDATING DATA ID #1290',8,1486034836,8,1486034836),(562,'SUCCESS','budget_monitoring_month','UPDATING DATA ID #1291',8,1486034836,8,1486034836),(563,'SUCCESS','budget_monitoring_month','UPDATING DATA ID #1292',8,1486034836,8,1486034836),(564,'SUCCESS','budget_monitoring_month','UPDATING DATA ID #1293',8,1486034836,8,1486034836),(565,'SUCCESS','budget_monitoring_month','UPDATING DATA ID #1294',8,1486034836,8,1486034836),(566,'SUCCESS','budget_monitoring_month','UPDATING DATA ID #1295',8,1486034836,8,1486034836),(567,'SUCCESS','budget_monitoring_month','UPDATING DATA ID #1296',8,1486034836,8,1486034836),(568,'SUCCESS','budget_monitoring_month','UPDATING DATA ID #1297',8,1486034836,8,1486034836),(569,'SUCCESS','budget_monitoring_detail','UPDATING DATA ID #97',8,1486034836,8,1486034836),(570,'SUCCESS','budget_monitoring_month','UPDATING DATA ID #1298',8,1486034836,8,1486034836),(571,'SUCCESS','budget_monitoring_month','UPDATING DATA ID #1299',8,1486034836,8,1486034836),(572,'SUCCESS','budget_monitoring_month','UPDATING DATA ID #1300',8,1486034836,8,1486034836),(573,'SUCCESS','budget_monitoring_month','UPDATING DATA ID #1301',8,1486034836,8,1486034836),(574,'SUCCESS','budget_monitoring_month','UPDATING DATA ID #1302',8,1486034836,8,1486034836),(575,'SUCCESS','budget_monitoring_month','UPDATING DATA ID #1303',8,1486034836,8,1486034836),(576,'SUCCESS','budget_monitoring_month','UPDATING DATA ID #1304',8,1486034836,8,1486034836),(577,'SUCCESS','budget_monitoring_month','UPDATING DATA ID #1305',8,1486034836,8,1486034836),(578,'SUCCESS','budget_monitoring_month','UPDATING DATA ID #1306',8,1486034836,8,1486034836),(579,'SUCCESS','budget_monitoring_month','UPDATING DATA ID #1307',8,1486034836,8,1486034836),(580,'SUCCESS','budget_monitoring_month','UPDATING DATA ID #1308',8,1486034836,8,1486034836),(581,'SUCCESS','budget_monitoring_month','UPDATING DATA ID #1309',8,1486034836,8,1486034836),(582,'SUCCESS','budget_monitoring_detail','UPDATING DATA ID #98',8,1486034836,8,1486034836),(583,'SUCCESS','budget_monitoring_month','UPDATING DATA ID #1310',8,1486034836,8,1486034836),(584,'SUCCESS','budget_monitoring_month','UPDATING DATA ID #1311',8,1486034836,8,1486034836),(585,'SUCCESS','budget_monitoring_month','UPDATING DATA ID #1312',8,1486034836,8,1486034836),(586,'SUCCESS','budget_monitoring_month','UPDATING DATA ID #1313',8,1486034836,8,1486034836),(587,'SUCCESS','budget_monitoring_month','UPDATING DATA ID #1314',8,1486034836,8,1486034836),(588,'SUCCESS','budget_monitoring_month','UPDATING DATA ID #1315',8,1486034836,8,1486034836),(589,'SUCCESS','budget_monitoring_month','UPDATING DATA ID #1316',8,1486034836,8,1486034836),(590,'SUCCESS','budget_monitoring_month','UPDATING DATA ID #1317',8,1486034836,8,1486034836),(591,'SUCCESS','budget_monitoring_month','UPDATING DATA ID #1318',8,1486034836,8,1486034836),(592,'SUCCESS','budget_monitoring_month','UPDATING DATA ID #1319',8,1486034836,8,1486034836),(593,'SUCCESS','budget_monitoring_month','UPDATING DATA ID #1320',8,1486034836,8,1486034836),(594,'SUCCESS','budget_monitoring_month','UPDATING DATA ID #1321',8,1486034836,8,1486034836),(609,'SUCCESS','budget_monitoring','INSERTING NEW DATA WITH ID #1',8,1486035644,8,1486035644),(610,'SUCCESS','budget_monitoring_detail','INSERTING NEW DATA WITH ID #1',8,1486035644,8,1486035644),(611,'SUCCESS','budget_monitoring_month','INSERTING NEW DATA WITH ID #1',8,1486035644,8,1486035644),(612,'SUCCESS','budget_monitoring_month','INSERTING NEW DATA WITH ID #2',8,1486035644,8,1486035644),(613,'SUCCESS','budget_monitoring_month','INSERTING NEW DATA WITH ID #3',8,1486035644,8,1486035644),(614,'SUCCESS','budget_monitoring_month','INSERTING NEW DATA WITH ID #4',8,1486035644,8,1486035644),(615,'SUCCESS','budget_monitoring_month','INSERTING NEW DATA WITH ID #5',8,1486035644,8,1486035644),(616,'SUCCESS','budget_monitoring_month','INSERTING NEW DATA WITH ID #6',8,1486035644,8,1486035644),(617,'SUCCESS','budget_monitoring_month','INSERTING NEW DATA WITH ID #7',8,1486035644,8,1486035644),(618,'SUCCESS','budget_monitoring_month','INSERTING NEW DATA WITH ID #8',8,1486035644,8,1486035644),(619,'SUCCESS','budget_monitoring_month','INSERTING NEW DATA WITH ID #9',8,1486035644,8,1486035644),(620,'SUCCESS','budget_monitoring_month','INSERTING NEW DATA WITH ID #10',8,1486035644,8,1486035644),(621,'SUCCESS','budget_monitoring_month','INSERTING NEW DATA WITH ID #11',8,1486035644,8,1486035644),(622,'SUCCESS','budget_monitoring_month','INSERTING NEW DATA WITH ID #12',8,1486035644,8,1486035644),(623,'SUCCESS','budget_monitoring','INSERTING NEW DATA WITH ID #2',8,1486035724,8,1486035724),(624,'SUCCESS','budget_monitoring_detail','INSERTING NEW DATA WITH ID #2',8,1486035724,8,1486035724),(625,'SUCCESS','budget_monitoring_month','INSERTING NEW DATA WITH ID #13',8,1486035724,8,1486035724),(626,'SUCCESS','budget_monitoring_month','INSERTING NEW DATA WITH ID #14',8,1486035724,8,1486035724),(627,'SUCCESS','budget_monitoring_month','INSERTING NEW DATA WITH ID #15',8,1486035724,8,1486035724),(628,'SUCCESS','budget_monitoring_month','INSERTING NEW DATA WITH ID #16',8,1486035724,8,1486035724),(629,'SUCCESS','budget_monitoring_month','INSERTING NEW DATA WITH ID #17',8,1486035724,8,1486035724),(630,'SUCCESS','budget_monitoring_month','INSERTING NEW DATA WITH ID #18',8,1486035724,8,1486035724),(631,'SUCCESS','budget_monitoring_month','INSERTING NEW DATA WITH ID #19',8,1486035724,8,1486035724),(632,'SUCCESS','budget_monitoring_month','INSERTING NEW DATA WITH ID #20',8,1486035724,8,1486035724),(633,'SUCCESS','budget_monitoring_month','INSERTING NEW DATA WITH ID #21',8,1486035724,8,1486035724),(634,'SUCCESS','budget_monitoring_month','INSERTING NEW DATA WITH ID #22',8,1486035724,8,1486035724),(635,'SUCCESS','budget_monitoring_month','INSERTING NEW DATA WITH ID #23',8,1486035724,8,1486035724),(636,'SUCCESS','budget_monitoring_month','INSERTING NEW DATA WITH ID #24',8,1486035724,8,1486035724),(651,'SUCCESS','budget_monitoring','INSERTING NEW DATA WITH ID #4',8,1486036303,8,1486036303),(652,'SUCCESS','budget_monitoring_detail','INSERTING NEW DATA WITH ID #4',8,1486036303,8,1486036303),(653,'SUCCESS','budget_monitoring_month','INSERTING NEW DATA WITH ID #37',8,1486036303,8,1486036303),(654,'SUCCESS','budget_monitoring_month','INSERTING NEW DATA WITH ID #38',8,1486036303,8,1486036303),(655,'SUCCESS','budget_monitoring_month','INSERTING NEW DATA WITH ID #39',8,1486036303,8,1486036303),(656,'SUCCESS','budget_monitoring_month','INSERTING NEW DATA WITH ID #40',8,1486036303,8,1486036303),(657,'SUCCESS','budget_monitoring_month','INSERTING NEW DATA WITH ID #41',8,1486036303,8,1486036303),(658,'SUCCESS','budget_monitoring_month','INSERTING NEW DATA WITH ID #42',8,1486036303,8,1486036303),(659,'SUCCESS','budget_monitoring_month','INSERTING NEW DATA WITH ID #43',8,1486036304,8,1486036304),(660,'SUCCESS','budget_monitoring_month','INSERTING NEW DATA WITH ID #44',8,1486036304,8,1486036304),(661,'SUCCESS','budget_monitoring_month','INSERTING NEW DATA WITH ID #45',8,1486036304,8,1486036304),(662,'SUCCESS','budget_monitoring_month','INSERTING NEW DATA WITH ID #46',8,1486036304,8,1486036304),(663,'SUCCESS','budget_monitoring_month','INSERTING NEW DATA WITH ID #47',8,1486036304,8,1486036304),(664,'SUCCESS','budget_monitoring_month','INSERTING NEW DATA WITH ID #48',8,1486036304,8,1486036304),(665,'SUCCESS','budget_monitoring_detail','INSERTING NEW DATA WITH ID #5',8,1486036304,8,1486036304),(666,'SUCCESS','budget_monitoring_month','INSERTING NEW DATA WITH ID #49',8,1486036304,8,1486036304),(667,'SUCCESS','budget_monitoring_month','INSERTING NEW DATA WITH ID #50',8,1486036304,8,1486036304),(668,'SUCCESS','budget_monitoring_month','INSERTING NEW DATA WITH ID #51',8,1486036304,8,1486036304),(669,'SUCCESS','budget_monitoring_month','INSERTING NEW DATA WITH ID #52',8,1486036304,8,1486036304),(670,'SUCCESS','budget_monitoring_month','INSERTING NEW DATA WITH ID #53',8,1486036304,8,1486036304),(671,'SUCCESS','budget_monitoring_month','INSERTING NEW DATA WITH ID #54',8,1486036304,8,1486036304),(672,'SUCCESS','budget_monitoring_month','INSERTING NEW DATA WITH ID #55',8,1486036304,8,1486036304),(673,'SUCCESS','budget_monitoring_month','INSERTING NEW DATA WITH ID #56',8,1486036304,8,1486036304),(674,'SUCCESS','budget_monitoring_month','INSERTING NEW DATA WITH ID #57',8,1486036304,8,1486036304),(675,'SUCCESS','budget_monitoring_month','INSERTING NEW DATA WITH ID #58',8,1486036304,8,1486036304),(676,'SUCCESS','budget_monitoring_month','INSERTING NEW DATA WITH ID #59',8,1486036304,8,1486036304),(677,'SUCCESS','budget_monitoring_month','INSERTING NEW DATA WITH ID #60',8,1486036304,8,1486036304),(681,'SUCCESS','smk3_title','INSERTING NEW DATA WITH ID #4',8,1486307185,8,1486307185),(682,'SUCCESS','smk3_subtitle','INSERTING NEW DATA WITH ID #1',8,1486307185,8,1486307185),(683,'SUCCESS','smk3_criteria','INSERTING NEW DATA WITH ID #1',8,1486307185,8,1486307185),(684,'SUCCESS','smk3_criteria','INSERTING NEW DATA WITH ID #2',8,1486307185,8,1486307185),(685,'SUCCESS','smk3_subtitle','INSERTING NEW DATA WITH ID #2',8,1486307185,8,1486307185),(686,'SUCCESS','smk3_criteria','INSERTING NEW DATA WITH ID #3',8,1486307185,8,1486307185),(687,'SUCCESS','smk3_title','UPDATING DATA ID #4',8,1486320971,8,1486320971),(688,'SUCCESS','smk3_title','UPDATING DATA ID #4',8,1486321015,8,1486321015),(689,'SUCCESS','smk3_subtitle','UPDATING DATA ID #1',8,1486321015,8,1486321015),(690,'SUCCESS','smk3_criteria','UPDATING DATA ID #2',8,1486321015,8,1486321015),(691,'SUCCESS','smk3_subtitle','UPDATING DATA ID #2',8,1486321015,8,1486321015),(692,'SUCCESS','smk3_title','UPDATING DATA ID #4',8,1486400612,8,1486400612),(693,'SUCCESS','log_dirty','INSERTING NEW DATA WITH ID #19',8,1486400612,8,1486400612),(694,'SUCCESS','smk3_subtitle','UPDATING DATA ID #1',8,1486400612,8,1486400612),(695,'SUCCESS','smk3_criteria','UPDATING DATA ID #1',8,1486400612,8,1486400612),(696,'SUCCESS','smk3_criteria','UPDATING DATA ID #2',8,1486400612,8,1486400612),(697,'SUCCESS','smk3_subtitle','UPDATING DATA ID #2',8,1486400612,8,1486400612),(698,'SUCCESS','smk3_criteria','UPDATING DATA ID #3',8,1486400612,8,1486400612),(699,'SUCCESS','smk3_title','DELETING DATA ID #4',8,1486400936,8,1486400936),(700,'SUCCESS','smk3_title','INSERTING NEW DATA WITH ID #5',8,1486401063,8,1486401063),(701,'SUCCESS','smk3_subtitle','INSERTING NEW DATA WITH ID #3',8,1486401063,8,1486401063),(702,'SUCCESS','smk3_criteria','INSERTING NEW DATA WITH ID #4',8,1486401063,8,1486401063),(703,'SUCCESS','smk3_criteria','INSERTING NEW DATA WITH ID #5',8,1486401063,8,1486401063),(704,'SUCCESS','smk3_criteria','INSERTING NEW DATA WITH ID #6',8,1486401063,8,1486401063),(705,'SUCCESS','smk3_subtitle','INSERTING NEW DATA WITH ID #4',8,1486401063,8,1486401063),(706,'SUCCESS','smk3_criteria','INSERTING NEW DATA WITH ID #7',8,1486401063,8,1486401063),(707,'SUCCESS','smk3_criteria','INSERTING NEW DATA WITH ID #8',8,1486401063,8,1486401063),(708,'SUCCESS','smk3_subtitle','INSERTING NEW DATA WITH ID #5',8,1486401063,8,1486401063),(709,'SUCCESS','smk3_criteria','INSERTING NEW DATA WITH ID #9',8,1486401063,8,1486401063),(710,'SUCCESS','smk3_criteria','INSERTING NEW DATA WITH ID #10',8,1486401063,8,1486401063),(711,'SUCCESS','smk3_criteria','INSERTING NEW DATA WITH ID #11',8,1486401063,8,1486401063),(712,'SUCCESS','smk3_criteria','INSERTING NEW DATA WITH ID #12',8,1486401063,8,1486401063),(713,'SUCCESS','smk3_title','UPDATING DATA ID #5',8,1486401422,8,1486401422),(714,'SUCCESS','log_dirty','INSERTING NEW DATA WITH ID #20',8,1486401422,8,1486401422),(715,'SUCCESS','smk3_subtitle','UPDATING DATA ID #3',8,1486401422,8,1486401422),(716,'SUCCESS','log_dirty','INSERTING NEW DATA WITH ID #21',8,1486401422,8,1486401422),(717,'SUCCESS','smk3_criteria','UPDATING DATA ID #4',8,1486401422,8,1486401422),(718,'SUCCESS','log_dirty','INSERTING NEW DATA WITH ID #22',8,1486401422,8,1486401422),(719,'SUCCESS','smk3_criteria','UPDATING DATA ID #5',8,1486401422,8,1486401422),(720,'SUCCESS','smk3_criteria','UPDATING DATA ID #6',8,1486401422,8,1486401422),(721,'SUCCESS','smk3_subtitle','UPDATING DATA ID #4',8,1486401422,8,1486401422),(722,'SUCCESS','smk3_criteria','UPDATING DATA ID #7',8,1486401422,8,1486401422),(723,'SUCCESS','smk3_criteria','UPDATING DATA ID #8',8,1486401422,8,1486401422),(724,'SUCCESS','smk3_subtitle','UPDATING DATA ID #5',8,1486401422,8,1486401422),(725,'SUCCESS','smk3_criteria','UPDATING DATA ID #9',8,1486401422,8,1486401422),(726,'SUCCESS','smk3_criteria','UPDATING DATA ID #10',8,1486401422,8,1486401422),(727,'SUCCESS','smk3_criteria','UPDATING DATA ID #11',8,1486401422,8,1486401422),(728,'SUCCESS','smk3_criteria','UPDATING DATA ID #12',8,1486401422,8,1486401422),(729,'SUCCESS','smk3_title','UPDATING DATA ID #5',8,1486402988,8,1486402988),(730,'SUCCESS','smk3_subtitle','UPDATING DATA ID #3',8,1486402988,8,1486402988),(731,'SUCCESS','smk3_criteria','UPDATING DATA ID #4',8,1486402988,8,1486402988),(732,'SUCCESS','smk3_criteria','UPDATING DATA ID #5',8,1486402988,8,1486402988),(733,'SUCCESS','log_dirty','INSERTING NEW DATA WITH ID #23',8,1486402988,8,1486402988),(734,'SUCCESS','smk3_criteria','UPDATING DATA ID #6',8,1486402988,8,1486402988),(735,'SUCCESS','log_dirty','INSERTING NEW DATA WITH ID #24',8,1486402988,8,1486402988),(736,'SUCCESS','smk3_subtitle','UPDATING DATA ID #4',8,1486402988,8,1486402988),(737,'SUCCESS','log_dirty','INSERTING NEW DATA WITH ID #25',8,1486402988,8,1486402988),(738,'SUCCESS','smk3_criteria','INSERTING NEW DATA WITH ID #13',8,1486402988,8,1486402988),(739,'SUCCESS','smk3_criteria','INSERTING NEW DATA WITH ID #14',8,1486402988,8,1486402988),(740,'SUCCESS','smk3_criteria','UPDATING DATA ID #7',8,1486402988,8,1486402988),(741,'SUCCESS','log_dirty','INSERTING NEW DATA WITH ID #26',8,1486402988,8,1486402988),(742,'SUCCESS','smk3_criteria','UPDATING DATA ID #8',8,1486402988,8,1486402988),(743,'SUCCESS','log_dirty','INSERTING NEW DATA WITH ID #27',8,1486402988,8,1486402988),(744,'SUCCESS','smk3_subtitle','UPDATING DATA ID #5',8,1486402988,8,1486402988),(745,'SUCCESS','smk3_criteria','UPDATING DATA ID #9',8,1486402988,8,1486402988),(746,'SUCCESS','smk3_criteria','UPDATING DATA ID #10',8,1486402988,8,1486402988),(747,'SUCCESS','smk3_criteria','UPDATING DATA ID #11',8,1486402988,8,1486402988),(748,'SUCCESS','smk3_criteria','UPDATING DATA ID #12',8,1486402988,8,1486402988),(749,'SUCCESS','smk3_title','UPDATING DATA ID #5',8,1486409906,8,1486409906),(750,'SUCCESS','smk3_subtitle','UPDATING DATA ID #3',8,1486409906,8,1486409906),(751,'SUCCESS','smk3_criteria','UPDATING DATA ID #4',8,1486409906,8,1486409906),(752,'SUCCESS','smk3_criteria','UPDATING DATA ID #5',8,1486409906,8,1486409906),(753,'SUCCESS','smk3_criteria','UPDATING DATA ID #6',8,1486409906,8,1486409906),(754,'SUCCESS','smk3_subtitle','UPDATING DATA ID #4',8,1486409906,8,1486409906),(755,'SUCCESS','smk3_criteria','INSERTING NEW DATA WITH ID #15',8,1486409906,8,1486409906),(756,'SUCCESS','smk3_criteria','INSERTING NEW DATA WITH ID #16',8,1486409906,8,1486409906),(757,'SUCCESS','smk3_criteria','UPDATING DATA ID #7',8,1486409906,8,1486409906),(758,'SUCCESS','smk3_criteria','UPDATING DATA ID #8',8,1486409906,8,1486409906),(759,'SUCCESS','smk3_criteria','UPDATING DATA ID #13',8,1486409906,8,1486409906),(760,'SUCCESS','log_dirty','INSERTING NEW DATA WITH ID #28',8,1486409906,8,1486409906),(761,'SUCCESS','smk3_criteria','UPDATING DATA ID #14',8,1486409906,8,1486409906),(762,'SUCCESS','log_dirty','INSERTING NEW DATA WITH ID #29',8,1486409906,8,1486409906),(763,'SUCCESS','smk3_subtitle','UPDATING DATA ID #5',8,1486409906,8,1486409906),(764,'SUCCESS','log_dirty','INSERTING NEW DATA WITH ID #30',8,1486409906,8,1486409906),(765,'SUCCESS','smk3_criteria','INSERTING NEW DATA WITH ID #17',8,1486409906,8,1486409906),(766,'SUCCESS','smk3_criteria','INSERTING NEW DATA WITH ID #18',8,1486409906,8,1486409906),(767,'SUCCESS','smk3_criteria','INSERTING NEW DATA WITH ID #19',8,1486409906,8,1486409906),(768,'SUCCESS','smk3_criteria','UPDATING DATA ID #9',8,1486409906,8,1486409906),(769,'SUCCESS','log_dirty','INSERTING NEW DATA WITH ID #31',8,1486409906,8,1486409906),(770,'SUCCESS','smk3_criteria','UPDATING DATA ID #10',8,1486409906,8,1486409906),(771,'SUCCESS','log_dirty','INSERTING NEW DATA WITH ID #32',8,1486409906,8,1486409906),(772,'SUCCESS','smk3_criteria','UPDATING DATA ID #11',8,1486409906,8,1486409906),(773,'SUCCESS','log_dirty','INSERTING NEW DATA WITH ID #33',8,1486409906,8,1486409906),(774,'SUCCESS','smk3_criteria','UPDATING DATA ID #12',8,1486409906,8,1486409906),(775,'SUCCESS','log_dirty','INSERTING NEW DATA WITH ID #34',8,1486409906,8,1486409906),(776,'SUCCESS','smk3_title','UPDATING DATA ID #5',8,1486410025,8,1486410025),(777,'SUCCESS','smk3_subtitle','UPDATING DATA ID #3',8,1486410025,8,1486410025),(778,'SUCCESS','smk3_criteria','UPDATING DATA ID #4',8,1486410025,8,1486410025),(779,'SUCCESS','smk3_criteria','UPDATING DATA ID #5',8,1486410025,8,1486410025),(780,'SUCCESS','smk3_criteria','UPDATING DATA ID #6',8,1486410025,8,1486410025),(781,'SUCCESS','smk3_subtitle','UPDATING DATA ID #4',8,1486410025,8,1486410025),(782,'SUCCESS','smk3_criteria','UPDATING DATA ID #15',8,1486410025,8,1486410025),(783,'SUCCESS','smk3_criteria','UPDATING DATA ID #7',8,1486410025,8,1486410025),(784,'SUCCESS','smk3_criteria','UPDATING DATA ID #8',8,1486410025,8,1486410025),(785,'SUCCESS','smk3_criteria','UPDATING DATA ID #13',8,1486410025,8,1486410025),(786,'SUCCESS','smk3_criteria','UPDATING DATA ID #14',8,1486410025,8,1486410025),(787,'SUCCESS','smk3_criteria','UPDATING DATA ID #16',8,1486410025,8,1486410025),(788,'SUCCESS','smk3_subtitle','UPDATING DATA ID #5',8,1486410025,8,1486410025),(789,'SUCCESS','smk3_criteria','UPDATING DATA ID #9',8,1486410025,8,1486410025),(790,'SUCCESS','smk3_criteria','UPDATING DATA ID #10',8,1486410025,8,1486410025),(791,'SUCCESS','smk3_criteria','UPDATING DATA ID #11',8,1486410025,8,1486410025),(792,'SUCCESS','smk3_criteria','UPDATING DATA ID #12',8,1486410025,8,1486410025),(793,'SUCCESS','smk3_criteria','UPDATING DATA ID #17',8,1486410025,8,1486410025),(794,'SUCCESS','smk3_criteria','UPDATING DATA ID #18',8,1486410025,8,1486410025),(795,'SUCCESS','smk3_criteria','UPDATING DATA ID #19',8,1486410025,8,1486410025),(796,'SUCCESS','smk3_title','UPDATING DATA ID #5',8,1486410590,8,1486410590),(797,'SUCCESS','smk3_subtitle','UPDATING DATA ID #3',8,1486410590,8,1486410590),(798,'SUCCESS','smk3_criteria','UPDATING DATA ID #4',8,1486410590,8,1486410590),(799,'SUCCESS','smk3_criteria','UPDATING DATA ID #5',8,1486410590,8,1486410590),(800,'SUCCESS','smk3_criteria','UPDATING DATA ID #6',8,1486410590,8,1486410590),(801,'SUCCESS','smk3_criteria','INSERTING NEW DATA WITH ID #20',8,1486410590,8,1486410590),(802,'SUCCESS','smk3_subtitle','UPDATING DATA ID #4',8,1486410590,8,1486410590),(803,'SUCCESS','smk3_criteria','UPDATING DATA ID #7',8,1486410590,8,1486410590),(804,'SUCCESS','smk3_criteria','UPDATING DATA ID #8',8,1486410590,8,1486410590),(805,'SUCCESS','smk3_criteria','UPDATING DATA ID #13',8,1486410590,8,1486410590),(806,'SUCCESS','smk3_criteria','UPDATING DATA ID #14',8,1486410590,8,1486410590),(807,'SUCCESS','smk3_criteria','UPDATING DATA ID #15',8,1486410590,8,1486410590),(808,'SUCCESS','smk3_criteria','UPDATING DATA ID #16',8,1486410590,8,1486410590),(809,'SUCCESS','smk3_subtitle','UPDATING DATA ID #5',8,1486410590,8,1486410590),(810,'SUCCESS','smk3_criteria','UPDATING DATA ID #9',8,1486410590,8,1486410590),(811,'SUCCESS','smk3_criteria','UPDATING DATA ID #10',8,1486410590,8,1486410590),(812,'SUCCESS','smk3_criteria','UPDATING DATA ID #11',8,1486410590,8,1486410590),(813,'SUCCESS','smk3_criteria','UPDATING DATA ID #12',8,1486410590,8,1486410590),(814,'SUCCESS','smk3_criteria','UPDATING DATA ID #17',8,1486410590,8,1486410590),(815,'SUCCESS','smk3_criteria','UPDATING DATA ID #18',8,1486410590,8,1486410590),(816,'SUCCESS','smk3_criteria','UPDATING DATA ID #19',8,1486410590,8,1486410590),(817,'SUCCESS','smk3_title','INSERTING NEW DATA WITH ID #6',8,1486470322,8,1486470322),(818,'SUCCESS','smk3_subtitle','INSERTING NEW DATA WITH ID #6',8,1486470322,8,1486470322),(819,'SUCCESS','smk3_criteria','INSERTING NEW DATA WITH ID #21',8,1486470322,8,1486470322),(820,'SUCCESS','smk3_title','INSERTING NEW DATA WITH ID #7',8,1486470338,8,1486470338),(821,'SUCCESS','smk3_subtitle','INSERTING NEW DATA WITH ID #7',8,1486470338,8,1486470338),(822,'SUCCESS','smk3_criteria','INSERTING NEW DATA WITH ID #22',8,1486470338,8,1486470338),(823,'SUCCESS','smk3_criteria','INSERTING NEW DATA WITH ID #23',8,1486470338,8,1486470338),(824,'SUCCESS','smk3_subtitle','INSERTING NEW DATA WITH ID #8',8,1486470338,8,1486470338),(825,'SUCCESS','smk3_criteria','INSERTING NEW DATA WITH ID #24',8,1486470338,8,1486470338),(827,'SUCCESS','smk3','INSERTING NEW DATA WITH ID #2',8,1486496275,8,1486496275),(828,'SUCCESS','smk3_detail','INSERTING NEW DATA WITH ID #1',8,1486496275,8,1486496275),(829,'SUCCESS','smk3_detail','INSERTING NEW DATA WITH ID #2',8,1486496275,8,1486496275),(830,'SUCCESS','smk3_detail','INSERTING NEW DATA WITH ID #3',8,1486496275,8,1486496275),(831,'SUCCESS','smk3_detail','INSERTING NEW DATA WITH ID #4',8,1486496275,8,1486496275),(832,'SUCCESS','smk3_detail','INSERTING NEW DATA WITH ID #5',8,1486496275,8,1486496275),(833,'SUCCESS','smk3_detail','INSERTING NEW DATA WITH ID #6',8,1486496275,8,1486496275),(834,'SUCCESS','smk3_detail','INSERTING NEW DATA WITH ID #7',8,1486496275,8,1486496275),(835,'SUCCESS','smk3_detail','INSERTING NEW DATA WITH ID #8',8,1486496275,8,1486496275),(836,'SUCCESS','smk3_detail','INSERTING NEW DATA WITH ID #9',8,1486496275,8,1486496275),(837,'SUCCESS','smk3_detail','INSERTING NEW DATA WITH ID #10',8,1486496275,8,1486496275),(838,'SUCCESS','smk3_detail','INSERTING NEW DATA WITH ID #11',8,1486496275,8,1486496275),(839,'SUCCESS','smk3_detail','INSERTING NEW DATA WITH ID #12',8,1486496275,8,1486496275),(840,'SUCCESS','smk3_detail','INSERTING NEW DATA WITH ID #13',8,1486496275,8,1486496275),(841,'SUCCESS','smk3_detail','INSERTING NEW DATA WITH ID #14',8,1486496275,8,1486496275),(842,'SUCCESS','smk3_detail','INSERTING NEW DATA WITH ID #15',8,1486496275,8,1486496275),(843,'SUCCESS','smk3_detail','INSERTING NEW DATA WITH ID #16',8,1486496275,8,1486496275),(844,'SUCCESS','smk3_detail','INSERTING NEW DATA WITH ID #17',8,1486496275,8,1486496275),(845,'SUCCESS','smk3_detail','INSERTING NEW DATA WITH ID #18',8,1486496275,8,1486496275),(846,'SUCCESS','smk3_detail','INSERTING NEW DATA WITH ID #19',8,1486496275,8,1486496275),(847,'SUCCESS','smk3_detail','INSERTING NEW DATA WITH ID #20',8,1486496275,8,1486496275),(848,'SUCCESS','smk3_detail','INSERTING NEW DATA WITH ID #21',8,1486496275,8,1486496275),(849,'SUCCESS','smk3','UPDATING DATA ID #2',8,1486535874,8,1486535874),(850,'SUCCESS','smk3','UPDATING DATA ID #2',8,1486535897,8,1486535897),(851,'SUCCESS','smk3_detail','INSERTING NEW DATA WITH ID #22',8,1486535897,8,1486535897),(852,'SUCCESS','smk3_detail','INSERTING NEW DATA WITH ID #23',8,1486535897,8,1486535897),(853,'SUCCESS','smk3_detail','INSERTING NEW DATA WITH ID #24',8,1486535897,8,1486535897),(854,'SUCCESS','smk3_detail','INSERTING NEW DATA WITH ID #25',8,1486535897,8,1486535897),(855,'SUCCESS','smk3_detail','INSERTING NEW DATA WITH ID #26',8,1486535897,8,1486535897),(856,'SUCCESS','smk3_detail','INSERTING NEW DATA WITH ID #27',8,1486535897,8,1486535897),(857,'SUCCESS','smk3_detail','INSERTING NEW DATA WITH ID #28',8,1486535897,8,1486535897),(858,'SUCCESS','smk3_detail','INSERTING NEW DATA WITH ID #29',8,1486535897,8,1486535897),(859,'SUCCESS','smk3_detail','INSERTING NEW DATA WITH ID #30',8,1486535897,8,1486535897),(860,'SUCCESS','smk3_detail','INSERTING NEW DATA WITH ID #31',8,1486535897,8,1486535897),(861,'SUCCESS','smk3_detail','INSERTING NEW DATA WITH ID #32',8,1486535897,8,1486535897),(862,'SUCCESS','smk3_detail','INSERTING NEW DATA WITH ID #33',8,1486535897,8,1486535897),(863,'SUCCESS','smk3_detail','INSERTING NEW DATA WITH ID #34',8,1486535897,8,1486535897),(864,'SUCCESS','smk3_detail','INSERTING NEW DATA WITH ID #35',8,1486535897,8,1486535897),(865,'SUCCESS','smk3_detail','INSERTING NEW DATA WITH ID #36',8,1486535897,8,1486535897),(866,'SUCCESS','smk3_detail','INSERTING NEW DATA WITH ID #37',8,1486535897,8,1486535897),(867,'SUCCESS','smk3_detail','INSERTING NEW DATA WITH ID #38',8,1486535897,8,1486535897),(868,'SUCCESS','smk3_detail','INSERTING NEW DATA WITH ID #39',8,1486535897,8,1486535897),(869,'SUCCESS','smk3_detail','INSERTING NEW DATA WITH ID #40',8,1486535897,8,1486535897),(870,'SUCCESS','smk3_detail','INSERTING NEW DATA WITH ID #41',8,1486535897,8,1486535897),(871,'SUCCESS','smk3_detail','INSERTING NEW DATA WITH ID #42',8,1486535897,8,1486535897),(872,'SUCCESS','smk3','UPDATING DATA ID #2',8,1486535904,8,1486535904),(873,'SUCCESS','smk3_detail','INSERTING NEW DATA WITH ID #43',8,1486535904,8,1486535904),(874,'SUCCESS','smk3_detail','INSERTING NEW DATA WITH ID #44',8,1486535904,8,1486535904),(875,'SUCCESS','smk3_detail','INSERTING NEW DATA WITH ID #45',8,1486535904,8,1486535904),(876,'SUCCESS','smk3_detail','INSERTING NEW DATA WITH ID #46',8,1486535904,8,1486535904),(877,'SUCCESS','smk3_detail','INSERTING NEW DATA WITH ID #47',8,1486535904,8,1486535904),(878,'SUCCESS','smk3_detail','INSERTING NEW DATA WITH ID #48',8,1486535904,8,1486535904),(879,'SUCCESS','smk3_detail','INSERTING NEW DATA WITH ID #49',8,1486535904,8,1486535904),(880,'SUCCESS','smk3_detail','INSERTING NEW DATA WITH ID #50',8,1486535904,8,1486535904),(881,'SUCCESS','smk3_detail','INSERTING NEW DATA WITH ID #51',8,1486535904,8,1486535904),(882,'SUCCESS','smk3_detail','INSERTING NEW DATA WITH ID #52',8,1486535904,8,1486535904),(883,'SUCCESS','smk3_detail','INSERTING NEW DATA WITH ID #53',8,1486535904,8,1486535904),(884,'SUCCESS','smk3_detail','INSERTING NEW DATA WITH ID #54',8,1486535904,8,1486535904),(885,'SUCCESS','smk3_detail','INSERTING NEW DATA WITH ID #55',8,1486535904,8,1486535904),(886,'SUCCESS','smk3_detail','INSERTING NEW DATA WITH ID #56',8,1486535904,8,1486535904),(887,'SUCCESS','smk3_detail','INSERTING NEW DATA WITH ID #57',8,1486535904,8,1486535904),(888,'SUCCESS','smk3_detail','INSERTING NEW DATA WITH ID #58',8,1486535904,8,1486535904),(889,'SUCCESS','smk3_detail','INSERTING NEW DATA WITH ID #59',8,1486535904,8,1486535904),(890,'SUCCESS','smk3_detail','INSERTING NEW DATA WITH ID #60',8,1486535904,8,1486535904),(891,'SUCCESS','smk3_detail','INSERTING NEW DATA WITH ID #61',8,1486535904,8,1486535904),(892,'SUCCESS','smk3_detail','INSERTING NEW DATA WITH ID #62',8,1486535904,8,1486535904),(893,'SUCCESS','smk3_detail','INSERTING NEW DATA WITH ID #63',8,1486535904,8,1486535904),(894,'SUCCESS','smk3','UPDATING DATA ID #2',8,1486535952,8,1486535952),(895,'SUCCESS','smk3_detail','INSERTING NEW DATA WITH ID #64',8,1486535952,8,1486535952),(896,'SUCCESS','smk3_detail','INSERTING NEW DATA WITH ID #65',8,1486535952,8,1486535952),(897,'SUCCESS','smk3_detail','INSERTING NEW DATA WITH ID #66',8,1486535952,8,1486535952),(898,'SUCCESS','smk3_detail','INSERTING NEW DATA WITH ID #67',8,1486535952,8,1486535952),(899,'SUCCESS','smk3_detail','INSERTING NEW DATA WITH ID #68',8,1486535952,8,1486535952),(900,'SUCCESS','smk3_detail','INSERTING NEW DATA WITH ID #69',8,1486535952,8,1486535952),(901,'SUCCESS','smk3_detail','INSERTING NEW DATA WITH ID #70',8,1486535952,8,1486535952),(902,'SUCCESS','smk3_detail','INSERTING NEW DATA WITH ID #71',8,1486535952,8,1486535952),(903,'SUCCESS','smk3_detail','INSERTING NEW DATA WITH ID #72',8,1486535952,8,1486535952),(904,'SUCCESS','smk3_detail','INSERTING NEW DATA WITH ID #73',8,1486535952,8,1486535952),(905,'SUCCESS','smk3_detail','INSERTING NEW DATA WITH ID #74',8,1486535952,8,1486535952),(906,'SUCCESS','smk3_detail','INSERTING NEW DATA WITH ID #75',8,1486535952,8,1486535952),(907,'SUCCESS','smk3_detail','INSERTING NEW DATA WITH ID #76',8,1486535952,8,1486535952),(908,'SUCCESS','smk3_detail','INSERTING NEW DATA WITH ID #77',8,1486535952,8,1486535952),(909,'SUCCESS','smk3_detail','INSERTING NEW DATA WITH ID #78',8,1486535952,8,1486535952),(910,'SUCCESS','smk3_detail','INSERTING NEW DATA WITH ID #79',8,1486535952,8,1486535952),(911,'SUCCESS','smk3_detail','INSERTING NEW DATA WITH ID #80',8,1486535952,8,1486535952),(912,'SUCCESS','smk3_detail','INSERTING NEW DATA WITH ID #81',8,1486535952,8,1486535952),(913,'SUCCESS','smk3_detail','INSERTING NEW DATA WITH ID #82',8,1486535952,8,1486535952),(914,'SUCCESS','smk3_detail','INSERTING NEW DATA WITH ID #83',8,1486535952,8,1486535952),(915,'SUCCESS','smk3_detail','INSERTING NEW DATA WITH ID #84',8,1486535952,8,1486535952),(916,'SUCCESS','smk3','UPDATING DATA ID #2',8,1486535977,8,1486535977),(917,'SUCCESS','smk3_detail','INSERTING NEW DATA WITH ID #85',8,1486535977,8,1486535977),(918,'SUCCESS','smk3_detail','INSERTING NEW DATA WITH ID #86',8,1486535977,8,1486535977),(919,'SUCCESS','smk3_detail','INSERTING NEW DATA WITH ID #87',8,1486535977,8,1486535977),(920,'SUCCESS','smk3_detail','INSERTING NEW DATA WITH ID #88',8,1486535977,8,1486535977),(921,'SUCCESS','smk3_detail','INSERTING NEW DATA WITH ID #89',8,1486535977,8,1486535977),(922,'SUCCESS','smk3_detail','INSERTING NEW DATA WITH ID #90',8,1486535977,8,1486535977),(923,'SUCCESS','smk3_detail','INSERTING NEW DATA WITH ID #91',8,1486535977,8,1486535977),(924,'SUCCESS','smk3_detail','INSERTING NEW DATA WITH ID #92',8,1486535977,8,1486535977),(925,'SUCCESS','smk3_detail','INSERTING NEW DATA WITH ID #93',8,1486535977,8,1486535977),(926,'SUCCESS','smk3_detail','INSERTING NEW DATA WITH ID #94',8,1486535977,8,1486535977),(927,'SUCCESS','smk3_detail','INSERTING NEW DATA WITH ID #95',8,1486535977,8,1486535977),(928,'SUCCESS','smk3_detail','INSERTING NEW DATA WITH ID #96',8,1486535978,8,1486535978),(929,'SUCCESS','smk3_detail','INSERTING NEW DATA WITH ID #97',8,1486535978,8,1486535978),(930,'SUCCESS','smk3_detail','INSERTING NEW DATA WITH ID #98',8,1486535978,8,1486535978),(931,'SUCCESS','smk3_detail','INSERTING NEW DATA WITH ID #99',8,1486535978,8,1486535978),(932,'SUCCESS','smk3_detail','INSERTING NEW DATA WITH ID #100',8,1486535978,8,1486535978),(933,'SUCCESS','smk3_detail','INSERTING NEW DATA WITH ID #101',8,1486535978,8,1486535978),(934,'SUCCESS','smk3_detail','INSERTING NEW DATA WITH ID #102',8,1486535978,8,1486535978),(935,'SUCCESS','smk3_detail','INSERTING NEW DATA WITH ID #103',8,1486535978,8,1486535978),(936,'SUCCESS','smk3_detail','INSERTING NEW DATA WITH ID #104',8,1486535978,8,1486535978),(937,'SUCCESS','smk3_detail','INSERTING NEW DATA WITH ID #105',8,1486535978,8,1486535978),(938,'SUCCESS','smk3','DELETING DATA ID #2',8,1486538364,8,1486538364),(939,'SUCCESS','smk3','INSERTING NEW DATA WITH ID #3',8,1486538380,8,1486538380),(940,'SUCCESS','smk3_detail','INSERTING NEW DATA WITH ID #106',8,1486538380,8,1486538380),(941,'SUCCESS','smk3_detail','INSERTING NEW DATA WITH ID #107',8,1486538380,8,1486538380),(942,'SUCCESS','smk3_detail','INSERTING NEW DATA WITH ID #108',8,1486538380,8,1486538380),(943,'SUCCESS','smk3_detail','INSERTING NEW DATA WITH ID #109',8,1486538380,8,1486538380),(944,'SUCCESS','smk3_detail','INSERTING NEW DATA WITH ID #110',8,1486538380,8,1486538380),(945,'SUCCESS','smk3_detail','INSERTING NEW DATA WITH ID #111',8,1486538380,8,1486538380),(946,'SUCCESS','smk3_detail','INSERTING NEW DATA WITH ID #112',8,1486538380,8,1486538380),(947,'SUCCESS','smk3_detail','INSERTING NEW DATA WITH ID #113',8,1486538380,8,1486538380),(948,'SUCCESS','smk3_detail','INSERTING NEW DATA WITH ID #114',8,1486538380,8,1486538380),(949,'SUCCESS','smk3_detail','INSERTING NEW DATA WITH ID #115',8,1486538380,8,1486538380),(950,'SUCCESS','smk3_detail','INSERTING NEW DATA WITH ID #116',8,1486538380,8,1486538380),(951,'SUCCESS','smk3_detail','INSERTING NEW DATA WITH ID #117',8,1486538380,8,1486538380),(952,'SUCCESS','smk3_detail','INSERTING NEW DATA WITH ID #118',8,1486538380,8,1486538380),(953,'SUCCESS','smk3_detail','INSERTING NEW DATA WITH ID #119',8,1486538380,8,1486538380),(954,'SUCCESS','smk3_detail','INSERTING NEW DATA WITH ID #120',8,1486538380,8,1486538380),(955,'SUCCESS','smk3_detail','INSERTING NEW DATA WITH ID #121',8,1486538380,8,1486538380),(956,'SUCCESS','smk3_detail','INSERTING NEW DATA WITH ID #122',8,1486538380,8,1486538380),(957,'SUCCESS','smk3_detail','INSERTING NEW DATA WITH ID #123',8,1486538380,8,1486538380),(958,'SUCCESS','smk3_detail','INSERTING NEW DATA WITH ID #124',8,1486538380,8,1486538380),(959,'SUCCESS','smk3_detail','INSERTING NEW DATA WITH ID #125',8,1486538380,8,1486538380),(960,'SUCCESS','smk3_detail','INSERTING NEW DATA WITH ID #126',8,1486538380,8,1486538380),(961,'SUCCESS','smk3','INSERTING NEW DATA WITH ID #4',8,1486538835,8,1486538835),(962,'SUCCESS','smk3_detail','INSERTING NEW DATA WITH ID #127',8,1486538835,8,1486538835),(963,'SUCCESS','smk3_detail','INSERTING NEW DATA WITH ID #128',8,1486538835,8,1486538835),(964,'SUCCESS','smk3_detail','INSERTING NEW DATA WITH ID #129',8,1486538835,8,1486538835),(965,'SUCCESS','smk3_detail','INSERTING NEW DATA WITH ID #130',8,1486538835,8,1486538835),(966,'SUCCESS','smk3_detail','INSERTING NEW DATA WITH ID #131',8,1486538836,8,1486538836),(967,'SUCCESS','smk3_detail','INSERTING NEW DATA WITH ID #132',8,1486538836,8,1486538836),(968,'SUCCESS','smk3_detail','INSERTING NEW DATA WITH ID #133',8,1486538836,8,1486538836),(969,'SUCCESS','smk3_detail','INSERTING NEW DATA WITH ID #134',8,1486538836,8,1486538836),(970,'SUCCESS','smk3_detail','INSERTING NEW DATA WITH ID #135',8,1486538836,8,1486538836),(971,'SUCCESS','smk3_detail','INSERTING NEW DATA WITH ID #136',8,1486538836,8,1486538836),(972,'SUCCESS','smk3_detail','INSERTING NEW DATA WITH ID #137',8,1486538836,8,1486538836),(973,'SUCCESS','smk3_detail','INSERTING NEW DATA WITH ID #138',8,1486538836,8,1486538836),(974,'SUCCESS','smk3_detail','INSERTING NEW DATA WITH ID #139',8,1486538836,8,1486538836),(975,'SUCCESS','smk3_detail','INSERTING NEW DATA WITH ID #140',8,1486538836,8,1486538836),(976,'SUCCESS','smk3_detail','INSERTING NEW DATA WITH ID #141',8,1486538836,8,1486538836),(977,'SUCCESS','smk3_detail','INSERTING NEW DATA WITH ID #142',8,1486538836,8,1486538836),(978,'SUCCESS','smk3_detail','INSERTING NEW DATA WITH ID #143',8,1486538836,8,1486538836),(979,'SUCCESS','smk3_detail','INSERTING NEW DATA WITH ID #144',8,1486538836,8,1486538836),(980,'SUCCESS','smk3_detail','INSERTING NEW DATA WITH ID #145',8,1486538836,8,1486538836),(981,'SUCCESS','smk3_detail','INSERTING NEW DATA WITH ID #146',8,1486538836,8,1486538836),(982,'SUCCESS','smk3_detail','INSERTING NEW DATA WITH ID #147',8,1486538836,8,1486538836),(992,'SUCCESS','smk3','UPDATING DATA ID #4',8,1486545030,8,1486545030),(993,'SUCCESS','smk3_detail','INSERTING NEW DATA WITH ID #148',8,1486545030,8,1486545030),(994,'SUCCESS','smk3_detail','INSERTING NEW DATA WITH ID #149',8,1486545030,8,1486545030),(995,'SUCCESS','smk3_detail','INSERTING NEW DATA WITH ID #150',8,1486545030,8,1486545030),(996,'SUCCESS','smk3_detail','INSERTING NEW DATA WITH ID #151',8,1486545030,8,1486545030),(997,'SUCCESS','smk3_detail','INSERTING NEW DATA WITH ID #152',8,1486545030,8,1486545030),(998,'SUCCESS','smk3_detail','INSERTING NEW DATA WITH ID #153',8,1486545030,8,1486545030),(999,'SUCCESS','smk3_detail','INSERTING NEW DATA WITH ID #154',8,1486545030,8,1486545030),(1000,'SUCCESS','smk3_detail','INSERTING NEW DATA WITH ID #155',8,1486545030,8,1486545030),(1001,'SUCCESS','smk3_detail','INSERTING NEW DATA WITH ID #156',8,1486545030,8,1486545030),(1002,'SUCCESS','smk3_detail','INSERTING NEW DATA WITH ID #157',8,1486545030,8,1486545030),(1003,'SUCCESS','smk3_detail','INSERTING NEW DATA WITH ID #158',8,1486545030,8,1486545030),(1004,'SUCCESS','smk3_detail','INSERTING NEW DATA WITH ID #159',8,1486545030,8,1486545030),(1005,'SUCCESS','smk3_detail','INSERTING NEW DATA WITH ID #160',8,1486545030,8,1486545030),(1006,'SUCCESS','smk3_detail','INSERTING NEW DATA WITH ID #161',8,1486545030,8,1486545030),(1007,'SUCCESS','smk3_detail','INSERTING NEW DATA WITH ID #162',8,1486545030,8,1486545030),(1008,'SUCCESS','smk3_detail','INSERTING NEW DATA WITH ID #163',8,1486545030,8,1486545030),(1009,'SUCCESS','smk3_detail','INSERTING NEW DATA WITH ID #164',8,1486545030,8,1486545030),(1010,'SUCCESS','smk3_detail','INSERTING NEW DATA WITH ID #165',8,1486545030,8,1486545030),(1011,'SUCCESS','smk3_detail','INSERTING NEW DATA WITH ID #166',8,1486545030,8,1486545030),(1012,'SUCCESS','smk3_detail','INSERTING NEW DATA WITH ID #167',8,1486545030,8,1486545030),(1013,'SUCCESS','smk3_detail','INSERTING NEW DATA WITH ID #168',8,1486545030,8,1486545030),(1014,'SUCCESS','smk3','DELETING DATA ID #4',8,1486545176,8,1486545176),(1015,'SUCCESS','smk3','DELETING DATA ID #3',8,1486545181,8,1486545181),(1016,'SUCCESS','smk3','INSERTING NEW DATA WITH ID #5',8,1486545260,8,1486545260),(1017,'SUCCESS','smk3_detail','INSERTING NEW DATA WITH ID #169',8,1486545260,8,1486545260),(1018,'SUCCESS','smk3_detail','INSERTING NEW DATA WITH ID #170',8,1486545260,8,1486545260),(1019,'SUCCESS','smk3_detail','INSERTING NEW DATA WITH ID #171',8,1486545261,8,1486545261),(1020,'SUCCESS','smk3_detail','INSERTING NEW DATA WITH ID #172',8,1486545261,8,1486545261),(1021,'SUCCESS','smk3_detail','INSERTING NEW DATA WITH ID #173',8,1486545261,8,1486545261),(1022,'SUCCESS','smk3_detail','INSERTING NEW DATA WITH ID #174',8,1486545261,8,1486545261),(1023,'SUCCESS','smk3_detail','INSERTING NEW DATA WITH ID #175',8,1486545261,8,1486545261),(1024,'SUCCESS','smk3_detail','INSERTING NEW DATA WITH ID #176',8,1486545261,8,1486545261),(1025,'SUCCESS','smk3_detail','INSERTING NEW DATA WITH ID #177',8,1486545261,8,1486545261),(1026,'SUCCESS','smk3_detail','INSERTING NEW DATA WITH ID #178',8,1486545261,8,1486545261),(1027,'SUCCESS','smk3_detail','INSERTING NEW DATA WITH ID #179',8,1486545261,8,1486545261),(1028,'SUCCESS','smk3_detail','INSERTING NEW DATA WITH ID #180',8,1486545261,8,1486545261),(1029,'SUCCESS','smk3_detail','INSERTING NEW DATA WITH ID #181',8,1486545261,8,1486545261),(1030,'SUCCESS','smk3_detail','INSERTING NEW DATA WITH ID #182',8,1486545261,8,1486545261),(1031,'SUCCESS','smk3_detail','INSERTING NEW DATA WITH ID #183',8,1486545261,8,1486545261),(1032,'SUCCESS','smk3_detail','INSERTING NEW DATA WITH ID #184',8,1486545261,8,1486545261),(1033,'SUCCESS','smk3_detail','INSERTING NEW DATA WITH ID #185',8,1486545261,8,1486545261),(1034,'SUCCESS','smk3_detail','INSERTING NEW DATA WITH ID #186',8,1486545261,8,1486545261),(1035,'SUCCESS','smk3_detail','INSERTING NEW DATA WITH ID #187',8,1486545261,8,1486545261),(1036,'SUCCESS','smk3_detail','INSERTING NEW DATA WITH ID #188',8,1486545261,8,1486545261),(1037,'SUCCESS','smk3_detail','INSERTING NEW DATA WITH ID #189',8,1486545261,8,1486545261),(1038,'SUCCESS','smk3','UPDATING DATA ID #5',8,1486545272,8,1486545272),(1039,'SUCCESS','smk3_detail','UPDATING DATA ID #169',8,1486545272,8,1486545272),(1040,'SUCCESS','log_dirty','INSERTING NEW DATA WITH ID #35',8,1486545273,8,1486545273),(1041,'SUCCESS','smk3_detail','UPDATING DATA ID #170',8,1486545273,8,1486545273),(1042,'SUCCESS','log_dirty','INSERTING NEW DATA WITH ID #36',8,1486545273,8,1486545273),(1043,'SUCCESS','smk3_detail','UPDATING DATA ID #171',8,1486545273,8,1486545273),(1044,'SUCCESS','log_dirty','INSERTING NEW DATA WITH ID #37',8,1486545273,8,1486545273),(1045,'SUCCESS','smk3_detail','UPDATING DATA ID #172',8,1486545273,8,1486545273),(1046,'SUCCESS','log_dirty','INSERTING NEW DATA WITH ID #38',8,1486545273,8,1486545273),(1047,'SUCCESS','smk3_detail','UPDATING DATA ID #173',8,1486545273,8,1486545273),(1048,'SUCCESS','smk3_detail','UPDATING DATA ID #174',8,1486545273,8,1486545273),(1049,'SUCCESS','smk3_detail','UPDATING DATA ID #175',8,1486545273,8,1486545273),(1050,'SUCCESS','smk3_detail','UPDATING DATA ID #176',8,1486545273,8,1486545273),(1051,'SUCCESS','smk3_detail','UPDATING DATA ID #177',8,1486545273,8,1486545273),(1052,'SUCCESS','smk3_detail','UPDATING DATA ID #178',8,1486545273,8,1486545273),(1053,'SUCCESS','smk3_detail','UPDATING DATA ID #179',8,1486545273,8,1486545273),(1054,'SUCCESS','smk3_detail','UPDATING DATA ID #180',8,1486545273,8,1486545273),(1055,'SUCCESS','smk3_detail','UPDATING DATA ID #181',8,1486545273,8,1486545273),(1056,'SUCCESS','smk3_detail','UPDATING DATA ID #182',8,1486545273,8,1486545273),(1057,'SUCCESS','smk3_detail','UPDATING DATA ID #183',8,1486545273,8,1486545273),(1058,'SUCCESS','smk3_detail','UPDATING DATA ID #184',8,1486545273,8,1486545273),(1059,'SUCCESS','smk3_detail','UPDATING DATA ID #185',8,1486545273,8,1486545273),(1060,'SUCCESS','smk3_detail','UPDATING DATA ID #186',8,1486545273,8,1486545273),(1061,'SUCCESS','smk3_detail','UPDATING DATA ID #187',8,1486545273,8,1486545273),(1062,'SUCCESS','smk3_detail','UPDATING DATA ID #188',8,1486545273,8,1486545273),(1063,'SUCCESS','smk3_detail','UPDATING DATA ID #189',8,1486545273,8,1486545273),(1064,'SUCCESS','smk3','UPDATING DATA ID #5',8,1486545296,8,1486545296),(1065,'SUCCESS','smk3_detail','UPDATING DATA ID #169',8,1486545296,8,1486545296),(1066,'SUCCESS','smk3_detail','UPDATING DATA ID #170',8,1486545296,8,1486545296),(1067,'SUCCESS','smk3_detail','UPDATING DATA ID #171',8,1486545296,8,1486545296),(1068,'SUCCESS','smk3_detail','UPDATING DATA ID #172',8,1486545296,8,1486545296),(1069,'SUCCESS','smk3_detail','UPDATING DATA ID #173',8,1486545296,8,1486545296),(1070,'SUCCESS','smk3_detail','UPDATING DATA ID #174',8,1486545296,8,1486545296),(1071,'SUCCESS','smk3_detail','UPDATING DATA ID #175',8,1486545296,8,1486545296),(1072,'SUCCESS','smk3_detail','UPDATING DATA ID #176',8,1486545296,8,1486545296),(1073,'SUCCESS','smk3_detail','UPDATING DATA ID #177',8,1486545296,8,1486545296),(1074,'SUCCESS','smk3_detail','UPDATING DATA ID #178',8,1486545296,8,1486545296),(1075,'SUCCESS','smk3_detail','UPDATING DATA ID #179',8,1486545296,8,1486545296),(1076,'SUCCESS','smk3_detail','UPDATING DATA ID #180',8,1486545296,8,1486545296),(1077,'SUCCESS','smk3_detail','UPDATING DATA ID #181',8,1486545296,8,1486545296),(1078,'SUCCESS','smk3_detail','UPDATING DATA ID #182',8,1486545296,8,1486545296),(1079,'SUCCESS','smk3_detail','UPDATING DATA ID #183',8,1486545296,8,1486545296),(1080,'SUCCESS','smk3_detail','UPDATING DATA ID #184',8,1486545296,8,1486545296),(1081,'SUCCESS','smk3_detail','UPDATING DATA ID #185',8,1486545296,8,1486545296),(1082,'SUCCESS','smk3_detail','UPDATING DATA ID #186',8,1486545296,8,1486545296),(1083,'SUCCESS','smk3_detail','UPDATING DATA ID #187',8,1486545296,8,1486545296),(1084,'SUCCESS','smk3_detail','UPDATING DATA ID #188',8,1486545296,8,1486545296),(1085,'SUCCESS','smk3_detail','UPDATING DATA ID #189',8,1486545296,8,1486545296),(1086,'SUCCESS','log_dirty','INSERTING NEW DATA WITH ID #39',8,1486545296,8,1486545296),(1087,'SUCCESS','smk3_title','INSERTING NEW DATA WITH ID #8',8,1486545317,8,1486545317),(1088,'SUCCESS','smk3_subtitle','INSERTING NEW DATA WITH ID #9',8,1486545317,8,1486545317),(1089,'SUCCESS','smk3_criteria','INSERTING NEW DATA WITH ID #25',8,1486545317,8,1486545317),(1093,'SUCCESS','smk3_title','DELETING DATA ID #8',8,1486551480,8,1486551480),(1097,'SUCCESS','smk3_title','INSERTING NEW DATA WITH ID #11',8,1486551509,8,1486551509),(1098,'SUCCESS','smk3_subtitle','INSERTING NEW DATA WITH ID #12',8,1486551509,8,1486551509),(1099,'SUCCESS','smk3_criteria','INSERTING NEW DATA WITH ID #28',8,1486551509,8,1486551509),(1100,'SUCCESS','smk3_title','DELETING DATA ID #11',8,1486551658,8,1486551658),(1107,'SUCCESS','smk3_title','INSERTING NEW DATA WITH ID #14',8,1486551819,8,1486551819),(1108,'SUCCESS','smk3_subtitle','INSERTING NEW DATA WITH ID #15',8,1486551819,8,1486551819),(1109,'SUCCESS','smk3_criteria','INSERTING NEW DATA WITH ID #31',8,1486551819,8,1486551819),(1110,'SUCCESS','smk3_detail','INSERTING NEW DATA WITH ID #190',8,1486551819,8,1486551819),(1111,'SUCCESS','smk3','UPDATING DATA ID #5',8,1486551854,8,1486551854),(1112,'SUCCESS','smk3_detail','UPDATING DATA ID #169',8,1486551854,8,1486551854),(1113,'SUCCESS','smk3_detail','UPDATING DATA ID #170',8,1486551854,8,1486551854),(1114,'SUCCESS','smk3_detail','UPDATING DATA ID #171',8,1486551854,8,1486551854),(1115,'SUCCESS','smk3_detail','UPDATING DATA ID #172',8,1486551854,8,1486551854),(1116,'SUCCESS','smk3_detail','UPDATING DATA ID #173',8,1486551854,8,1486551854),(1117,'SUCCESS','smk3_detail','UPDATING DATA ID #174',8,1486551854,8,1486551854),(1118,'SUCCESS','smk3_detail','UPDATING DATA ID #175',8,1486551854,8,1486551854),(1119,'SUCCESS','smk3_detail','UPDATING DATA ID #176',8,1486551854,8,1486551854),(1120,'SUCCESS','smk3_detail','UPDATING DATA ID #177',8,1486551854,8,1486551854),(1121,'SUCCESS','smk3_detail','UPDATING DATA ID #178',8,1486551854,8,1486551854),(1122,'SUCCESS','smk3_detail','UPDATING DATA ID #179',8,1486551854,8,1486551854),(1123,'SUCCESS','smk3_detail','UPDATING DATA ID #180',8,1486551854,8,1486551854),(1124,'SUCCESS','smk3_detail','UPDATING DATA ID #181',8,1486551854,8,1486551854),(1125,'SUCCESS','smk3_detail','UPDATING DATA ID #182',8,1486551854,8,1486551854),(1126,'SUCCESS','smk3_detail','UPDATING DATA ID #183',8,1486551854,8,1486551854),(1127,'SUCCESS','smk3_detail','UPDATING DATA ID #184',8,1486551854,8,1486551854),(1128,'SUCCESS','smk3_detail','UPDATING DATA ID #185',8,1486551854,8,1486551854),(1129,'SUCCESS','smk3_detail','UPDATING DATA ID #186',8,1486551854,8,1486551854),(1130,'SUCCESS','smk3_detail','UPDATING DATA ID #187',8,1486551854,8,1486551854),(1131,'SUCCESS','smk3_detail','UPDATING DATA ID #188',8,1486551854,8,1486551854),(1132,'SUCCESS','smk3_detail','UPDATING DATA ID #189',8,1486551854,8,1486551854),(1133,'SUCCESS','smk3_detail','UPDATING DATA ID #190',8,1486551854,8,1486551854),(1134,'SUCCESS','log_dirty','INSERTING NEW DATA WITH ID #40',8,1486551854,8,1486551854),(1135,'SUCCESS','smk3','INSERTING NEW DATA WITH ID #6',8,1486551887,8,1486551887),(1136,'SUCCESS','smk3_detail','INSERTING NEW DATA WITH ID #191',8,1486551887,8,1486551887),(1137,'SUCCESS','smk3_detail','INSERTING NEW DATA WITH ID #192',8,1486551887,8,1486551887),(1138,'SUCCESS','smk3_detail','INSERTING NEW DATA WITH ID #193',8,1486551887,8,1486551887),(1139,'SUCCESS','smk3_detail','INSERTING NEW DATA WITH ID #194',8,1486551887,8,1486551887),(1140,'SUCCESS','smk3_detail','INSERTING NEW DATA WITH ID #195',8,1486551887,8,1486551887),(1141,'SUCCESS','smk3_detail','INSERTING NEW DATA WITH ID #196',8,1486551887,8,1486551887),(1142,'SUCCESS','smk3_detail','INSERTING NEW DATA WITH ID #197',8,1486551887,8,1486551887),(1143,'SUCCESS','smk3_detail','INSERTING NEW DATA WITH ID #198',8,1486551887,8,1486551887),(1144,'SUCCESS','smk3_detail','INSERTING NEW DATA WITH ID #199',8,1486551887,8,1486551887),(1145,'SUCCESS','smk3_detail','INSERTING NEW DATA WITH ID #200',8,1486551887,8,1486551887),(1146,'SUCCESS','smk3_detail','INSERTING NEW DATA WITH ID #201',8,1486551887,8,1486551887),(1147,'SUCCESS','smk3_detail','INSERTING NEW DATA WITH ID #202',8,1486551887,8,1486551887),(1148,'SUCCESS','smk3_detail','INSERTING NEW DATA WITH ID #203',8,1486551887,8,1486551887),(1149,'SUCCESS','smk3_detail','INSERTING NEW DATA WITH ID #204',8,1486551887,8,1486551887),(1150,'SUCCESS','smk3_detail','INSERTING NEW DATA WITH ID #205',8,1486551887,8,1486551887),(1151,'SUCCESS','smk3_detail','INSERTING NEW DATA WITH ID #206',8,1486551887,8,1486551887),(1152,'SUCCESS','smk3_detail','INSERTING NEW DATA WITH ID #207',8,1486551887,8,1486551887),(1153,'SUCCESS','smk3_detail','INSERTING NEW DATA WITH ID #208',8,1486551887,8,1486551887),(1154,'SUCCESS','smk3_detail','INSERTING NEW DATA WITH ID #209',8,1486551887,8,1486551887),(1155,'SUCCESS','smk3_detail','INSERTING NEW DATA WITH ID #210',8,1486551887,8,1486551887),(1156,'SUCCESS','smk3_detail','INSERTING NEW DATA WITH ID #211',8,1486551887,8,1486551887),(1157,'SUCCESS','smk3_detail','INSERTING NEW DATA WITH ID #212',8,1486551887,8,1486551887),(1158,'SUCCESS','smk3_title','INSERTING NEW DATA WITH ID #15',8,1486551915,8,1486551915),(1159,'SUCCESS','smk3_subtitle','INSERTING NEW DATA WITH ID #16',8,1486551916,8,1486551916),(1160,'SUCCESS','smk3_criteria','INSERTING NEW DATA WITH ID #32',8,1486551916,8,1486551916),(1161,'SUCCESS','smk3_detail','INSERTING NEW DATA WITH ID #213',8,1486551916,8,1486551916),(1162,'SUCCESS','smk3_detail','INSERTING NEW DATA WITH ID #214',8,1486551916,8,1486551916),(1163,'SUCCESS','smk3_criteria','INSERTING NEW DATA WITH ID #33',8,1486551916,8,1486551916),(1164,'SUCCESS','smk3_detail','INSERTING NEW DATA WITH ID #215',8,1486551916,8,1486551916),(1165,'SUCCESS','smk3_detail','INSERTING NEW DATA WITH ID #216',8,1486551916,8,1486551916),(1166,'SUCCESS','smk3_criteria','INSERTING NEW DATA WITH ID #34',8,1486551916,8,1486551916),(1167,'SUCCESS','smk3_detail','INSERTING NEW DATA WITH ID #217',8,1486551916,8,1486551916),(1168,'SUCCESS','smk3_detail','INSERTING NEW DATA WITH ID #218',8,1486551916,8,1486551916),(1169,'SUCCESS','smk3_subtitle','INSERTING NEW DATA WITH ID #17',8,1486551916,8,1486551916),(1170,'SUCCESS','smk3_criteria','INSERTING NEW DATA WITH ID #35',8,1486551916,8,1486551916),(1171,'SUCCESS','smk3_detail','INSERTING NEW DATA WITH ID #219',8,1486551916,8,1486551916),(1172,'SUCCESS','smk3_detail','INSERTING NEW DATA WITH ID #220',8,1486551916,8,1486551916),(1173,'SUCCESS','smk3_criteria','INSERTING NEW DATA WITH ID #36',8,1486551916,8,1486551916),(1174,'SUCCESS','smk3_detail','INSERTING NEW DATA WITH ID #221',8,1486551916,8,1486551916),(1175,'SUCCESS','smk3_detail','INSERTING NEW DATA WITH ID #222',8,1486551916,8,1486551916),(1176,'SUCCESS','smk3_title','INSERTING NEW DATA WITH ID #16',8,1486552144,8,1486552144),(1177,'SUCCESS','smk3_subtitle','INSERTING NEW DATA WITH ID #18',8,1486552144,8,1486552144),(1178,'SUCCESS','smk3_criteria','INSERTING NEW DATA WITH ID #37',8,1486552144,8,1486552144),(1179,'SUCCESS','smk3_detail','INSERTING NEW DATA WITH ID #223',8,1486552144,8,1486552144),(1180,'SUCCESS','smk3_detail','INSERTING NEW DATA WITH ID #224',8,1486552144,8,1486552144),(1181,'SUCCESS','smk3_criteria','INSERTING NEW DATA WITH ID #38',8,1486552144,8,1486552144),(1182,'SUCCESS','smk3_detail','INSERTING NEW DATA WITH ID #225',8,1486552145,8,1486552145),(1183,'SUCCESS','smk3_detail','INSERTING NEW DATA WITH ID #226',8,1486552145,8,1486552145),(1184,'SUCCESS','smk3_criteria','INSERTING NEW DATA WITH ID #39',8,1486552145,8,1486552145),(1185,'SUCCESS','smk3_detail','INSERTING NEW DATA WITH ID #227',8,1486552145,8,1486552145),(1186,'SUCCESS','smk3_detail','INSERTING NEW DATA WITH ID #228',8,1486552145,8,1486552145),(1187,'SUCCESS','smk3_criteria','INSERTING NEW DATA WITH ID #40',8,1486552145,8,1486552145),(1188,'SUCCESS','smk3_detail','INSERTING NEW DATA WITH ID #229',8,1486552145,8,1486552145),(1189,'SUCCESS','smk3_detail','INSERTING NEW DATA WITH ID #230',8,1486552145,8,1486552145),(1190,'SUCCESS','smk3_subtitle','INSERTING NEW DATA WITH ID #19',8,1486552145,8,1486552145),(1191,'SUCCESS','smk3_criteria','INSERTING NEW DATA WITH ID #41',8,1486552145,8,1486552145),(1192,'SUCCESS','smk3_detail','INSERTING NEW DATA WITH ID #231',8,1486552145,8,1486552145),(1193,'SUCCESS','smk3_detail','INSERTING NEW DATA WITH ID #232',8,1486552145,8,1486552145),(1194,'SUCCESS','smk3_subtitle','INSERTING NEW DATA WITH ID #20',8,1486552145,8,1486552145),(1195,'SUCCESS','smk3_criteria','INSERTING NEW DATA WITH ID #42',8,1486552145,8,1486552145),(1196,'SUCCESS','smk3_detail','INSERTING NEW DATA WITH ID #233',8,1486552145,8,1486552145),(1197,'SUCCESS','smk3_detail','INSERTING NEW DATA WITH ID #234',8,1486552145,8,1486552145),(1198,'SUCCESS','smk3_subtitle','INSERTING NEW DATA WITH ID #21',8,1486552145,8,1486552145),(1199,'SUCCESS','smk3_criteria','INSERTING NEW DATA WITH ID #43',8,1486552145,8,1486552145),(1200,'SUCCESS','smk3_detail','INSERTING NEW DATA WITH ID #235',8,1486552145,8,1486552145),(1201,'SUCCESS','smk3_detail','INSERTING NEW DATA WITH ID #236',8,1486552145,8,1486552145),(1202,'SUCCESS','smk3_criteria','INSERTING NEW DATA WITH ID #44',8,1486552145,8,1486552145),(1203,'SUCCESS','smk3_detail','INSERTING NEW DATA WITH ID #237',8,1486552145,8,1486552145),(1204,'SUCCESS','smk3_detail','INSERTING NEW DATA WITH ID #238',8,1486552145,8,1486552145),(1205,'SUCCESS','smk3_title','INSERTING NEW DATA WITH ID #17',8,1486552301,8,1486552301),(1206,'SUCCESS','smk3_subtitle','INSERTING NEW DATA WITH ID #22',8,1486552301,8,1486552301),(1207,'SUCCESS','smk3_criteria','INSERTING NEW DATA WITH ID #45',8,1486552301,8,1486552301),(1208,'SUCCESS','smk3_detail','INSERTING NEW DATA WITH ID #239',8,1486552301,8,1486552301),(1209,'SUCCESS','smk3_detail','INSERTING NEW DATA WITH ID #240',8,1486552301,8,1486552301),(1210,'SUCCESS','smk3_criteria','INSERTING NEW DATA WITH ID #46',8,1486552301,8,1486552301),(1211,'SUCCESS','smk3_detail','INSERTING NEW DATA WITH ID #241',8,1486552301,8,1486552301),(1212,'SUCCESS','smk3_detail','INSERTING NEW DATA WITH ID #242',8,1486552301,8,1486552301),(1213,'SUCCESS','smk3_criteria','INSERTING NEW DATA WITH ID #47',8,1486552301,8,1486552301),(1214,'SUCCESS','smk3_detail','INSERTING NEW DATA WITH ID #243',8,1486552301,8,1486552301),(1215,'SUCCESS','smk3_detail','INSERTING NEW DATA WITH ID #244',8,1486552301,8,1486552301),(1216,'SUCCESS','smk3_subtitle','INSERTING NEW DATA WITH ID #23',8,1486552301,8,1486552301),(1217,'SUCCESS','smk3_criteria','INSERTING NEW DATA WITH ID #48',8,1486552301,8,1486552301),(1218,'SUCCESS','smk3_detail','INSERTING NEW DATA WITH ID #245',8,1486552301,8,1486552301),(1219,'SUCCESS','smk3_detail','INSERTING NEW DATA WITH ID #246',8,1486552301,8,1486552301),(1220,'SUCCESS','smk3_criteria','INSERTING NEW DATA WITH ID #49',8,1486552301,8,1486552301),(1221,'SUCCESS','smk3_detail','INSERTING NEW DATA WITH ID #247',8,1486552301,8,1486552301),(1222,'SUCCESS','smk3_detail','INSERTING NEW DATA WITH ID #248',8,1486552301,8,1486552301),(1223,'SUCCESS','smk3_title','INSERTING NEW DATA WITH ID #18',8,1486552355,8,1486552355),(1224,'SUCCESS','smk3_subtitle','INSERTING NEW DATA WITH ID #24',8,1486552355,8,1486552355),(1225,'SUCCESS','smk3_criteria','INSERTING NEW DATA WITH ID #50',8,1486552355,8,1486552355),(1226,'SUCCESS','smk3_detail','INSERTING NEW DATA WITH ID #249',8,1486552355,8,1486552355),(1227,'SUCCESS','smk3_detail','INSERTING NEW DATA WITH ID #250',8,1486552355,8,1486552355),(1228,'SUCCESS','smk3_criteria','INSERTING NEW DATA WITH ID #51',8,1486552355,8,1486552355),(1229,'SUCCESS','smk3_detail','INSERTING NEW DATA WITH ID #251',8,1486552356,8,1486552356),(1230,'SUCCESS','smk3_detail','INSERTING NEW DATA WITH ID #252',8,1486552356,8,1486552356),(1231,'SUCCESS','smk3_criteria','INSERTING NEW DATA WITH ID #52',8,1486552356,8,1486552356),(1232,'SUCCESS','smk3_detail','INSERTING NEW DATA WITH ID #253',8,1486552356,8,1486552356),(1233,'SUCCESS','smk3_detail','INSERTING NEW DATA WITH ID #254',8,1486552356,8,1486552356),(1234,'SUCCESS','smk3_subtitle','INSERTING NEW DATA WITH ID #25',8,1486552356,8,1486552356),(1235,'SUCCESS','smk3_criteria','INSERTING NEW DATA WITH ID #53',8,1486552356,8,1486552356),(1236,'SUCCESS','smk3_detail','INSERTING NEW DATA WITH ID #255',8,1486552356,8,1486552356),(1237,'SUCCESS','smk3_detail','INSERTING NEW DATA WITH ID #256',8,1486552356,8,1486552356),(1238,'SUCCESS','smk3_criteria','INSERTING NEW DATA WITH ID #54',8,1486552356,8,1486552356),(1239,'SUCCESS','smk3_detail','INSERTING NEW DATA WITH ID #257',8,1486552356,8,1486552356),(1240,'SUCCESS','smk3_detail','INSERTING NEW DATA WITH ID #258',8,1486552356,8,1486552356),(1241,'SUCCESS','smk3_subtitle','INSERTING NEW DATA WITH ID #26',8,1486552356,8,1486552356),(1242,'SUCCESS','smk3_criteria','INSERTING NEW DATA WITH ID #55',8,1486552356,8,1486552356),(1243,'SUCCESS','smk3_detail','INSERTING NEW DATA WITH ID #259',8,1486552356,8,1486552356),(1244,'SUCCESS','smk3_detail','INSERTING NEW DATA WITH ID #260',8,1486552356,8,1486552356),(1245,'SUCCESS','smk3_title','UPDATING DATA ID #5',8,1486564003,8,1486564003),(1246,'SUCCESS','smk3_subtitle','UPDATING DATA ID #3',8,1486564003,8,1486564003),(1247,'SUCCESS','smk3_criteria','UPDATING DATA ID #4',8,1486564003,8,1486564003),(1248,'SUCCESS','log_dirty','INSERTING NEW DATA WITH ID #41',8,1486564003,8,1486564003),(1249,'SUCCESS','smk3_detail','INSERTING NEW DATA WITH ID #261',8,1486564003,8,1486564003),(1250,'SUCCESS','smk3_detail','INSERTING NEW DATA WITH ID #262',8,1486564003,8,1486564003),(1251,'SUCCESS','smk3_detail','INSERTING NEW DATA WITH ID #263',8,1486564003,8,1486564003),(1252,'SUCCESS','smk3_detail','INSERTING NEW DATA WITH ID #264',8,1486564003,8,1486564003),(1253,'SUCCESS','smk3_criteria','UPDATING DATA ID #5',8,1486564003,8,1486564003),(1254,'SUCCESS','log_dirty','INSERTING NEW DATA WITH ID #42',8,1486564003,8,1486564003),(1255,'SUCCESS','smk3_detail','INSERTING NEW DATA WITH ID #265',8,1486564003,8,1486564003),(1256,'SUCCESS','smk3_detail','INSERTING NEW DATA WITH ID #266',8,1486564003,8,1486564003),(1257,'SUCCESS','smk3_detail','INSERTING NEW DATA WITH ID #267',8,1486564003,8,1486564003),(1258,'SUCCESS','smk3_detail','INSERTING NEW DATA WITH ID #268',8,1486564003,8,1486564003),(1259,'SUCCESS','smk3_criteria','UPDATING DATA ID #6',8,1486564003,8,1486564003),(1260,'SUCCESS','log_dirty','INSERTING NEW DATA WITH ID #43',8,1486564003,8,1486564003),(1261,'SUCCESS','smk3_detail','INSERTING NEW DATA WITH ID #269',8,1486564003,8,1486564003),(1262,'SUCCESS','smk3_detail','INSERTING NEW DATA WITH ID #270',8,1486564003,8,1486564003),(1263,'SUCCESS','smk3_detail','INSERTING NEW DATA WITH ID #271',8,1486564003,8,1486564003),(1264,'SUCCESS','smk3_detail','INSERTING NEW DATA WITH ID #272',8,1486564003,8,1486564003),(1265,'SUCCESS','smk3_criteria','UPDATING DATA ID #20',8,1486564003,8,1486564003),(1266,'SUCCESS','log_dirty','INSERTING NEW DATA WITH ID #44',8,1486564003,8,1486564003),(1267,'SUCCESS','smk3_detail','INSERTING NEW DATA WITH ID #273',8,1486564003,8,1486564003),(1268,'SUCCESS','smk3_detail','INSERTING NEW DATA WITH ID #274',8,1486564003,8,1486564003),(1269,'SUCCESS','smk3_detail','INSERTING NEW DATA WITH ID #275',8,1486564003,8,1486564003),(1270,'SUCCESS','smk3_detail','INSERTING NEW DATA WITH ID #276',8,1486564003,8,1486564003),(1271,'SUCCESS','smk3_subtitle','UPDATING DATA ID #4',8,1486564003,8,1486564003),(1272,'SUCCESS','smk3_criteria','UPDATING DATA ID #7',8,1486564003,8,1486564003),(1273,'SUCCESS','log_dirty','INSERTING NEW DATA WITH ID #45',8,1486564003,8,1486564003),(1274,'SUCCESS','smk3_detail','INSERTING NEW DATA WITH ID #277',8,1486564003,8,1486564003),(1275,'SUCCESS','smk3_detail','INSERTING NEW DATA WITH ID #278',8,1486564003,8,1486564003),(1276,'SUCCESS','smk3_detail','INSERTING NEW DATA WITH ID #279',8,1486564003,8,1486564003),(1277,'SUCCESS','smk3_detail','INSERTING NEW DATA WITH ID #280',8,1486564003,8,1486564003),(1278,'SUCCESS','smk3_criteria','UPDATING DATA ID #8',8,1486564003,8,1486564003),(1279,'SUCCESS','log_dirty','INSERTING NEW DATA WITH ID #46',8,1486564003,8,1486564003),(1280,'SUCCESS','smk3_detail','INSERTING NEW DATA WITH ID #281',8,1486564003,8,1486564003),(1281,'SUCCESS','smk3_detail','INSERTING NEW DATA WITH ID #282',8,1486564003,8,1486564003),(1282,'SUCCESS','smk3_detail','INSERTING NEW DATA WITH ID #283',8,1486564003,8,1486564003),(1283,'SUCCESS','smk3_detail','INSERTING NEW DATA WITH ID #284',8,1486564003,8,1486564003),(1284,'SUCCESS','smk3_criteria','UPDATING DATA ID #13',8,1486564003,8,1486564003),(1285,'SUCCESS','log_dirty','INSERTING NEW DATA WITH ID #47',8,1486564003,8,1486564003),(1286,'SUCCESS','smk3_detail','INSERTING NEW DATA WITH ID #285',8,1486564004,8,1486564004),(1287,'SUCCESS','smk3_detail','INSERTING NEW DATA WITH ID #286',8,1486564004,8,1486564004),(1288,'SUCCESS','smk3_detail','INSERTING NEW DATA WITH ID #287',8,1486564004,8,1486564004),(1289,'SUCCESS','smk3_detail','INSERTING NEW DATA WITH ID #288',8,1486564004,8,1486564004),(1290,'SUCCESS','smk3_criteria','UPDATING DATA ID #14',8,1486564004,8,1486564004),(1291,'SUCCESS','log_dirty','INSERTING NEW DATA WITH ID #48',8,1486564004,8,1486564004),(1292,'SUCCESS','smk3_detail','INSERTING NEW DATA WITH ID #289',8,1486564004,8,1486564004),(1293,'SUCCESS','smk3_detail','INSERTING NEW DATA WITH ID #290',8,1486564004,8,1486564004),(1294,'SUCCESS','smk3_detail','INSERTING NEW DATA WITH ID #291',8,1486564004,8,1486564004),(1295,'SUCCESS','smk3_detail','INSERTING NEW DATA WITH ID #292',8,1486564004,8,1486564004),(1296,'SUCCESS','smk3_criteria','UPDATING DATA ID #15',8,1486564004,8,1486564004),(1297,'SUCCESS','log_dirty','INSERTING NEW DATA WITH ID #49',8,1486564004,8,1486564004),(1298,'SUCCESS','smk3_detail','INSERTING NEW DATA WITH ID #293',8,1486564004,8,1486564004),(1299,'SUCCESS','smk3_detail','INSERTING NEW DATA WITH ID #294',8,1486564004,8,1486564004),(1300,'SUCCESS','smk3_detail','INSERTING NEW DATA WITH ID #295',8,1486564004,8,1486564004),(1301,'SUCCESS','smk3_detail','INSERTING NEW DATA WITH ID #296',8,1486564004,8,1486564004),(1302,'SUCCESS','smk3_criteria','UPDATING DATA ID #16',8,1486564004,8,1486564004),(1303,'SUCCESS','log_dirty','INSERTING NEW DATA WITH ID #50',8,1486564004,8,1486564004),(1304,'SUCCESS','smk3_detail','INSERTING NEW DATA WITH ID #297',8,1486564004,8,1486564004),(1305,'SUCCESS','smk3_detail','INSERTING NEW DATA WITH ID #298',8,1486564004,8,1486564004),(1306,'SUCCESS','smk3_detail','INSERTING NEW DATA WITH ID #299',8,1486564004,8,1486564004),(1307,'SUCCESS','smk3_detail','INSERTING NEW DATA WITH ID #300',8,1486564004,8,1486564004),(1308,'SUCCESS','smk3_subtitle','UPDATING DATA ID #5',8,1486564004,8,1486564004),(1309,'SUCCESS','smk3_criteria','UPDATING DATA ID #9',8,1486564004,8,1486564004),(1310,'SUCCESS','log_dirty','INSERTING NEW DATA WITH ID #51',8,1486564004,8,1486564004),(1311,'SUCCESS','smk3_detail','INSERTING NEW DATA WITH ID #301',8,1486564004,8,1486564004),(1312,'SUCCESS','smk3_detail','INSERTING NEW DATA WITH ID #302',8,1486564004,8,1486564004),(1313,'SUCCESS','smk3_detail','INSERTING NEW DATA WITH ID #303',8,1486564004,8,1486564004),(1314,'SUCCESS','smk3_detail','INSERTING NEW DATA WITH ID #304',8,1486564004,8,1486564004),(1315,'SUCCESS','smk3_criteria','UPDATING DATA ID #10',8,1486564004,8,1486564004),(1316,'SUCCESS','log_dirty','INSERTING NEW DATA WITH ID #52',8,1486564004,8,1486564004),(1317,'SUCCESS','smk3_detail','INSERTING NEW DATA WITH ID #305',8,1486564004,8,1486564004),(1318,'SUCCESS','smk3_detail','INSERTING NEW DATA WITH ID #306',8,1486564004,8,1486564004),(1319,'SUCCESS','smk3_detail','INSERTING NEW DATA WITH ID #307',8,1486564004,8,1486564004),(1320,'SUCCESS','smk3_detail','INSERTING NEW DATA WITH ID #308',8,1486564004,8,1486564004),(1321,'SUCCESS','smk3_criteria','UPDATING DATA ID #11',8,1486564004,8,1486564004),(1322,'SUCCESS','log_dirty','INSERTING NEW DATA WITH ID #53',8,1486564004,8,1486564004),(1323,'SUCCESS','smk3_detail','INSERTING NEW DATA WITH ID #309',8,1486564004,8,1486564004),(1324,'SUCCESS','smk3_detail','INSERTING NEW DATA WITH ID #310',8,1486564004,8,1486564004),(1325,'SUCCESS','smk3_detail','INSERTING NEW DATA WITH ID #311',8,1486564004,8,1486564004),(1326,'SUCCESS','smk3_detail','INSERTING NEW DATA WITH ID #312',8,1486564004,8,1486564004),(1327,'SUCCESS','smk3_criteria','UPDATING DATA ID #12',8,1486564004,8,1486564004),(1328,'SUCCESS','log_dirty','INSERTING NEW DATA WITH ID #54',8,1486564004,8,1486564004),(1329,'SUCCESS','smk3_detail','INSERTING NEW DATA WITH ID #313',8,1486564004,8,1486564004),(1330,'SUCCESS','smk3_detail','INSERTING NEW DATA WITH ID #314',8,1486564004,8,1486564004),(1331,'SUCCESS','smk3_detail','INSERTING NEW DATA WITH ID #315',8,1486564004,8,1486564004),(1332,'SUCCESS','smk3_detail','INSERTING NEW DATA WITH ID #316',8,1486564004,8,1486564004),(1333,'SUCCESS','smk3_criteria','UPDATING DATA ID #17',8,1486564004,8,1486564004),(1334,'SUCCESS','log_dirty','INSERTING NEW DATA WITH ID #55',8,1486564004,8,1486564004),(1335,'SUCCESS','smk3_detail','INSERTING NEW DATA WITH ID #317',8,1486564004,8,1486564004),(1336,'SUCCESS','smk3_detail','INSERTING NEW DATA WITH ID #318',8,1486564004,8,1486564004),(1337,'SUCCESS','smk3_detail','INSERTING NEW DATA WITH ID #319',8,1486564004,8,1486564004),(1338,'SUCCESS','smk3_detail','INSERTING NEW DATA WITH ID #320',8,1486564004,8,1486564004),(1339,'SUCCESS','smk3_criteria','UPDATING DATA ID #18',8,1486564004,8,1486564004),(1340,'SUCCESS','log_dirty','INSERTING NEW DATA WITH ID #56',8,1486564004,8,1486564004),(1341,'SUCCESS','smk3_detail','INSERTING NEW DATA WITH ID #321',8,1486564004,8,1486564004),(1342,'SUCCESS','smk3_detail','INSERTING NEW DATA WITH ID #322',8,1486564004,8,1486564004),(1343,'SUCCESS','smk3_detail','INSERTING NEW DATA WITH ID #323',8,1486564004,8,1486564004),(1344,'SUCCESS','smk3_detail','INSERTING NEW DATA WITH ID #324',8,1486564004,8,1486564004),(1345,'SUCCESS','smk3_criteria','UPDATING DATA ID #19',8,1486564004,8,1486564004),(1346,'SUCCESS','log_dirty','INSERTING NEW DATA WITH ID #57',8,1486564004,8,1486564004),(1347,'SUCCESS','smk3_detail','INSERTING NEW DATA WITH ID #325',8,1486564004,8,1486564004),(1348,'SUCCESS','smk3_detail','INSERTING NEW DATA WITH ID #326',8,1486564004,8,1486564004),(1349,'SUCCESS','smk3_detail','INSERTING NEW DATA WITH ID #327',8,1486564004,8,1486564004),(1350,'SUCCESS','smk3_detail','INSERTING NEW DATA WITH ID #328',8,1486564004,8,1486564004),(1351,'SUCCESS','smk3_title','DELETING DATA ID #5',8,1486564335,8,1486564335),(1352,'SUCCESS','smk3_title','UPDATING DATA ID #6',8,1486564491,8,1486564491),(1353,'SUCCESS','smk3_subtitle','UPDATING DATA ID #6',8,1486564491,8,1486564491),(1354,'SUCCESS','smk3_criteria','UPDATING DATA ID #21',8,1486564491,8,1486564491),(1355,'SUCCESS','log_dirty','INSERTING NEW DATA WITH ID #58',8,1486564491,8,1486564491),(1356,'SUCCESS','smk3_detail','INSERTING NEW DATA WITH ID #329',8,1486564491,8,1486564491),(1357,'SUCCESS','smk3_detail','INSERTING NEW DATA WITH ID #330',8,1486564491,8,1486564491),(1358,'SUCCESS','smk3_detail','INSERTING NEW DATA WITH ID #331',8,1486564491,8,1486564491),(1359,'SUCCESS','smk3_detail','INSERTING NEW DATA WITH ID #332',8,1486564491,8,1486564491),(1391,'SUCCESS','smk3_title','INSERTING NEW DATA WITH ID #24',8,1486565158,8,1486565158),(1392,'SUCCESS','smk3_subtitle','INSERTING NEW DATA WITH ID #32',8,1486565158,8,1486565158),(1393,'SUCCESS','smk3_criteria','INSERTING NEW DATA WITH ID #61',8,1486565158,8,1486565158),(1394,'SUCCESS','smk3_detail','INSERTING NEW DATA WITH ID #333',8,1486565158,8,1486565158),(1395,'SUCCESS','smk3_detail','INSERTING NEW DATA WITH ID #334',8,1486565158,8,1486565158),(1396,'SUCCESS','smk3_title','DELETING DATA ID #6',8,1486565220,8,1486565220),(1397,'SUCCESS','smk3_title','UPDATING DATA ID #7',8,1486565232,8,1486565232),(1398,'SUCCESS','smk3_subtitle','UPDATING DATA ID #7',8,1486565232,8,1486565232),(1399,'SUCCESS','smk3_criteria','UPDATING DATA ID #22',8,1486565232,8,1486565232),(1400,'SUCCESS','log_dirty','INSERTING NEW DATA WITH ID #63',8,1486565232,8,1486565232),(1401,'SUCCESS','smk3_criteria','UPDATING DATA ID #23',8,1486565232,8,1486565232),(1402,'SUCCESS','smk3_subtitle','UPDATING DATA ID #8',8,1486565232,8,1486565232),(1403,'SUCCESS','smk3_criteria','UPDATING DATA ID #24',8,1486565232,8,1486565232),(1404,'SUCCESS','budget_monitoring_detail','DELETING DATA ID #1',8,1486565699,8,1486565699),(1405,'SUCCESS','budget_monitoring','UPDATING DATA ID #2',8,1486565752,8,1486565752),(1406,'SUCCESS','budget_monitoring_detail','UPDATING DATA ID #2',8,1486565753,8,1486565753),(1407,'SUCCESS','budget_monitoring_month','UPDATING DATA ID #13',8,1486565753,8,1486565753),(1408,'SUCCESS','budget_monitoring_month','UPDATING DATA ID #14',8,1486565753,8,1486565753),(1409,'SUCCESS','budget_monitoring_month','UPDATING DATA ID #15',8,1486565753,8,1486565753),(1410,'SUCCESS','budget_monitoring_month','UPDATING DATA ID #16',8,1486565753,8,1486565753),(1411,'SUCCESS','budget_monitoring_month','UPDATING DATA ID #17',8,1486565753,8,1486565753),(1412,'SUCCESS','budget_monitoring_month','UPDATING DATA ID #18',8,1486565753,8,1486565753),(1413,'SUCCESS','budget_monitoring_month','UPDATING DATA ID #19',8,1486565753,8,1486565753),(1414,'SUCCESS','budget_monitoring_month','UPDATING DATA ID #20',8,1486565753,8,1486565753),(1415,'SUCCESS','budget_monitoring_month','UPDATING DATA ID #21',8,1486565753,8,1486565753),(1416,'SUCCESS','budget_monitoring_month','UPDATING DATA ID #22',8,1486565753,8,1486565753),(1417,'SUCCESS','budget_monitoring_month','UPDATING DATA ID #23',8,1486565753,8,1486565753),(1418,'SUCCESS','budget_monitoring_month','UPDATING DATA ID #24',8,1486565753,8,1486565753),(1419,'SUCCESS','budget_monitoring_detail','INSERTING NEW DATA WITH ID #6',8,1486565753,8,1486565753),(1420,'SUCCESS','budget_monitoring_month','INSERTING NEW DATA WITH ID #61',8,1486565753,8,1486565753),(1421,'SUCCESS','budget_monitoring_month','INSERTING NEW DATA WITH ID #62',8,1486565753,8,1486565753),(1422,'SUCCESS','budget_monitoring_month','INSERTING NEW DATA WITH ID #63',8,1486565753,8,1486565753),(1423,'SUCCESS','budget_monitoring_month','INSERTING NEW DATA WITH ID #64',8,1486565753,8,1486565753),(1424,'SUCCESS','budget_monitoring_month','INSERTING NEW DATA WITH ID #65',8,1486565753,8,1486565753),(1425,'SUCCESS','budget_monitoring_month','INSERTING NEW DATA WITH ID #66',8,1486565753,8,1486565753),(1426,'SUCCESS','budget_monitoring_month','INSERTING NEW DATA WITH ID #67',8,1486565753,8,1486565753),(1427,'SUCCESS','budget_monitoring_month','INSERTING NEW DATA WITH ID #68',8,1486565753,8,1486565753),(1428,'SUCCESS','budget_monitoring_month','INSERTING NEW DATA WITH ID #69',8,1486565753,8,1486565753),(1429,'SUCCESS','budget_monitoring_month','INSERTING NEW DATA WITH ID #70',8,1486565753,8,1486565753),(1430,'SUCCESS','budget_monitoring_month','INSERTING NEW DATA WITH ID #71',8,1486565753,8,1486565753),(1431,'SUCCESS','budget_monitoring_month','INSERTING NEW DATA WITH ID #72',8,1486565753,8,1486565753),(1432,'SUCCESS','budget_monitoring_detail','INSERTING NEW DATA WITH ID #7',8,1486565753,8,1486565753),(1433,'SUCCESS','budget_monitoring_month','INSERTING NEW DATA WITH ID #73',8,1486565753,8,1486565753),(1434,'SUCCESS','budget_monitoring_month','INSERTING NEW DATA WITH ID #74',8,1486565753,8,1486565753),(1435,'SUCCESS','budget_monitoring_month','INSERTING NEW DATA WITH ID #75',8,1486565753,8,1486565753),(1436,'SUCCESS','budget_monitoring_month','INSERTING NEW DATA WITH ID #76',8,1486565753,8,1486565753),(1437,'SUCCESS','budget_monitoring_month','INSERTING NEW DATA WITH ID #77',8,1486565753,8,1486565753),(1438,'SUCCESS','budget_monitoring_month','INSERTING NEW DATA WITH ID #78',8,1486565753,8,1486565753),(1439,'SUCCESS','budget_monitoring_month','INSERTING NEW DATA WITH ID #79',8,1486565753,8,1486565753),(1440,'SUCCESS','budget_monitoring_month','INSERTING NEW DATA WITH ID #80',8,1486565753,8,1486565753),(1441,'SUCCESS','budget_monitoring_month','INSERTING NEW DATA WITH ID #81',8,1486565753,8,1486565753),(1442,'SUCCESS','budget_monitoring_month','INSERTING NEW DATA WITH ID #82',8,1486565753,8,1486565753),(1443,'SUCCESS','budget_monitoring_month','INSERTING NEW DATA WITH ID #83',8,1486565753,8,1486565753),(1444,'SUCCESS','budget_monitoring_month','INSERTING NEW DATA WITH ID #84',8,1486565753,8,1486565753),(1445,'SUCCESS','budget_monitoring_detail','DELETING DATA ID #7',8,1486565840,8,1486565840),(1446,'SUCCESS','budget_monitoring_detail','DELETING DATA ID #6',8,1486565871,8,1486565871),(1447,'SUCCESS','smk3_criteria','DELETING DATA ID #23',8,1486567637,8,1486567637),(1448,'SUCCESS','smk3_subtitle','DELETING DATA ID #8',8,1486567658,8,1486567658),(1449,'SUCCESS','smk3_subtitle','DELETING DATA ID #7',8,1486567673,8,1486567673),(1450,'SUCCESS','smk3_title','UPDATING DATA ID #7',8,1486568027,8,1486568027),(1451,'SUCCESS','smk3_subtitle','INSERTING NEW DATA WITH ID #33',8,1486568027,8,1486568027),(1452,'SUCCESS','smk3_criteria','INSERTING NEW DATA WITH ID #62',8,1486568027,8,1486568027),(1453,'SUCCESS','smk3_detail','INSERTING NEW DATA WITH ID #335',8,1486568027,8,1486568027),(1454,'SUCCESS','smk3_detail','INSERTING NEW DATA WITH ID #336',8,1486568027,8,1486568027),(1455,'SUCCESS','smk3_criteria','DELETING DATA ID #62',8,1486568083,8,1486568083),(1456,'SUCCESS','smk3_subtitle','DELETING DATA ID #33',8,1486635547,8,1486635547),(1457,'SUCCESS','smk3_title','UPDATING DATA ID #7',8,1486635551,8,1486635551),(1458,'SUCCESS','smk3_title','INSERTING NEW DATA WITH ID #25',8,1486635593,8,1486635593),(1459,'SUCCESS','smk3_subtitle','INSERTING NEW DATA WITH ID #34',8,1486635594,8,1486635594),(1460,'SUCCESS','smk3_criteria','INSERTING NEW DATA WITH ID #62',8,1486635594,8,1486635594),(1461,'SUCCESS','smk3_detail','INSERTING NEW DATA WITH ID #335',8,1486635594,8,1486635594),(1462,'SUCCESS','smk3_detail','INSERTING NEW DATA WITH ID #336',8,1486635594,8,1486635594),(1463,'SUCCESS','smk3_subtitle','DELETING DATA ID #34',8,1486635604,8,1486635604),(1464,'SUCCESS','smk3_title','UPDATING DATA ID #25',8,1486635607,8,1486635607),(1465,'SUCCESS','smk3','UPDATING DATA ID #5',8,1486636814,8,1486636814),(1466,'SUCCESS','log_dirty','INSERTING NEW DATA WITH ID #64',8,1486636814,8,1486636814),(1467,'SUCCESS','smk3_detail','UPDATING DATA ID #190',8,1486636814,8,1486636814),(1468,'SUCCESS','smk3_detail','UPDATING DATA ID #213',8,1486636814,8,1486636814),(1469,'SUCCESS','smk3_detail','UPDATING DATA ID #215',8,1486636814,8,1486636814),(1470,'SUCCESS','smk3_detail','UPDATING DATA ID #217',8,1486636814,8,1486636814),(1471,'SUCCESS','smk3_detail','UPDATING DATA ID #219',8,1486636814,8,1486636814),(1472,'SUCCESS','smk3_detail','UPDATING DATA ID #221',8,1486636814,8,1486636814),(1473,'SUCCESS','smk3_detail','UPDATING DATA ID #223',8,1486636814,8,1486636814),(1474,'SUCCESS','smk3_detail','UPDATING DATA ID #225',8,1486636814,8,1486636814),(1475,'SUCCESS','smk3_detail','UPDATING DATA ID #227',8,1486636814,8,1486636814),(1476,'SUCCESS','smk3_detail','UPDATING DATA ID #229',8,1486636814,8,1486636814),(1477,'SUCCESS','smk3_detail','UPDATING DATA ID #231',8,1486636814,8,1486636814),(1478,'SUCCESS','smk3_detail','UPDATING DATA ID #233',8,1486636814,8,1486636814),(1479,'SUCCESS','smk3_detail','UPDATING DATA ID #235',8,1486636814,8,1486636814),(1480,'SUCCESS','smk3_detail','UPDATING DATA ID #237',8,1486636814,8,1486636814),(1481,'SUCCESS','smk3_detail','UPDATING DATA ID #239',8,1486636814,8,1486636814),(1482,'SUCCESS','smk3_detail','UPDATING DATA ID #241',8,1486636814,8,1486636814),(1483,'SUCCESS','smk3_detail','UPDATING DATA ID #243',8,1486636814,8,1486636814),(1484,'SUCCESS','smk3_detail','UPDATING DATA ID #245',8,1486636814,8,1486636814),(1485,'SUCCESS','smk3_detail','UPDATING DATA ID #247',8,1486636814,8,1486636814),(1486,'SUCCESS','smk3_detail','UPDATING DATA ID #249',8,1486636814,8,1486636814),(1487,'SUCCESS','smk3_detail','UPDATING DATA ID #251',8,1486636814,8,1486636814),(1488,'SUCCESS','smk3_detail','UPDATING DATA ID #253',8,1486636814,8,1486636814),(1489,'SUCCESS','smk3_detail','UPDATING DATA ID #255',8,1486636814,8,1486636814),(1490,'SUCCESS','smk3_detail','UPDATING DATA ID #257',8,1486636814,8,1486636814),(1491,'SUCCESS','smk3_detail','UPDATING DATA ID #259',8,1486636814,8,1486636814),(1492,'SUCCESS','smk3_detail','UPDATING DATA ID #333',8,1486636814,8,1486636814),(1493,'SUCCESS','smk3','UPDATING DATA ID #6',8,1486636827,8,1486636827),(1494,'SUCCESS','log_dirty','INSERTING NEW DATA WITH ID #65',8,1486636827,8,1486636827),(1495,'SUCCESS','smk3_detail','UPDATING DATA ID #212',8,1486636827,8,1486636827),(1496,'SUCCESS','smk3_detail','UPDATING DATA ID #214',8,1486636827,8,1486636827),(1497,'SUCCESS','smk3_detail','UPDATING DATA ID #216',8,1486636827,8,1486636827),(1498,'SUCCESS','smk3_detail','UPDATING DATA ID #218',8,1486636827,8,1486636827),(1499,'SUCCESS','smk3_detail','UPDATING DATA ID #220',8,1486636827,8,1486636827),(1500,'SUCCESS','smk3_detail','UPDATING DATA ID #222',8,1486636827,8,1486636827),(1501,'SUCCESS','smk3_detail','UPDATING DATA ID #224',8,1486636827,8,1486636827),(1502,'SUCCESS','smk3_detail','UPDATING DATA ID #226',8,1486636827,8,1486636827),(1503,'SUCCESS','smk3_detail','UPDATING DATA ID #228',8,1486636827,8,1486636827),(1504,'SUCCESS','smk3_detail','UPDATING DATA ID #230',8,1486636827,8,1486636827),(1505,'SUCCESS','smk3_detail','UPDATING DATA ID #232',8,1486636827,8,1486636827),(1506,'SUCCESS','smk3_detail','UPDATING DATA ID #234',8,1486636827,8,1486636827),(1507,'SUCCESS','smk3_detail','UPDATING DATA ID #236',8,1486636827,8,1486636827),(1508,'SUCCESS','smk3_detail','UPDATING DATA ID #238',8,1486636827,8,1486636827),(1509,'SUCCESS','smk3_detail','UPDATING DATA ID #240',8,1486636827,8,1486636827),(1510,'SUCCESS','smk3_detail','UPDATING DATA ID #242',8,1486636827,8,1486636827),(1511,'SUCCESS','smk3_detail','UPDATING DATA ID #244',8,1486636827,8,1486636827),(1512,'SUCCESS','smk3_detail','UPDATING DATA ID #246',8,1486636827,8,1486636827),(1513,'SUCCESS','smk3_detail','UPDATING DATA ID #248',8,1486636827,8,1486636827),(1514,'SUCCESS','smk3_detail','UPDATING DATA ID #250',8,1486636827,8,1486636827),(1515,'SUCCESS','smk3_detail','UPDATING DATA ID #252',8,1486636827,8,1486636827),(1516,'SUCCESS','smk3_detail','UPDATING DATA ID #254',8,1486636827,8,1486636827),(1517,'SUCCESS','smk3_detail','UPDATING DATA ID #256',8,1486636827,8,1486636827),(1518,'SUCCESS','smk3_detail','UPDATING DATA ID #258',8,1486636827,8,1486636827),(1519,'SUCCESS','smk3_detail','UPDATING DATA ID #260',8,1486636827,8,1486636827),(1520,'SUCCESS','smk3_detail','UPDATING DATA ID #334',8,1486636827,8,1486636827),(1521,'SUCCESS','smk3_title','INSERTING NEW DATA WITH ID #26',8,1486640348,8,1486640348),(1522,'SUCCESS','smk3_subtitle','INSERTING NEW DATA WITH ID #35',8,1486640348,8,1486640348),(1523,'SUCCESS','smk3_criteria','INSERTING NEW DATA WITH ID #63',8,1486640348,8,1486640348),(1524,'SUCCESS','smk3_detail','INSERTING NEW DATA WITH ID #337',8,1486640348,8,1486640348),(1525,'SUCCESS','smk3_detail','INSERTING NEW DATA WITH ID #338',8,1486640348,8,1486640348),(1537,'SUCCESS','smk3_title','INSERTING NEW DATA WITH ID #28',8,1486641950,8,1486641950),(1538,'SUCCESS','smk3_subtitle','INSERTING NEW DATA WITH ID #37',8,1486641950,8,1486641950),(1539,'SUCCESS','smk3_criteria','INSERTING NEW DATA WITH ID #67',8,1486641950,8,1486641950),(1540,'SUCCESS','smk3_detail','INSERTING NEW DATA WITH ID #345',8,1486641950,8,1486641950),(1541,'SUCCESS','smk3_detail','INSERTING NEW DATA WITH ID #346',8,1486641951,8,1486641951),(1542,'SUCCESS','smk3_criteria','INSERTING NEW DATA WITH ID #68',8,1486641951,8,1486641951),(1543,'SUCCESS','smk3_detail','INSERTING NEW DATA WITH ID #347',8,1486641951,8,1486641951),(1544,'SUCCESS','smk3_detail','INSERTING NEW DATA WITH ID #348',8,1486641951,8,1486641951),(1545,'SUCCESS','smk3_criteria','INSERTING NEW DATA WITH ID #69',8,1486641951,8,1486641951),(1546,'SUCCESS','smk3_detail','INSERTING NEW DATA WITH ID #349',8,1486641951,8,1486641951),(1547,'SUCCESS','smk3_detail','INSERTING NEW DATA WITH ID #350',8,1486641951,8,1486641951),(1548,'SUCCESS','smk3_subtitle','INSERTING NEW DATA WITH ID #38',8,1486641951,8,1486641951),(1549,'SUCCESS','smk3_criteria','INSERTING NEW DATA WITH ID #70',8,1486641951,8,1486641951),(1550,'SUCCESS','smk3_detail','INSERTING NEW DATA WITH ID #351',8,1486641951,8,1486641951),(1551,'SUCCESS','smk3_detail','INSERTING NEW DATA WITH ID #352',8,1486641951,8,1486641951),(1552,'SUCCESS','smk3_criteria','INSERTING NEW DATA WITH ID #71',8,1486641951,8,1486641951),(1553,'SUCCESS','smk3_detail','INSERTING NEW DATA WITH ID #353',8,1486641951,8,1486641951),(1554,'SUCCESS','smk3_detail','INSERTING NEW DATA WITH ID #354',8,1486641951,8,1486641951),(1555,'SUCCESS','smk3_criteria','INSERTING NEW DATA WITH ID #72',8,1486641951,8,1486641951),(1556,'SUCCESS','smk3_detail','INSERTING NEW DATA WITH ID #355',8,1486641951,8,1486641951),(1557,'SUCCESS','smk3_detail','INSERTING NEW DATA WITH ID #356',8,1486641951,8,1486641951),(1558,'SUCCESS','smk3','INSERTING NEW DATA WITH ID #7',8,1486653338,8,1486653338),(1559,'SUCCESS','smk3_detail','INSERTING NEW DATA WITH ID #357',8,1486653338,8,1486653338),(1560,'SUCCESS','smk3_detail','INSERTING NEW DATA WITH ID #358',8,1486653338,8,1486653338),(1561,'SUCCESS','smk3_detail','INSERTING NEW DATA WITH ID #359',8,1486653338,8,1486653338),(1562,'SUCCESS','smk3_detail','INSERTING NEW DATA WITH ID #360',8,1486653338,8,1486653338),(1563,'SUCCESS','smk3_detail','INSERTING NEW DATA WITH ID #361',8,1486653338,8,1486653338),(1564,'SUCCESS','smk3_detail','INSERTING NEW DATA WITH ID #362',8,1486653338,8,1486653338),(1565,'SUCCESS','smk3_detail','INSERTING NEW DATA WITH ID #363',8,1486653338,8,1486653338),(1566,'SUCCESS','smk3_detail','INSERTING NEW DATA WITH ID #364',8,1486653338,8,1486653338),(1567,'SUCCESS','smk3_detail','INSERTING NEW DATA WITH ID #365',8,1486653338,8,1486653338),(1568,'SUCCESS','smk3_detail','INSERTING NEW DATA WITH ID #366',8,1486653339,8,1486653339),(1569,'SUCCESS','smk3_detail','INSERTING NEW DATA WITH ID #367',8,1486653339,8,1486653339),(1570,'SUCCESS','smk3_detail','INSERTING NEW DATA WITH ID #368',8,1486653339,8,1486653339),(1571,'SUCCESS','smk3_detail','INSERTING NEW DATA WITH ID #369',8,1486653339,8,1486653339),(1572,'SUCCESS','smk3_detail','INSERTING NEW DATA WITH ID #370',8,1486653339,8,1486653339),(1573,'SUCCESS','smk3_detail','INSERTING NEW DATA WITH ID #371',8,1486653339,8,1486653339),(1574,'SUCCESS','smk3_detail','INSERTING NEW DATA WITH ID #372',8,1486653339,8,1486653339),(1575,'SUCCESS','smk3_detail','INSERTING NEW DATA WITH ID #373',8,1486653339,8,1486653339),(1576,'SUCCESS','smk3_detail','INSERTING NEW DATA WITH ID #374',8,1486653339,8,1486653339),(1577,'SUCCESS','smk3_detail','INSERTING NEW DATA WITH ID #375',8,1486653339,8,1486653339),(1578,'SUCCESS','smk3_detail','INSERTING NEW DATA WITH ID #376',8,1486653339,8,1486653339),(1579,'SUCCESS','smk3_detail','INSERTING NEW DATA WITH ID #377',8,1486653339,8,1486653339),(1580,'SUCCESS','smk3_detail','INSERTING NEW DATA WITH ID #378',8,1486653339,8,1486653339),(1581,'SUCCESS','smk3_detail','INSERTING NEW DATA WITH ID #379',8,1486653339,8,1486653339),(1582,'SUCCESS','smk3_detail','INSERTING NEW DATA WITH ID #380',8,1486653339,8,1486653339),(1583,'SUCCESS','smk3_detail','INSERTING NEW DATA WITH ID #381',8,1486653339,8,1486653339),(1584,'SUCCESS','smk3_detail','INSERTING NEW DATA WITH ID #382',8,1486653339,8,1486653339),(1585,'SUCCESS','smk3_detail','INSERTING NEW DATA WITH ID #383',8,1486653339,8,1486653339),(1586,'SUCCESS','smk3_detail','INSERTING NEW DATA WITH ID #384',8,1486653339,8,1486653339),(1587,'SUCCESS','smk3_detail','INSERTING NEW DATA WITH ID #385',8,1486653339,8,1486653339),(1588,'SUCCESS','smk3_detail','INSERTING NEW DATA WITH ID #386',8,1486653339,8,1486653339),(1589,'SUCCESS','smk3_detail','INSERTING NEW DATA WITH ID #387',8,1486653339,8,1486653339),(1590,'SUCCESS','smk3_detail','INSERTING NEW DATA WITH ID #388',8,1486653339,8,1486653339),(1591,'SUCCESS','smk3_detail','INSERTING NEW DATA WITH ID #389',8,1486653339,8,1486653339),(1592,'SUCCESS','working_plan','INSERTING NEW DATA WITH ID #2',8,1486740207,8,1486740207),(1593,'SUCCESS','environment_permit','INSERTING NEW DATA WITH ID #1',8,1486791057,8,1486791057),(1594,'SUCCESS','environment_permit','DELETING DATA ID #1',8,1486791310,8,1486791310),(1595,'SUCCESS','environment_permit','INSERTING NEW DATA WITH ID #2',8,1486805408,8,1486805408),(1596,'SUCCESS','environment_permit_detail','INSERTING NEW DATA WITH ID #1',8,1486805408,8,1486805408),(1603,'SUCCESS','environment_permit','INSERTING NEW DATA WITH ID #6',8,1486820278,8,1486820278),(1604,'SUCCESS','environment_permit_detail','INSERTING NEW DATA WITH ID #5',8,1486820278,8,1486820278),(1609,'SUCCESS','environment_permit','INSERTING NEW DATA WITH ID #9',8,1486820592,8,1486820592),(1610,'SUCCESS','environment_permit_detail','INSERTING NEW DATA WITH ID #8',8,1486820592,8,1486820592),(1611,'SUCCESS','attachment','INSERTING NEW DATA WITH ID #4',8,1486820592,8,1486820592),(1612,'SUCCESS','attachment_owner','INSERTING NEW DATA WITH ID #10',8,1486820592,8,1486820592),(1613,'SUCCESS','environment_permit','DELETING DATA ID #9',8,1486820857,8,1486820857),(1614,'SUCCESS','environment_permit','DELETING DATA ID #2',8,1486820985,8,1486820985),(1615,'SUCCESS','environment_permit','DELETING DATA ID #6',8,1486820988,8,1486820988),(1616,'SUCCESS','environment_permit','INSERTING NEW DATA WITH ID #10',8,1486821633,8,1486821633),(1617,'SUCCESS','environment_permit_detail','INSERTING NEW DATA WITH ID #9',8,1486821633,8,1486821633),(1618,'SUCCESS','attachment','INSERTING NEW DATA WITH ID #5',8,1486821633,8,1486821633),(1619,'SUCCESS','attachment_owner','INSERTING NEW DATA WITH ID #11',8,1486821633,8,1486821633),(1620,'SUCCESS','environment_permit','INSERTING NEW DATA WITH ID #11',8,1486838453,8,1486838453),(1621,'SUCCESS','environment_permit_detail','INSERTING NEW DATA WITH ID #10',8,1486838453,8,1486838453),(1622,'SUCCESS','attachment','INSERTING NEW DATA WITH ID #6',8,1486838453,8,1486838453),(1623,'SUCCESS','attachment_owner','INSERTING NEW DATA WITH ID #12',8,1486838453,8,1486838453),(1624,'SUCCESS','environment_permit_detail','INSERTING NEW DATA WITH ID #11',8,1486838453,8,1486838453),(1625,'SUCCESS','attachment','INSERTING NEW DATA WITH ID #7',8,1486838453,8,1486838453),(1626,'SUCCESS','attachment_owner','INSERTING NEW DATA WITH ID #13',8,1486838453,8,1486838453),(1627,'SUCCESS','environment_permit_detail','INSERTING NEW DATA WITH ID #12',8,1486838453,8,1486838453),(1628,'SUCCESS','attachment','INSERTING NEW DATA WITH ID #8',8,1486838453,8,1486838453),(1629,'SUCCESS','attachment_owner','INSERTING NEW DATA WITH ID #14',8,1486838453,8,1486838453),(1630,'SUCCESS','working_plan','INSERTING NEW DATA WITH ID #3',8,1486839310,8,1486839310),(1631,'SUCCESS','working_plan_detail','INSERTING NEW DATA WITH ID #7',8,1486839310,8,1486839310),(1632,'SUCCESS','attachment','INSERTING NEW DATA WITH ID #9',8,1486839310,8,1486839310),(1633,'SUCCESS','attachment_owner','INSERTING NEW DATA WITH ID #15',8,1486839310,8,1486839310),(1634,'SUCCESS','environment_permit','UPDATING DATA ID #11',8,1486840140,8,1486840140),(1635,'SUCCESS','environment_permit','UPDATING DATA ID #11',8,1486840150,8,1486840150),(1636,'SUCCESS','environment_permit','UPDATING DATA ID #11',8,1486840181,8,1486840181),(1637,'SUCCESS','environment_permit_detail','UPDATING DATA ID #10',8,1486840181,8,1486840181),(1638,'SUCCESS','log_dirty','INSERTING NEW DATA WITH ID #66',8,1486840181,8,1486840181),(1639,'SUCCESS','environment_permit_detail','UPDATING DATA ID #11',8,1486840181,8,1486840181),(1640,'SUCCESS','environment_permit_detail','UPDATING DATA ID #12',8,1486840181,8,1486840181),(1641,'SUCCESS','environment_permit','UPDATING DATA ID #11',8,1486840589,8,1486840589),(1642,'SUCCESS','environment_permit_detail','UPDATING DATA ID #10',8,1486840589,8,1486840589),(1643,'SUCCESS','environment_permit_detail','UPDATING DATA ID #11',8,1486840589,8,1486840589),(1644,'SUCCESS','environment_permit_detail','UPDATING DATA ID #12',8,1486840589,8,1486840589),(1645,'SUCCESS','environment_permit_detail','INSERTING NEW DATA WITH ID #13',8,1486840589,8,1486840589),(1646,'SUCCESS','attachment','INSERTING NEW DATA WITH ID #10',8,1486840589,8,1486840589),(1647,'SUCCESS','attachment_owner','INSERTING NEW DATA WITH ID #16',8,1486840590,8,1486840590),(1648,'SUCCESS','environment_permit_detail','INSERTING NEW DATA WITH ID #14',8,1486840590,8,1486840590),(1649,'SUCCESS','attachment','INSERTING NEW DATA WITH ID #11',8,1486840590,8,1486840590),(1650,'SUCCESS','attachment_owner','INSERTING NEW DATA WITH ID #17',8,1486840590,8,1486840590),(1651,'SUCCESS','attachment','DELETING DATA ID #11',8,1486841229,8,1486841229),(1652,'SUCCESS','attachment','DELETING DATA ID #10',8,1486841242,8,1486841242),(1653,'SUCCESS','attachment','DELETING DATA ID #8',8,1486841246,8,1486841246),(1654,'SUCCESS','environment_permit','UPDATING DATA ID #11',8,1486841254,8,1486841254),(1655,'SUCCESS','environment_permit_detail','UPDATING DATA ID #10',8,1486841254,8,1486841254),(1656,'SUCCESS','environment_permit_detail','UPDATING DATA ID #11',8,1486841254,8,1486841254),(1657,'SUCCESS','environment_permit_detail','UPDATING DATA ID #12',8,1486841254,8,1486841254),(1658,'SUCCESS','environment_permit_detail','UPDATING DATA ID #13',8,1486841254,8,1486841254),(1659,'SUCCESS','environment_permit_detail','UPDATING DATA ID #14',8,1486841254,8,1486841254),(1660,'SUCCESS','environment_permit_detail','DELETING DATA ID #9',8,1486887186,8,1486887186),(1661,'SUCCESS','environment_permit_detail','DELETING DATA ID #10',8,1486887230,8,1486887230),(1662,'SUCCESS','environment_permit','DELETING DATA ID #10',8,1486908977,8,1486908977),(1663,'SUCCESS','environment_permit','DELETING DATA ID #11',8,1486908994,8,1486908994),(1664,'SUCCESS','environment_permit','INSERTING NEW DATA WITH ID #12',8,1486909069,8,1486909069),(1665,'SUCCESS','environment_permit_detail','INSERTING NEW DATA WITH ID #15',8,1486909069,8,1486909069),(1666,'SUCCESS','attachment','INSERTING NEW DATA WITH ID #10',8,1486909069,8,1486909069),(1667,'SUCCESS','attachment_owner','INSERTING NEW DATA WITH ID #16',8,1486909069,8,1486909069),(1668,'SUCCESS','environment_permit_detail','INSERTING NEW DATA WITH ID #16',8,1486909069,8,1486909069),(1669,'SUCCESS','attachment','INSERTING NEW DATA WITH ID #11',8,1486909069,8,1486909069),(1670,'SUCCESS','attachment_owner','INSERTING NEW DATA WITH ID #17',8,1486909070,8,1486909070),(1671,'SUCCESS','environment_permit_detail','INSERTING NEW DATA WITH ID #17',8,1486909070,8,1486909070),(1672,'SUCCESS','attachment','INSERTING NEW DATA WITH ID #12',8,1486909070,8,1486909070),(1673,'SUCCESS','attachment_owner','INSERTING NEW DATA WITH ID #18',8,1486909070,8,1486909070),(1674,'SUCCESS','attachment_owner','DELETING DATA ID #16',8,1486909114,8,1486909114),(1675,'SUCCESS','environment_permit_detail','DELETING DATA ID #15',8,1486909114,8,1486909114),(1676,'SUCCESS','attachment_owner','DELETING DATA ID #17',8,1486909416,8,1486909416),(1677,'SUCCESS','attachment_owner','DELETING DATA ID #18',8,1486909416,8,1486909416),(1678,'SUCCESS','environment_permit','DELETING DATA ID #12',8,1486909417,8,1486909417),(1679,'SUCCESS','environment_permit','INSERTING NEW DATA WITH ID #1',8,1487061100,8,1487061100),(1680,'SUCCESS','environment_permit_detail','INSERTING NEW DATA WITH ID #1',8,1487061100,8,1487061100),(1681,'SUCCESS','attachment','INSERTING NEW DATA WITH ID #13',8,1487061100,8,1487061100),(1682,'SUCCESS','attachment_owner','INSERTING NEW DATA WITH ID #16',8,1487061100,8,1487061100),(1683,'SUCCESS','environment_permit','UPDATING DATA ID #1',8,1487061634,8,1487061634),(1684,'SUCCESS','environment_permit_detail','UPDATING DATA ID #1',8,1487061634,8,1487061634),(1685,'SUCCESS','log_dirty','INSERTING NEW DATA WITH ID #67',8,1487061634,8,1487061634),(1686,'SUCCESS','environment_permit','INSERTING NEW DATA WITH ID #2',8,1487061974,8,1487061974),(1687,'SUCCESS','environment_permit_detail','INSERTING NEW DATA WITH ID #2',8,1487061975,8,1487061975),(1688,'SUCCESS','attachment','INSERTING NEW DATA WITH ID #14',8,1487061975,8,1487061975),(1689,'SUCCESS','attachment_owner','INSERTING NEW DATA WITH ID #17',8,1487061975,8,1487061975),(1690,'SUCCESS','environment_permit_detail','INSERTING NEW DATA WITH ID #3',8,1487061975,8,1487061975),(1691,'SUCCESS','attachment','INSERTING NEW DATA WITH ID #15',8,1487061975,8,1487061975),(1692,'SUCCESS','attachment_owner','INSERTING NEW DATA WITH ID #18',8,1487061975,8,1487061975),(1693,'SUCCESS','environment_permit_detail','INSERTING NEW DATA WITH ID #4',8,1487061975,8,1487061975),(1694,'SUCCESS','attachment','INSERTING NEW DATA WITH ID #16',8,1487061975,8,1487061975),(1695,'SUCCESS','attachment_owner','INSERTING NEW DATA WITH ID #19',8,1487061975,8,1487061975),(1696,'SUCCESS','attachment_owner','DELETING DATA ID #19',8,1487062536,8,1487062536),(1697,'SUCCESS','environment_permit_detail','DELETING DATA ID #4',8,1487062536,8,1487062536),(1698,'SUCCESS','attachment','DELETING DATA ID #14',8,1487062999,8,1487062999),(1699,'SUCCESS','environment_permit_detail','DELETING DATA ID #2',8,1487062999,8,1487062999),(1700,'SUCCESS','ppu','INSERTING NEW DATA WITH ID #1',8,1487327123,8,1487327123),(1701,'SUCCESS','ppu','INSERTING NEW DATA WITH ID #2',8,1487327211,8,1487327211),(1702,'SUCCESS','ppu','INSERTING NEW DATA WITH ID #3',8,1487327355,8,1487327355),(1703,'SUCCESS','ppa','INSERTING NEW DATA WITH ID #3',8,1487327431,8,1487327431),(1704,'SUCCESS','ppa','INSERTING NEW DATA WITH ID #4',8,1487327628,8,1487327628),(1705,'SUCCESS','codeset','INSERTING NEW DATA WITH ID #15',8,1487361039,8,1487361039),(1706,'SUCCESS','codeset','INSERTING NEW DATA WITH ID #16',8,1487361113,8,1487361113),(1707,'SUCCESS','codeset','INSERTING NEW DATA WITH ID #17',8,1487361144,8,1487361144),(1708,'SUCCESS','codeset','INSERTING NEW DATA WITH ID #18',8,1487416823,8,1487416823),(1709,'SUCCESS','codeset','INSERTING NEW DATA WITH ID #19',8,1487416843,8,1487416843),(1710,'SUCCESS','codeset','INSERTING NEW DATA WITH ID #20',8,1487417000,8,1487417000),(1711,'SUCCESS','codeset','INSERTING NEW DATA WITH ID #21',8,1487417127,8,1487417127),(1712,'SUCCESS','codeset','INSERTING NEW DATA WITH ID #22',8,1487417150,8,1487417150),(1713,'SUCCESS','ppu_emission_source','INSERTING NEW DATA WITH ID #1',8,1487418963,8,1487418963),(1714,'SUCCESS','ppu_emission_source','UPDATING DATA ID #1',8,1487419278,8,1487419278),(1715,'SUCCESS','log_dirty','INSERTING NEW DATA WITH ID #68',8,1487419278,8,1487419278),(1716,'SUCCESS','ppu_emission_source','UPDATING DATA ID #1',8,1487430511,8,1487430511),(1717,'SUCCESS','log_dirty','INSERTING NEW DATA WITH ID #69',8,1487430511,8,1487430511),(1718,'SUCCESS','ppu_emission_source','UPDATING DATA ID #1',8,1487434850,8,1487434850),(1719,'SUCCESS','ppu_emission_source','UPDATING DATA ID #1',8,1487435060,8,1487435060),(1720,'SUCCESS','ppu_emission_source','UPDATING DATA ID #1',8,1487435113,8,1487435113),(1721,'SUCCESS','environment_permit','INSERTING NEW DATA WITH ID #3',8,1487435241,8,1487435241),(1722,'SUCCESS','environment_permit_detail','INSERTING NEW DATA WITH ID #4',8,1487435241,8,1487435241),(1723,'SUCCESS','attachment','INSERTING NEW DATA WITH ID #17',8,1487435241,8,1487435241),(1724,'SUCCESS','attachment_owner','INSERTING NEW DATA WITH ID #19',8,1487435241,8,1487435241),(1725,'SUCCESS','environment_permit','INSERTING NEW DATA WITH ID #4',8,1487435277,8,1487435277),(1726,'SUCCESS','environment_permit_detail','INSERTING NEW DATA WITH ID #5',8,1487435277,8,1487435277),(1727,'SUCCESS','attachment','INSERTING NEW DATA WITH ID #18',8,1487435277,8,1487435277),(1728,'SUCCESS','attachment_owner','INSERTING NEW DATA WITH ID #20',8,1487435277,8,1487435277),(1729,'SUCCESS','ppu_emission_source','UPDATING DATA ID #1',8,1487435526,8,1487435526),(1733,'SUCCESS','ppu_emission_source','UPDATING DATA ID #1',8,1487435691,8,1487435691),(1734,'SUCCESS','attachment','INSERTING NEW DATA WITH ID #19',8,1487435691,8,1487435691),(1735,'SUCCESS','attachment_owner','INSERTING NEW DATA WITH ID #21',8,1487435691,8,1487435691),(1737,'SUCCESS','ppu_compulsory_monitored_emission_source','INSERTING NEW DATA WITH ID #2',8,1487522284,8,1487522284),(1738,'SUCCESS','ppucmes_month','INSERTING NEW DATA WITH ID #1',8,1487522284,8,1487522284),(1739,'SUCCESS','ppucmes_month','INSERTING NEW DATA WITH ID #2',8,1487522284,8,1487522284),(1740,'SUCCESS','ppucmes_month','INSERTING NEW DATA WITH ID #3',8,1487522284,8,1487522284),(1741,'SUCCESS','ppucmes_month','INSERTING NEW DATA WITH ID #4',8,1487522284,8,1487522284),(1742,'SUCCESS','ppucmes_month','INSERTING NEW DATA WITH ID #5',8,1487522284,8,1487522284),(1743,'SUCCESS','ppucmes_month','INSERTING NEW DATA WITH ID #6',8,1487522284,8,1487522284),(1744,'SUCCESS','ppucmes_month','INSERTING NEW DATA WITH ID #7',8,1487522284,8,1487522284),(1745,'SUCCESS','ppucmes_month','INSERTING NEW DATA WITH ID #8',8,1487522284,8,1487522284),(1746,'SUCCESS','ppucmes_month','INSERTING NEW DATA WITH ID #9',8,1487522284,8,1487522284),(1747,'SUCCESS','ppucmes_month','INSERTING NEW DATA WITH ID #10',8,1487522284,8,1487522284),(1748,'SUCCESS','ppucmes_month','INSERTING NEW DATA WITH ID #11',8,1487522284,8,1487522284),(1749,'SUCCESS','ppucmes_month','INSERTING NEW DATA WITH ID #12',8,1487522284,8,1487522284),(1750,'SUCCESS','ppu_compulsory_monitored_emission_source','UPDATING DATA ID #2',8,1487560552,8,1487560552),(1751,'SUCCESS','ppu_compulsory_monitored_emission_source','UPDATING DATA ID #2',8,1487560583,8,1487560583),(1752,'SUCCESS','ppucmes_month','UPDATING DATA ID #1',8,1487560583,8,1487560583),(1753,'SUCCESS','log_dirty','INSERTING NEW DATA WITH ID #70',8,1487560583,8,1487560583),(1754,'SUCCESS','ppucmes_month','UPDATING DATA ID #2',8,1487560583,8,1487560583),(1755,'SUCCESS','ppucmes_month','UPDATING DATA ID #3',8,1487560583,8,1487560583),(1756,'SUCCESS','ppucmes_month','UPDATING DATA ID #4',8,1487560583,8,1487560583),(1757,'SUCCESS','ppucmes_month','UPDATING DATA ID #5',8,1487560583,8,1487560583),(1758,'SUCCESS','ppucmes_month','UPDATING DATA ID #6',8,1487560583,8,1487560583),(1759,'SUCCESS','ppucmes_month','UPDATING DATA ID #7',8,1487560583,8,1487560583),(1760,'SUCCESS','ppucmes_month','UPDATING DATA ID #8',8,1487560583,8,1487560583),(1761,'SUCCESS','ppucmes_month','UPDATING DATA ID #9',8,1487560583,8,1487560583),(1762,'SUCCESS','ppucmes_month','UPDATING DATA ID #10',8,1487560583,8,1487560583),(1763,'SUCCESS','ppucmes_month','UPDATING DATA ID #11',8,1487560583,8,1487560583),(1764,'SUCCESS','ppucmes_month','UPDATING DATA ID #12',8,1487560583,8,1487560583),(1765,'SUCCESS','ppu_compulsory_monitored_emission_source','UPDATING DATA ID #2',8,1487586573,8,1487586573),(1766,'SUCCESS','log_dirty','INSERTING NEW DATA WITH ID #71',8,1487586573,8,1487586573),(1767,'SUCCESS','log_dirty','INSERTING NEW DATA WITH ID #72',8,1487586573,8,1487586573),(1768,'SUCCESS','log_dirty','INSERTING NEW DATA WITH ID #73',8,1487586573,8,1487586573),(1769,'SUCCESS','ppucmes_month','UPDATING DATA ID #1',8,1487586573,8,1487586573),(1770,'SUCCESS','log_dirty','INSERTING NEW DATA WITH ID #74',8,1487586573,8,1487586573),(1771,'SUCCESS','ppucmes_month','UPDATING DATA ID #2',8,1487586573,8,1487586573),(1772,'SUCCESS','log_dirty','INSERTING NEW DATA WITH ID #75',8,1487586573,8,1487586573),(1773,'SUCCESS','ppucmes_month','UPDATING DATA ID #3',8,1487586573,8,1487586573),(1774,'SUCCESS','log_dirty','INSERTING NEW DATA WITH ID #76',8,1487586573,8,1487586573),(1775,'SUCCESS','ppucmes_month','UPDATING DATA ID #4',8,1487586573,8,1487586573),(1776,'SUCCESS','log_dirty','INSERTING NEW DATA WITH ID #77',8,1487586573,8,1487586573),(1777,'SUCCESS','ppucmes_month','UPDATING DATA ID #5',8,1487586573,8,1487586573),(1778,'SUCCESS','log_dirty','INSERTING NEW DATA WITH ID #78',8,1487586573,8,1487586573),(1779,'SUCCESS','ppucmes_month','UPDATING DATA ID #6',8,1487586573,8,1487586573),(1780,'SUCCESS','log_dirty','INSERTING NEW DATA WITH ID #79',8,1487586573,8,1487586573),(1781,'SUCCESS','ppucmes_month','UPDATING DATA ID #7',8,1487586573,8,1487586573),(1782,'SUCCESS','log_dirty','INSERTING NEW DATA WITH ID #80',8,1487586573,8,1487586573),(1783,'SUCCESS','ppucmes_month','UPDATING DATA ID #8',8,1487586573,8,1487586573),(1784,'SUCCESS','log_dirty','INSERTING NEW DATA WITH ID #81',8,1487586573,8,1487586573),(1785,'SUCCESS','ppucmes_month','UPDATING DATA ID #9',8,1487586573,8,1487586573),(1786,'SUCCESS','log_dirty','INSERTING NEW DATA WITH ID #82',8,1487586573,8,1487586573),(1787,'SUCCESS','ppucmes_month','UPDATING DATA ID #10',8,1487586573,8,1487586573),(1788,'SUCCESS','log_dirty','INSERTING NEW DATA WITH ID #83',8,1487586573,8,1487586573),(1789,'SUCCESS','ppucmes_month','UPDATING DATA ID #11',8,1487586573,8,1487586573),(1790,'SUCCESS','log_dirty','INSERTING NEW DATA WITH ID #84',8,1487586573,8,1487586573),(1791,'SUCCESS','ppucmes_month','UPDATING DATA ID #12',8,1487586573,8,1487586573),(1792,'SUCCESS','log_dirty','INSERTING NEW DATA WITH ID #85',8,1487586573,8,1487586573),(1793,'SUCCESS','ppu_compulsory_monitored_emission_source','UPDATING DATA ID #2',8,1487586760,8,1487586760),(1794,'SUCCESS','ppucmes_month','UPDATING DATA ID #1',8,1487586760,8,1487586760),(1795,'SUCCESS','ppucmes_month','UPDATING DATA ID #2',8,1487586760,8,1487586760),(1796,'SUCCESS','ppucmes_month','UPDATING DATA ID #3',8,1487586760,8,1487586760),(1797,'SUCCESS','ppucmes_month','UPDATING DATA ID #4',8,1487586760,8,1487586760),(1798,'SUCCESS','ppucmes_month','UPDATING DATA ID #5',8,1487586760,8,1487586760),(1799,'SUCCESS','ppucmes_month','UPDATING DATA ID #6',8,1487586760,8,1487586760),(1800,'SUCCESS','ppucmes_month','UPDATING DATA ID #7',8,1487586760,8,1487586760),(1801,'SUCCESS','ppucmes_month','UPDATING DATA ID #8',8,1487586760,8,1487586760),(1802,'SUCCESS','ppucmes_month','UPDATING DATA ID #9',8,1487586760,8,1487586760),(1803,'SUCCESS','ppucmes_month','UPDATING DATA ID #10',8,1487586760,8,1487586760),(1804,'SUCCESS','ppucmes_month','UPDATING DATA ID #11',8,1487586760,8,1487586760),(1805,'SUCCESS','ppucmes_month','UPDATING DATA ID #12',8,1487586760,8,1487586760),(1806,'SUCCESS','codeset','INSERTING NEW DATA WITH ID #23',8,1487669901,8,1487669901),(1807,'SUCCESS','codeset','INSERTING NEW DATA WITH ID #24',8,1487669918,8,1487669918),(1808,'SUCCESS','codeset','INSERTING NEW DATA WITH ID #25',8,1487669954,8,1487669954),(1809,'SUCCESS','codeset','INSERTING NEW DATA WITH ID #26',8,1487669998,8,1487669998),(1810,'SUCCESS','codeset','INSERTING NEW DATA WITH ID #27',8,1487670022,8,1487670022),(1811,'SUCCESS','ppu_parameter_obligation','INSERTING NEW DATA WITH ID #1',8,1487670482,8,1487670482),(1812,'SUCCESS','ppupo_month','INSERTING NEW DATA WITH ID #1',8,1487670482,8,1487670482),(1813,'SUCCESS','ppupo_month','INSERTING NEW DATA WITH ID #2',8,1487670482,8,1487670482),(1814,'SUCCESS','ppupo_month','INSERTING NEW DATA WITH ID #3',8,1487670482,8,1487670482),(1815,'SUCCESS','ppupo_month','INSERTING NEW DATA WITH ID #4',8,1487670482,8,1487670482),(1816,'SUCCESS','ppupo_month','INSERTING NEW DATA WITH ID #5',8,1487670482,8,1487670482),(1817,'SUCCESS','ppupo_month','INSERTING NEW DATA WITH ID #6',8,1487670482,8,1487670482),(1818,'SUCCESS','ppupo_month','INSERTING NEW DATA WITH ID #7',8,1487670482,8,1487670482),(1819,'SUCCESS','ppupo_month','INSERTING NEW DATA WITH ID #8',8,1487670482,8,1487670482),(1820,'SUCCESS','ppupo_month','INSERTING NEW DATA WITH ID #9',8,1487670482,8,1487670482),(1821,'SUCCESS','ppupo_month','INSERTING NEW DATA WITH ID #10',8,1487670482,8,1487670482),(1822,'SUCCESS','ppupo_month','INSERTING NEW DATA WITH ID #11',8,1487670482,8,1487670482),(1823,'SUCCESS','ppupo_month','INSERTING NEW DATA WITH ID #12',8,1487670482,8,1487670482),(1824,'SUCCESS','codeset','UPDATING DATA ID #15',8,1487676284,8,1487676284),(1825,'SUCCESS','codeset','UPDATING DATA ID #17',8,1487676294,8,1487676294),(1826,'SUCCESS','codeset','UPDATING DATA ID #16',8,1487676301,8,1487676301),(1827,'SUCCESS','codeset','UPDATING DATA ID #20',8,1487676312,8,1487676312),(1828,'SUCCESS','codeset','UPDATING DATA ID #18',8,1487676322,8,1487676322),(1829,'SUCCESS','codeset','UPDATING DATA ID #19',8,1487676327,8,1487676327),(1830,'SUCCESS','codeset','UPDATING DATA ID #21',8,1487676341,8,1487676341),(1831,'SUCCESS','codeset','UPDATING DATA ID #22',8,1487676352,8,1487676352),(1832,'SUCCESS','codeset','INSERTING NEW DATA WITH ID #28',8,1487677803,8,1487677803),(1833,'SUCCESS','ppu_compulsory_monitored_emission_source','UPDATING DATA ID #2',8,1487677825,8,1487677825),(1834,'SUCCESS','log_dirty','INSERTING NEW DATA WITH ID #86',8,1487677825,8,1487677825),(1835,'SUCCESS','ppucmes_month','UPDATING DATA ID #1',8,1487677825,8,1487677825),(1836,'SUCCESS','ppucmes_month','UPDATING DATA ID #2',8,1487677825,8,1487677825),(1837,'SUCCESS','ppucmes_month','UPDATING DATA ID #3',8,1487677825,8,1487677825),(1838,'SUCCESS','ppucmes_month','UPDATING DATA ID #4',8,1487677825,8,1487677825),(1839,'SUCCESS','ppucmes_month','UPDATING DATA ID #5',8,1487677825,8,1487677825),(1840,'SUCCESS','ppucmes_month','UPDATING DATA ID #6',8,1487677825,8,1487677825),(1841,'SUCCESS','ppucmes_month','UPDATING DATA ID #7',8,1487677825,8,1487677825),(1842,'SUCCESS','ppucmes_month','UPDATING DATA ID #8',8,1487677825,8,1487677825),(1843,'SUCCESS','ppucmes_month','UPDATING DATA ID #9',8,1487677825,8,1487677825),(1844,'SUCCESS','ppucmes_month','UPDATING DATA ID #10',8,1487677825,8,1487677825),(1845,'SUCCESS','ppucmes_month','UPDATING DATA ID #11',8,1487677825,8,1487677825),(1846,'SUCCESS','ppucmes_month','UPDATING DATA ID #12',8,1487677825,8,1487677825),(1847,'SUCCESS','ppu_emission_load_grk','INSERTING NEW DATA WITH ID #1',8,1487745785,8,1487745785),(1848,'SUCCESS','ppu_emission_load_grk_calc','INSERTING NEW DATA WITH ID #1',8,1487745785,8,1487745785),(1849,'SUCCESS','ppu_emission_load_grk_calc','INSERTING NEW DATA WITH ID #2',8,1487745785,8,1487745785),(1850,'SUCCESS','ppu_emission_load_grk','UPDATING DATA ID #1',8,1487746141,8,1487746141),(1851,'SUCCESS','ppu_emission_load_grk','UPDATING DATA ID #1',8,1487746178,8,1487746178),(1852,'SUCCESS','ppu_emission_load_grk_calc','INSERTING NEW DATA WITH ID #3',8,1487746178,8,1487746178),(1853,'SUCCESS','ppu_emission_load_grk_calc','INSERTING NEW DATA WITH ID #4',8,1487746178,8,1487746178),(1854,'SUCCESS','ppu_parameter_obligation','UPDATING DATA ID #1',8,1487746257,8,1487746257),(1855,'SUCCESS','log_dirty','INSERTING NEW DATA WITH ID #87',8,1487746257,8,1487746257),(1856,'SUCCESS','ppu_parameter_obligation','UPDATING DATA ID #1',8,1487746279,8,1487746279),(1857,'SUCCESS','log_dirty','INSERTING NEW DATA WITH ID #88',8,1487746279,8,1487746279),(1858,'SUCCESS','ppu_emission_load_grk','UPDATING DATA ID #1',8,1487746462,8,1487746462),(1859,'SUCCESS','ppu_emission_load_grk_calc','UPDATING DATA ID #1',8,1487746462,8,1487746462),(1860,'SUCCESS','log_dirty','INSERTING NEW DATA WITH ID #89',8,1487746462,8,1487746462),(1861,'SUCCESS','ppu_emission_load_grk_calc','UPDATING DATA ID #2',8,1487746462,8,1487746462),(1862,'SUCCESS','ppu_emission_load_grk','UPDATING DATA ID #1',8,1487746612,8,1487746612),(1863,'SUCCESS','log_dirty','INSERTING NEW DATA WITH ID #90',8,1487746612,8,1487746612),(1864,'SUCCESS','ppu_emission_load_grk_calc','UPDATING DATA ID #1',8,1487746612,8,1487746612),(1865,'SUCCESS','ppu_emission_load_grk_calc','UPDATING DATA ID #2',8,1487746612,8,1487746612),(1866,'SUCCESS','ppu_emission_load_grk','UPDATING DATA ID #1',8,1487748744,8,1487748744),(1867,'SUCCESS','ppu_emission_load_grk_calc','UPDATING DATA ID #1',8,1487748744,8,1487748744),(1868,'SUCCESS','log_dirty','INSERTING NEW DATA WITH ID #91',8,1487748744,8,1487748744),(1869,'SUCCESS','ppu_emission_load_grk_calc','UPDATING DATA ID #2',8,1487748744,8,1487748744),(1870,'SUCCESS','ppu_emission_load_grk','UPDATING DATA ID #1',8,1487748758,8,1487748758),(1871,'SUCCESS','log_dirty','INSERTING NEW DATA WITH ID #92',8,1487748758,8,1487748758),(1872,'SUCCESS','ppu_emission_load_grk_calc','UPDATING DATA ID #1',8,1487748758,8,1487748758),(1873,'SUCCESS','ppu_emission_load_grk_calc','UPDATING DATA ID #2',8,1487748758,8,1487748758),(1874,'SUCCESS','codeset','INSERTING NEW DATA WITH ID #29',8,1487775071,8,1487775071),(1875,'SUCCESS','ppu_parameter_obligation','INSERTING NEW DATA WITH ID #2',8,1487775167,8,1487775167),(1876,'SUCCESS','ppupo_month','INSERTING NEW DATA WITH ID #13',8,1487775167,8,1487775167),(1877,'SUCCESS','ppupo_month','INSERTING NEW DATA WITH ID #14',8,1487775167,8,1487775167),(1878,'SUCCESS','ppupo_month','INSERTING NEW DATA WITH ID #15',8,1487775167,8,1487775167),(1879,'SUCCESS','ppupo_month','INSERTING NEW DATA WITH ID #16',8,1487775168,8,1487775168),(1880,'SUCCESS','ppupo_month','INSERTING NEW DATA WITH ID #17',8,1487775168,8,1487775168),(1881,'SUCCESS','ppupo_month','INSERTING NEW DATA WITH ID #18',8,1487775168,8,1487775168),(1882,'SUCCESS','ppupo_month','INSERTING NEW DATA WITH ID #19',8,1487775168,8,1487775168),(1883,'SUCCESS','ppupo_month','INSERTING NEW DATA WITH ID #20',8,1487775168,8,1487775168),(1884,'SUCCESS','ppupo_month','INSERTING NEW DATA WITH ID #21',8,1487775168,8,1487775168),(1885,'SUCCESS','ppupo_month','INSERTING NEW DATA WITH ID #22',8,1487775168,8,1487775168),(1886,'SUCCESS','ppupo_month','INSERTING NEW DATA WITH ID #23',8,1487775168,8,1487775168),(1887,'SUCCESS','ppupo_month','INSERTING NEW DATA WITH ID #24',8,1487775168,8,1487775168),(1888,'SUCCESS','ppu_parameter_obligation','UPDATING DATA ID #1',8,1487776557,8,1487776557),(1889,'SUCCESS','ppu_parameter_obligation','UPDATING DATA ID #1',8,1487790514,8,1487790514),(1890,'SUCCESS','ppu_parameter_obligation','UPDATING DATA ID #1',8,1487790596,8,1487790596),(1891,'SUCCESS','ppu_parameter_obligation','UPDATING DATA ID #1',8,1487790691,8,1487790691),(1892,'SUCCESS','ppu_parameter_obligation','UPDATING DATA ID #1',8,1487790794,8,1487790794),(1893,'SUCCESS','ppu_parameter_obligation','UPDATING DATA ID #1',8,1487791027,8,1487791027),(1894,'SUCCESS','ppu_parameter_obligation','UPDATING DATA ID #1',8,1487791045,8,1487791045),(1895,'SUCCESS','log_dirty','INSERTING NEW DATA WITH ID #93',8,1487791045,8,1487791045),(1896,'SUCCESS','ppu_parameter_obligation','UPDATING DATA ID #1',8,1487791094,8,1487791094),(1897,'SUCCESS','ppu_parameter_obligation','UPDATING DATA ID #1',8,1487791138,8,1487791138),(1898,'SUCCESS','ppupo_month','UPDATING DATA ID #1',8,1487791138,8,1487791138),(1899,'SUCCESS','log_dirty','INSERTING NEW DATA WITH ID #94',8,1487791138,8,1487791138),(1900,'SUCCESS','ppupo_month','UPDATING DATA ID #2',8,1487791138,8,1487791138),(1901,'SUCCESS','ppupo_month','UPDATING DATA ID #3',8,1487791138,8,1487791138),(1902,'SUCCESS','ppupo_month','UPDATING DATA ID #4',8,1487791138,8,1487791138),(1903,'SUCCESS','ppupo_month','UPDATING DATA ID #5',8,1487791138,8,1487791138),(1904,'SUCCESS','ppupo_month','UPDATING DATA ID #6',8,1487791138,8,1487791138),(1905,'SUCCESS','ppupo_month','UPDATING DATA ID #7',8,1487791138,8,1487791138),(1906,'SUCCESS','ppupo_month','UPDATING DATA ID #8',8,1487791138,8,1487791138),(1907,'SUCCESS','ppupo_month','UPDATING DATA ID #9',8,1487791138,8,1487791138),(1908,'SUCCESS','ppupo_month','UPDATING DATA ID #10',8,1487791138,8,1487791138),(1909,'SUCCESS','ppupo_month','UPDATING DATA ID #11',8,1487791138,8,1487791138),(1910,'SUCCESS','ppupo_month','UPDATING DATA ID #12',8,1487791138,8,1487791138),(1911,'SUCCESS','ppu_parameter_obligation','UPDATING DATA ID #2',8,1487791173,8,1487791173),(1912,'SUCCESS','ppupo_month','UPDATING DATA ID #13',8,1487791173,8,1487791173),(1913,'SUCCESS','ppupo_month','UPDATING DATA ID #14',8,1487791173,8,1487791173),(1914,'SUCCESS','log_dirty','INSERTING NEW DATA WITH ID #95',8,1487791173,8,1487791173),(1915,'SUCCESS','ppupo_month','UPDATING DATA ID #15',8,1487791173,8,1487791173),(1916,'SUCCESS','ppupo_month','UPDATING DATA ID #16',8,1487791173,8,1487791173),(1917,'SUCCESS','ppupo_month','UPDATING DATA ID #17',8,1487791173,8,1487791173),(1918,'SUCCESS','ppupo_month','UPDATING DATA ID #18',8,1487791173,8,1487791173),(1919,'SUCCESS','ppupo_month','UPDATING DATA ID #19',8,1487791173,8,1487791173),(1920,'SUCCESS','ppupo_month','UPDATING DATA ID #20',8,1487791173,8,1487791173),(1921,'SUCCESS','ppupo_month','UPDATING DATA ID #21',8,1487791173,8,1487791173),(1922,'SUCCESS','ppupo_month','UPDATING DATA ID #22',8,1487791173,8,1487791173),(1923,'SUCCESS','ppupo_month','UPDATING DATA ID #23',8,1487791173,8,1487791173),(1924,'SUCCESS','ppupo_month','UPDATING DATA ID #24',8,1487791173,8,1487791173),(1925,'SUCCESS','ppu_compulsory_monitored_emission_source','UPDATING DATA ID #2',8,1487791238,8,1487791238),(1926,'SUCCESS','log_dirty','INSERTING NEW DATA WITH ID #96',8,1487791238,8,1487791238),(1927,'SUCCESS','ppucmes_month','UPDATING DATA ID #1',8,1487791238,8,1487791238),(1928,'SUCCESS','ppucmes_month','UPDATING DATA ID #2',8,1487791238,8,1487791238),(1929,'SUCCESS','ppucmes_month','UPDATING DATA ID #3',8,1487791238,8,1487791238),(1930,'SUCCESS','ppucmes_month','UPDATING DATA ID #4',8,1487791238,8,1487791238),(1931,'SUCCESS','ppucmes_month','UPDATING DATA ID #5',8,1487791238,8,1487791238),(1932,'SUCCESS','ppucmes_month','UPDATING DATA ID #6',8,1487791238,8,1487791238),(1933,'SUCCESS','ppucmes_month','UPDATING DATA ID #7',8,1487791238,8,1487791238),(1934,'SUCCESS','ppucmes_month','UPDATING DATA ID #8',8,1487791238,8,1487791238),(1935,'SUCCESS','ppucmes_month','UPDATING DATA ID #9',8,1487791238,8,1487791238),(1936,'SUCCESS','ppucmes_month','UPDATING DATA ID #10',8,1487791238,8,1487791238),(1937,'SUCCESS','ppucmes_month','UPDATING DATA ID #11',8,1487791238,8,1487791238),(1938,'SUCCESS','ppucmes_month','UPDATING DATA ID #12',8,1487791238,8,1487791238),(1939,'SUCCESS','ppu_emission_source','INSERTING NEW DATA WITH ID #2',8,1487791777,8,1487791777),(1940,'SUCCESS','ppu_emission_source','UPDATING DATA ID #2',8,1487791794,8,1487791794),(1941,'SUCCESS','log_dirty','INSERTING NEW DATA WITH ID #97',8,1487791794,8,1487791794),(1942,'SUCCESS','ppu_compulsory_monitored_emission_source','INSERTING NEW DATA WITH ID #3',8,1487791855,8,1487791855),(1943,'SUCCESS','ppucmes_month','INSERTING NEW DATA WITH ID #13',8,1487791855,8,1487791855),(1944,'SUCCESS','ppucmes_month','INSERTING NEW DATA WITH ID #14',8,1487791855,8,1487791855),(1945,'SUCCESS','ppucmes_month','INSERTING NEW DATA WITH ID #15',8,1487791855,8,1487791855),(1946,'SUCCESS','ppucmes_month','INSERTING NEW DATA WITH ID #16',8,1487791855,8,1487791855),(1947,'SUCCESS','ppucmes_month','INSERTING NEW DATA WITH ID #17',8,1487791855,8,1487791855),(1948,'SUCCESS','ppucmes_month','INSERTING NEW DATA WITH ID #18',8,1487791855,8,1487791855),(1949,'SUCCESS','ppucmes_month','INSERTING NEW DATA WITH ID #19',8,1487791855,8,1487791855),(1950,'SUCCESS','ppucmes_month','INSERTING NEW DATA WITH ID #20',8,1487791855,8,1487791855),(1951,'SUCCESS','ppucmes_month','INSERTING NEW DATA WITH ID #21',8,1487791855,8,1487791855),(1952,'SUCCESS','ppucmes_month','INSERTING NEW DATA WITH ID #22',8,1487791855,8,1487791855),(1953,'SUCCESS','ppucmes_month','INSERTING NEW DATA WITH ID #23',8,1487791855,8,1487791855),(1954,'SUCCESS','ppucmes_month','INSERTING NEW DATA WITH ID #24',8,1487791855,8,1487791855),(1955,'SUCCESS','ppu_parameter_obligation','INSERTING NEW DATA WITH ID #3',8,1487791947,8,1487791947),(1956,'SUCCESS','ppupo_month','INSERTING NEW DATA WITH ID #25',8,1487791948,8,1487791948),(1957,'SUCCESS','ppupo_month','INSERTING NEW DATA WITH ID #26',8,1487791948,8,1487791948),(1958,'SUCCESS','ppupo_month','INSERTING NEW DATA WITH ID #27',8,1487791948,8,1487791948),(1959,'SUCCESS','ppupo_month','INSERTING NEW DATA WITH ID #28',8,1487791948,8,1487791948),(1960,'SUCCESS','ppupo_month','INSERTING NEW DATA WITH ID #29',8,1487791948,8,1487791948),(1961,'SUCCESS','ppupo_month','INSERTING NEW DATA WITH ID #30',8,1487791948,8,1487791948),(1962,'SUCCESS','ppupo_month','INSERTING NEW DATA WITH ID #31',8,1487791948,8,1487791948),(1963,'SUCCESS','ppupo_month','INSERTING NEW DATA WITH ID #32',8,1487791948,8,1487791948),(1964,'SUCCESS','ppupo_month','INSERTING NEW DATA WITH ID #33',8,1487791948,8,1487791948),(1965,'SUCCESS','ppupo_month','INSERTING NEW DATA WITH ID #34',8,1487791948,8,1487791948),(1966,'SUCCESS','ppupo_month','INSERTING NEW DATA WITH ID #35',8,1487791948,8,1487791948),(1967,'SUCCESS','ppupo_month','INSERTING NEW DATA WITH ID #36',8,1487791948,8,1487791948),(1968,'SUCCESS','ppu_parameter_obligation','INSERTING NEW DATA WITH ID #4',8,1487792013,8,1487792013),(1969,'SUCCESS','ppupo_month','INSERTING NEW DATA WITH ID #37',8,1487792013,8,1487792013),(1970,'SUCCESS','ppupo_month','INSERTING NEW DATA WITH ID #38',8,1487792013,8,1487792013),(1971,'SUCCESS','ppupo_month','INSERTING NEW DATA WITH ID #39',8,1487792013,8,1487792013),(1972,'SUCCESS','ppupo_month','INSERTING NEW DATA WITH ID #40',8,1487792013,8,1487792013),(1973,'SUCCESS','ppupo_month','INSERTING NEW DATA WITH ID #41',8,1487792013,8,1487792013),(1974,'SUCCESS','ppupo_month','INSERTING NEW DATA WITH ID #42',8,1487792013,8,1487792013),(1975,'SUCCESS','ppupo_month','INSERTING NEW DATA WITH ID #43',8,1487792013,8,1487792013),(1976,'SUCCESS','ppupo_month','INSERTING NEW DATA WITH ID #44',8,1487792013,8,1487792013),(1977,'SUCCESS','ppupo_month','INSERTING NEW DATA WITH ID #45',8,1487792013,8,1487792013),(1978,'SUCCESS','ppupo_month','INSERTING NEW DATA WITH ID #46',8,1487792013,8,1487792013),(1979,'SUCCESS','ppupo_month','INSERTING NEW DATA WITH ID #47',8,1487792013,8,1487792013),(1980,'SUCCESS','ppupo_month','INSERTING NEW DATA WITH ID #48',8,1487792013,8,1487792013),(1981,'SUCCESS','ppu_parameter_obligation','UPDATING DATA ID #3',8,1487792026,8,1487792026),(1982,'SUCCESS','ppupo_month','UPDATING DATA ID #25',8,1487792026,8,1487792026),(1983,'SUCCESS','ppupo_month','UPDATING DATA ID #26',8,1487792026,8,1487792026),(1984,'SUCCESS','ppupo_month','UPDATING DATA ID #27',8,1487792026,8,1487792026),(1985,'SUCCESS','ppupo_month','UPDATING DATA ID #28',8,1487792026,8,1487792026),(1986,'SUCCESS','ppupo_month','UPDATING DATA ID #29',8,1487792026,8,1487792026),(1987,'SUCCESS','ppupo_month','UPDATING DATA ID #30',8,1487792026,8,1487792026),(1988,'SUCCESS','ppupo_month','UPDATING DATA ID #31',8,1487792026,8,1487792026),(1989,'SUCCESS','ppupo_month','UPDATING DATA ID #32',8,1487792026,8,1487792026),(1990,'SUCCESS','ppupo_month','UPDATING DATA ID #33',8,1487792026,8,1487792026),(1991,'SUCCESS','ppupo_month','UPDATING DATA ID #34',8,1487792026,8,1487792026),(1992,'SUCCESS','ppupo_month','UPDATING DATA ID #35',8,1487792026,8,1487792026),(1993,'SUCCESS','ppupo_month','UPDATING DATA ID #36',8,1487792026,8,1487792026),(1994,'SUCCESS','ppu','UPDATING DATA ID #1',8,1487792049,8,1487792049),(1995,'SUCCESS','log_dirty','INSERTING NEW DATA WITH ID #98',8,1487792049,8,1487792049),(1996,'SUCCESS','ppu_parameter_obligation','INSERTING NEW DATA WITH ID #5',8,1487836653,8,1487836653),(1997,'SUCCESS','ppupo_month','INSERTING NEW DATA WITH ID #49',8,1487836653,8,1487836653),(1998,'SUCCESS','ppupo_month','INSERTING NEW DATA WITH ID #50',8,1487836653,8,1487836653),(1999,'SUCCESS','ppupo_month','INSERTING NEW DATA WITH ID #51',8,1487836653,8,1487836653),(2000,'SUCCESS','ppupo_month','INSERTING NEW DATA WITH ID #52',8,1487836653,8,1487836653),(2001,'SUCCESS','ppupo_month','INSERTING NEW DATA WITH ID #53',8,1487836653,8,1487836653),(2002,'SUCCESS','ppupo_month','INSERTING NEW DATA WITH ID #54',8,1487836653,8,1487836653),(2003,'SUCCESS','ppupo_month','INSERTING NEW DATA WITH ID #55',8,1487836653,8,1487836653),(2004,'SUCCESS','ppupo_month','INSERTING NEW DATA WITH ID #56',8,1487836653,8,1487836653),(2005,'SUCCESS','ppupo_month','INSERTING NEW DATA WITH ID #57',8,1487836653,8,1487836653),(2006,'SUCCESS','ppupo_month','INSERTING NEW DATA WITH ID #58',8,1487836653,8,1487836653),(2007,'SUCCESS','ppupo_month','INSERTING NEW DATA WITH ID #59',8,1487836653,8,1487836653),(2008,'SUCCESS','ppupo_month','INSERTING NEW DATA WITH ID #60',8,1487836653,8,1487836653),(2009,'SUCCESS','ppu_parameter_obligation','DELETING DATA ID #5',8,1487836755,8,1487836755),(2010,'SUCCESS','ppu_parameter_obligation','INSERTING NEW DATA WITH ID #6',8,1487836909,8,1487836909),(2011,'SUCCESS','ppupo_month','INSERTING NEW DATA WITH ID #61',8,1487836909,8,1487836909),(2012,'SUCCESS','ppupo_month','INSERTING NEW DATA WITH ID #62',8,1487836909,8,1487836909),(2013,'SUCCESS','ppupo_month','INSERTING NEW DATA WITH ID #63',8,1487836909,8,1487836909),(2014,'SUCCESS','ppupo_month','INSERTING NEW DATA WITH ID #64',8,1487836909,8,1487836909),(2015,'SUCCESS','ppupo_month','INSERTING NEW DATA WITH ID #65',8,1487836909,8,1487836909),(2016,'SUCCESS','ppupo_month','INSERTING NEW DATA WITH ID #66',8,1487836909,8,1487836909),(2017,'SUCCESS','ppupo_month','INSERTING NEW DATA WITH ID #67',8,1487836909,8,1487836909),(2018,'SUCCESS','ppupo_month','INSERTING NEW DATA WITH ID #68',8,1487836909,8,1487836909),(2019,'SUCCESS','ppupo_month','INSERTING NEW DATA WITH ID #69',8,1487836909,8,1487836909),(2020,'SUCCESS','ppupo_month','INSERTING NEW DATA WITH ID #70',8,1487836909,8,1487836909),(2021,'SUCCESS','ppupo_month','INSERTING NEW DATA WITH ID #71',8,1487836909,8,1487836909),(2022,'SUCCESS','ppupo_month','INSERTING NEW DATA WITH ID #72',8,1487836909,8,1487836909),(2023,'SUCCESS','ppu_parameter_obligation','INSERTING NEW DATA WITH ID #7',8,1487837356,8,1487837356),(2024,'SUCCESS','ppupo_month','INSERTING NEW DATA WITH ID #73',8,1487837356,8,1487837356),(2025,'SUCCESS','ppupo_month','INSERTING NEW DATA WITH ID #74',8,1487837356,8,1487837356),(2026,'SUCCESS','ppupo_month','INSERTING NEW DATA WITH ID #75',8,1487837356,8,1487837356),(2027,'SUCCESS','ppupo_month','INSERTING NEW DATA WITH ID #76',8,1487837356,8,1487837356),(2028,'SUCCESS','ppupo_month','INSERTING NEW DATA WITH ID #77',8,1487837356,8,1487837356),(2029,'SUCCESS','ppupo_month','INSERTING NEW DATA WITH ID #78',8,1487837356,8,1487837356),(2030,'SUCCESS','ppupo_month','INSERTING NEW DATA WITH ID #79',8,1487837356,8,1487837356),(2031,'SUCCESS','ppupo_month','INSERTING NEW DATA WITH ID #80',8,1487837356,8,1487837356),(2032,'SUCCESS','ppupo_month','INSERTING NEW DATA WITH ID #81',8,1487837356,8,1487837356),(2033,'SUCCESS','ppupo_month','INSERTING NEW DATA WITH ID #82',8,1487837356,8,1487837356),(2034,'SUCCESS','ppupo_month','INSERTING NEW DATA WITH ID #83',8,1487837356,8,1487837356),(2035,'SUCCESS','ppupo_month','INSERTING NEW DATA WITH ID #84',8,1487837356,8,1487837356),(2036,'SUCCESS','ppu_parameter_obligation','INSERTING NEW DATA WITH ID #8',8,1487837741,8,1487837741),(2037,'SUCCESS','ppupo_month','INSERTING NEW DATA WITH ID #85',8,1487837741,8,1487837741),(2038,'SUCCESS','ppupo_month','INSERTING NEW DATA WITH ID #86',8,1487837741,8,1487837741),(2039,'SUCCESS','ppupo_month','INSERTING NEW DATA WITH ID #87',8,1487837741,8,1487837741),(2040,'SUCCESS','ppupo_month','INSERTING NEW DATA WITH ID #88',8,1487837741,8,1487837741),(2041,'SUCCESS','ppupo_month','INSERTING NEW DATA WITH ID #89',8,1487837741,8,1487837741),(2042,'SUCCESS','ppupo_month','INSERTING NEW DATA WITH ID #90',8,1487837741,8,1487837741),(2043,'SUCCESS','ppupo_month','INSERTING NEW DATA WITH ID #91',8,1487837741,8,1487837741),(2044,'SUCCESS','ppupo_month','INSERTING NEW DATA WITH ID #92',8,1487837741,8,1487837741),(2045,'SUCCESS','ppupo_month','INSERTING NEW DATA WITH ID #93',8,1487837741,8,1487837741),(2046,'SUCCESS','ppupo_month','INSERTING NEW DATA WITH ID #94',8,1487837741,8,1487837741),(2047,'SUCCESS','ppupo_month','INSERTING NEW DATA WITH ID #95',8,1487837741,8,1487837741),(2048,'SUCCESS','ppupo_month','INSERTING NEW DATA WITH ID #96',8,1487837741,8,1487837741),(2049,'SUCCESS','ppu_parameter_obligation','INSERTING NEW DATA WITH ID #9',8,1487837807,8,1487837807),(2050,'SUCCESS','ppupo_month','INSERTING NEW DATA WITH ID #97',8,1487837807,8,1487837807),(2051,'SUCCESS','ppupo_month','INSERTING NEW DATA WITH ID #98',8,1487837807,8,1487837807),(2052,'SUCCESS','ppupo_month','INSERTING NEW DATA WITH ID #99',8,1487837807,8,1487837807),(2053,'SUCCESS','ppupo_month','INSERTING NEW DATA WITH ID #100',8,1487837807,8,1487837807),(2054,'SUCCESS','ppupo_month','INSERTING NEW DATA WITH ID #101',8,1487837807,8,1487837807),(2055,'SUCCESS','ppupo_month','INSERTING NEW DATA WITH ID #102',8,1487837807,8,1487837807),(2056,'SUCCESS','ppupo_month','INSERTING NEW DATA WITH ID #103',8,1487837807,8,1487837807),(2057,'SUCCESS','ppupo_month','INSERTING NEW DATA WITH ID #104',8,1487837807,8,1487837807),(2058,'SUCCESS','ppupo_month','INSERTING NEW DATA WITH ID #105',8,1487837807,8,1487837807),(2059,'SUCCESS','ppupo_month','INSERTING NEW DATA WITH ID #106',8,1487837807,8,1487837807),(2060,'SUCCESS','ppupo_month','INSERTING NEW DATA WITH ID #107',8,1487837807,8,1487837807),(2061,'SUCCESS','ppupo_month','INSERTING NEW DATA WITH ID #108',8,1487837807,8,1487837807),(2062,'SUCCESS','ppu_parameter_obligation','UPDATING DATA ID #8',8,1487838674,8,1487838674),(2063,'SUCCESS','ppupo_month','UPDATING DATA ID #85',8,1487838674,8,1487838674),(2064,'SUCCESS','ppupo_month','UPDATING DATA ID #86',8,1487838674,8,1487838674),(2065,'SUCCESS','ppupo_month','UPDATING DATA ID #87',8,1487838674,8,1487838674),(2066,'SUCCESS','ppupo_month','UPDATING DATA ID #88',8,1487838674,8,1487838674),(2067,'SUCCESS','ppupo_month','UPDATING DATA ID #89',8,1487838674,8,1487838674),(2068,'SUCCESS','ppupo_month','UPDATING DATA ID #90',8,1487838674,8,1487838674),(2069,'SUCCESS','ppupo_month','UPDATING DATA ID #91',8,1487838674,8,1487838674),(2070,'SUCCESS','ppupo_month','UPDATING DATA ID #92',8,1487838674,8,1487838674),(2071,'SUCCESS','ppupo_month','UPDATING DATA ID #93',8,1487838674,8,1487838674),(2072,'SUCCESS','ppupo_month','UPDATING DATA ID #94',8,1487838674,8,1487838674),(2073,'SUCCESS','ppupo_month','UPDATING DATA ID #95',8,1487838674,8,1487838674),(2074,'SUCCESS','ppupo_month','UPDATING DATA ID #96',8,1487838674,8,1487838674),(2075,'SUCCESS','ppu_parameter_obligation','UPDATING DATA ID #9',8,1487838686,8,1487838686),(2076,'SUCCESS','ppupo_month','UPDATING DATA ID #97',8,1487838686,8,1487838686),(2077,'SUCCESS','ppupo_month','UPDATING DATA ID #98',8,1487838686,8,1487838686),(2078,'SUCCESS','ppupo_month','UPDATING DATA ID #99',8,1487838686,8,1487838686),(2079,'SUCCESS','ppupo_month','UPDATING DATA ID #100',8,1487838686,8,1487838686),(2080,'SUCCESS','ppupo_month','UPDATING DATA ID #101',8,1487838686,8,1487838686),(2081,'SUCCESS','ppupo_month','UPDATING DATA ID #102',8,1487838686,8,1487838686),(2082,'SUCCESS','ppupo_month','UPDATING DATA ID #103',8,1487838686,8,1487838686),(2083,'SUCCESS','ppupo_month','UPDATING DATA ID #104',8,1487838686,8,1487838686),(2084,'SUCCESS','ppupo_month','UPDATING DATA ID #105',8,1487838686,8,1487838686),(2085,'SUCCESS','ppupo_month','UPDATING DATA ID #106',8,1487838686,8,1487838686),(2086,'SUCCESS','ppupo_month','UPDATING DATA ID #107',8,1487838686,8,1487838686),(2087,'SUCCESS','ppupo_month','UPDATING DATA ID #108',8,1487838686,8,1487838686),(2088,'SUCCESS','ppu_parameter_obligation','INSERTING NEW DATA WITH ID #10',8,1487839448,8,1487839448),(2089,'SUCCESS','ppupo_month','INSERTING NEW DATA WITH ID #109',8,1487839448,8,1487839448),(2090,'SUCCESS','ppupo_month','INSERTING NEW DATA WITH ID #110',8,1487839448,8,1487839448),(2091,'SUCCESS','ppupo_month','INSERTING NEW DATA WITH ID #111',8,1487839448,8,1487839448),(2092,'SUCCESS','ppupo_month','INSERTING NEW DATA WITH ID #112',8,1487839448,8,1487839448),(2093,'SUCCESS','ppupo_month','INSERTING NEW DATA WITH ID #113',8,1487839448,8,1487839448),(2094,'SUCCESS','ppupo_month','INSERTING NEW DATA WITH ID #114',8,1487839448,8,1487839448),(2095,'SUCCESS','ppupo_month','INSERTING NEW DATA WITH ID #115',8,1487839448,8,1487839448),(2096,'SUCCESS','ppupo_month','INSERTING NEW DATA WITH ID #116',8,1487839448,8,1487839448),(2097,'SUCCESS','ppupo_month','INSERTING NEW DATA WITH ID #117',8,1487839448,8,1487839448),(2098,'SUCCESS','ppupo_month','INSERTING NEW DATA WITH ID #118',8,1487839448,8,1487839448),(2099,'SUCCESS','ppupo_month','INSERTING NEW DATA WITH ID #119',8,1487839448,8,1487839448),(2100,'SUCCESS','ppupo_month','INSERTING NEW DATA WITH ID #120',8,1487839448,8,1487839448),(2101,'SUCCESS','ppu_parameter_obligation','INSERTING NEW DATA WITH ID #11',8,1487839517,8,1487839517),(2102,'SUCCESS','ppupo_month','INSERTING NEW DATA WITH ID #121',8,1487839517,8,1487839517),(2103,'SUCCESS','ppupo_month','INSERTING NEW DATA WITH ID #122',8,1487839517,8,1487839517),(2104,'SUCCESS','ppupo_month','INSERTING NEW DATA WITH ID #123',8,1487839517,8,1487839517),(2105,'SUCCESS','ppupo_month','INSERTING NEW DATA WITH ID #124',8,1487839517,8,1487839517),(2106,'SUCCESS','ppupo_month','INSERTING NEW DATA WITH ID #125',8,1487839517,8,1487839517),(2107,'SUCCESS','ppupo_month','INSERTING NEW DATA WITH ID #126',8,1487839517,8,1487839517),(2108,'SUCCESS','ppupo_month','INSERTING NEW DATA WITH ID #127',8,1487839517,8,1487839517),(2109,'SUCCESS','ppupo_month','INSERTING NEW DATA WITH ID #128',8,1487839517,8,1487839517),(2110,'SUCCESS','ppupo_month','INSERTING NEW DATA WITH ID #129',8,1487839518,8,1487839518),(2111,'SUCCESS','ppupo_month','INSERTING NEW DATA WITH ID #130',8,1487839518,8,1487839518),(2112,'SUCCESS','ppupo_month','INSERTING NEW DATA WITH ID #131',8,1487839518,8,1487839518),(2113,'SUCCESS','ppupo_month','INSERTING NEW DATA WITH ID #132',8,1487839518,8,1487839518),(2114,'SUCCESS','ppu_parameter_obligation','UPDATING DATA ID #8',8,1487841784,8,1487841784),(2115,'SUCCESS','ppupo_month','UPDATING DATA ID #85',8,1487841784,8,1487841784),(2116,'SUCCESS','ppupo_month','UPDATING DATA ID #86',8,1487841784,8,1487841784),(2117,'SUCCESS','ppupo_month','UPDATING DATA ID #87',8,1487841784,8,1487841784),(2118,'SUCCESS','ppupo_month','UPDATING DATA ID #88',8,1487841784,8,1487841784),(2119,'SUCCESS','ppupo_month','UPDATING DATA ID #89',8,1487841784,8,1487841784),(2120,'SUCCESS','ppupo_month','UPDATING DATA ID #90',8,1487841784,8,1487841784),(2121,'SUCCESS','ppupo_month','UPDATING DATA ID #91',8,1487841784,8,1487841784),(2122,'SUCCESS','ppupo_month','UPDATING DATA ID #92',8,1487841784,8,1487841784),(2123,'SUCCESS','ppupo_month','UPDATING DATA ID #93',8,1487841784,8,1487841784),(2124,'SUCCESS','ppupo_month','UPDATING DATA ID #94',8,1487841784,8,1487841784),(2125,'SUCCESS','ppupo_month','UPDATING DATA ID #95',8,1487841784,8,1487841784),(2126,'SUCCESS','ppupo_month','UPDATING DATA ID #96',8,1487841784,8,1487841784),(2127,'SUCCESS','ppu_parameter_obligation','UPDATING DATA ID #9',8,1487841795,8,1487841795),(2128,'SUCCESS','ppupo_month','UPDATING DATA ID #97',8,1487841795,8,1487841795),(2129,'SUCCESS','ppupo_month','UPDATING DATA ID #98',8,1487841795,8,1487841795),(2130,'SUCCESS','ppupo_month','UPDATING DATA ID #99',8,1487841795,8,1487841795),(2131,'SUCCESS','ppupo_month','UPDATING DATA ID #100',8,1487841795,8,1487841795),(2132,'SUCCESS','ppupo_month','UPDATING DATA ID #101',8,1487841795,8,1487841795),(2133,'SUCCESS','ppupo_month','UPDATING DATA ID #102',8,1487841795,8,1487841795),(2134,'SUCCESS','ppupo_month','UPDATING DATA ID #103',8,1487841795,8,1487841795),(2135,'SUCCESS','ppupo_month','UPDATING DATA ID #104',8,1487841795,8,1487841795),(2136,'SUCCESS','ppupo_month','UPDATING DATA ID #105',8,1487841795,8,1487841795),(2137,'SUCCESS','ppupo_month','UPDATING DATA ID #106',8,1487841796,8,1487841796),(2138,'SUCCESS','ppupo_month','UPDATING DATA ID #107',8,1487841796,8,1487841796),(2139,'SUCCESS','ppupo_month','UPDATING DATA ID #108',8,1487841796,8,1487841796),(2140,'SUCCESS','ppu_compulsory_monitored_emission_source','UPDATING DATA ID #2',8,1487841876,8,1487841876),(2141,'SUCCESS','log_dirty','INSERTING NEW DATA WITH ID #99',8,1487841877,8,1487841877),(2142,'SUCCESS','ppucmes_month','UPDATING DATA ID #1',8,1487841877,8,1487841877),(2143,'SUCCESS','log_dirty','INSERTING NEW DATA WITH ID #100',8,1487841877,8,1487841877),(2144,'SUCCESS','ppucmes_month','UPDATING DATA ID #2',8,1487841877,8,1487841877),(2145,'SUCCESS','log_dirty','INSERTING NEW DATA WITH ID #101',8,1487841877,8,1487841877),(2146,'SUCCESS','ppucmes_month','UPDATING DATA ID #3',8,1487841877,8,1487841877),(2147,'SUCCESS','log_dirty','INSERTING NEW DATA WITH ID #102',8,1487841877,8,1487841877),(2148,'SUCCESS','ppucmes_month','UPDATING DATA ID #4',8,1487841877,8,1487841877),(2149,'SUCCESS','log_dirty','INSERTING NEW DATA WITH ID #103',8,1487841877,8,1487841877),(2150,'SUCCESS','ppucmes_month','UPDATING DATA ID #5',8,1487841877,8,1487841877),(2151,'SUCCESS','log_dirty','INSERTING NEW DATA WITH ID #104',8,1487841877,8,1487841877),(2152,'SUCCESS','ppucmes_month','UPDATING DATA ID #6',8,1487841877,8,1487841877),(2153,'SUCCESS','log_dirty','INSERTING NEW DATA WITH ID #105',8,1487841877,8,1487841877),(2154,'SUCCESS','ppucmes_month','UPDATING DATA ID #7',8,1487841877,8,1487841877),(2155,'SUCCESS','log_dirty','INSERTING NEW DATA WITH ID #106',8,1487841877,8,1487841877),(2156,'SUCCESS','ppucmes_month','UPDATING DATA ID #8',8,1487841877,8,1487841877),(2157,'SUCCESS','log_dirty','INSERTING NEW DATA WITH ID #107',8,1487841877,8,1487841877),(2158,'SUCCESS','ppucmes_month','UPDATING DATA ID #9',8,1487841877,8,1487841877),(2159,'SUCCESS','log_dirty','INSERTING NEW DATA WITH ID #108',8,1487841877,8,1487841877),(2160,'SUCCESS','ppucmes_month','UPDATING DATA ID #10',8,1487841877,8,1487841877),(2161,'SUCCESS','log_dirty','INSERTING NEW DATA WITH ID #109',8,1487841877,8,1487841877),(2162,'SUCCESS','ppucmes_month','UPDATING DATA ID #11',8,1487841877,8,1487841877),(2163,'SUCCESS','log_dirty','INSERTING NEW DATA WITH ID #110',8,1487841877,8,1487841877),(2164,'SUCCESS','ppucmes_month','UPDATING DATA ID #12',8,1487841877,8,1487841877),(2165,'SUCCESS','log_dirty','INSERTING NEW DATA WITH ID #111',8,1487841877,8,1487841877),(2166,'SUCCESS','ppu_compulsory_monitored_emission_source','UPDATING DATA ID #3',8,1487841902,8,1487841902),(2167,'SUCCESS','log_dirty','INSERTING NEW DATA WITH ID #112',8,1487841902,8,1487841902),(2168,'SUCCESS','ppucmes_month','UPDATING DATA ID #13',8,1487841902,8,1487841902),(2169,'SUCCESS','log_dirty','INSERTING NEW DATA WITH ID #113',8,1487841902,8,1487841902),(2170,'SUCCESS','ppucmes_month','UPDATING DATA ID #14',8,1487841902,8,1487841902),(2171,'SUCCESS','log_dirty','INSERTING NEW DATA WITH ID #114',8,1487841902,8,1487841902),(2172,'SUCCESS','ppucmes_month','UPDATING DATA ID #15',8,1487841902,8,1487841902),(2173,'SUCCESS','log_dirty','INSERTING NEW DATA WITH ID #115',8,1487841902,8,1487841902),(2174,'SUCCESS','ppucmes_month','UPDATING DATA ID #16',8,1487841902,8,1487841902),(2175,'SUCCESS','log_dirty','INSERTING NEW DATA WITH ID #116',8,1487841902,8,1487841902),(2176,'SUCCESS','ppucmes_month','UPDATING DATA ID #17',8,1487841902,8,1487841902),(2177,'SUCCESS','log_dirty','INSERTING NEW DATA WITH ID #117',8,1487841902,8,1487841902),(2178,'SUCCESS','ppucmes_month','UPDATING DATA ID #18',8,1487841902,8,1487841902),(2179,'SUCCESS','log_dirty','INSERTING NEW DATA WITH ID #118',8,1487841902,8,1487841902),(2180,'SUCCESS','ppucmes_month','UPDATING DATA ID #19',8,1487841902,8,1487841902),(2181,'SUCCESS','log_dirty','INSERTING NEW DATA WITH ID #119',8,1487841902,8,1487841902),(2182,'SUCCESS','ppucmes_month','UPDATING DATA ID #20',8,1487841902,8,1487841902),(2183,'SUCCESS','log_dirty','INSERTING NEW DATA WITH ID #120',8,1487841902,8,1487841902),(2184,'SUCCESS','ppucmes_month','UPDATING DATA ID #21',8,1487841902,8,1487841902),(2185,'SUCCESS','log_dirty','INSERTING NEW DATA WITH ID #121',8,1487841902,8,1487841902),(2186,'SUCCESS','ppucmes_month','UPDATING DATA ID #22',8,1487841902,8,1487841902),(2187,'SUCCESS','log_dirty','INSERTING NEW DATA WITH ID #122',8,1487841903,8,1487841903),(2188,'SUCCESS','ppucmes_month','UPDATING DATA ID #23',8,1487841903,8,1487841903),(2189,'SUCCESS','log_dirty','INSERTING NEW DATA WITH ID #123',8,1487841903,8,1487841903),(2190,'SUCCESS','ppucmes_month','UPDATING DATA ID #24',8,1487841903,8,1487841903),(2191,'SUCCESS','log_dirty','INSERTING NEW DATA WITH ID #124',8,1487841903,8,1487841903),(2192,'SUCCESS','ppu_parameter_obligation','UPDATING DATA ID #8',8,1487842148,8,1487842148),(2193,'SUCCESS','ppupo_month','UPDATING DATA ID #85',8,1487842149,8,1487842149),(2194,'SUCCESS','ppupo_month','UPDATING DATA ID #86',8,1487842149,8,1487842149),(2195,'SUCCESS','log_dirty','INSERTING NEW DATA WITH ID #125',8,1487842149,8,1487842149),(2196,'SUCCESS','ppupo_month','UPDATING DATA ID #87',8,1487842149,8,1487842149),(2197,'SUCCESS','ppupo_month','UPDATING DATA ID #88',8,1487842149,8,1487842149),(2198,'SUCCESS','ppupo_month','UPDATING DATA ID #89',8,1487842150,8,1487842150),(2199,'SUCCESS','ppupo_month','UPDATING DATA ID #90',8,1487842150,8,1487842150),(2200,'SUCCESS','log_dirty','INSERTING NEW DATA WITH ID #126',8,1487842150,8,1487842150),(2201,'SUCCESS','ppupo_month','UPDATING DATA ID #91',8,1487842150,8,1487842150),(2202,'SUCCESS','ppupo_month','UPDATING DATA ID #92',8,1487842150,8,1487842150),(2203,'SUCCESS','ppupo_month','UPDATING DATA ID #93',8,1487842150,8,1487842150),(2204,'SUCCESS','log_dirty','INSERTING NEW DATA WITH ID #127',8,1487842150,8,1487842150),(2205,'SUCCESS','ppupo_month','UPDATING DATA ID #94',8,1487842150,8,1487842150),(2206,'SUCCESS','ppupo_month','UPDATING DATA ID #95',8,1487842150,8,1487842150),(2207,'SUCCESS','ppupo_month','UPDATING DATA ID #96',8,1487842150,8,1487842150),(2208,'SUCCESS','ppu_parameter_obligation','UPDATING DATA ID #9',8,1487842172,8,1487842172),(2209,'SUCCESS','ppupo_month','UPDATING DATA ID #97',8,1487842172,8,1487842172),(2210,'SUCCESS','ppupo_month','UPDATING DATA ID #98',8,1487842172,8,1487842172),(2211,'SUCCESS','ppupo_month','UPDATING DATA ID #99',8,1487842172,8,1487842172),(2212,'SUCCESS','ppupo_month','UPDATING DATA ID #100',8,1487842172,8,1487842172),(2213,'SUCCESS','ppupo_month','UPDATING DATA ID #101',8,1487842172,8,1487842172),(2214,'SUCCESS','ppupo_month','UPDATING DATA ID #102',8,1487842172,8,1487842172),(2215,'SUCCESS','ppupo_month','UPDATING DATA ID #103',8,1487842172,8,1487842172),(2216,'SUCCESS','ppupo_month','UPDATING DATA ID #104',8,1487842172,8,1487842172),(2217,'SUCCESS','ppupo_month','UPDATING DATA ID #105',8,1487842172,8,1487842172),(2218,'SUCCESS','ppupo_month','UPDATING DATA ID #106',8,1487842172,8,1487842172),(2219,'SUCCESS','ppupo_month','UPDATING DATA ID #107',8,1487842172,8,1487842172),(2220,'SUCCESS','ppupo_month','UPDATING DATA ID #108',8,1487842172,8,1487842172),(2221,'SUCCESS','ppu_parameter_obligation','UPDATING DATA ID #10',8,1487842240,8,1487842240),(2222,'SUCCESS','ppupo_month','UPDATING DATA ID #109',8,1487842240,8,1487842240),(2223,'SUCCESS','ppupo_month','UPDATING DATA ID #110',8,1487842240,8,1487842240),(2224,'SUCCESS','ppupo_month','UPDATING DATA ID #111',8,1487842240,8,1487842240),(2225,'SUCCESS','log_dirty','INSERTING NEW DATA WITH ID #128',8,1487842240,8,1487842240),(2226,'SUCCESS','ppupo_month','UPDATING DATA ID #112',8,1487842240,8,1487842240),(2227,'SUCCESS','ppupo_month','UPDATING DATA ID #113',8,1487842240,8,1487842240),(2228,'SUCCESS','log_dirty','INSERTING NEW DATA WITH ID #129',8,1487842240,8,1487842240),(2229,'SUCCESS','ppupo_month','UPDATING DATA ID #114',8,1487842240,8,1487842240),(2230,'SUCCESS','ppupo_month','UPDATING DATA ID #115',8,1487842240,8,1487842240),(2231,'SUCCESS','ppupo_month','UPDATING DATA ID #116',8,1487842240,8,1487842240),(2232,'SUCCESS','ppupo_month','UPDATING DATA ID #117',8,1487842240,8,1487842240),(2233,'SUCCESS','ppupo_month','UPDATING DATA ID #118',8,1487842240,8,1487842240),(2234,'SUCCESS','ppupo_month','UPDATING DATA ID #119',8,1487842240,8,1487842240),(2235,'SUCCESS','ppupo_month','UPDATING DATA ID #120',8,1487842240,8,1487842240),(2236,'SUCCESS','codeset','INSERTING NEW DATA WITH ID #30',8,1487842345,8,1487842345),(2237,'SUCCESS','codeset','INSERTING NEW DATA WITH ID #31',8,1487842359,8,1487842359),(2238,'SUCCESS','codeset','INSERTING NEW DATA WITH ID #32',8,1487842427,8,1487842427),(2239,'SUCCESS','ppu_parameter_obligation','UPDATING DATA ID #10',8,1487842455,8,1487842455),(2240,'SUCCESS','log_dirty','INSERTING NEW DATA WITH ID #130',8,1487842455,8,1487842455),(2241,'SUCCESS','ppupo_month','UPDATING DATA ID #109',8,1487842455,8,1487842455),(2242,'SUCCESS','ppupo_month','UPDATING DATA ID #110',8,1487842455,8,1487842455),(2243,'SUCCESS','ppupo_month','UPDATING DATA ID #111',8,1487842455,8,1487842455),(2244,'SUCCESS','ppupo_month','UPDATING DATA ID #112',8,1487842455,8,1487842455),(2245,'SUCCESS','ppupo_month','UPDATING DATA ID #113',8,1487842455,8,1487842455),(2246,'SUCCESS','ppupo_month','UPDATING DATA ID #114',8,1487842455,8,1487842455),(2247,'SUCCESS','ppupo_month','UPDATING DATA ID #115',8,1487842455,8,1487842455),(2248,'SUCCESS','ppupo_month','UPDATING DATA ID #116',8,1487842455,8,1487842455),(2249,'SUCCESS','ppupo_month','UPDATING DATA ID #117',8,1487842455,8,1487842455),(2250,'SUCCESS','ppupo_month','UPDATING DATA ID #118',8,1487842455,8,1487842455),(2251,'SUCCESS','ppupo_month','UPDATING DATA ID #119',8,1487842455,8,1487842455),(2252,'SUCCESS','ppupo_month','UPDATING DATA ID #120',8,1487842455,8,1487842455),(2253,'SUCCESS','ppu_parameter_obligation','UPDATING DATA ID #10',8,1487842456,8,1487842456),(2254,'SUCCESS','ppupo_month','UPDATING DATA ID #109',8,1487842456,8,1487842456),(2255,'SUCCESS','ppupo_month','UPDATING DATA ID #110',8,1487842456,8,1487842456),(2256,'SUCCESS','ppupo_month','UPDATING DATA ID #111',8,1487842456,8,1487842456),(2257,'SUCCESS','ppupo_month','UPDATING DATA ID #112',8,1487842456,8,1487842456),(2258,'SUCCESS','ppupo_month','UPDATING DATA ID #113',8,1487842456,8,1487842456),(2259,'SUCCESS','ppupo_month','UPDATING DATA ID #114',8,1487842456,8,1487842456),(2260,'SUCCESS','ppupo_month','UPDATING DATA ID #115',8,1487842456,8,1487842456),(2261,'SUCCESS','ppupo_month','UPDATING DATA ID #116',8,1487842456,8,1487842456),(2262,'SUCCESS','ppupo_month','UPDATING DATA ID #117',8,1487842456,8,1487842456),(2263,'SUCCESS','ppupo_month','UPDATING DATA ID #118',8,1487842456,8,1487842456),(2264,'SUCCESS','ppupo_month','UPDATING DATA ID #119',8,1487842456,8,1487842456),(2265,'SUCCESS','ppupo_month','UPDATING DATA ID #120',8,1487842456,8,1487842456),(2266,'SUCCESS','ppu_parameter_obligation','UPDATING DATA ID #11',8,1487842468,8,1487842468),(2267,'SUCCESS','log_dirty','INSERTING NEW DATA WITH ID #131',8,1487842468,8,1487842468),(2268,'SUCCESS','ppupo_month','UPDATING DATA ID #121',8,1487842468,8,1487842468),(2269,'SUCCESS','ppupo_month','UPDATING DATA ID #122',8,1487842468,8,1487842468),(2270,'SUCCESS','ppupo_month','UPDATING DATA ID #123',8,1487842468,8,1487842468),(2271,'SUCCESS','ppupo_month','UPDATING DATA ID #124',8,1487842468,8,1487842468),(2272,'SUCCESS','ppupo_month','UPDATING DATA ID #125',8,1487842468,8,1487842468),(2273,'SUCCESS','ppupo_month','UPDATING DATA ID #126',8,1487842468,8,1487842468),(2274,'SUCCESS','ppupo_month','UPDATING DATA ID #127',8,1487842468,8,1487842468),(2275,'SUCCESS','ppupo_month','UPDATING DATA ID #128',8,1487842468,8,1487842468),(2276,'SUCCESS','ppupo_month','UPDATING DATA ID #129',8,1487842468,8,1487842468),(2277,'SUCCESS','ppupo_month','UPDATING DATA ID #130',8,1487842468,8,1487842468),(2278,'SUCCESS','ppupo_month','UPDATING DATA ID #131',8,1487842468,8,1487842468),(2279,'SUCCESS','ppupo_month','UPDATING DATA ID #132',8,1487842468,8,1487842468),(2280,'SUCCESS','ppu_parameter_obligation','INSERTING NEW DATA WITH ID #12',8,1487842526,8,1487842526),(2281,'SUCCESS','ppupo_month','INSERTING NEW DATA WITH ID #133',8,1487842526,8,1487842526),(2282,'SUCCESS','ppupo_month','INSERTING NEW DATA WITH ID #134',8,1487842526,8,1487842526),(2283,'SUCCESS','ppupo_month','INSERTING NEW DATA WITH ID #135',8,1487842526,8,1487842526),(2284,'SUCCESS','ppupo_month','INSERTING NEW DATA WITH ID #136',8,1487842526,8,1487842526),(2285,'SUCCESS','ppupo_month','INSERTING NEW DATA WITH ID #137',8,1487842526,8,1487842526),(2286,'SUCCESS','ppupo_month','INSERTING NEW DATA WITH ID #138',8,1487842526,8,1487842526),(2287,'SUCCESS','ppupo_month','INSERTING NEW DATA WITH ID #139',8,1487842526,8,1487842526),(2288,'SUCCESS','ppupo_month','INSERTING NEW DATA WITH ID #140',8,1487842526,8,1487842526),(2289,'SUCCESS','ppupo_month','INSERTING NEW DATA WITH ID #141',8,1487842526,8,1487842526),(2290,'SUCCESS','ppupo_month','INSERTING NEW DATA WITH ID #142',8,1487842526,8,1487842526),(2291,'SUCCESS','ppupo_month','INSERTING NEW DATA WITH ID #143',8,1487842526,8,1487842526),(2292,'SUCCESS','ppupo_month','INSERTING NEW DATA WITH ID #144',8,1487842526,8,1487842526),(2293,'SUCCESS','ppu_parameter_obligation','INSERTING NEW DATA WITH ID #13',8,1487842556,8,1487842556),(2294,'SUCCESS','ppupo_month','INSERTING NEW DATA WITH ID #145',8,1487842556,8,1487842556),(2295,'SUCCESS','ppupo_month','INSERTING NEW DATA WITH ID #146',8,1487842556,8,1487842556),(2296,'SUCCESS','ppupo_month','INSERTING NEW DATA WITH ID #147',8,1487842556,8,1487842556),(2297,'SUCCESS','ppupo_month','INSERTING NEW DATA WITH ID #148',8,1487842556,8,1487842556),(2298,'SUCCESS','ppupo_month','INSERTING NEW DATA WITH ID #149',8,1487842557,8,1487842557),(2299,'SUCCESS','ppupo_month','INSERTING NEW DATA WITH ID #150',8,1487842557,8,1487842557),(2300,'SUCCESS','ppupo_month','INSERTING NEW DATA WITH ID #151',8,1487842557,8,1487842557),(2301,'SUCCESS','ppupo_month','INSERTING NEW DATA WITH ID #152',8,1487842557,8,1487842557),(2302,'SUCCESS','ppupo_month','INSERTING NEW DATA WITH ID #153',8,1487842557,8,1487842557),(2303,'SUCCESS','ppupo_month','INSERTING NEW DATA WITH ID #154',8,1487842557,8,1487842557),(2304,'SUCCESS','ppupo_month','INSERTING NEW DATA WITH ID #155',8,1487842557,8,1487842557),(2305,'SUCCESS','ppupo_month','INSERTING NEW DATA WITH ID #156',8,1487842557,8,1487842557),(2306,'SUCCESS','ppu_parameter_obligation','INSERTING NEW DATA WITH ID #14',8,1487842621,8,1487842621),(2307,'SUCCESS','ppupo_month','INSERTING NEW DATA WITH ID #157',8,1487842621,8,1487842621),(2308,'SUCCESS','ppupo_month','INSERTING NEW DATA WITH ID #158',8,1487842621,8,1487842621),(2309,'SUCCESS','ppupo_month','INSERTING NEW DATA WITH ID #159',8,1487842621,8,1487842621),(2310,'SUCCESS','ppupo_month','INSERTING NEW DATA WITH ID #160',8,1487842622,8,1487842622),(2311,'SUCCESS','ppupo_month','INSERTING NEW DATA WITH ID #161',8,1487842622,8,1487842622),(2312,'SUCCESS','ppupo_month','INSERTING NEW DATA WITH ID #162',8,1487842622,8,1487842622),(2313,'SUCCESS','ppupo_month','INSERTING NEW DATA WITH ID #163',8,1487842622,8,1487842622),(2314,'SUCCESS','ppupo_month','INSERTING NEW DATA WITH ID #164',8,1487842622,8,1487842622),(2315,'SUCCESS','ppupo_month','INSERTING NEW DATA WITH ID #165',8,1487842622,8,1487842622),(2316,'SUCCESS','ppupo_month','INSERTING NEW DATA WITH ID #166',8,1487842622,8,1487842622),(2317,'SUCCESS','ppupo_month','INSERTING NEW DATA WITH ID #167',8,1487842622,8,1487842622),(2318,'SUCCESS','ppupo_month','INSERTING NEW DATA WITH ID #168',8,1487842622,8,1487842622),(2319,'SUCCESS','ppu_parameter_obligation','INSERTING NEW DATA WITH ID #15',8,1487842669,8,1487842669),(2320,'SUCCESS','ppupo_month','INSERTING NEW DATA WITH ID #169',8,1487842669,8,1487842669),(2321,'SUCCESS','ppupo_month','INSERTING NEW DATA WITH ID #170',8,1487842669,8,1487842669),(2322,'SUCCESS','ppupo_month','INSERTING NEW DATA WITH ID #171',8,1487842669,8,1487842669),(2323,'SUCCESS','ppupo_month','INSERTING NEW DATA WITH ID #172',8,1487842669,8,1487842669),(2324,'SUCCESS','ppupo_month','INSERTING NEW DATA WITH ID #173',8,1487842669,8,1487842669),(2325,'SUCCESS','ppupo_month','INSERTING NEW DATA WITH ID #174',8,1487842669,8,1487842669),(2326,'SUCCESS','ppupo_month','INSERTING NEW DATA WITH ID #175',8,1487842669,8,1487842669),(2327,'SUCCESS','ppupo_month','INSERTING NEW DATA WITH ID #176',8,1487842669,8,1487842669),(2328,'SUCCESS','ppupo_month','INSERTING NEW DATA WITH ID #177',8,1487842669,8,1487842669),(2329,'SUCCESS','ppupo_month','INSERTING NEW DATA WITH ID #178',8,1487842669,8,1487842669),(2330,'SUCCESS','ppupo_month','INSERTING NEW DATA WITH ID #179',8,1487842669,8,1487842669),(2331,'SUCCESS','ppupo_month','INSERTING NEW DATA WITH ID #180',8,1487842669,8,1487842669),(2332,'SUCCESS','ppu_question','INSERTING NEW DATA WITH ID #1',8,1487928179,8,1487928179),(2333,'SUCCESS','ppu_question','INSERTING NEW DATA WITH ID #2',8,1487928199,8,1487928199),(2334,'SUCCESS','ppu_question','INSERTING NEW DATA WITH ID #3',8,1487928227,8,1487928227),(2335,'SUCCESS','ppu_technical_provision','INSERTING NEW DATA WITH ID #1',8,1487930067,8,1487930067),(2336,'SUCCESS','ppu_technical_provision','INSERTING NEW DATA WITH ID #2',8,1487933367,8,1487933367),(2337,'SUCCESS','ppu_technical_provision','INSERTING NEW DATA WITH ID #3',8,1487933378,8,1487933378),(2338,'SUCCESS','ppu_technical_provision','INSERTING NEW DATA WITH ID #4',8,1487943397,8,1487943397),(2339,'SUCCESS','ppu_technical_provision','INSERTING NEW DATA WITH ID #5',8,1487943467,8,1487943467),(2340,'SUCCESS','ppu_technical_provision','INSERTING NEW DATA WITH ID #6',8,1487943517,8,1487943517),(2341,'SUCCESS','ppu_technical_provision','INSERTING NEW DATA WITH ID #1',8,1488011279,8,1488011279),(2342,'SUCCESS','ppu_technical_provision_detail','INSERTING NEW DATA WITH ID #1',8,1488011279,8,1488011279),(2343,'SUCCESS','ppu_technical_provision_detail','INSERTING NEW DATA WITH ID #2',8,1488011279,8,1488011279),(2344,'SUCCESS','ppu_technical_provision_detail','INSERTING NEW DATA WITH ID #3',8,1488011280,8,1488011280),(2345,'SUCCESS','ppu_technical_provision','INSERTING NEW DATA WITH ID #2',8,1488011795,8,1488011795),(2346,'SUCCESS','ppu_technical_provision_detail','INSERTING NEW DATA WITH ID #4',8,1488011795,8,1488011795),(2347,'SUCCESS','ppu_technical_provision_detail','INSERTING NEW DATA WITH ID #5',8,1488011795,8,1488011795),(2348,'SUCCESS','ppu_technical_provision_detail','INSERTING NEW DATA WITH ID #6',8,1488011795,8,1488011795),(2377,'SUCCESS','maturity_level_title','INSERTING NEW DATA WITH ID #1',8,1488015723,8,1488015723),(2378,'SUCCESS','ppu_technical_provision','INSERTING NEW DATA WITH ID #20',8,1488015894,8,1488015894),(2379,'SUCCESS','ppu_technical_provision_detail','INSERTING NEW DATA WITH ID #18',8,1488015894,8,1488015894),(2380,'SUCCESS','ppu_technical_provision_detail','INSERTING NEW DATA WITH ID #19',8,1488015894,8,1488015894),(2381,'SUCCESS','ppu_technical_provision_detail','INSERTING NEW DATA WITH ID #20',8,1488015894,8,1488015894),(2382,'SUCCESS','ppu_technical_provision','INSERTING NEW DATA WITH ID #21',8,1488015983,8,1488015983),(2383,'SUCCESS','ppu_technical_provision_detail','INSERTING NEW DATA WITH ID #21',8,1488015983,8,1488015983),(2384,'SUCCESS','ppu_technical_provision_detail','INSERTING NEW DATA WITH ID #22',8,1488015983,8,1488015983),(2385,'SUCCESS','ppu_technical_provision_detail','INSERTING NEW DATA WITH ID #23',8,1488015983,8,1488015983),(2397,'SUCCESS','ppu_emission_source','UPDATING DATA ID #2',8,1488016922,8,1488016922),(2398,'SUCCESS','attachment','INSERTING NEW DATA WITH ID #20',8,1488016922,8,1488016922),(2399,'SUCCESS','attachment_owner','INSERTING NEW DATA WITH ID #22',8,1488016922,8,1488016922),(2400,'SUCCESS','ppu_emission_source','UPDATING DATA ID #2',8,1488016931,8,1488016931),(2401,'SUCCESS','attachment','INSERTING NEW DATA WITH ID #21',8,1488016931,8,1488016931),(2402,'SUCCESS','attachment_owner','INSERTING NEW DATA WITH ID #23',8,1488016931,8,1488016931),(2411,'SUCCESS','ppu_technical_provision','INSERTING NEW DATA WITH ID #30',8,1488017270,8,1488017270),(2412,'SUCCESS','ppu_technical_provision_detail','INSERTING NEW DATA WITH ID #32',8,1488017270,8,1488017270),(2413,'SUCCESS','attachment','INSERTING NEW DATA WITH ID #23',8,1488017270,8,1488017270),(2414,'SUCCESS','attachment_owner','INSERTING NEW DATA WITH ID #25',8,1488017270,8,1488017270),(2415,'SUCCESS','ppu_technical_provision_detail','INSERTING NEW DATA WITH ID #33',8,1488017270,8,1488017270),(2416,'SUCCESS','attachment','INSERTING NEW DATA WITH ID #24',8,1488017270,8,1488017270),(2417,'SUCCESS','attachment_owner','INSERTING NEW DATA WITH ID #26',8,1488017270,8,1488017270),(2418,'SUCCESS','ppu_technical_provision_detail','INSERTING NEW DATA WITH ID #34',8,1488017270,8,1488017270),(2419,'SUCCESS','attachment','INSERTING NEW DATA WITH ID #25',8,1488017270,8,1488017270),(2420,'SUCCESS','attachment_owner','INSERTING NEW DATA WITH ID #27',8,1488017270,8,1488017270),(2422,'SUCCESS','attachment','DELETING DATA ID #23',8,1488017521,8,1488017521),(2423,'SUCCESS','ppu_technical_provision','UPDATING DATA ID #30',8,1488017523,8,1488017523),(2424,'SUCCESS','ppu_technical_provision_detail','UPDATING DATA ID #32',8,1488017523,8,1488017523),(2425,'SUCCESS','ppu_technical_provision_detail','UPDATING DATA ID #33',8,1488017523,8,1488017523),(2426,'SUCCESS','ppu_technical_provision_detail','UPDATING DATA ID #34',8,1488017523,8,1488017523),(2427,'SUCCESS','ppu_technical_provision','UPDATING DATA ID #30',8,1488017532,8,1488017532),(2428,'SUCCESS','ppu_technical_provision_detail','UPDATING DATA ID #32',8,1488017532,8,1488017532),(2429,'SUCCESS','attachment','INSERTING NEW DATA WITH ID #26',8,1488017532,8,1488017532),(2430,'SUCCESS','attachment_owner','INSERTING NEW DATA WITH ID #28',8,1488017532,8,1488017532),(2431,'SUCCESS','ppu_technical_provision_detail','UPDATING DATA ID #33',8,1488017532,8,1488017532),(2432,'SUCCESS','ppu_technical_provision_detail','UPDATING DATA ID #34',8,1488017532,8,1488017532),(2433,'SUCCESS','ppu_ambient','INSERTING NEW DATA WITH ID #1',8,1488121324,8,1488121324),(2434,'SUCCESS','codeset','INSERTING NEW DATA WITH ID #33',8,1488135214,8,1488135214),(2435,'SUCCESS','codeset','INSERTING NEW DATA WITH ID #34',8,1488135241,8,1488135241),(2436,'SUCCESS','ppua_monitoring_point','INSERTING NEW DATA WITH ID #1',8,1488135696,8,1488135696),(2437,'SUCCESS','ppu_emission_source','INSERTING NEW DATA WITH ID #3',8,1488135820,8,1488135820),(2438,'SUCCESS','codeset','INSERTING NEW DATA WITH ID #35',8,1488185215,8,1488185215),(2439,'SUCCESS','codeset','INSERTING NEW DATA WITH ID #36',8,1488185227,8,1488185227),(2440,'SUCCESS','codeset','INSERTING NEW DATA WITH ID #37',8,1488185234,8,1488185234),(2441,'SUCCESS','codeset','INSERTING NEW DATA WITH ID #38',8,1488185245,8,1488185245),(2442,'SUCCESS','codeset','INSERTING NEW DATA WITH ID #39',8,1488185253,8,1488185253),(2443,'SUCCESS','codeset','INSERTING NEW DATA WITH ID #40',8,1488185284,8,1488185284),(2444,'SUCCESS','codeset','INSERTING NEW DATA WITH ID #41',8,1488185298,8,1488185298),(2445,'SUCCESS','ppua_parameter_obligation','INSERTING NEW DATA WITH ID #1',8,1488185521,8,1488185521),(2446,'SUCCESS','ppua_parameter_obligation','INSERTING NEW DATA WITH ID #2',8,1488185685,8,1488185685),(2447,'SUCCESS','ppuapo_month','INSERTING NEW DATA WITH ID #1',8,1488185685,8,1488185685),(2448,'SUCCESS','ppuapo_month','INSERTING NEW DATA WITH ID #2',8,1488185685,8,1488185685),(2449,'SUCCESS','ppuapo_month','INSERTING NEW DATA WITH ID #3',8,1488185685,8,1488185685),(2450,'SUCCESS','ppuapo_month','INSERTING NEW DATA WITH ID #4',8,1488185685,8,1488185685),(2451,'SUCCESS','ppuapo_month','INSERTING NEW DATA WITH ID #5',8,1488185685,8,1488185685),(2452,'SUCCESS','ppuapo_month','INSERTING NEW DATA WITH ID #6',8,1488185685,8,1488185685),(2453,'SUCCESS','ppuapo_month','INSERTING NEW DATA WITH ID #7',8,1488185685,8,1488185685),(2454,'SUCCESS','ppuapo_month','INSERTING NEW DATA WITH ID #8',8,1488185685,8,1488185685),(2455,'SUCCESS','ppuapo_month','INSERTING NEW DATA WITH ID #9',8,1488185685,8,1488185685),(2456,'SUCCESS','ppuapo_month','INSERTING NEW DATA WITH ID #10',8,1488185685,8,1488185685),(2457,'SUCCESS','ppuapo_month','INSERTING NEW DATA WITH ID #11',8,1488185685,8,1488185685),(2458,'SUCCESS','ppuapo_month','INSERTING NEW DATA WITH ID #12',8,1488185685,8,1488185685),(2459,'SUCCESS','codeset','INSERTING NEW DATA WITH ID #42',8,1488389278,8,1488389278),(2460,'SUCCESS','codeset','INSERTING NEW DATA WITH ID #43',8,1488389286,8,1488389286),(2461,'SUCCESS','codeset','INSERTING NEW DATA WITH ID #44',8,1488389298,8,1488389298),(2462,'SUCCESS','ppucems_report_bm','INSERTING NEW DATA WITH ID #1',8,1488442878,8,1488442878),(2463,'SUCCESS','ppucemsrb_quarter','INSERTING NEW DATA WITH ID #1',8,1488442878,8,1488442878),(2464,'SUCCESS','ppucemsrb_quarter','INSERTING NEW DATA WITH ID #2',8,1488442878,8,1488442878),(2465,'SUCCESS','ppucemsrb_quarter','INSERTING NEW DATA WITH ID #3',8,1488442878,8,1488442878),(2466,'SUCCESS','ppucemsrb_quarter','INSERTING NEW DATA WITH ID #4',8,1488442878,8,1488442878),(2467,'SUCCESS','ppucems_report_bm','UPDATING DATA ID #1',8,1488443327,8,1488443327),(2468,'SUCCESS','ppucemsrb_quarter','UPDATING DATA ID #1',8,1488443327,8,1488443327),(2469,'SUCCESS','log_dirty','INSERTING NEW DATA WITH ID #132',8,1488443327,8,1488443327),(2470,'SUCCESS','ppucemsrb_quarter','UPDATING DATA ID #2',8,1488443327,8,1488443327),(2471,'SUCCESS','ppucemsrb_quarter','UPDATING DATA ID #3',8,1488443327,8,1488443327),(2472,'SUCCESS','ppucemsrb_quarter','UPDATING DATA ID #4',8,1488443327,8,1488443327),(2473,'SUCCESS','ppucems_report_bm','UPDATING DATA ID #1',8,1488443346,8,1488443346),(2474,'SUCCESS','ppucemsrb_quarter','UPDATING DATA ID #1',8,1488443346,8,1488443346),(2475,'SUCCESS','log_dirty','INSERTING NEW DATA WITH ID #133',8,1488443346,8,1488443346),(2476,'SUCCESS','ppucemsrb_quarter','UPDATING DATA ID #2',8,1488443346,8,1488443346),(2477,'SUCCESS','ppucemsrb_quarter','UPDATING DATA ID #3',8,1488443346,8,1488443346),(2478,'SUCCESS','ppucemsrb_quarter','UPDATING DATA ID #4',8,1488443346,8,1488443346),(2479,'SUCCESS','ppucems_report_bm','UPDATING DATA ID #1',8,1488521426,8,1488521426),(2480,'SUCCESS','ppucemsrb_quarter','UPDATING DATA ID #1',8,1488521426,8,1488521426),(2481,'SUCCESS','ppucemsrb_quarter','UPDATING DATA ID #2',8,1488521426,8,1488521426),(2482,'SUCCESS','ppucemsrb_quarter','UPDATING DATA ID #3',8,1488521426,8,1488521426),(2483,'SUCCESS','ppucemsrb_quarter','UPDATING DATA ID #4',8,1488521426,8,1488521426),(2484,'SUCCESS','log_dirty','INSERTING NEW DATA WITH ID #134',8,1488521426,8,1488521426),(2485,'SUCCESS','codeset','INSERTING NEW DATA WITH ID #45',8,1488572218,8,1488572218),(2486,'SUCCESS','ppucemsrb_parameter_report','INSERTING NEW DATA WITH ID #1',8,1488573269,8,1488573269),(2487,'SUCCESS','ppucemsrb_parameter_report','INSERTING NEW DATA WITH ID #2',8,1488573344,8,1488573344),(2488,'SUCCESS','ppucems_report_bm','INSERTING NEW DATA WITH ID #2',8,1488653867,8,1488653867),(2489,'SUCCESS','ppucemsrb_quarter','INSERTING NEW DATA WITH ID #5',8,1488653867,8,1488653867),(2490,'SUCCESS','ppucemsrb_quarter','INSERTING NEW DATA WITH ID #6',8,1488653867,8,1488653867),(2491,'SUCCESS','ppucemsrb_quarter','INSERTING NEW DATA WITH ID #7',8,1488653867,8,1488653867),(2492,'SUCCESS','ppucemsrb_quarter','INSERTING NEW DATA WITH ID #8',8,1488653867,8,1488653867),(2493,'SUCCESS','ppucemsrb_parameter_report','INSERTING NEW DATA WITH ID #3',8,1488654706,8,1488654706),(2494,'SUCCESS','ppucemsrb_parameter_report','INSERTING NEW DATA WITH ID #4',8,1488655931,8,1488655931),(2495,'SUCCESS','ppu','INSERTING NEW DATA WITH ID #4',8,1488794829,8,1488794829),(2496,'SUCCESS','ppu','INSERTING NEW DATA WITH ID #5',8,1488794922,8,1488794922),(2497,'SUCCESS','ppu','INSERTING NEW DATA WITH ID #6',8,1488794978,8,1488794978),(2498,'SUCCESS','ppu','INSERTING NEW DATA WITH ID #7',8,1488795007,8,1488795007),(2499,'SUCCESS','ppu_emission_source','UPDATING DATA ID #3',8,1488798713,8,1488798713),(2500,'SUCCESS','log_dirty','INSERTING NEW DATA WITH ID #135',8,1488798713,8,1488798713),(2501,'SUCCESS','ppu_parameter_obligation','UPDATING DATA ID #7',8,1488799005,8,1488799005),(2502,'SUCCESS','ppupo_month','UPDATING DATA ID #73',8,1488799005,8,1488799005),(2503,'SUCCESS','log_dirty','INSERTING NEW DATA WITH ID #136',8,1488799005,8,1488799005),(2504,'SUCCESS','ppupo_month','UPDATING DATA ID #74',8,1488799005,8,1488799005),(2505,'SUCCESS','log_dirty','INSERTING NEW DATA WITH ID #137',8,1488799005,8,1488799005),(2506,'SUCCESS','ppupo_month','UPDATING DATA ID #75',8,1488799005,8,1488799005),(2507,'SUCCESS','log_dirty','INSERTING NEW DATA WITH ID #138',8,1488799005,8,1488799005),(2508,'SUCCESS','ppupo_month','UPDATING DATA ID #76',8,1488799005,8,1488799005),(2509,'SUCCESS','log_dirty','INSERTING NEW DATA WITH ID #139',8,1488799005,8,1488799005),(2510,'SUCCESS','ppupo_month','UPDATING DATA ID #77',8,1488799005,8,1488799005),(2511,'SUCCESS','log_dirty','INSERTING NEW DATA WITH ID #140',8,1488799005,8,1488799005),(2512,'SUCCESS','ppupo_month','UPDATING DATA ID #78',8,1488799005,8,1488799005),(2513,'SUCCESS','log_dirty','INSERTING NEW DATA WITH ID #141',8,1488799005,8,1488799005),(2514,'SUCCESS','ppupo_month','UPDATING DATA ID #79',8,1488799005,8,1488799005),(2515,'SUCCESS','log_dirty','INSERTING NEW DATA WITH ID #142',8,1488799005,8,1488799005),(2516,'SUCCESS','ppupo_month','UPDATING DATA ID #80',8,1488799005,8,1488799005),(2517,'SUCCESS','log_dirty','INSERTING NEW DATA WITH ID #143',8,1488799005,8,1488799005),(2518,'SUCCESS','ppupo_month','UPDATING DATA ID #81',8,1488799005,8,1488799005),(2519,'SUCCESS','log_dirty','INSERTING NEW DATA WITH ID #144',8,1488799005,8,1488799005),(2520,'SUCCESS','ppupo_month','UPDATING DATA ID #82',8,1488799005,8,1488799005),(2521,'SUCCESS','ppupo_month','UPDATING DATA ID #83',8,1488799005,8,1488799005),(2522,'SUCCESS','ppupo_month','UPDATING DATA ID #84',8,1488799005,8,1488799005),(2523,'SUCCESS','ppu_parameter_obligation','UPDATING DATA ID #9',8,1488799099,8,1488799099),(2524,'SUCCESS','ppupo_month','UPDATING DATA ID #97',8,1488799099,8,1488799099),(2525,'SUCCESS','log_dirty','INSERTING NEW DATA WITH ID #145',8,1488799099,8,1488799099),(2526,'SUCCESS','ppupo_month','UPDATING DATA ID #98',8,1488799100,8,1488799100),(2527,'SUCCESS','log_dirty','INSERTING NEW DATA WITH ID #146',8,1488799100,8,1488799100),(2528,'SUCCESS','ppupo_month','UPDATING DATA ID #99',8,1488799100,8,1488799100),(2529,'SUCCESS','log_dirty','INSERTING NEW DATA WITH ID #147',8,1488799100,8,1488799100),(2530,'SUCCESS','ppupo_month','UPDATING DATA ID #100',8,1488799100,8,1488799100),(2531,'SUCCESS','log_dirty','INSERTING NEW DATA WITH ID #148',8,1488799100,8,1488799100),(2532,'SUCCESS','ppupo_month','UPDATING DATA ID #101',8,1488799100,8,1488799100),(2533,'SUCCESS','log_dirty','INSERTING NEW DATA WITH ID #149',8,1488799100,8,1488799100),(2534,'SUCCESS','ppupo_month','UPDATING DATA ID #102',8,1488799100,8,1488799100),(2535,'SUCCESS','log_dirty','INSERTING NEW DATA WITH ID #150',8,1488799100,8,1488799100),(2536,'SUCCESS','ppupo_month','UPDATING DATA ID #103',8,1488799100,8,1488799100),(2537,'SUCCESS','log_dirty','INSERTING NEW DATA WITH ID #151',8,1488799100,8,1488799100),(2538,'SUCCESS','ppupo_month','UPDATING DATA ID #104',8,1488799100,8,1488799100),(2539,'SUCCESS','log_dirty','INSERTING NEW DATA WITH ID #152',8,1488799100,8,1488799100),(2540,'SUCCESS','ppupo_month','UPDATING DATA ID #105',8,1488799100,8,1488799100),(2541,'SUCCESS','log_dirty','INSERTING NEW DATA WITH ID #153',8,1488799100,8,1488799100),(2542,'SUCCESS','ppupo_month','UPDATING DATA ID #106',8,1488799100,8,1488799100),(2543,'SUCCESS','ppupo_month','UPDATING DATA ID #107',8,1488799100,8,1488799100),(2544,'SUCCESS','ppupo_month','UPDATING DATA ID #108',8,1488799100,8,1488799100),(2545,'SUCCESS','ppu_parameter_obligation','UPDATING DATA ID #6',8,1488799201,8,1488799201),(2546,'SUCCESS','ppupo_month','UPDATING DATA ID #61',8,1488799201,8,1488799201),(2547,'SUCCESS','log_dirty','INSERTING NEW DATA WITH ID #154',8,1488799201,8,1488799201),(2548,'SUCCESS','ppupo_month','UPDATING DATA ID #62',8,1488799201,8,1488799201),(2549,'SUCCESS','log_dirty','INSERTING NEW DATA WITH ID #155',8,1488799201,8,1488799201),(2550,'SUCCESS','ppupo_month','UPDATING DATA ID #63',8,1488799201,8,1488799201),(2551,'SUCCESS','log_dirty','INSERTING NEW DATA WITH ID #156',8,1488799201,8,1488799201),(2552,'SUCCESS','ppupo_month','UPDATING DATA ID #64',8,1488799201,8,1488799201),(2553,'SUCCESS','log_dirty','INSERTING NEW DATA WITH ID #157',8,1488799201,8,1488799201),(2554,'SUCCESS','ppupo_month','UPDATING DATA ID #65',8,1488799201,8,1488799201),(2555,'SUCCESS','log_dirty','INSERTING NEW DATA WITH ID #158',8,1488799201,8,1488799201),(2556,'SUCCESS','ppupo_month','UPDATING DATA ID #66',8,1488799201,8,1488799201),(2557,'SUCCESS','log_dirty','INSERTING NEW DATA WITH ID #159',8,1488799201,8,1488799201),(2558,'SUCCESS','ppupo_month','UPDATING DATA ID #67',8,1488799201,8,1488799201),(2559,'SUCCESS','log_dirty','INSERTING NEW DATA WITH ID #160',8,1488799201,8,1488799201),(2560,'SUCCESS','ppupo_month','UPDATING DATA ID #68',8,1488799201,8,1488799201),(2561,'SUCCESS','log_dirty','INSERTING NEW DATA WITH ID #161',8,1488799201,8,1488799201),(2562,'SUCCESS','ppupo_month','UPDATING DATA ID #69',8,1488799201,8,1488799201),(2563,'SUCCESS','log_dirty','INSERTING NEW DATA WITH ID #162',8,1488799201,8,1488799201),(2564,'SUCCESS','ppupo_month','UPDATING DATA ID #70',8,1488799201,8,1488799201),(2565,'SUCCESS','ppupo_month','UPDATING DATA ID #71',8,1488799201,8,1488799201),(2566,'SUCCESS','ppupo_month','UPDATING DATA ID #72',8,1488799201,8,1488799201),(2567,'SUCCESS','ppu_emission_source','UPDATING DATA ID #2',8,1488799302,8,1488799302),(2568,'SUCCESS','log_dirty','INSERTING NEW DATA WITH ID #163',8,1488799302,8,1488799302),(2569,'SUCCESS','ppu_emission_source','UPDATING DATA ID #2',8,1488799340,8,1488799340),(2570,'SUCCESS','log_dirty','INSERTING NEW DATA WITH ID #164',8,1488799340,8,1488799340),(2571,'SUCCESS','ppu_emission_source','INSERTING NEW DATA WITH ID #4',8,1488800399,8,1488800399),(2572,'SUCCESS','ppu_emission_source','INSERTING NEW DATA WITH ID #5',8,1488801111,8,1488801111),(2573,'SUCCESS','ppu_compulsory_monitored_emission_source','DELETING DATA ID #2',8,1488801494,8,1488801494),(2574,'SUCCESS','ppu_parameter_obligation','DELETING DATA ID #12',8,1488801508,8,1488801508),(2575,'SUCCESS','ppucems_report_bm','DELETING DATA ID #1',8,1488801535,8,1488801535),(2576,'SUCCESS','ppu_emission_source','DELETING DATA ID #5',8,1488801704,8,1488801704),(2577,'SUCCESS','ppu_emission_source','INSERTING NEW DATA WITH ID #6',8,1488801851,8,1488801851),(2578,'SUCCESS','ppu_emission_source','DELETING DATA ID #6',8,1488802106,8,1488802106),(2579,'SUCCESS','ppu_emission_source','INSERTING NEW DATA WITH ID #4',8,1488821905,8,1488821905),(2580,'SUCCESS','ppu_emission_source','DELETING DATA ID #4',8,1488822310,8,1488822310),(2581,'SUCCESS','attachment','DELETING DATA ID #20',8,1488822317,8,1488822317),(2582,'SUCCESS','ppu_emission_source','DELETING DATA ID #2',8,1488822317,8,1488822317),(2583,'SUCCESS','ppu_emission_source','DELETING DATA ID #3',8,1488822321,8,1488822321),(2584,'SUCCESS','ppu_emission_source','INSERTING NEW DATA WITH ID #5',8,1488823081,8,1488823081),(2585,'SUCCESS','ppues_month','INSERTING NEW DATA WITH ID #25',8,1488823081,8,1488823081),(2586,'SUCCESS','ppues_month','INSERTING NEW DATA WITH ID #26',8,1488823081,8,1488823081),(2587,'SUCCESS','ppues_month','INSERTING NEW DATA WITH ID #27',8,1488823081,8,1488823081),(2588,'SUCCESS','ppues_month','INSERTING NEW DATA WITH ID #28',8,1488823081,8,1488823081),(2589,'SUCCESS','ppues_month','INSERTING NEW DATA WITH ID #29',8,1488823081,8,1488823081),(2590,'SUCCESS','ppues_month','INSERTING NEW DATA WITH ID #30',8,1488823081,8,1488823081),(2591,'SUCCESS','ppues_month','INSERTING NEW DATA WITH ID #31',8,1488823081,8,1488823081),(2592,'SUCCESS','ppues_month','INSERTING NEW DATA WITH ID #32',8,1488823081,8,1488823081),(2593,'SUCCESS','ppues_month','INSERTING NEW DATA WITH ID #33',8,1488823081,8,1488823081),(2594,'SUCCESS','ppues_month','INSERTING NEW DATA WITH ID #34',8,1488823081,8,1488823081),(2595,'SUCCESS','ppues_month','INSERTING NEW DATA WITH ID #35',8,1488823081,8,1488823081),(2596,'SUCCESS','ppues_month','INSERTING NEW DATA WITH ID #36',8,1488823081,8,1488823081),(2597,'SUCCESS','ppu_emission_source','UPDATING DATA ID #5',8,1488823208,8,1488823208),(2598,'SUCCESS','ppues_month','UPDATING DATA ID #25',8,1488823208,8,1488823208),(2599,'SUCCESS','ppues_month','UPDATING DATA ID #26',8,1488823208,8,1488823208),(2600,'SUCCESS','ppues_month','UPDATING DATA ID #27',8,1488823208,8,1488823208),(2601,'SUCCESS','ppues_month','UPDATING DATA ID #28',8,1488823208,8,1488823208),(2602,'SUCCESS','ppues_month','UPDATING DATA ID #29',8,1488823209,8,1488823209),(2603,'SUCCESS','log_dirty','INSERTING NEW DATA WITH ID #165',8,1488823209,8,1488823209),(2604,'SUCCESS','ppues_month','UPDATING DATA ID #30',8,1488823209,8,1488823209),(2605,'SUCCESS','ppues_month','UPDATING DATA ID #31',8,1488823209,8,1488823209),(2606,'SUCCESS','ppues_month','UPDATING DATA ID #32',8,1488823209,8,1488823209),(2607,'SUCCESS','ppues_month','UPDATING DATA ID #33',8,1488823209,8,1488823209),(2608,'SUCCESS','ppues_month','UPDATING DATA ID #34',8,1488823209,8,1488823209),(2609,'SUCCESS','ppues_month','UPDATING DATA ID #35',8,1488823209,8,1488823209),(2610,'SUCCESS','ppues_month','UPDATING DATA ID #36',8,1488823209,8,1488823209),(2611,'SUCCESS','ppu_emission_source','UPDATING DATA ID #5',8,1488823217,8,1488823217),(2612,'SUCCESS','ppues_month','UPDATING DATA ID #25',8,1488823217,8,1488823217),(2613,'SUCCESS','ppues_month','UPDATING DATA ID #26',8,1488823217,8,1488823217),(2614,'SUCCESS','ppues_month','UPDATING DATA ID #27',8,1488823217,8,1488823217),(2615,'SUCCESS','ppues_month','UPDATING DATA ID #28',8,1488823217,8,1488823217),(2616,'SUCCESS','ppues_month','UPDATING DATA ID #29',8,1488823217,8,1488823217),(2617,'SUCCESS','log_dirty','INSERTING NEW DATA WITH ID #166',8,1488823217,8,1488823217),(2618,'SUCCESS','ppues_month','UPDATING DATA ID #30',8,1488823217,8,1488823217),(2619,'SUCCESS','ppues_month','UPDATING DATA ID #31',8,1488823217,8,1488823217),(2620,'SUCCESS','ppues_month','UPDATING DATA ID #32',8,1488823217,8,1488823217),(2621,'SUCCESS','ppues_month','UPDATING DATA ID #33',8,1488823217,8,1488823217),(2622,'SUCCESS','ppues_month','UPDATING DATA ID #34',8,1488823217,8,1488823217),(2623,'SUCCESS','ppues_month','UPDATING DATA ID #35',8,1488823217,8,1488823217),(2624,'SUCCESS','ppues_month','UPDATING DATA ID #36',8,1488823217,8,1488823217),(2625,'SUCCESS','ppu_emission_source','INSERTING NEW DATA WITH ID #6',8,1488823504,8,1488823504),(2626,'SUCCESS','ppues_month','INSERTING NEW DATA WITH ID #37',8,1488823504,8,1488823504),(2627,'SUCCESS','ppues_month','INSERTING NEW DATA WITH ID #38',8,1488823504,8,1488823504),(2628,'SUCCESS','ppues_month','INSERTING NEW DATA WITH ID #39',8,1488823504,8,1488823504),(2629,'SUCCESS','ppues_month','INSERTING NEW DATA WITH ID #40',8,1488823504,8,1488823504),(2630,'SUCCESS','ppues_month','INSERTING NEW DATA WITH ID #41',8,1488823504,8,1488823504),(2631,'SUCCESS','ppues_month','INSERTING NEW DATA WITH ID #42',8,1488823504,8,1488823504),(2632,'SUCCESS','ppues_month','INSERTING NEW DATA WITH ID #43',8,1488823504,8,1488823504),(2633,'SUCCESS','ppues_month','INSERTING NEW DATA WITH ID #44',8,1488823504,8,1488823504),(2634,'SUCCESS','ppues_month','INSERTING NEW DATA WITH ID #45',8,1488823504,8,1488823504),(2635,'SUCCESS','ppues_month','INSERTING NEW DATA WITH ID #46',8,1488823504,8,1488823504),(2636,'SUCCESS','ppues_month','INSERTING NEW DATA WITH ID #47',8,1488823504,8,1488823504),(2637,'SUCCESS','ppues_month','INSERTING NEW DATA WITH ID #48',8,1488823504,8,1488823504),(2638,'SUCCESS','ppu_emission_source','DELETING DATA ID #6',8,1488823509,8,1488823509),(2639,'SUCCESS','ppu_emission_source','INSERTING NEW DATA WITH ID #7',8,1488823658,8,1488823658),(2640,'SUCCESS','ppues_month','INSERTING NEW DATA WITH ID #49',8,1488823658,8,1488823658),(2641,'SUCCESS','ppues_month','INSERTING NEW DATA WITH ID #50',8,1488823658,8,1488823658),(2642,'SUCCESS','ppues_month','INSERTING NEW DATA WITH ID #51',8,1488823658,8,1488823658),(2643,'SUCCESS','ppues_month','INSERTING NEW DATA WITH ID #52',8,1488823659,8,1488823659),(2644,'SUCCESS','ppues_month','INSERTING NEW DATA WITH ID #53',8,1488823659,8,1488823659),(2645,'SUCCESS','ppues_month','INSERTING NEW DATA WITH ID #54',8,1488823659,8,1488823659),(2646,'SUCCESS','ppues_month','INSERTING NEW DATA WITH ID #55',8,1488823659,8,1488823659),(2647,'SUCCESS','ppues_month','INSERTING NEW DATA WITH ID #56',8,1488823659,8,1488823659),(2648,'SUCCESS','ppues_month','INSERTING NEW DATA WITH ID #57',8,1488823659,8,1488823659),(2649,'SUCCESS','ppues_month','INSERTING NEW DATA WITH ID #58',8,1488823659,8,1488823659),(2650,'SUCCESS','ppues_month','INSERTING NEW DATA WITH ID #59',8,1488823659,8,1488823659),(2651,'SUCCESS','ppues_month','INSERTING NEW DATA WITH ID #60',8,1488823659,8,1488823659),(2652,'SUCCESS','ppu_emission_source','DELETING DATA ID #7',8,1488823711,8,1488823711),(2653,'SUCCESS','ppu_emission_source','UPDATING DATA ID #5',8,1488823847,8,1488823847),(2654,'SUCCESS','ppues_month','UPDATING DATA ID #25',8,1488823847,8,1488823847),(2655,'SUCCESS','ppues_month','UPDATING DATA ID #26',8,1488823847,8,1488823847),(2656,'SUCCESS','ppues_month','UPDATING DATA ID #27',8,1488823847,8,1488823847),(2657,'SUCCESS','ppues_month','UPDATING DATA ID #28',8,1488823847,8,1488823847),(2658,'SUCCESS','ppues_month','UPDATING DATA ID #29',8,1488823847,8,1488823847),(2659,'SUCCESS','ppues_month','UPDATING DATA ID #30',8,1488823847,8,1488823847),(2660,'SUCCESS','ppues_month','UPDATING DATA ID #31',8,1488823847,8,1488823847),(2661,'SUCCESS','ppues_month','UPDATING DATA ID #32',8,1488823847,8,1488823847),(2662,'SUCCESS','ppues_month','UPDATING DATA ID #33',8,1488823847,8,1488823847),(2663,'SUCCESS','ppues_month','UPDATING DATA ID #34',8,1488823847,8,1488823847),(2664,'SUCCESS','ppues_month','UPDATING DATA ID #35',8,1488823847,8,1488823847),(2665,'SUCCESS','ppues_month','UPDATING DATA ID #36',8,1488823847,8,1488823847),(2666,'SUCCESS','ppu_emission_source','INSERTING NEW DATA WITH ID #8',8,1488824065,8,1488824065),(2667,'SUCCESS','ppues_month','INSERTING NEW DATA WITH ID #61',8,1488824065,8,1488824065),(2668,'SUCCESS','ppues_month','INSERTING NEW DATA WITH ID #62',8,1488824065,8,1488824065),(2669,'SUCCESS','ppues_month','INSERTING NEW DATA WITH ID #63',8,1488824065,8,1488824065),(2670,'SUCCESS','ppues_month','INSERTING NEW DATA WITH ID #64',8,1488824065,8,1488824065),(2671,'SUCCESS','ppues_month','INSERTING NEW DATA WITH ID #65',8,1488824065,8,1488824065),(2672,'SUCCESS','ppues_month','INSERTING NEW DATA WITH ID #66',8,1488824065,8,1488824065),(2673,'SUCCESS','ppues_month','INSERTING NEW DATA WITH ID #67',8,1488824065,8,1488824065),(2674,'SUCCESS','ppues_month','INSERTING NEW DATA WITH ID #68',8,1488824065,8,1488824065),(2675,'SUCCESS','ppues_month','INSERTING NEW DATA WITH ID #69',8,1488824065,8,1488824065),(2676,'SUCCESS','ppues_month','INSERTING NEW DATA WITH ID #70',8,1488824065,8,1488824065),(2677,'SUCCESS','ppues_month','INSERTING NEW DATA WITH ID #71',8,1488824065,8,1488824065),(2678,'SUCCESS','ppues_month','INSERTING NEW DATA WITH ID #72',8,1488824065,8,1488824065),(2679,'SUCCESS','ppu_emission_source','INSERTING NEW DATA WITH ID #9',8,1488824118,8,1488824118),(2680,'SUCCESS','ppues_month','INSERTING NEW DATA WITH ID #73',8,1488824118,8,1488824118),(2681,'SUCCESS','ppues_month','INSERTING NEW DATA WITH ID #74',8,1488824118,8,1488824118),(2682,'SUCCESS','ppues_month','INSERTING NEW DATA WITH ID #75',8,1488824118,8,1488824118),(2683,'SUCCESS','ppues_month','INSERTING NEW DATA WITH ID #76',8,1488824118,8,1488824118),(2684,'SUCCESS','ppues_month','INSERTING NEW DATA WITH ID #77',8,1488824118,8,1488824118),(2685,'SUCCESS','ppues_month','INSERTING NEW DATA WITH ID #78',8,1488824118,8,1488824118),(2686,'SUCCESS','ppues_month','INSERTING NEW DATA WITH ID #79',8,1488824118,8,1488824118),(2687,'SUCCESS','ppues_month','INSERTING NEW DATA WITH ID #80',8,1488824118,8,1488824118),(2688,'SUCCESS','ppues_month','INSERTING NEW DATA WITH ID #81',8,1488824118,8,1488824118),(2689,'SUCCESS','ppues_month','INSERTING NEW DATA WITH ID #82',8,1488824118,8,1488824118),(2690,'SUCCESS','ppues_month','INSERTING NEW DATA WITH ID #83',8,1488824118,8,1488824118),(2691,'SUCCESS','ppues_month','INSERTING NEW DATA WITH ID #84',8,1488824118,8,1488824118),(2692,'SUCCESS','ppu_parameter_obligation','INSERTING NEW DATA WITH ID #16',8,1488824274,8,1488824274),(2693,'SUCCESS','ppupo_month','INSERTING NEW DATA WITH ID #181',8,1488824274,8,1488824274),(2694,'SUCCESS','ppupo_month','INSERTING NEW DATA WITH ID #182',8,1488824274,8,1488824274),(2695,'SUCCESS','ppupo_month','INSERTING NEW DATA WITH ID #183',8,1488824274,8,1488824274),(2696,'SUCCESS','ppupo_month','INSERTING NEW DATA WITH ID #184',8,1488824274,8,1488824274),(2697,'SUCCESS','ppupo_month','INSERTING NEW DATA WITH ID #185',8,1488824274,8,1488824274),(2698,'SUCCESS','ppupo_month','INSERTING NEW DATA WITH ID #186',8,1488824274,8,1488824274),(2699,'SUCCESS','ppupo_month','INSERTING NEW DATA WITH ID #187',8,1488824274,8,1488824274),(2700,'SUCCESS','ppupo_month','INSERTING NEW DATA WITH ID #188',8,1488824274,8,1488824274),(2701,'SUCCESS','ppupo_month','INSERTING NEW DATA WITH ID #189',8,1488824274,8,1488824274),(2702,'SUCCESS','ppupo_month','INSERTING NEW DATA WITH ID #190',8,1488824274,8,1488824274),(2703,'SUCCESS','ppupo_month','INSERTING NEW DATA WITH ID #191',8,1488824274,8,1488824274),(2704,'SUCCESS','ppupo_month','INSERTING NEW DATA WITH ID #192',8,1488824274,8,1488824274),(2705,'SUCCESS','ppu_parameter_obligation','INSERTING NEW DATA WITH ID #17',8,1488824330,8,1488824330),(2706,'SUCCESS','ppupo_month','INSERTING NEW DATA WITH ID #193',8,1488824330,8,1488824330),(2707,'SUCCESS','ppupo_month','INSERTING NEW DATA WITH ID #194',8,1488824330,8,1488824330),(2708,'SUCCESS','ppupo_month','INSERTING NEW DATA WITH ID #195',8,1488824330,8,1488824330),(2709,'SUCCESS','ppupo_month','INSERTING NEW DATA WITH ID #196',8,1488824330,8,1488824330),(2710,'SUCCESS','ppupo_month','INSERTING NEW DATA WITH ID #197',8,1488824330,8,1488824330),(2711,'SUCCESS','ppupo_month','INSERTING NEW DATA WITH ID #198',8,1488824330,8,1488824330),(2712,'SUCCESS','ppupo_month','INSERTING NEW DATA WITH ID #199',8,1488824330,8,1488824330),(2713,'SUCCESS','ppupo_month','INSERTING NEW DATA WITH ID #200',8,1488824330,8,1488824330),(2714,'SUCCESS','ppupo_month','INSERTING NEW DATA WITH ID #201',8,1488824330,8,1488824330),(2715,'SUCCESS','ppupo_month','INSERTING NEW DATA WITH ID #202',8,1488824330,8,1488824330),(2716,'SUCCESS','ppupo_month','INSERTING NEW DATA WITH ID #203',8,1488824330,8,1488824330),(2717,'SUCCESS','ppupo_month','INSERTING NEW DATA WITH ID #204',8,1488824330,8,1488824330),(2718,'SUCCESS','ppu_parameter_obligation','UPDATING DATA ID #16',8,1488824352,8,1488824352),(2719,'SUCCESS','ppupo_month','UPDATING DATA ID #181',8,1488824352,8,1488824352),(2720,'SUCCESS','log_dirty','INSERTING NEW DATA WITH ID #167',8,1488824352,8,1488824352),(2721,'SUCCESS','ppupo_month','UPDATING DATA ID #182',8,1488824352,8,1488824352),(2722,'SUCCESS','ppupo_month','UPDATING DATA ID #183',8,1488824352,8,1488824352),(2723,'SUCCESS','ppupo_month','UPDATING DATA ID #184',8,1488824352,8,1488824352),(2724,'SUCCESS','ppupo_month','UPDATING DATA ID #185',8,1488824352,8,1488824352),(2725,'SUCCESS','ppupo_month','UPDATING DATA ID #186',8,1488824352,8,1488824352),(2726,'SUCCESS','ppupo_month','UPDATING DATA ID #187',8,1488824352,8,1488824352),(2727,'SUCCESS','ppupo_month','UPDATING DATA ID #188',8,1488824352,8,1488824352),(2728,'SUCCESS','ppupo_month','UPDATING DATA ID #189',8,1488824352,8,1488824352),(2729,'SUCCESS','ppupo_month','UPDATING DATA ID #190',8,1488824352,8,1488824352),(2730,'SUCCESS','ppupo_month','UPDATING DATA ID #191',8,1488824352,8,1488824352),(2731,'SUCCESS','ppupo_month','UPDATING DATA ID #192',8,1488824352,8,1488824352),(2732,'SUCCESS','ppu_parameter_obligation','UPDATING DATA ID #16',8,1488824360,8,1488824360),(2733,'SUCCESS','ppupo_month','UPDATING DATA ID #181',8,1488824360,8,1488824360),(2734,'SUCCESS','log_dirty','INSERTING NEW DATA WITH ID #168',8,1488824360,8,1488824360),(2735,'SUCCESS','ppupo_month','UPDATING DATA ID #182',8,1488824360,8,1488824360),(2736,'SUCCESS','ppupo_month','UPDATING DATA ID #183',8,1488824360,8,1488824360),(2737,'SUCCESS','ppupo_month','UPDATING DATA ID #184',8,1488824360,8,1488824360),(2738,'SUCCESS','ppupo_month','UPDATING DATA ID #185',8,1488824360,8,1488824360),(2739,'SUCCESS','ppupo_month','UPDATING DATA ID #186',8,1488824360,8,1488824360),(2740,'SUCCESS','ppupo_month','UPDATING DATA ID #187',8,1488824360,8,1488824360),(2741,'SUCCESS','ppupo_month','UPDATING DATA ID #188',8,1488824360,8,1488824360),(2742,'SUCCESS','ppupo_month','UPDATING DATA ID #189',8,1488824360,8,1488824360),(2743,'SUCCESS','ppupo_month','UPDATING DATA ID #190',8,1488824360,8,1488824360),(2744,'SUCCESS','ppupo_month','UPDATING DATA ID #191',8,1488824360,8,1488824360),(2745,'SUCCESS','ppupo_month','UPDATING DATA ID #192',8,1488824360,8,1488824360),(2746,'SUCCESS','ppu_parameter_obligation','INSERTING NEW DATA WITH ID #18',8,1488824647,8,1488824647),(2747,'SUCCESS','ppupo_month','INSERTING NEW DATA WITH ID #205',8,1488824647,8,1488824647),(2748,'SUCCESS','ppupo_month','INSERTING NEW DATA WITH ID #206',8,1488824647,8,1488824647),(2749,'SUCCESS','ppupo_month','INSERTING NEW DATA WITH ID #207',8,1488824647,8,1488824647),(2750,'SUCCESS','ppupo_month','INSERTING NEW DATA WITH ID #208',8,1488824647,8,1488824647),(2751,'SUCCESS','ppupo_month','INSERTING NEW DATA WITH ID #209',8,1488824647,8,1488824647),(2752,'SUCCESS','ppupo_month','INSERTING NEW DATA WITH ID #210',8,1488824647,8,1488824647),(2753,'SUCCESS','ppupo_month','INSERTING NEW DATA WITH ID #211',8,1488824647,8,1488824647),(2754,'SUCCESS','ppupo_month','INSERTING NEW DATA WITH ID #212',8,1488824647,8,1488824647),(2755,'SUCCESS','ppupo_month','INSERTING NEW DATA WITH ID #213',8,1488824647,8,1488824647),(2756,'SUCCESS','ppupo_month','INSERTING NEW DATA WITH ID #214',8,1488824647,8,1488824647),(2757,'SUCCESS','ppupo_month','INSERTING NEW DATA WITH ID #215',8,1488824647,8,1488824647),(2758,'SUCCESS','ppupo_month','INSERTING NEW DATA WITH ID #216',8,1488824647,8,1488824647),(2759,'SUCCESS','ppu_parameter_obligation','DELETING DATA ID #18',8,1488824655,8,1488824655),(2760,'SUCCESS','ppu_parameter_obligation','INSERTING NEW DATA WITH ID #19',8,1488824707,8,1488824707),(2761,'SUCCESS','ppupo_month','INSERTING NEW DATA WITH ID #217',8,1488824707,8,1488824707),(2762,'SUCCESS','ppupo_month','INSERTING NEW DATA WITH ID #218',8,1488824707,8,1488824707),(2763,'SUCCESS','ppupo_month','INSERTING NEW DATA WITH ID #219',8,1488824707,8,1488824707),(2764,'SUCCESS','ppupo_month','INSERTING NEW DATA WITH ID #220',8,1488824707,8,1488824707),(2765,'SUCCESS','ppupo_month','INSERTING NEW DATA WITH ID #221',8,1488824707,8,1488824707),(2766,'SUCCESS','ppupo_month','INSERTING NEW DATA WITH ID #222',8,1488824707,8,1488824707),(2767,'SUCCESS','ppupo_month','INSERTING NEW DATA WITH ID #223',8,1488824707,8,1488824707),(2768,'SUCCESS','ppupo_month','INSERTING NEW DATA WITH ID #224',8,1488824707,8,1488824707),(2769,'SUCCESS','ppupo_month','INSERTING NEW DATA WITH ID #225',8,1488824707,8,1488824707),(2770,'SUCCESS','ppupo_month','INSERTING NEW DATA WITH ID #226',8,1488824707,8,1488824707),(2771,'SUCCESS','ppupo_month','INSERTING NEW DATA WITH ID #227',8,1488824707,8,1488824707),(2772,'SUCCESS','ppupo_month','INSERTING NEW DATA WITH ID #228',8,1488824707,8,1488824707),(2773,'SUCCESS','ppu_parameter_obligation','INSERTING NEW DATA WITH ID #20',8,1488824757,8,1488824757),(2774,'SUCCESS','ppupo_month','INSERTING NEW DATA WITH ID #229',8,1488824757,8,1488824757),(2775,'SUCCESS','ppupo_month','INSERTING NEW DATA WITH ID #230',8,1488824757,8,1488824757),(2776,'SUCCESS','ppupo_month','INSERTING NEW DATA WITH ID #231',8,1488824757,8,1488824757),(2777,'SUCCESS','ppupo_month','INSERTING NEW DATA WITH ID #232',8,1488824757,8,1488824757),(2778,'SUCCESS','ppupo_month','INSERTING NEW DATA WITH ID #233',8,1488824757,8,1488824757),(2779,'SUCCESS','ppupo_month','INSERTING NEW DATA WITH ID #234',8,1488824757,8,1488824757),(2780,'SUCCESS','ppupo_month','INSERTING NEW DATA WITH ID #235',8,1488824758,8,1488824758),(2781,'SUCCESS','ppupo_month','INSERTING NEW DATA WITH ID #236',8,1488824758,8,1488824758),(2782,'SUCCESS','ppupo_month','INSERTING NEW DATA WITH ID #237',8,1488824758,8,1488824758),(2783,'SUCCESS','ppupo_month','INSERTING NEW DATA WITH ID #238',8,1488824758,8,1488824758),(2784,'SUCCESS','ppupo_month','INSERTING NEW DATA WITH ID #239',8,1488824758,8,1488824758),(2785,'SUCCESS','ppupo_month','INSERTING NEW DATA WITH ID #240',8,1488824758,8,1488824758),(2786,'SUCCESS','ppu_parameter_obligation','INSERTING NEW DATA WITH ID #21',8,1488824834,8,1488824834),(2787,'SUCCESS','ppupo_month','INSERTING NEW DATA WITH ID #241',8,1488824834,8,1488824834),(2788,'SUCCESS','ppupo_month','INSERTING NEW DATA WITH ID #242',8,1488824834,8,1488824834),(2789,'SUCCESS','ppupo_month','INSERTING NEW DATA WITH ID #243',8,1488824834,8,1488824834),(2790,'SUCCESS','ppupo_month','INSERTING NEW DATA WITH ID #244',8,1488824834,8,1488824834),(2791,'SUCCESS','ppupo_month','INSERTING NEW DATA WITH ID #245',8,1488824835,8,1488824835),(2792,'SUCCESS','ppupo_month','INSERTING NEW DATA WITH ID #246',8,1488824835,8,1488824835),(2793,'SUCCESS','ppupo_month','INSERTING NEW DATA WITH ID #247',8,1488824835,8,1488824835),(2794,'SUCCESS','ppupo_month','INSERTING NEW DATA WITH ID #248',8,1488824835,8,1488824835),(2795,'SUCCESS','ppupo_month','INSERTING NEW DATA WITH ID #249',8,1488824835,8,1488824835),(2796,'SUCCESS','ppupo_month','INSERTING NEW DATA WITH ID #250',8,1488824835,8,1488824835),(2797,'SUCCESS','ppupo_month','INSERTING NEW DATA WITH ID #251',8,1488824835,8,1488824835),(2798,'SUCCESS','ppupo_month','INSERTING NEW DATA WITH ID #252',8,1488824835,8,1488824835),(2799,'SUCCESS','ppu_parameter_obligation','UPDATING DATA ID #16',8,1488824846,8,1488824846),(2800,'SUCCESS','ppupo_month','UPDATING DATA ID #181',8,1488824846,8,1488824846),(2801,'SUCCESS','ppupo_month','UPDATING DATA ID #182',8,1488824846,8,1488824846),(2802,'SUCCESS','ppupo_month','UPDATING DATA ID #183',8,1488824847,8,1488824847),(2803,'SUCCESS','ppupo_month','UPDATING DATA ID #184',8,1488824847,8,1488824847),(2804,'SUCCESS','ppupo_month','UPDATING DATA ID #185',8,1488824847,8,1488824847),(2805,'SUCCESS','ppupo_month','UPDATING DATA ID #186',8,1488824847,8,1488824847),(2806,'SUCCESS','ppupo_month','UPDATING DATA ID #187',8,1488824847,8,1488824847),(2807,'SUCCESS','ppupo_month','UPDATING DATA ID #188',8,1488824847,8,1488824847),(2808,'SUCCESS','ppupo_month','UPDATING DATA ID #189',8,1488824847,8,1488824847),(2809,'SUCCESS','ppupo_month','UPDATING DATA ID #190',8,1488824847,8,1488824847),(2810,'SUCCESS','ppupo_month','UPDATING DATA ID #191',8,1488824847,8,1488824847),(2811,'SUCCESS','ppupo_month','UPDATING DATA ID #192',8,1488824847,8,1488824847),(2812,'SUCCESS','ppu_parameter_obligation','UPDATING DATA ID #17',8,1488824856,8,1488824856),(2813,'SUCCESS','ppupo_month','UPDATING DATA ID #193',8,1488824856,8,1488824856),(2814,'SUCCESS','ppupo_month','UPDATING DATA ID #194',8,1488824856,8,1488824856),(2815,'SUCCESS','ppupo_month','UPDATING DATA ID #195',8,1488824856,8,1488824856),(2816,'SUCCESS','ppupo_month','UPDATING DATA ID #196',8,1488824856,8,1488824856),(2817,'SUCCESS','ppupo_month','UPDATING DATA ID #197',8,1488824856,8,1488824856),(2818,'SUCCESS','ppupo_month','UPDATING DATA ID #198',8,1488824856,8,1488824856),(2819,'SUCCESS','ppupo_month','UPDATING DATA ID #199',8,1488824856,8,1488824856),(2820,'SUCCESS','ppupo_month','UPDATING DATA ID #200',8,1488824856,8,1488824856),(2821,'SUCCESS','ppupo_month','UPDATING DATA ID #201',8,1488824856,8,1488824856),(2822,'SUCCESS','ppupo_month','UPDATING DATA ID #202',8,1488824856,8,1488824856),(2823,'SUCCESS','ppupo_month','UPDATING DATA ID #203',8,1488824856,8,1488824856),(2824,'SUCCESS','ppupo_month','UPDATING DATA ID #204',8,1488824856,8,1488824856),(2825,'SUCCESS','ppu_parameter_obligation','UPDATING DATA ID #19',8,1488824864,8,1488824864),(2826,'SUCCESS','ppupo_month','UPDATING DATA ID #217',8,1488824864,8,1488824864),(2827,'SUCCESS','ppupo_month','UPDATING DATA ID #218',8,1488824864,8,1488824864),(2828,'SUCCESS','ppupo_month','UPDATING DATA ID #219',8,1488824864,8,1488824864),(2829,'SUCCESS','ppupo_month','UPDATING DATA ID #220',8,1488824864,8,1488824864),(2830,'SUCCESS','ppupo_month','UPDATING DATA ID #221',8,1488824864,8,1488824864),(2831,'SUCCESS','ppupo_month','UPDATING DATA ID #222',8,1488824864,8,1488824864),(2832,'SUCCESS','ppupo_month','UPDATING DATA ID #223',8,1488824864,8,1488824864),(2833,'SUCCESS','ppupo_month','UPDATING DATA ID #224',8,1488824864,8,1488824864),(2834,'SUCCESS','ppupo_month','UPDATING DATA ID #225',8,1488824864,8,1488824864),(2835,'SUCCESS','ppupo_month','UPDATING DATA ID #226',8,1488824864,8,1488824864),(2836,'SUCCESS','ppupo_month','UPDATING DATA ID #227',8,1488824864,8,1488824864),(2837,'SUCCESS','ppupo_month','UPDATING DATA ID #228',8,1488824864,8,1488824864),(2838,'SUCCESS','ppu_parameter_obligation','UPDATING DATA ID #20',8,1488824872,8,1488824872),(2839,'SUCCESS','ppupo_month','UPDATING DATA ID #229',8,1488824872,8,1488824872),(2840,'SUCCESS','ppupo_month','UPDATING DATA ID #230',8,1488824872,8,1488824872),(2841,'SUCCESS','ppupo_month','UPDATING DATA ID #231',8,1488824872,8,1488824872),(2842,'SUCCESS','ppupo_month','UPDATING DATA ID #232',8,1488824872,8,1488824872),(2843,'SUCCESS','ppupo_month','UPDATING DATA ID #233',8,1488824872,8,1488824872),(2844,'SUCCESS','ppupo_month','UPDATING DATA ID #234',8,1488824872,8,1488824872),(2845,'SUCCESS','ppupo_month','UPDATING DATA ID #235',8,1488824872,8,1488824872),(2846,'SUCCESS','ppupo_month','UPDATING DATA ID #236',8,1488824872,8,1488824872),(2847,'SUCCESS','ppupo_month','UPDATING DATA ID #237',8,1488824872,8,1488824872),(2848,'SUCCESS','ppupo_month','UPDATING DATA ID #238',8,1488824872,8,1488824872),(2849,'SUCCESS','ppupo_month','UPDATING DATA ID #239',8,1488824872,8,1488824872),(2850,'SUCCESS','ppupo_month','UPDATING DATA ID #240',8,1488824872,8,1488824872),(2851,'SUCCESS','ppu_parameter_obligation','INSERTING NEW DATA WITH ID #22',8,1488824933,8,1488824933),(2852,'SUCCESS','ppupo_month','INSERTING NEW DATA WITH ID #253',8,1488824933,8,1488824933),(2853,'SUCCESS','ppupo_month','INSERTING NEW DATA WITH ID #254',8,1488824933,8,1488824933),(2854,'SUCCESS','ppupo_month','INSERTING NEW DATA WITH ID #255',8,1488824933,8,1488824933),(2855,'SUCCESS','ppupo_month','INSERTING NEW DATA WITH ID #256',8,1488824933,8,1488824933),(2856,'SUCCESS','ppupo_month','INSERTING NEW DATA WITH ID #257',8,1488824933,8,1488824933),(2857,'SUCCESS','ppupo_month','INSERTING NEW DATA WITH ID #258',8,1488824933,8,1488824933),(2858,'SUCCESS','ppupo_month','INSERTING NEW DATA WITH ID #259',8,1488824933,8,1488824933),(2859,'SUCCESS','ppupo_month','INSERTING NEW DATA WITH ID #260',8,1488824933,8,1488824933),(2860,'SUCCESS','ppupo_month','INSERTING NEW DATA WITH ID #261',8,1488824933,8,1488824933),(2861,'SUCCESS','ppupo_month','INSERTING NEW DATA WITH ID #262',8,1488824933,8,1488824933),(2862,'SUCCESS','ppupo_month','INSERTING NEW DATA WITH ID #263',8,1488824933,8,1488824933),(2863,'SUCCESS','ppupo_month','INSERTING NEW DATA WITH ID #264',8,1488824933,8,1488824933),(2864,'SUCCESS','ppu_parameter_obligation','INSERTING NEW DATA WITH ID #23',8,1488825001,8,1488825001),(2865,'SUCCESS','ppupo_month','INSERTING NEW DATA WITH ID #265',8,1488825001,8,1488825001),(2866,'SUCCESS','ppupo_month','INSERTING NEW DATA WITH ID #266',8,1488825001,8,1488825001),(2867,'SUCCESS','ppupo_month','INSERTING NEW DATA WITH ID #267',8,1488825001,8,1488825001),(2868,'SUCCESS','ppupo_month','INSERTING NEW DATA WITH ID #268',8,1488825001,8,1488825001),(2869,'SUCCESS','ppupo_month','INSERTING NEW DATA WITH ID #269',8,1488825001,8,1488825001),(2870,'SUCCESS','ppupo_month','INSERTING NEW DATA WITH ID #270',8,1488825001,8,1488825001),(2871,'SUCCESS','ppupo_month','INSERTING NEW DATA WITH ID #271',8,1488825001,8,1488825001),(2872,'SUCCESS','ppupo_month','INSERTING NEW DATA WITH ID #272',8,1488825001,8,1488825001),(2873,'SUCCESS','ppupo_month','INSERTING NEW DATA WITH ID #273',8,1488825001,8,1488825001),(2874,'SUCCESS','ppupo_month','INSERTING NEW DATA WITH ID #274',8,1488825001,8,1488825001),(2875,'SUCCESS','ppupo_month','INSERTING NEW DATA WITH ID #275',8,1488825001,8,1488825001),(2876,'SUCCESS','ppupo_month','INSERTING NEW DATA WITH ID #276',8,1488825001,8,1488825001),(2877,'SUCCESS','ppu_parameter_obligation','INSERTING NEW DATA WITH ID #24',8,1488825030,8,1488825030),(2878,'SUCCESS','ppupo_month','INSERTING NEW DATA WITH ID #277',8,1488825030,8,1488825030),(2879,'SUCCESS','ppupo_month','INSERTING NEW DATA WITH ID #278',8,1488825030,8,1488825030),(2880,'SUCCESS','ppupo_month','INSERTING NEW DATA WITH ID #279',8,1488825030,8,1488825030),(2881,'SUCCESS','ppupo_month','INSERTING NEW DATA WITH ID #280',8,1488825030,8,1488825030),(2882,'SUCCESS','ppupo_month','INSERTING NEW DATA WITH ID #281',8,1488825030,8,1488825030),(2883,'SUCCESS','ppupo_month','INSERTING NEW DATA WITH ID #282',8,1488825030,8,1488825030),(2884,'SUCCESS','ppupo_month','INSERTING NEW DATA WITH ID #283',8,1488825030,8,1488825030),(2885,'SUCCESS','ppupo_month','INSERTING NEW DATA WITH ID #284',8,1488825030,8,1488825030),(2886,'SUCCESS','ppupo_month','INSERTING NEW DATA WITH ID #285',8,1488825031,8,1488825031),(2887,'SUCCESS','ppupo_month','INSERTING NEW DATA WITH ID #286',8,1488825031,8,1488825031),(2888,'SUCCESS','ppupo_month','INSERTING NEW DATA WITH ID #287',8,1488825031,8,1488825031),(2889,'SUCCESS','ppupo_month','INSERTING NEW DATA WITH ID #288',8,1488825031,8,1488825031),(2890,'SUCCESS','ppu_parameter_obligation','INSERTING NEW DATA WITH ID #25',8,1488825086,8,1488825086),(2891,'SUCCESS','ppupo_month','INSERTING NEW DATA WITH ID #289',8,1488825086,8,1488825086),(2892,'SUCCESS','ppupo_month','INSERTING NEW DATA WITH ID #290',8,1488825086,8,1488825086),(2893,'SUCCESS','ppupo_month','INSERTING NEW DATA WITH ID #291',8,1488825086,8,1488825086),(2894,'SUCCESS','ppupo_month','INSERTING NEW DATA WITH ID #292',8,1488825086,8,1488825086),(2895,'SUCCESS','ppupo_month','INSERTING NEW DATA WITH ID #293',8,1488825086,8,1488825086),(2896,'SUCCESS','ppupo_month','INSERTING NEW DATA WITH ID #294',8,1488825086,8,1488825086),(2897,'SUCCESS','ppupo_month','INSERTING NEW DATA WITH ID #295',8,1488825086,8,1488825086),(2898,'SUCCESS','ppupo_month','INSERTING NEW DATA WITH ID #296',8,1488825086,8,1488825086),(2899,'SUCCESS','ppupo_month','INSERTING NEW DATA WITH ID #297',8,1488825086,8,1488825086),(2900,'SUCCESS','ppupo_month','INSERTING NEW DATA WITH ID #298',8,1488825086,8,1488825086),(2901,'SUCCESS','ppupo_month','INSERTING NEW DATA WITH ID #299',8,1488825086,8,1488825086),(2902,'SUCCESS','ppupo_month','INSERTING NEW DATA WITH ID #300',8,1488825086,8,1488825086),(2903,'SUCCESS','ppu_parameter_obligation','INSERTING NEW DATA WITH ID #26',8,1488825143,8,1488825143),(2904,'SUCCESS','ppupo_month','INSERTING NEW DATA WITH ID #301',8,1488825143,8,1488825143),(2905,'SUCCESS','ppupo_month','INSERTING NEW DATA WITH ID #302',8,1488825143,8,1488825143),(2906,'SUCCESS','ppupo_month','INSERTING NEW DATA WITH ID #303',8,1488825143,8,1488825143),(2907,'SUCCESS','ppupo_month','INSERTING NEW DATA WITH ID #304',8,1488825143,8,1488825143),(2908,'SUCCESS','ppupo_month','INSERTING NEW DATA WITH ID #305',8,1488825143,8,1488825143),(2909,'SUCCESS','ppupo_month','INSERTING NEW DATA WITH ID #306',8,1488825143,8,1488825143),(2910,'SUCCESS','ppupo_month','INSERTING NEW DATA WITH ID #307',8,1488825143,8,1488825143),(2911,'SUCCESS','ppupo_month','INSERTING NEW DATA WITH ID #308',8,1488825143,8,1488825143),(2912,'SUCCESS','ppupo_month','INSERTING NEW DATA WITH ID #309',8,1488825143,8,1488825143),(2913,'SUCCESS','ppupo_month','INSERTING NEW DATA WITH ID #310',8,1488825143,8,1488825143),(2914,'SUCCESS','ppupo_month','INSERTING NEW DATA WITH ID #311',8,1488825144,8,1488825144),(2915,'SUCCESS','ppupo_month','INSERTING NEW DATA WITH ID #312',8,1488825144,8,1488825144),(2916,'SUCCESS','ppu_parameter_obligation','UPDATING DATA ID #19',8,1488825157,8,1488825157),(2917,'SUCCESS','log_dirty','INSERTING NEW DATA WITH ID #169',8,1488825157,8,1488825157),(2918,'SUCCESS','ppupo_month','UPDATING DATA ID #217',8,1488825157,8,1488825157),(2919,'SUCCESS','ppupo_month','UPDATING DATA ID #218',8,1488825157,8,1488825157),(2920,'SUCCESS','ppupo_month','UPDATING DATA ID #219',8,1488825157,8,1488825157),(2921,'SUCCESS','ppupo_month','UPDATING DATA ID #220',8,1488825157,8,1488825157),(2922,'SUCCESS','ppupo_month','UPDATING DATA ID #221',8,1488825157,8,1488825157),(2923,'SUCCESS','ppupo_month','UPDATING DATA ID #222',8,1488825157,8,1488825157),(2924,'SUCCESS','ppupo_month','UPDATING DATA ID #223',8,1488825157,8,1488825157),(2925,'SUCCESS','ppupo_month','UPDATING DATA ID #224',8,1488825157,8,1488825157),(2926,'SUCCESS','ppupo_month','UPDATING DATA ID #225',8,1488825157,8,1488825157),(2927,'SUCCESS','ppupo_month','UPDATING DATA ID #226',8,1488825157,8,1488825157),(2928,'SUCCESS','ppupo_month','UPDATING DATA ID #227',8,1488825157,8,1488825157),(2929,'SUCCESS','ppupo_month','UPDATING DATA ID #228',8,1488825157,8,1488825157),(2930,'SUCCESS','ppu_emission_load_grk','INSERTING NEW DATA WITH ID #1',8,1488825236,8,1488825236),(2931,'SUCCESS','ppu_emission_load_grk_calc','INSERTING NEW DATA WITH ID #1',8,1488825236,8,1488825236),(2932,'SUCCESS','ppu_emission_load_grk_calc','INSERTING NEW DATA WITH ID #2',8,1488825236,8,1488825236),(2933,'SUCCESS','ppu_emission_load_grk','INSERTING NEW DATA WITH ID #2',8,1488825332,8,1488825332),(2934,'SUCCESS','ppu_emission_load_grk_calc','INSERTING NEW DATA WITH ID #3',8,1488825333,8,1488825333),(2935,'SUCCESS','ppu_emission_load_grk_calc','INSERTING NEW DATA WITH ID #4',8,1488825333,8,1488825333),(2936,'SUCCESS','ppu_emission_load_grk','INSERTING NEW DATA WITH ID #3',8,1488825704,8,1488825704),(2937,'SUCCESS','ppu_emission_load_grk_calc','INSERTING NEW DATA WITH ID #5',8,1488825704,8,1488825704),(2938,'SUCCESS','ppu_emission_load_grk_calc','INSERTING NEW DATA WITH ID #6',8,1488825704,8,1488825704),(2939,'SUCCESS','ppu_emission_load_grk','DELETING DATA ID #3',8,1488825712,8,1488825712),(2940,'SUCCESS','ppu_emission_load_grk','INSERTING NEW DATA WITH ID #4',8,1488825746,8,1488825746),(2941,'SUCCESS','ppu_emission_load_grk_calc','INSERTING NEW DATA WITH ID #7',8,1488825746,8,1488825746),(2942,'SUCCESS','ppu_emission_load_grk_calc','INSERTING NEW DATA WITH ID #8',8,1488825746,8,1488825746),(2943,'SUCCESS','ppu_emission_load_grk','DELETING DATA ID #4',8,1488825751,8,1488825751),(2944,'SUCCESS','ppu_emission_load_grk','INSERTING NEW DATA WITH ID #5',8,1488825766,8,1488825766),(2945,'SUCCESS','ppu_emission_load_grk_calc','INSERTING NEW DATA WITH ID #9',8,1488825767,8,1488825767),(2946,'SUCCESS','ppu_emission_load_grk_calc','INSERTING NEW DATA WITH ID #10',8,1488825767,8,1488825767),(2947,'SUCCESS','ppu_emission_load_grk','DELETING DATA ID #5',8,1488825770,8,1488825770),(2948,'SUCCESS','ppu_emission_source','UPDATING DATA ID #5',8,1488826078,8,1488826078),(2949,'SUCCESS','log_dirty','INSERTING NEW DATA WITH ID #170',8,1488826078,8,1488826078),(2950,'SUCCESS','ppues_month','UPDATING DATA ID #25',8,1488826078,8,1488826078),(2951,'SUCCESS','log_dirty','INSERTING NEW DATA WITH ID #171',8,1488826078,8,1488826078),(2952,'SUCCESS','ppues_month','UPDATING DATA ID #26',8,1488826078,8,1488826078),(2953,'SUCCESS','log_dirty','INSERTING NEW DATA WITH ID #172',8,1488826078,8,1488826078),(2954,'SUCCESS','ppues_month','UPDATING DATA ID #27',8,1488826078,8,1488826078),(2955,'SUCCESS','ppues_month','UPDATING DATA ID #28',8,1488826078,8,1488826078),(2956,'SUCCESS','ppues_month','UPDATING DATA ID #29',8,1488826078,8,1488826078),(2957,'SUCCESS','ppues_month','UPDATING DATA ID #30',8,1488826078,8,1488826078),(2958,'SUCCESS','log_dirty','INSERTING NEW DATA WITH ID #173',8,1488826078,8,1488826078),(2959,'SUCCESS','ppues_month','UPDATING DATA ID #31',8,1488826078,8,1488826078),(2960,'SUCCESS','ppues_month','UPDATING DATA ID #32',8,1488826078,8,1488826078),(2961,'SUCCESS','log_dirty','INSERTING NEW DATA WITH ID #174',8,1488826078,8,1488826078),(2962,'SUCCESS','ppues_month','UPDATING DATA ID #33',8,1488826078,8,1488826078),(2963,'SUCCESS','ppues_month','UPDATING DATA ID #34',8,1488826078,8,1488826078),(2964,'SUCCESS','ppues_month','UPDATING DATA ID #35',8,1488826078,8,1488826078),(2965,'SUCCESS','ppues_month','UPDATING DATA ID #36',8,1488826078,8,1488826078),(2966,'SUCCESS','ppu_emission_source','UPDATING DATA ID #5',8,1488826209,8,1488826209),(2967,'SUCCESS','log_dirty','INSERTING NEW DATA WITH ID #175',8,1488826210,8,1488826210),(2968,'SUCCESS','ppues_month','UPDATING DATA ID #25',8,1488826210,8,1488826210),(2969,'SUCCESS','ppues_month','UPDATING DATA ID #26',8,1488826210,8,1488826210),(2970,'SUCCESS','ppues_month','UPDATING DATA ID #27',8,1488826210,8,1488826210),(2971,'SUCCESS','ppues_month','UPDATING DATA ID #28',8,1488826210,8,1488826210),(2972,'SUCCESS','ppues_month','UPDATING DATA ID #29',8,1488826210,8,1488826210),(2973,'SUCCESS','ppues_month','UPDATING DATA ID #30',8,1488826210,8,1488826210),(2974,'SUCCESS','ppues_month','UPDATING DATA ID #31',8,1488826210,8,1488826210),(2975,'SUCCESS','ppues_month','UPDATING DATA ID #32',8,1488826210,8,1488826210),(2976,'SUCCESS','ppues_month','UPDATING DATA ID #33',8,1488826210,8,1488826210),(2977,'SUCCESS','ppues_month','UPDATING DATA ID #34',8,1488826210,8,1488826210),(2978,'SUCCESS','ppues_month','UPDATING DATA ID #35',8,1488826210,8,1488826210),(2979,'SUCCESS','ppues_month','UPDATING DATA ID #36',8,1488826210,8,1488826210),(2980,'SUCCESS','ppu_emission_source','UPDATING DATA ID #5',8,1488826272,8,1488826272),(2981,'SUCCESS','log_dirty','INSERTING NEW DATA WITH ID #176',8,1488826272,8,1488826272),(2982,'SUCCESS','ppues_month','UPDATING DATA ID #25',8,1488826272,8,1488826272),(2983,'SUCCESS','log_dirty','INSERTING NEW DATA WITH ID #177',8,1488826272,8,1488826272),(2984,'SUCCESS','ppues_month','UPDATING DATA ID #26',8,1488826272,8,1488826272),(2985,'SUCCESS','ppues_month','UPDATING DATA ID #27',8,1488826272,8,1488826272),(2986,'SUCCESS','ppues_month','UPDATING DATA ID #28',8,1488826272,8,1488826272),(2987,'SUCCESS','ppues_month','UPDATING DATA ID #29',8,1488826272,8,1488826272),(2988,'SUCCESS','ppues_month','UPDATING DATA ID #30',8,1488826272,8,1488826272),(2989,'SUCCESS','ppues_month','UPDATING DATA ID #31',8,1488826272,8,1488826272),(2990,'SUCCESS','ppues_month','UPDATING DATA ID #32',8,1488826272,8,1488826272),(2991,'SUCCESS','ppues_month','UPDATING DATA ID #33',8,1488826272,8,1488826272),(2992,'SUCCESS','ppues_month','UPDATING DATA ID #34',8,1488826272,8,1488826272),(2993,'SUCCESS','ppues_month','UPDATING DATA ID #35',8,1488826272,8,1488826272),(2994,'SUCCESS','ppues_month','UPDATING DATA ID #36',8,1488826272,8,1488826272),(2995,'SUCCESS','ppucems_report_bm','INSERTING NEW DATA WITH ID #1',8,1488827683,8,1488827683),(2996,'SUCCESS','ppucemsrb_quarter','INSERTING NEW DATA WITH ID #1',8,1488827683,8,1488827683),(2997,'SUCCESS','ppucemsrb_quarter','INSERTING NEW DATA WITH ID #2',8,1488827683,8,1488827683),(2998,'SUCCESS','ppucemsrb_quarter','INSERTING NEW DATA WITH ID #3',8,1488827683,8,1488827683),(2999,'SUCCESS','ppucemsrb_quarter','INSERTING NEW DATA WITH ID #4',8,1488827683,8,1488827683),(3000,'SUCCESS','ppucemsrb_parameter_report','INSERTING NEW DATA WITH ID #1',8,1488827906,8,1488827906),(3001,'SUCCESS','ppucems_report_bm','INSERTING NEW DATA WITH ID #2',8,1488830997,8,1488830997),(3002,'SUCCESS','attachment','INSERTING NEW DATA WITH ID #27',8,1488830997,8,1488830997),(3003,'SUCCESS','attachment_owner','INSERTING NEW DATA WITH ID #29',8,1488830997,8,1488830997),(3004,'SUCCESS','ppucemsrb_quarter','INSERTING NEW DATA WITH ID #5',8,1488830997,8,1488830997),(3005,'SUCCESS','ppucemsrb_quarter','INSERTING NEW DATA WITH ID #6',8,1488830997,8,1488830997),(3006,'SUCCESS','ppucemsrb_quarter','INSERTING NEW DATA WITH ID #7',8,1488830998,8,1488830998),(3007,'SUCCESS','ppucemsrb_quarter','INSERTING NEW DATA WITH ID #8',8,1488830998,8,1488830998),(3008,'SUCCESS','ppu_emission_source','UPDATING DATA ID #5',8,1488831200,8,1488831200),(3009,'SUCCESS','attachment','INSERTING NEW DATA WITH ID #28',8,1488831200,8,1488831200),(3010,'SUCCESS','attachment_owner','INSERTING NEW DATA WITH ID #30',8,1488831200,8,1488831200),(3011,'SUCCESS','ppues_month','UPDATING DATA ID #25',8,1488831200,8,1488831200),(3012,'SUCCESS','ppues_month','UPDATING DATA ID #26',8,1488831200,8,1488831200),(3013,'SUCCESS','ppues_month','UPDATING DATA ID #27',8,1488831200,8,1488831200),(3014,'SUCCESS','ppues_month','UPDATING DATA ID #28',8,1488831200,8,1488831200),(3015,'SUCCESS','ppues_month','UPDATING DATA ID #29',8,1488831201,8,1488831201),(3016,'SUCCESS','ppues_month','UPDATING DATA ID #30',8,1488831201,8,1488831201),(3017,'SUCCESS','ppues_month','UPDATING DATA ID #31',8,1488831201,8,1488831201),(3018,'SUCCESS','ppues_month','UPDATING DATA ID #32',8,1488831201,8,1488831201),(3019,'SUCCESS','ppues_month','UPDATING DATA ID #33',8,1488831201,8,1488831201),(3020,'SUCCESS','ppues_month','UPDATING DATA ID #34',8,1488831201,8,1488831201),(3021,'SUCCESS','ppues_month','UPDATING DATA ID #35',8,1488831201,8,1488831201),(3022,'SUCCESS','ppues_month','UPDATING DATA ID #36',8,1488831201,8,1488831201),(3023,'SUCCESS','attachment','DELETING DATA ID #27',8,1488875642,8,1488875642),(3024,'SUCCESS','ppucems_report_bm','DELETING DATA ID #2',8,1488875643,8,1488875643),(3025,'SUCCESS','ppucems_report_bm','UPDATING DATA ID #1',8,1488875674,8,1488875674),(3026,'SUCCESS','ppucemsrb_quarter','UPDATING DATA ID #1',8,1488875674,8,1488875674),(3027,'SUCCESS','ppucemsrb_quarter','UPDATING DATA ID #2',8,1488875674,8,1488875674),(3028,'SUCCESS','ppucemsrb_quarter','UPDATING DATA ID #3',8,1488875674,8,1488875674),(3029,'SUCCESS','ppucemsrb_quarter','UPDATING DATA ID #4',8,1488875674,8,1488875674),(3030,'SUCCESS','ppucems_report_bm','INSERTING NEW DATA WITH ID #3',8,1488875702,8,1488875702),(3031,'SUCCESS','ppucemsrb_quarter','INSERTING NEW DATA WITH ID #9',8,1488875702,8,1488875702),(3032,'SUCCESS','ppucemsrb_quarter','INSERTING NEW DATA WITH ID #10',8,1488875702,8,1488875702),(3033,'SUCCESS','ppucemsrb_quarter','INSERTING NEW DATA WITH ID #11',8,1488875702,8,1488875702),(3034,'SUCCESS','ppucemsrb_quarter','INSERTING NEW DATA WITH ID #12',8,1488875702,8,1488875702),(3035,'SUCCESS','ppucems_report_bm','INSERTING NEW DATA WITH ID #4',8,1488875724,8,1488875724),(3036,'SUCCESS','ppucemsrb_quarter','INSERTING NEW DATA WITH ID #13',8,1488875724,8,1488875724),(3037,'SUCCESS','ppucemsrb_quarter','INSERTING NEW DATA WITH ID #14',8,1488875724,8,1488875724),(3038,'SUCCESS','ppucemsrb_quarter','INSERTING NEW DATA WITH ID #15',8,1488875724,8,1488875724),(3039,'SUCCESS','ppucemsrb_quarter','INSERTING NEW DATA WITH ID #16',8,1488875724,8,1488875724),(3040,'SUCCESS','ppucems_report_bm','INSERTING NEW DATA WITH ID #5',8,1488875747,8,1488875747),(3041,'SUCCESS','ppucemsrb_quarter','INSERTING NEW DATA WITH ID #17',8,1488875747,8,1488875747),(3042,'SUCCESS','ppucemsrb_quarter','INSERTING NEW DATA WITH ID #18',8,1488875747,8,1488875747),(3043,'SUCCESS','ppucemsrb_quarter','INSERTING NEW DATA WITH ID #19',8,1488875747,8,1488875747),(3044,'SUCCESS','ppucemsrb_quarter','INSERTING NEW DATA WITH ID #20',8,1488875747,8,1488875747),(3045,'SUCCESS','ppucems_report_bm','INSERTING NEW DATA WITH ID #6',8,1488875767,8,1488875767),(3046,'SUCCESS','ppucemsrb_quarter','INSERTING NEW DATA WITH ID #21',8,1488875767,8,1488875767),(3047,'SUCCESS','ppucemsrb_quarter','INSERTING NEW DATA WITH ID #22',8,1488875767,8,1488875767),(3048,'SUCCESS','ppucemsrb_quarter','INSERTING NEW DATA WITH ID #23',8,1488875767,8,1488875767),(3049,'SUCCESS','ppucemsrb_quarter','INSERTING NEW DATA WITH ID #24',8,1488875767,8,1488875767),(3050,'SUCCESS','ppucems_report_bm','INSERTING NEW DATA WITH ID #7',8,1488875783,8,1488875783),(3051,'SUCCESS','ppucemsrb_quarter','INSERTING NEW DATA WITH ID #25',8,1488875783,8,1488875783),(3052,'SUCCESS','ppucemsrb_quarter','INSERTING NEW DATA WITH ID #26',8,1488875783,8,1488875783),(3053,'SUCCESS','ppucemsrb_quarter','INSERTING NEW DATA WITH ID #27',8,1488875783,8,1488875783),(3054,'SUCCESS','ppucemsrb_quarter','INSERTING NEW DATA WITH ID #28',8,1488875783,8,1488875783),(3055,'SUCCESS','ppucemsrb_parameter_report','INSERTING NEW DATA WITH ID #2',8,1488877014,8,1488877014),(3056,'SUCCESS','ppucemsrb_parameter_report','UPDATING DATA ID #2',8,1488877035,8,1488877035),(3057,'SUCCESS','log_dirty','INSERTING NEW DATA WITH ID #178',8,1488877035,8,1488877035),(3058,'SUCCESS','ppucemsrb_parameter_report','UPDATING DATA ID #2',8,1488877093,8,1488877093),(3059,'SUCCESS','log_dirty','INSERTING NEW DATA WITH ID #179',8,1488877093,8,1488877093),(3060,'SUCCESS','ppucemsrb_parameter_report','UPDATING DATA ID #2',8,1488878113,8,1488878113),(3061,'SUCCESS','log_dirty','INSERTING NEW DATA WITH ID #180',8,1488878113,8,1488878113),(3062,'SUCCESS','log_dirty','INSERTING NEW DATA WITH ID #181',8,1488878113,8,1488878113),(3063,'SUCCESS','ppucemsrb_parameter_report','INSERTING NEW DATA WITH ID #3',8,1488878152,8,1488878152),(3064,'SUCCESS','ppucemsrb_parameter_report','INSERTING NEW DATA WITH ID #4',8,1488878222,8,1488878222),(3065,'SUCCESS','ppucemsrb_parameter_report','INSERTING NEW DATA WITH ID #5',8,1488878513,8,1488878513),(3066,'SUCCESS','ppucemsrb_parameter_report','DELETING DATA ID #5',8,1488878620,8,1488878620),(3067,'SUCCESS','ppucemsrb_parameter_report','INSERTING NEW DATA WITH ID #6',8,1488878649,8,1488878649),(3068,'SUCCESS','ppucemsrb_parameter_report','INSERTING NEW DATA WITH ID #7',8,1488878709,8,1488878709),(3069,'SUCCESS','ppucemsrb_parameter_report','INSERTING NEW DATA WITH ID #8',8,1488878761,8,1488878761),(3070,'SUCCESS','ppucemsrb_parameter_report','INSERTING NEW DATA WITH ID #9',8,1488878794,8,1488878794),(3071,'SUCCESS','ppu','DELETING DATA ID #7',8,1488986703,8,1488986703),(3072,'SUCCESS','ppua_parameter_obligation','DELETING DATA ID #2',8,1488987139,8,1488987139),(3073,'SUCCESS','ppua_monitoring_point','DELETING DATA ID #1',8,1488987308,8,1488987308),(3074,'SUCCESS','ppu_ambient','DELETING DATA ID #1',8,1488987325,8,1488987325),(3075,'SUCCESS','ppu_ambient','INSERTING NEW DATA WITH ID #2',8,1488987336,8,1488987336),(3076,'SUCCESS','ppu','INSERTING NEW DATA WITH ID #8',8,1488987479,8,1488987479),(3077,'SUCCESS','ppu','INSERTING NEW DATA WITH ID #9',8,1488987563,8,1488987563),(3078,'SUCCESS','ppu_ambient','INSERTING NEW DATA WITH ID #3',8,1488987603,8,1488987603),(3079,'SUCCESS','ppu_question','INSERTING NEW DATA WITH ID #4',8,1488987755,8,1488987755),(3080,'SUCCESS','ppu_question','INSERTING NEW DATA WITH ID #5',8,1488988967,8,1488988967),(3089,'SUCCESS','attachment','DELETING DATA ID #26',8,1488989181,8,1488989181),(3100,'SUCCESS','ppu_technical_provision','INSERTING NEW DATA WITH ID #31',8,1488989289,8,1488989289),(3101,'SUCCESS','ppu_technical_provision_detail','INSERTING NEW DATA WITH ID #35',8,1488989289,8,1488989289),(3102,'SUCCESS','attachment','INSERTING NEW DATA WITH ID #30',8,1488989289,8,1488989289),(3103,'SUCCESS','attachment_owner','INSERTING NEW DATA WITH ID #32',8,1488989289,8,1488989289),(3104,'SUCCESS','ppu_technical_provision_detail','INSERTING NEW DATA WITH ID #36',8,1488989289,8,1488989289),(3105,'SUCCESS','ppu_technical_provision_detail','INSERTING NEW DATA WITH ID #37',8,1488989289,8,1488989289),(3106,'SUCCESS','ppu_technical_provision_detail','INSERTING NEW DATA WITH ID #38',8,1488989289,8,1488989289),(3107,'SUCCESS','ppu_technical_provision','INSERTING NEW DATA WITH ID #32',8,1488989377,8,1488989377),(3108,'SUCCESS','ppu_technical_provision_detail','INSERTING NEW DATA WITH ID #39',8,1488989377,8,1488989377),(3109,'SUCCESS','attachment','INSERTING NEW DATA WITH ID #31',8,1488989377,8,1488989377),(3110,'SUCCESS','attachment_owner','INSERTING NEW DATA WITH ID #33',8,1488989377,8,1488989377),(3111,'SUCCESS','ppu_technical_provision_detail','INSERTING NEW DATA WITH ID #40',8,1488989377,8,1488989377),(3112,'SUCCESS','ppu_technical_provision_detail','INSERTING NEW DATA WITH ID #41',8,1488989378,8,1488989378),(3113,'SUCCESS','ppu_technical_provision_detail','INSERTING NEW DATA WITH ID #42',8,1488989378,8,1488989378),(3114,'SUCCESS','ppu_technical_provision','UPDATING DATA ID #32',8,1488989417,8,1488989417),(3115,'SUCCESS','ppu_technical_provision_detail','UPDATING DATA ID #39',8,1488989417,8,1488989417),(3116,'SUCCESS','ppu_technical_provision_detail','UPDATING DATA ID #40',8,1488989417,8,1488989417),(3117,'SUCCESS','attachment','INSERTING NEW DATA WITH ID #32',8,1488989417,8,1488989417),(3118,'SUCCESS','attachment_owner','INSERTING NEW DATA WITH ID #34',8,1488989417,8,1488989417),(3119,'SUCCESS','ppu_technical_provision_detail','UPDATING DATA ID #41',8,1488989417,8,1488989417),(3120,'SUCCESS','ppu_technical_provision_detail','UPDATING DATA ID #42',8,1488989417,8,1488989417),(3121,'SUCCESS','attachment','DELETING DATA ID #31',8,1488989427,8,1488989427),(3122,'SUCCESS','ppu_technical_provision','UPDATING DATA ID #32',8,1488989429,8,1488989429),(3123,'SUCCESS','ppu_technical_provision_detail','UPDATING DATA ID #39',8,1488989429,8,1488989429),(3124,'SUCCESS','ppu_technical_provision_detail','UPDATING DATA ID #40',8,1488989429,8,1488989429),(3125,'SUCCESS','ppu_technical_provision_detail','UPDATING DATA ID #41',8,1488989429,8,1488989429),(3126,'SUCCESS','ppu_technical_provision_detail','UPDATING DATA ID #42',8,1488989429,8,1488989429),(3127,'SUCCESS','ppu_question','INSERTING NEW DATA WITH ID #6',8,1488989480,8,1488989480),(3135,'SUCCESS','attachment','DELETING DATA ID #32',8,1488989878,8,1488989878),(3172,'SUCCESS','ppu_technical_provision','INSERTING NEW DATA WITH ID #35',8,1488991264,8,1488991264),(3173,'SUCCESS','ppu_technical_provision_detail','INSERTING NEW DATA WITH ID #51',8,1488991264,8,1488991264),(3174,'SUCCESS','ppu_technical_provision_detail','INSERTING NEW DATA WITH ID #52',8,1488991264,8,1488991264),(3175,'SUCCESS','ppu_technical_provision_detail','INSERTING NEW DATA WITH ID #53',8,1488991264,8,1488991264),(3176,'SUCCESS','ppu_technical_provision_detail','INSERTING NEW DATA WITH ID #54',8,1488991264,8,1488991264),(3177,'SUCCESS','ppu_technical_provision_detail','INSERTING NEW DATA WITH ID #55',8,1488991264,8,1488991264),(3178,'SUCCESS','ppu_question','INSERTING NEW DATA WITH ID #7',8,1488991276,8,1488991276),(3239,'SUCCESS','ppu_technical_provision','UPDATING DATA ID #35',8,1488991616,8,1488991616),(3240,'SUCCESS','ppu_technical_provision_detail','UPDATING DATA ID #51',8,1488991616,8,1488991616),(3241,'SUCCESS','ppu_technical_provision_detail','UPDATING DATA ID #52',8,1488991616,8,1488991616),(3242,'SUCCESS','ppu_technical_provision_detail','UPDATING DATA ID #53',8,1488991616,8,1488991616),(3243,'SUCCESS','ppu_technical_provision_detail','UPDATING DATA ID #54',8,1488991616,8,1488991616),(3244,'SUCCESS','ppu_technical_provision_detail','UPDATING DATA ID #55',8,1488991616,8,1488991616),(3245,'SUCCESS','ppu_technical_provision_detail','INSERTING NEW DATA WITH ID #56',8,1488991616,8,1488991616),(3246,'SUCCESS','ppu_technical_provision','UPDATING DATA ID #35',8,1488991628,8,1488991628),(3247,'SUCCESS','ppu_technical_provision_detail','UPDATING DATA ID #51',8,1488991628,8,1488991628),(3248,'SUCCESS','ppu_technical_provision_detail','UPDATING DATA ID #52',8,1488991628,8,1488991628),(3249,'SUCCESS','ppu_technical_provision_detail','UPDATING DATA ID #53',8,1488991628,8,1488991628),(3250,'SUCCESS','ppu_technical_provision_detail','UPDATING DATA ID #54',8,1488991628,8,1488991628),(3251,'SUCCESS','ppu_technical_provision_detail','UPDATING DATA ID #55',8,1488991628,8,1488991628),(3252,'SUCCESS','ppu_technical_provision_detail','UPDATING DATA ID #56',8,1488991628,8,1488991628),(3253,'SUCCESS','attachment','INSERTING NEW DATA WITH ID #34',8,1488991628,8,1488991628),(3254,'SUCCESS','attachment_owner','INSERTING NEW DATA WITH ID #36',8,1488991628,8,1488991628),(3255,'SUCCESS','ppu_technical_provision','UPDATING DATA ID #35',8,1488991704,8,1488991704),(3256,'SUCCESS','ppu_technical_provision_detail','UPDATING DATA ID #51',8,1488991704,8,1488991704),(3257,'SUCCESS','ppu_technical_provision_detail','UPDATING DATA ID #52',8,1488991704,8,1488991704),(3258,'SUCCESS','ppu_technical_provision_detail','UPDATING DATA ID #53',8,1488991704,8,1488991704),(3259,'SUCCESS','ppu_technical_provision_detail','UPDATING DATA ID #54',8,1488991704,8,1488991704),(3260,'SUCCESS','ppu_technical_provision_detail','UPDATING DATA ID #55',8,1488991704,8,1488991704),(3261,'SUCCESS','attachment','INSERTING NEW DATA WITH ID #35',8,1488991704,8,1488991704),(3262,'SUCCESS','attachment_owner','INSERTING NEW DATA WITH ID #37',8,1488991704,8,1488991704),(3263,'SUCCESS','ppu_technical_provision_detail','UPDATING DATA ID #56',8,1488991704,8,1488991704),(3264,'SUCCESS','ppu_technical_provision','UPDATING DATA ID #35',8,1488991729,8,1488991729),(3265,'SUCCESS','ppu_technical_provision_detail','UPDATING DATA ID #51',8,1488991729,8,1488991729),(3266,'SUCCESS','ppu_technical_provision_detail','UPDATING DATA ID #52',8,1488991729,8,1488991729),(3267,'SUCCESS','ppu_technical_provision_detail','UPDATING DATA ID #53',8,1488991729,8,1488991729),(3268,'SUCCESS','ppu_technical_provision_detail','UPDATING DATA ID #54',8,1488991729,8,1488991729),(3269,'SUCCESS','attachment','INSERTING NEW DATA WITH ID #36',8,1488991729,8,1488991729),(3270,'SUCCESS','attachment_owner','INSERTING NEW DATA WITH ID #38',8,1488991729,8,1488991729),(3271,'SUCCESS','ppu_technical_provision_detail','UPDATING DATA ID #55',8,1488991729,8,1488991729),(3272,'SUCCESS','ppu_technical_provision_detail','UPDATING DATA ID #56',8,1488991729,8,1488991729),(3273,'SUCCESS','ppu_technical_provision','UPDATING DATA ID #35',8,1488991785,8,1488991785),(3274,'SUCCESS','ppu_technical_provision_detail','UPDATING DATA ID #51',8,1488991785,8,1488991785),(3275,'SUCCESS','ppu_technical_provision_detail','UPDATING DATA ID #52',8,1488991785,8,1488991785),(3276,'SUCCESS','ppu_technical_provision_detail','UPDATING DATA ID #53',8,1488991785,8,1488991785),(3277,'SUCCESS','attachment','INSERTING NEW DATA WITH ID #37',8,1488991785,8,1488991785),(3278,'SUCCESS','attachment_owner','INSERTING NEW DATA WITH ID #39',8,1488991785,8,1488991785),(3279,'SUCCESS','ppu_technical_provision_detail','UPDATING DATA ID #54',8,1488991786,8,1488991786),(3280,'SUCCESS','ppu_technical_provision_detail','UPDATING DATA ID #55',8,1488991786,8,1488991786),(3281,'SUCCESS','ppu_technical_provision_detail','UPDATING DATA ID #56',8,1488991786,8,1488991786),(3282,'SUCCESS','ppu_technical_provision','UPDATING DATA ID #35',8,1488991802,8,1488991802),(3283,'SUCCESS','ppu_technical_provision_detail','UPDATING DATA ID #51',8,1488991803,8,1488991803),(3284,'SUCCESS','ppu_technical_provision_detail','UPDATING DATA ID #52',8,1488991803,8,1488991803),(3285,'SUCCESS','attachment','INSERTING NEW DATA WITH ID #38',8,1488991803,8,1488991803),(3286,'SUCCESS','attachment_owner','INSERTING NEW DATA WITH ID #40',8,1488991803,8,1488991803),(3287,'SUCCESS','ppu_technical_provision_detail','UPDATING DATA ID #53',8,1488991803,8,1488991803),(3288,'SUCCESS','ppu_technical_provision_detail','UPDATING DATA ID #54',8,1488991803,8,1488991803),(3289,'SUCCESS','ppu_technical_provision_detail','UPDATING DATA ID #55',8,1488991803,8,1488991803),(3290,'SUCCESS','ppu_technical_provision_detail','UPDATING DATA ID #56',8,1488991803,8,1488991803),(3291,'SUCCESS','ppu_technical_provision','UPDATING DATA ID #35',8,1488991824,8,1488991824),(3292,'SUCCESS','ppu_technical_provision_detail','UPDATING DATA ID #51',8,1488991824,8,1488991824),(3293,'SUCCESS','attachment','INSERTING NEW DATA WITH ID #39',8,1488991824,8,1488991824),(3294,'SUCCESS','attachment_owner','INSERTING NEW DATA WITH ID #41',8,1488991824,8,1488991824),(3295,'SUCCESS','ppu_technical_provision_detail','UPDATING DATA ID #52',8,1488991824,8,1488991824),(3296,'SUCCESS','ppu_technical_provision_detail','UPDATING DATA ID #53',8,1488991824,8,1488991824),(3297,'SUCCESS','ppu_technical_provision_detail','UPDATING DATA ID #54',8,1488991824,8,1488991824),(3298,'SUCCESS','ppu_technical_provision_detail','UPDATING DATA ID #55',8,1488991824,8,1488991824),(3299,'SUCCESS','ppu_technical_provision_detail','UPDATING DATA ID #56',8,1488991824,8,1488991824),(3300,'SUCCESS','attachment','DELETING DATA ID #39',8,1488991840,8,1488991840),(3301,'SUCCESS','attachment','DELETING DATA ID #38',8,1488991843,8,1488991843),(3302,'SUCCESS','attachment','DELETING DATA ID #37',8,1488991846,8,1488991846),(3303,'SUCCESS','ppu_technical_provision','UPDATING DATA ID #35',8,1488991875,8,1488991875),(3304,'SUCCESS','ppu_technical_provision_detail','UPDATING DATA ID #51',8,1488991875,8,1488991875),(3305,'SUCCESS','ppu_technical_provision_detail','UPDATING DATA ID #52',8,1488991875,8,1488991875),(3306,'SUCCESS','ppu_technical_provision_detail','UPDATING DATA ID #53',8,1488991875,8,1488991875),(3307,'SUCCESS','ppu_technical_provision_detail','UPDATING DATA ID #54',8,1488991875,8,1488991875),(3308,'SUCCESS','ppu_technical_provision_detail','UPDATING DATA ID #55',8,1488991875,8,1488991875),(3309,'SUCCESS','ppu_technical_provision_detail','UPDATING DATA ID #56',8,1488991875,8,1488991875),(3310,'SUCCESS','ppu_question','INSERTING NEW DATA WITH ID #8',8,1488991991,8,1488991991),(3311,'SUCCESS','ppu_technical_provision','UPDATING DATA ID #35',8,1488992000,8,1488992000),(3312,'SUCCESS','ppu_technical_provision_detail','UPDATING DATA ID #51',8,1488992000,8,1488992000),(3313,'SUCCESS','ppu_technical_provision_detail','UPDATING DATA ID #52',8,1488992000,8,1488992000),(3314,'SUCCESS','ppu_technical_provision_detail','UPDATING DATA ID #53',8,1488992000,8,1488992000),(3315,'SUCCESS','ppu_technical_provision_detail','UPDATING DATA ID #54',8,1488992000,8,1488992000),(3316,'SUCCESS','ppu_technical_provision_detail','UPDATING DATA ID #55',8,1488992000,8,1488992000),(3317,'SUCCESS','ppu_technical_provision_detail','UPDATING DATA ID #56',8,1488992000,8,1488992000),(3318,'SUCCESS','ppu_technical_provision_detail','INSERTING NEW DATA WITH ID #57',8,1488992000,8,1488992000),(3319,'SUCCESS','attachment','INSERTING NEW DATA WITH ID #40',8,1488992001,8,1488992001),(3320,'SUCCESS','attachment_owner','INSERTING NEW DATA WITH ID #42',8,1488992001,8,1488992001);

/*Table structure for table `log_dirty` */

DROP TABLE IF EXISTS `log_dirty`;

CREATE TABLE `log_dirty` (
  `id` int(11) NOT NULL AUTO_INCREMENT,
  `data_id` int(11) NOT NULL,
  `controller` varchar(150) NOT NULL,
  `model` varchar(150) NOT NULL,
  `label` varchar(255) NOT NULL,
  `original_value` varchar(255) NOT NULL,
  `changed_value` varchar(255) NOT NULL,
  `created_by` smallint(5) unsigned NOT NULL,
  `created_at` int(11) NOT NULL,
  `updated_by` smallint(5) unsigned NOT NULL,
  `updated_at` int(11) NOT NULL,
  PRIMARY KEY (`id`)
) ENGINE=InnoDB AUTO_INCREMENT=182 DEFAULT CHARSET=latin1;

/*Data for the table `log_dirty` */

insert  into `log_dirty`(`id`,`data_id`,`controller`,`model`,`label`,`original_value`,`changed_value`,`created_by`,`created_at`,`updated_by`,`updated_at`) values (1,1,'sector','Sector','Nama','Pekanbaru','Pekanbaru1',8,1479442515,8,1479442515),(2,1,'sector','Sector','Nama','Pekanbaru1','Pekanbaru',8,1479442528,8,1479442528),(3,1,'power-plant','PowerPlant','Sektor','4','8',8,1479444562,8,1479444562),(4,1,'power-plant','PowerPlant','Sektor','8','4',8,1479444587,8,1479444587),(5,1,'user-profile','Employee','Alamat','Lorong Jengkol. Talang Banjar.','Lorong Jengkol. Talang Banjar. Edit',8,1480133279,8,1480133279),(6,1,'user-profile','Employee','Alamat','Lorong Jengkol. Talang Banjar. Edit','Lorong Jengkol. Talang Banjar.',8,1480133297,8,1480133297),(7,6,'user-profile','Employee','Nama','Joko Test','Joko Test Edit',12,1480133428,12,1480133428),(8,6,'user-profile','Employee','Nama','Joko Test Edit','Joko Test',12,1480133435,12,1480133435),(9,1,'roadmap-k3l','RoadmapK3l','Pembangkit Listrik','2','1',8,1483676974,8,1483676974),(11,1,'roadmap-k3l','RoadmapK3l','Pembangkit Listrik','1','3',8,1483694441,8,1483694441),(12,1,'roadmap-k3l','RoadmapK3lTarget','Nilai','50%','51%',8,1483694734,8,1483694734),(13,2,'roadmap-k3l','RoadmapK3lTarget','Nilai','100%','99%',8,1483694734,8,1483694734),(14,1,'roadmap-k3l','RoadmapK3l','Pembangkit Listrik','3','2',8,1483694887,8,1483694887),(18,1,'working-plan','WorkingPlanDetail','R / NR','NR','R',8,1485315493,8,1485315493),(19,4,'smk3-title','Smk3Title','Judul SMK3','awda','awdas',8,1486400612,8,1486400612),(20,5,'smk3-title','Smk3Title','Judul SMK3','Judul','Pembangunan dan Pemeliharaan Komitmen',8,1486401422,8,1486401422),(21,3,'smk3-title','Smk3Subtitle','Sub-Judul SMK3','awda','Kebijakan',8,1486401422,8,1486401422),(22,4,'smk3-title','Smk3Criteria','Kriteria','awda','Terdapat kebijakan K3 yang tertulis, bertanggal, ditandatangan oleh pengusaha atau pengurus secara jelas menyatakan tujuan dan sasaran K3 serta komitmen terhadap peningkatan K3',8,1486401422,8,1486401422),(23,5,'smk3-title','Smk3Criteria','Kriteria','aawdawd','Kebijakan disusun oleh pengusaha dan atau pengurus setelah melalui proses konsultasi dengan wakil tenaga kerja.',8,1486402988,8,1486402988),(24,6,'smk3-title','Smk3Criteria','Kriteria','adwadadawda','Perusahaan mengkomunikasikan kebijakan K3\r\nkepada seluruh tenaga kerja, tamu, kontraktor, pelanggan dan pemasok dengan tata cara yang tepat.',8,1486402988,8,1486402988),(25,4,'smk3-title','Smk3Subtitle','Sub-Judul SMK3','adwwadasd','Tanggung Jawab & Wewenang untuk Bertindak',8,1486402988,8,1486402988),(26,7,'smk3-title','Smk3Criteria','Kriteria','asdsadwad','Tanggung jawab dan wewenang untuk mengambil tindakan dan melaporkan kepada semua pihak yang terkait dalam perusahaan di bidang K3 yang telah ditetapkan, diinformasikan dan didokumentasikan.',8,1486402988,8,1486402988),(27,8,'smk3-title','Smk3Criteria','Kriteria','asdasd','Penunjukan penanggung jawab K3 harus sesuai peraturan perundang-undangan.',8,1486402988,8,1486402988),(28,13,'smk3-title','Smk3Criteria','Kriteria','Kebijakan khusus dibuat untuk masalah K3 yang bersifat khusus.','Pimpinan unit kerja dalam suatu perusahaan bertanggung jawab atas kinerja K3 pada unit kerjanya.',8,1486409906,8,1486409906),(29,14,'smk3-title','Smk3Criteria','Kriteria','Kebijakan K3 dan kebijakan khusus lainnya ditinjau ulang secara berkala untuk menjamin bahwa kebijakan tersebut sesuai dengan perubahan yang terjadi dalam perusahaan dan dalam peraturan per undang-undangan','Pengusaha atau pengurus bertanggung jawab secara penuh untuk menjamin pelaksanaan SMK3.',8,1486409906,8,1486409906),(30,5,'smk3-title','Smk3Subtitle','Sub-Judul SMK3','asdadasd','Tinjauan dan Evaluasi',8,1486409906,8,1486409906),(31,9,'smk3-title','Smk3Criteria','Kriteria','azcxzczxvzxv','Tinjauan terhadap penerapan SMK3 meliputi kebijakan, perencanaan, pelaksanaan, pemantauan\r\ndan evaluasi telah dilakukan, dicatat dan\r\ndidokumentasikan.',8,1486409906,8,1486409906),(32,10,'smk3-title','Smk3Criteria','Kriteria','zxvxzv','Hasil tinjauan ulang dimasukkan dalam perencanaan tindakan manajemen.',8,1486409906,8,1486409906),(33,11,'smk3-title','Smk3Criteria','Kriteria','zxvzxv','Keterlibatan tenaga kerja dan penjadwalan konsultasi tenaga kerja dengan wakil perusahaan didokumentasikan dan disebarluaskan ke seluruh tenaga kerja.',8,1486409906,8,1486409906),(34,12,'smk3-title','Smk3Criteria','Kriteria','zxvxzvzx','Pengurus harus meninjau ulang pelaksanaan SMK3 secara berkala untuk menilai kesesuaian dan efektivitas SMK3.',8,1486409906,8,1486409906),(35,169,'smk3','Smk3Detail','Jawaban','0','1',8,1486545273,8,1486545273),(36,170,'smk3','Smk3Detail','Jawaban','0','1',8,1486545273,8,1486545273),(37,171,'smk3','Smk3Detail','Jawaban','0','1',8,1486545273,8,1486545273),(38,172,'smk3','Smk3Detail','Jawaban','0','1',8,1486545273,8,1486545273),(39,189,'smk3','Smk3Detail','Jawaban','0','1',8,1486545296,8,1486545296),(40,190,'smk3','Smk3Detail','Jawaban','0','1',8,1486551854,8,1486551854),(41,4,'smk3-title','Smk3Criteria','Kriteria','Terdapat kebijakan K3 yang tertulis, bertanggal, ditandatangan oleh pengusaha atau pengurus secara jelas menyatakan tujuan dan sasaran K3 serta komitmen terhadap peningkatan K3','<strong></strong><p>Terdapat kebijakan K3 yang tertulis, bertanggal, ditandatangan oleh pengusaha atau pengurus secara jelas menyatakan tujuan dan sasaran K3 serta komitmen terhadap peningkatan </p>',8,1486564003,8,1486564003),(42,5,'smk3-title','Smk3Criteria','Kriteria','Kebijakan disusun oleh pengusaha dan atau pengurus setelah melalui proses konsultasi dengan wakil tenaga kerja.','<p>Kebijakan disusun oleh pengusaha dan atau pengurus setelah melalui proses konsultasi dengan wakil tenaga kerja.</p>',8,1486564003,8,1486564003),(43,6,'smk3-title','Smk3Criteria','Kriteria','Perusahaan mengkomunikasikan kebijakan K3\r\nkepada seluruh tenaga kerja, tamu, kontraktor, pelanggan dan pemasok dengan tata cara yang tepat.','<p>Perusahaan mengkomunikasikan kebijakan K3</p><p>kepada seluruh tenaga kerja, tamu, kontraktor, pelanggan dan pemasok dengan tata cara yang tepat.</p>',8,1486564003,8,1486564003),(44,20,'smk3-title','Smk3Criteria','Kriteria','awd','<p>awd</p>',8,1486564003,8,1486564003),(45,7,'smk3-title','Smk3Criteria','Kriteria','Tanggung jawab dan wewenang untuk mengambil tindakan dan melaporkan kepada semua pihak yang terkait dalam perusahaan di bidang K3 yang telah ditetapkan, diinformasikan dan didokumentasikan.','<p>Tanggung jawab dan wewenang untuk mengambil tindakan dan melaporkan kepada semua pihak yang terkait dalam perusahaan di bidang K3 yang telah ditetapkan, diinformasikan dan didokumentasikan.</p>',8,1486564003,8,1486564003),(46,8,'smk3-title','Smk3Criteria','Kriteria','Penunjukan penanggung jawab K3 harus sesuai peraturan perundang-undangan.','<p>Penunjukan penanggung jawab K3 harus sesuai peraturan perundang-undangan.</p>',8,1486564003,8,1486564003),(47,13,'smk3-title','Smk3Criteria','Kriteria','Pimpinan unit kerja dalam suatu perusahaan bertanggung jawab atas kinerja K3 pada unit kerjanya.','<p>Pimpinan unit kerja dalam suatu perusahaan bertanggung jawab atas kinerja K3 pada unit kerjanya.</p>',8,1486564003,8,1486564003),(48,14,'smk3-title','Smk3Criteria','Kriteria','Pengusaha atau pengurus bertanggung jawab secara penuh untuk menjamin pelaksanaan SMK3.','<p>Pengusaha atau pengurus bertanggung jawab secara penuh untuk menjamin pelaksanaan SMK3.</p>',8,1486564004,8,1486564004),(49,15,'smk3-title','Smk3Criteria','Kriteria','Kebijakan khusus dibuat untuk masalah K3 yang bersifat khusus.','<p>Kebijakan khusus dibuat untuk masalah K3 yang bersifat khusus.</p>',8,1486564004,8,1486564004),(50,16,'smk3-title','Smk3Criteria','Kriteria','Kebijakan K3 dan kebijakan khusus lainnya ditinjau ulang secara berkala untuk menjamin bahwa kebijakan tersebut sesuai dengan perubahan yang terjadi dalam perusahaan dan dalam peraturan per undang-undangan','<p>Kebijakan K3 dan kebijakan khusus lainnya ditinjau ulang secara berkala untuk menjamin bahwa kebijakan tersebut sesuai dengan perubahan yang terjadi dalam perusahaan dan dalam peraturan per undang-undangan</p>',8,1486564004,8,1486564004),(51,9,'smk3-title','Smk3Criteria','Kriteria','Tinjauan terhadap penerapan SMK3 meliputi kebijakan, perencanaan, pelaksanaan, pemantauan\r\ndan evaluasi telah dilakukan, dicatat dan\r\ndidokumentasikan.','<p>Tinjauan terhadap penerapan SMK3 meliputi kebijakan, perencanaan, pelaksanaan, pemantauan</p><p>dan evaluasi telah dilakukan, dicatat dan</p><p>didokumentasikan.</p>',8,1486564004,8,1486564004),(52,10,'smk3-title','Smk3Criteria','Kriteria','Hasil tinjauan ulang dimasukkan dalam perencanaan tindakan manajemen.','<p>Hasil tinjauan ulang dimasukkan dalam perencanaan tindakan manajemen.</p>',8,1486564004,8,1486564004),(53,11,'smk3-title','Smk3Criteria','Kriteria','Keterlibatan tenaga kerja dan penjadwalan konsultasi tenaga kerja dengan wakil perusahaan didokumentasikan dan disebarluaskan ke seluruh tenaga kerja.','<p>Keterlibatan tenaga kerja dan penjadwalan konsultasi tenaga kerja dengan wakil perusahaan didokumentasikan dan disebarluaskan ke seluruh tenaga kerja.</p>',8,1486564004,8,1486564004),(54,12,'smk3-title','Smk3Criteria','Kriteria','Pengurus harus meninjau ulang pelaksanaan SMK3 secara berkala untuk menilai kesesuaian dan efektivitas SMK3.','<p>Pengurus harus meninjau ulang pelaksanaan SMK3 secara berkala untuk menilai kesesuaian dan efektivitas SMK3.</p>',8,1486564004,8,1486564004),(55,17,'smk3-title','Smk3Criteria','Kriteria','Petugas yang bertanggung jawab untuk menangani keadaan darurat telah ditetapkan dan mendapatkan pelatihan.','<p>Petugas yang bertanggung jawab untuk menangani keadaan darurat telah ditetapkan dan mendapatkan pelatihan.</p>',8,1486564004,8,1486564004),(56,18,'smk3-title','Smk3Criteria','Kriteria','Perusahaan mendapatkan saran-saran dari para ahli di bidang K3 yang berasal dari dalam dan/atau luar perusahaan.','<p>Perusahaan mendapatkan saran-saran dari para ahli di bidang K3 yang berasal dari dalam dan/atau luar perusahaan.</p>',8,1486564004,8,1486564004),(57,19,'smk3-title','Smk3Criteria','Kriteria','Kinerja K3 termuat dalam laporan tahunan perusahaan atau laporan lain yang setingkat.','<strong></strong><p>Kinerja K3 termuat dalam laporan tahunan perusahaan atau laporan lain yang setingkat.<strong>asdasdawd</strong></p>',8,1486564004,8,1486564004),(58,21,'smk3-title','Smk3Criteria','Kriteria','test','testatat',8,1486564491,8,1486564491),(63,22,'smk3-title','Smk3Criteria','Kriteria','test','testaadasdaw',8,1486565232,8,1486565232),(64,5,'smk3','Smk3','Triwulan','6','IV',8,1486636814,8,1486636814),(65,6,'smk3','Smk3','Triwulan','1','V',8,1486636827,8,1486636827),(66,10,'environment-permit','EnvironmentPermitDetail','Tanggal','2017-02-01','2017-02-21',8,1486840181,8,1486840181),(67,1,'environment-permit','EnvironmentPermitDetail','Batasan Kapasitas','123123','12312332',8,1487061634,8,1487061634),(68,1,'ppu-emission-source','PpuEmissionSource','Lokasi','PLTU TARAHAN','PLTU TARAHAN 2',8,1487419278,8,1487419278),(69,1,'ppu-emission-source','PpuEmissionSource','Waktu Operasi (Jam/Tahun)','999.99','4884.98',8,1487430511,8,1487430511),(70,1,'ppu-compulsory-monitored-emission-source','PpucmesMonth','Ppucmesm Operation Time','5153.00','5153.500',8,1487560583,8,1487560583),(71,2,'ppu-compulsory-monitored-emission-source','PpuCompulsoryMonitoredEmissionSource','Nama Sumber Emisi','awdad','Boiler Unit 3',8,1487586573,8,1487586573),(72,2,'ppu-compulsory-monitored-emission-source','PpuCompulsoryMonitoredEmissionSource','Kode Cerobong','adwd','CEROBONG 3',8,1487586573,8,1487586573),(73,2,'ppu-compulsory-monitored-emission-source','PpuCompulsoryMonitoredEmissionSource','Waktu Operasi (Jam/Tahun)','1231.00','4884.98',8,1487586573,8,1487586573),(74,1,'ppu-compulsory-monitored-emission-source','PpucmesMonth','Waktu Operasi','5153.50','729.283',8,1487586573,8,1487586573),(75,2,'ppu-compulsory-monitored-emission-source','PpucmesMonth','Waktu Operasi','13.00','644.033',8,1487586573,8,1487586573),(76,3,'ppu-compulsory-monitored-emission-source','PpucmesMonth','Waktu Operasi','135.00','720',8,1487586573,8,1487586573),(77,4,'ppu-compulsory-monitored-emission-source','PpucmesMonth','Waktu Operasi','13.00','645.25',8,1487586573,8,1487586573),(78,5,'ppu-compulsory-monitored-emission-source','PpucmesMonth','Waktu Operasi','135.00','521.55',8,1487586573,8,1487586573),(79,6,'ppu-compulsory-monitored-emission-source','PpucmesMonth','Waktu Operasi','135.00','453.03333',8,1487586573,8,1487586573),(80,7,'ppu-compulsory-monitored-emission-source','PpucmesMonth','Waktu Operasi','135.00','744.000',8,1487586573,8,1487586573),(81,8,'ppu-compulsory-monitored-emission-source','PpucmesMonth','Waktu Operasi','135.00','193.3333333',8,1487586573,8,1487586573),(82,9,'ppu-compulsory-monitored-emission-source','PpucmesMonth','Waktu Operasi','135.00','234.5',8,1487586573,8,1487586573),(83,10,'ppu-compulsory-monitored-emission-source','PpucmesMonth','Waktu Operasi','153.00','1',8,1487586573,8,1487586573),(84,11,'ppu-compulsory-monitored-emission-source','PpucmesMonth','Waktu Operasi','13.00','1',8,1487586573,8,1487586573),(85,12,'ppu-compulsory-monitored-emission-source','PpucmesMonth','Waktu Operasi','531.00','1',8,1487586573,8,1487586573),(86,2,'ppu-compulsory-monitored-emission-source','PpuCompulsoryMonitoredEmissionSource','Frekuensi Kewajiban Pemantauan','FMOC1','PAFMOC1',8,1487677825,8,1487677825),(87,1,'ppu-parameter-obligation','PpuParameterObligation','Baku Mutu','850.00','8500',8,1487746257,8,1487746257),(88,1,'ppu-parameter-obligation','PpuParameterObligation','Baku Mutu','999.99','850',8,1487746279,8,1487746279),(89,1,'ppu-emission-load-grk','PpuEmissionLoadGrkCalc','Pemakaian Batubara','293.316','293.317',8,1487746462,8,1487746462),(90,1,'ppu-emission-load-grk','PpuEmissionLoadGrk','Parameter','CO2','CO23',8,1487746612,8,1487746612),(91,1,'ppu-emission-load-grk','PpuEmissionLoadGrkCalc','Pemakaian Batubara','293.317','293.316',8,1487748744,8,1487748744),(92,1,'ppu-emission-load-grk','PpuEmissionLoadGrk','Parameter','CO23','CO2',8,1487748758,8,1487748758),(93,1,'ppu-parameter-obligation','PpuParameterObligation','Baku Mutu','850.00','85',8,1487791045,8,1487791045),(94,1,'ppu-parameter-obligation','PpupoMonth','Nilai','113.00','113.74',8,1487791138,8,1487791138),(95,14,'ppu-parameter-obligation','PpupoMonth','Nilai','19.23','19.32',8,1487791173,8,1487791173),(96,2,'ppu-compulsory-monitored-emission-source','PpuCompulsoryMonitoredEmissionSource','Waktu Operasi (Jam/Tahun)','4884.98','4884.983333',8,1487791238,8,1487791238),(97,2,'ppu-emission-source','PpuEmissionSource','Nama Sumber Emisi','Boiler Unit 3','Boiler Unit 4',8,1487791794,8,1487791794),(98,1,'ppu','Ppu','Tahun','2014','2016',8,1487792049,8,1487792049),(99,2,'ppu-compulsory-monitored-emission-source','PpuCompulsoryMonitoredEmissionSource','Waktu Operasi (Jam/Tahun)','4884.980000','4884.983333',8,1487841876,8,1487841876),(100,1,'ppu-compulsory-monitored-emission-source','PpucmesMonth','Tahun','2013','2015',8,1487841877,8,1487841877),(101,2,'ppu-compulsory-monitored-emission-source','PpucmesMonth','Tahun','2013','2015',8,1487841877,8,1487841877),(102,3,'ppu-compulsory-monitored-emission-source','PpucmesMonth','Tahun','2013','2015',8,1487841877,8,1487841877),(103,4,'ppu-compulsory-monitored-emission-source','PpucmesMonth','Tahun','2013','2015',8,1487841877,8,1487841877),(104,5,'ppu-compulsory-monitored-emission-source','PpucmesMonth','Tahun','2013','2015',8,1487841877,8,1487841877),(105,6,'ppu-compulsory-monitored-emission-source','PpucmesMonth','Tahun','2013','2015',8,1487841877,8,1487841877),(106,7,'ppu-compulsory-monitored-emission-source','PpucmesMonth','Tahun','2014','2016',8,1487841877,8,1487841877),(107,8,'ppu-compulsory-monitored-emission-source','PpucmesMonth','Tahun','2014','2016',8,1487841877,8,1487841877),(108,9,'ppu-compulsory-monitored-emission-source','PpucmesMonth','Tahun','2014','2016',8,1487841877,8,1487841877),(109,10,'ppu-compulsory-monitored-emission-source','PpucmesMonth','Tahun','2014','2016',8,1487841877,8,1487841877),(110,11,'ppu-compulsory-monitored-emission-source','PpucmesMonth','Tahun','2014','2016',8,1487841877,8,1487841877),(111,12,'ppu-compulsory-monitored-emission-source','PpucmesMonth','Tahun','2014','2016',8,1487841877,8,1487841877),(112,3,'ppu-compulsory-monitored-emission-source','PpuCompulsoryMonitoredEmissionSource','Waktu Operasi (Jam/Tahun)','5413.000000','5412.996667',8,1487841902,8,1487841902),(113,13,'ppu-compulsory-monitored-emission-source','PpucmesMonth','Tahun','2013','2015',8,1487841902,8,1487841902),(114,14,'ppu-compulsory-monitored-emission-source','PpucmesMonth','Tahun','2013','2015',8,1487841902,8,1487841902),(115,15,'ppu-compulsory-monitored-emission-source','PpucmesMonth','Tahun','2013','2015',8,1487841902,8,1487841902),(116,16,'ppu-compulsory-monitored-emission-source','PpucmesMonth','Tahun','2013','2015',8,1487841902,8,1487841902),(117,17,'ppu-compulsory-monitored-emission-source','PpucmesMonth','Tahun','2013','2015',8,1487841902,8,1487841902),(118,18,'ppu-compulsory-monitored-emission-source','PpucmesMonth','Tahun','2013','2015',8,1487841902,8,1487841902),(119,19,'ppu-compulsory-monitored-emission-source','PpucmesMonth','Tahun','2014','2016',8,1487841902,8,1487841902),(120,20,'ppu-compulsory-monitored-emission-source','PpucmesMonth','Tahun','2014','2016',8,1487841902,8,1487841902),(121,21,'ppu-compulsory-monitored-emission-source','PpucmesMonth','Tahun','2014','2016',8,1487841902,8,1487841902),(122,22,'ppu-compulsory-monitored-emission-source','PpucmesMonth','Tahun','2014','2016',8,1487841903,8,1487841903),(123,23,'ppu-compulsory-monitored-emission-source','PpucmesMonth','Tahun','2014','2016',8,1487841903,8,1487841903),(124,24,'ppu-compulsory-monitored-emission-source','PpucmesMonth','Tahun','2014','2016',8,1487841903,8,1487841903),(125,86,'ppu-parameter-obligation','PpupoMonth','Nilai','178.70','178.75',8,1487842149,8,1487842149),(126,90,'ppu-parameter-obligation','PpupoMonth','Nilai','456.60','456.63',8,1487842150,8,1487842150),(127,93,'ppu-parameter-obligation','PpupoMonth','Nilai','542.39','542.59',8,1487842150,8,1487842150),(128,111,'ppu-parameter-obligation','PpupoMonth','Nilai','11.80','11.89',8,1487842240,8,1487842240),(129,113,'ppu-parameter-obligation','PpupoMonth','Nilai','69.70','69.71',8,1487842240,8,1487842240),(130,10,'ppu-parameter-obligation','PpuParameterObligation','Baku Mutu','850.00','750',8,1487842455,8,1487842455),(131,11,'ppu-parameter-obligation','PpuParameterObligation','Baku Mutu','850.00','750',8,1487842468,8,1487842468),(132,1,'ppucems-report-bm','PpucemsrbQuarter','Nilai','92','91',8,1488443327,8,1488443327),(133,1,'ppucems-report-bm','PpucemsrbQuarter','Nilai','91','92',8,1488443346,8,1488443346),(134,4,'ppucems-report-bm','PpucemsrbQuarter','Nilai Baku Mutu','93','30',8,1488521426,8,1488521426),(135,3,'ppu-emission-source','PpuEmissionSource','Waktu Operasi (Jam/Tahun)','5413.00','4884.98',8,1488798713,8,1488798713),(136,73,'ppu-parameter-obligation','PpupoMonth','Nilai','15.26','18.54',8,1488799005,8,1488799005),(137,74,'ppu-parameter-obligation','PpupoMonth','Nilai','19.32','17.55',8,1488799005,8,1488799005),(138,75,'ppu-parameter-obligation','PpupoMonth','Nilai','21.56','6.98',8,1488799005,8,1488799005),(139,76,'ppu-parameter-obligation','PpupoMonth','Nilai','17.15','14.05',8,1488799005,8,1488799005),(140,77,'ppu-parameter-obligation','PpupoMonth','Nilai','17.18','11.41',8,1488799005,8,1488799005),(141,78,'ppu-parameter-obligation','PpupoMonth','Nilai','11.41','10.83',8,1488799005,8,1488799005),(142,79,'ppu-parameter-obligation','PpupoMonth','Nilai','19.21','10.52',8,1488799005,8,1488799005),(143,80,'ppu-parameter-obligation','PpupoMonth','Nilai','20.98','10.52',8,1488799005,8,1488799005),(144,81,'ppu-parameter-obligation','PpupoMonth','Nilai','13.96','15.01',8,1488799005,8,1488799005),(145,97,'ppu-parameter-obligation','PpupoMonth','Nilai','18.54','15.26',8,1488799099,8,1488799099),(146,98,'ppu-parameter-obligation','PpupoMonth','Nilai','17.55','19.32',8,1488799100,8,1488799100),(147,99,'ppu-parameter-obligation','PpupoMonth','Nilai','6.98','21.56',8,1488799100,8,1488799100),(148,100,'ppu-parameter-obligation','PpupoMonth','Nilai','14.05','17.15',8,1488799100,8,1488799100),(149,101,'ppu-parameter-obligation','PpupoMonth','Nilai','11.41','17.18',8,1488799100,8,1488799100),(150,102,'ppu-parameter-obligation','PpupoMonth','Nilai','10.83','11.41',8,1488799100,8,1488799100),(151,103,'ppu-parameter-obligation','PpupoMonth','Nilai','10.52','19.21',8,1488799100,8,1488799100),(152,104,'ppu-parameter-obligation','PpupoMonth','Nilai','10.52','20.98',8,1488799100,8,1488799100),(153,105,'ppu-parameter-obligation','PpupoMonth','Nilai','15.01','13.96',8,1488799100,8,1488799100),(154,61,'ppu-parameter-obligation','PpupoMonth','Nilai','113.74','66.73',8,1488799201,8,1488799201),(155,62,'ppu-parameter-obligation','PpupoMonth','Nilai','279.31','178.75',8,1488799201,8,1488799201),(156,63,'ppu-parameter-obligation','PpupoMonth','Nilai','259.00','195',8,1488799201,8,1488799201),(157,64,'ppu-parameter-obligation','PpupoMonth','Nilai','281.05','258.14',8,1488799201,8,1488799201),(158,65,'ppu-parameter-obligation','PpupoMonth','Nilai','428.09','590.19',8,1488799201,8,1488799201),(159,66,'ppu-parameter-obligation','PpupoMonth','Nilai','453.94','456.63',8,1488799201,8,1488799201),(160,67,'ppu-parameter-obligation','PpupoMonth','Nilai','281.60','401.75',8,1488799201,8,1488799201),(161,68,'ppu-parameter-obligation','PpupoMonth','Nilai','472.88','143.21',8,1488799201,8,1488799201),(162,69,'ppu-parameter-obligation','PpupoMonth','Nilai','408.15','542.59',8,1488799201,8,1488799201),(163,2,'ppu-emission-source','PpuEmissionSource','Waktu Operasi (Jam/Tahun)','5413.00','5412.996667',8,1488799302,8,1488799302),(164,2,'ppu-emission-source','PpuEmissionSource','Waktu Operasi (Jam/Tahun)','5413.000000','5412.996667',8,1488799340,8,1488799340),(165,29,'ppu-emission-source','PpuesMonth','Waktu Operasi','521.55','521.56',8,1488823209,8,1488823209),(166,29,'ppu-emission-source','PpuesMonth','Waktu Operasi','521.56','521.55',8,1488823217,8,1488823217),(167,181,'ppu-parameter-obligation','PpupoMonth','Nilai','113.70','113.71',8,1488824352,8,1488824352),(168,181,'ppu-parameter-obligation','PpupoMonth','Nilai','113.71','113.70',8,1488824360,8,1488824360),(169,19,'ppu-parameter-obligation','PpuParameterObligation','Satuan Baku Mutu','PRQUC1','PRQUC2',8,1488825157,8,1488825157),(170,5,'ppu-emission-source','PpuEmissionSource','Waktu Operasi (Jam/Tahun)','4884.690000','4884.98',8,1488826078,8,1488826078),(171,25,'ppu-emission-source','PpuesMonth','Waktu Operasi','729.000000','729.283',8,1488826078,8,1488826078),(172,26,'ppu-emission-source','PpuesMonth','Waktu Operasi','644.030000','644.033333',8,1488826078,8,1488826078),(173,30,'ppu-emission-source','PpuesMonth','Waktu Operasi','453.030000','453.033333',8,1488826078,8,1488826078),(174,32,'ppu-emission-source','PpuesMonth','Waktu Operasi','193.330000','193.333333',8,1488826078,8,1488826078),(175,5,'ppu-emission-source','PpuEmissionSource','Waktu Operasi (Jam/Tahun)','4884.980000','4884.982999',8,1488826210,8,1488826210),(176,5,'ppu-emission-source','PpuEmissionSource','Waktu Operasi (Jam/Tahun)','4884.982999','4884.983332',8,1488826272,8,1488826272),(177,25,'ppu-emission-source','PpuesMonth','Waktu Operasi','729.283000','729.283333',8,1488826272,8,1488826272),(178,2,'ppucemsrb-parameter-report','PpucemsrbParameterReport','Tanggal','2015-07-01','2015-08-01',8,1488877035,8,1488877035),(179,2,'ppucemsrb-parameter-report','PpucemsrbParameterReport','Bulan','7','8',8,1488877093,8,1488877093),(180,2,'ppucemsrb-parameter-report','PpucemsrbParameterReport','Bulan','8','7',8,1488878113,8,1488878113),(181,2,'ppucemsrb-parameter-report','PpucemsrbParameterReport','Tanggal','2015-08-01','2015-07-01',8,1488878113,8,1488878113);

/*Table structure for table `login_history` */

DROP TABLE IF EXISTS `login_history`;

CREATE TABLE `login_history` (
  `id` int(11) NOT NULL AUTO_INCREMENT,
  `user_id` smallint(5) unsigned DEFAULT NULL,
  `username` varchar(255) DEFAULT NULL,
  `password` varchar(255) DEFAULT NULL,
  `remark` varchar(20) DEFAULT NULL,
  `ip_address` varchar(20) DEFAULT NULL,
  `created_at` int(11) NOT NULL,
  `updated_at` int(11) NOT NULL,
  PRIMARY KEY (`id`),
  KEY `FK_login_history_user` (`user_id`),
  CONSTRAINT `FK_login_history_user` FOREIGN KEY (`user_id`) REFERENCES `user` (`id`) ON DELETE CASCADE ON UPDATE CASCADE
) ENGINE=InnoDB AUTO_INCREMENT=62 DEFAULT CHARSET=latin1;

/*Data for the table `login_history` */

insert  into `login_history`(`id`,`user_id`,`username`,`password`,`remark`,`ip_address`,`created_at`,`updated_at`) values (1,8,NULL,NULL,'LOGOUT','::1',1479269759,1479269759),(2,8,NULL,NULL,'LOGIN SUCCESS','::1',1479269767,1479269767),(3,8,NULL,NULL,'LOGOUT','::1',1479398320,1479398320),(4,8,NULL,NULL,'LOGIN SUCCESS','::1',1479440555,1479440555),(5,8,NULL,NULL,'LOGOUT','::1',1479730129,1479730129),(6,8,NULL,NULL,'LOGIN SUCCESS','::1',1480046393,1480046393),(7,12,NULL,NULL,'LOGIN SUCCESS','::1',1480052102,1480052102),(8,12,NULL,NULL,'LOGOUT','::1',1480052214,1480052214),(9,12,NULL,NULL,'LOGIN SUCCESS','::1',1480052222,1480052222),(10,12,NULL,NULL,'LOGOUT','::1',1480053606,1480053606),(11,8,NULL,NULL,'LOGOUT','::1',1480053612,1480053612),(12,12,NULL,NULL,'LOGIN SUCCESS','::1',1480053621,1480053621),(13,8,NULL,NULL,'LOGIN SUCCESS','::1',1480053978,1480053978),(14,12,NULL,NULL,'LOGOUT','::1',1480129987,1480129987),(15,8,NULL,NULL,'LOGIN SUCCESS','::1',1480130000,1480130000),(16,8,NULL,NULL,'LOGOUT','::1',1480131778,1480131778),(17,12,NULL,NULL,'LOGIN SUCCESS','::1',1480131788,1480131788),(18,12,NULL,NULL,'LOGOUT','::1',1480149980,1480149980),(19,12,NULL,NULL,'LOGIN SUCCESS','::1',1480150043,1480150043),(20,12,NULL,NULL,'LOGOUT','::1',1480150050,1480150050),(21,8,NULL,NULL,'LOGOUT','::1',1480150107,1480150107),(22,8,NULL,NULL,'LOGIN SUCCESS','::1',1481598277,1481598277),(23,8,NULL,NULL,'LOGOUT','::1',1481599145,1481599145),(24,8,NULL,NULL,'LOGIN SUCCESS','::1',1482375151,1482375151),(25,8,NULL,NULL,'LOGOUT','::1',1482394645,1482394645),(26,8,NULL,NULL,'LOGIN SUCCESS','::1',1482394655,1482394655),(27,8,NULL,NULL,'LOGOUT','::1',1482413207,1482413207),(28,8,NULL,NULL,'LOGIN SUCCESS','::1',1482482524,1482482524),(29,8,NULL,NULL,'LOGOUT','::1',1482826243,1482826243),(30,8,NULL,NULL,'LOGIN SUCCESS','::1',1482826390,1482826390),(31,8,NULL,NULL,'LOGOUT','::1',1482830435,1482830435),(32,8,NULL,NULL,'LOGIN SUCCESS','::1',1482904018,1482904018),(33,8,NULL,NULL,'LOGOUT','::1',1482908945,1482908945),(34,8,NULL,NULL,'LOGIN SUCCESS','::1',1482908955,1482908955),(35,8,NULL,NULL,'LOGOUT','::1',1482913301,1482913301),(36,8,NULL,NULL,'LOGIN SUCCESS','::1',1482913439,1482913439),(37,8,NULL,NULL,'LOGOUT','::1',1482980058,1482980058),(38,8,NULL,NULL,'LOGIN SUCCESS','::1',1483074651,1483074651),(39,8,NULL,NULL,'LOGOUT','::1',1483082347,1483082347),(40,8,NULL,NULL,'LOGIN SUCCESS','::1',1483082384,1483082384),(41,8,NULL,NULL,'LOGOUT','::1',1483419405,1483419405),(42,8,NULL,NULL,'LOGIN SUCCESS','::1',1483419453,1483419453),(43,8,NULL,NULL,'LOGIN SUCCESS','::1',1483590963,1483590963),(44,8,NULL,NULL,'LOGOUT','::1',1483676171,1483676171),(45,8,NULL,NULL,'LOGIN SUCCESS','::1',1483676266,1483676266),(46,8,NULL,NULL,'LOGOUT','::1',1483699644,1483699644),(47,8,NULL,NULL,'LOGIN SUCCESS','::1',1483760748,1483760748),(48,8,NULL,NULL,'LOGOUT','::1',1484042329,1484042329),(49,8,NULL,NULL,'LOGIN SUCCESS','::1',1484105381,1484105381),(50,8,NULL,NULL,'LOGOUT','::1',1484301026,1484301026),(51,8,NULL,NULL,'LOGIN SUCCESS','::1',1484301803,1484301803),(52,8,NULL,NULL,'LOGOUT','::1',1484543719,1484543719),(53,8,NULL,NULL,'LOGIN SUCCESS','::1',1484543730,1484543730),(54,8,NULL,NULL,'LOGOUT','::1',1484714239,1484714239),(55,8,NULL,NULL,'LOGIN SUCCESS','::1',1484795562,1484795562),(56,8,NULL,NULL,'LOGOUT','::1',1485264263,1485264263),(57,8,NULL,NULL,'LOGIN SUCCESS','::1',1485264914,1485264914),(58,8,NULL,NULL,'LOGOUT','::1',1485344838,1485344838),(59,8,NULL,NULL,'LOGIN SUCCESS','::1',1485422635,1485422635),(60,8,NULL,NULL,'LOGOUT','::1',1485444933,1485444933),(61,8,NULL,NULL,'LOGIN SUCCESS','::1',1486025491,1486025491);

/*Table structure for table `maturity_level` */

DROP TABLE IF EXISTS `maturity_level`;

CREATE TABLE `maturity_level` (
  `id` int(11) NOT NULL AUTO_INCREMENT,
  `sector_id` int(11) NOT NULL,
  `mlvl_quarter` varchar(2) NOT NULL,
  `mlvl_year` int(4) NOT NULL,
  `created_by` smallint(5) unsigned NOT NULL,
  `created_at` int(11) NOT NULL,
  `updated_by` smallint(5) unsigned NOT NULL,
  `updated_at` int(11) NOT NULL,
  PRIMARY KEY (`id`),
  KEY `FK_maturity_level_sector` (`sector_id`),
  CONSTRAINT `FK_maturity_level_sector` FOREIGN KEY (`sector_id`) REFERENCES `sector` (`id`) ON DELETE CASCADE ON UPDATE CASCADE
) ENGINE=InnoDB DEFAULT CHARSET=latin1;

/*Data for the table `maturity_level` */

/*Table structure for table `maturity_level_detail` */

DROP TABLE IF EXISTS `maturity_level_detail`;

CREATE TABLE `maturity_level_detail` (
  `id` int(11) NOT NULL AUTO_INCREMENT,
  `maturity_level_id` int(11) NOT NULL,
  `maturity_level_question_id` int(11) NOT NULL,
  `mld_target` decimal(14,2) DEFAULT NULL,
  `mld_realization` decimal(14,2) DEFAULT NULL,
  `created_by` smallint(5) unsigned NOT NULL,
  `created_at` int(11) NOT NULL,
  `updated_by` smallint(5) unsigned NOT NULL,
  `updated_at` int(11) NOT NULL,
  PRIMARY KEY (`id`),
  KEY `FK_maturity_level_detail` (`maturity_level_id`),
  KEY `FK_maturity_level_detail_question` (`maturity_level_question_id`),
  CONSTRAINT `FK_maturity_level_detail` FOREIGN KEY (`maturity_level_id`) REFERENCES `maturity_level` (`id`) ON DELETE CASCADE ON UPDATE CASCADE,
  CONSTRAINT `FK_maturity_level_detail_question` FOREIGN KEY (`maturity_level_question_id`) REFERENCES `maturity_level_question` (`id`) ON DELETE CASCADE ON UPDATE CASCADE
) ENGINE=InnoDB DEFAULT CHARSET=latin1;

/*Data for the table `maturity_level_detail` */

/*Table structure for table `maturity_level_question` */

DROP TABLE IF EXISTS `maturity_level_question`;

CREATE TABLE `maturity_level_question` (
  `id` int(11) NOT NULL AUTO_INCREMENT,
  `maturity_level_title_id` int(11) NOT NULL,
  `q_action_plan` text,
  `q_criteria` text,
  `q_unit_code` varchar(10) NOT NULL,
  `q_weight` decimal(5,2) DEFAULT NULL,
  `created_by` smallint(5) unsigned NOT NULL,
  `created_at` int(11) NOT NULL,
  `updated_by` smallint(5) unsigned NOT NULL,
  `updated_at` int(11) NOT NULL,
  PRIMARY KEY (`id`),
  KEY `FK_maturity_level_question_title` (`maturity_level_title_id`),
  CONSTRAINT `FK_maturity_level_question_title` FOREIGN KEY (`maturity_level_title_id`) REFERENCES `maturity_level_title` (`id`) ON DELETE CASCADE ON UPDATE CASCADE
) ENGINE=InnoDB DEFAULT CHARSET=latin1;

/*Data for the table `maturity_level_question` */

/*Table structure for table `maturity_level_title` */

DROP TABLE IF EXISTS `maturity_level_title`;

CREATE TABLE `maturity_level_title` (
  `id` int(11) NOT NULL AUTO_INCREMENT,
  `title_text` varchar(255) NOT NULL,
  `created_by` smallint(5) unsigned NOT NULL,
  `created_at` int(11) NOT NULL,
  `updated_by` smallint(5) unsigned NOT NULL,
  `updated_at` int(11) NOT NULL,
  PRIMARY KEY (`id`)
) ENGINE=InnoDB AUTO_INCREMENT=2 DEFAULT CHARSET=latin1;

/*Data for the table `maturity_level_title` */

insert  into `maturity_level_title`(`id`,`title_text`,`created_by`,`created_at`,`updated_by`,`updated_at`) values (1,'ASD',8,1488015722,8,1488015722);

/*Table structure for table `power_plant` */

DROP TABLE IF EXISTS `power_plant`;

CREATE TABLE `power_plant` (
  `id` int(11) NOT NULL AUTO_INCREMENT,
  `sector_id` int(11) NOT NULL,
  `pp_name` varchar(150) NOT NULL,
  `created_by` smallint(5) unsigned NOT NULL,
  `created_at` int(11) NOT NULL,
  `updated_by` smallint(5) unsigned NOT NULL,
  `updated_at` int(11) NOT NULL,
  PRIMARY KEY (`id`),
  KEY `FK_power_plant_sector` (`sector_id`),
  CONSTRAINT `FK_power_plant_sector` FOREIGN KEY (`sector_id`) REFERENCES `sector` (`id`)
) ENGINE=InnoDB AUTO_INCREMENT=6 DEFAULT CHARSET=latin1;

/*Data for the table `power_plant` */

insert  into `power_plant`(`id`,`sector_id`,`pp_name`,`created_by`,`created_at`,`updated_by`,`updated_at`) values (1,4,'PLTG Batanghari 1',8,1479444423,8,1479444587),(2,4,'PLTG Batanghari 2',8,1479444739,8,1479444739),(3,4,'PLTG Payo Selincah',8,1479444770,8,1479444770),(4,2,'PLTU Pembangkit 1',8,1479444945,8,1479444945),(5,7,'PLTG Pembangkit 1',8,1479445219,8,1479445219);

/*Table structure for table `ppa` */

DROP TABLE IF EXISTS `ppa`;

CREATE TABLE `ppa` (
  `id` int(11) NOT NULL AUTO_INCREMENT,
  `sector_id` int(11) NOT NULL,
  `power_plant_id` int(11) NOT NULL,
  `ppa_year` int(4) NOT NULL,
  `created_by` smallint(5) unsigned NOT NULL,
  `created_at` int(11) NOT NULL,
  `updated_by` smallint(5) unsigned NOT NULL,
  `updated_at` int(11) NOT NULL,
  PRIMARY KEY (`id`),
  KEY `FK_ppa_sector` (`sector_id`),
  KEY `FK_ppa_power_plant` (`power_plant_id`),
  CONSTRAINT `FK_ppa_power_plant` FOREIGN KEY (`power_plant_id`) REFERENCES `power_plant` (`id`) ON DELETE CASCADE ON UPDATE CASCADE,
  CONSTRAINT `FK_ppa_sector` FOREIGN KEY (`sector_id`) REFERENCES `sector` (`id`) ON DELETE CASCADE ON UPDATE CASCADE
) ENGINE=InnoDB AUTO_INCREMENT=4 DEFAULT CHARSET=latin1;

/*Data for the table `ppa` */

insert  into `ppa`(`id`,`sector_id`,`power_plant_id`,`ppa_year`,`created_by`,`created_at`,`updated_by`,`updated_at`) values (1,4,2,2017,8,1487233107,8,1487233107),(2,7,5,2017,8,1487233182,8,1487233182),(3,2,4,2017,8,1487479047,8,1487479047);

/*Table structure for table `ppa_inlet_outlet` */

DROP TABLE IF EXISTS `ppa_inlet_outlet`;

CREATE TABLE `ppa_inlet_outlet` (
  `id` int(11) NOT NULL AUTO_INCREMENT,
  `ppa_report_bm_id` int(11) NOT NULL,
  `ppaio_month` int(2) DEFAULT NULL,
  `ppaio_year` int(4) DEFAULT NULL,
  `ppaio_inlet_value` decimal(14,5) DEFAULT NULL,
  `ppaio_outlet_value` decimal(14,5) DEFAULT NULL,
  `created_by` smallint(5) unsigned NOT NULL,
  `created_at` int(11) NOT NULL,
  `updated_by` smallint(5) unsigned NOT NULL,
  `updated_at` int(11) NOT NULL,
  PRIMARY KEY (`id`),
  KEY `FK_ppa_inlet_outlet_report` (`ppa_report_bm_id`),
  CONSTRAINT `FK_ppa_inlet_outlet_report` FOREIGN KEY (`ppa_report_bm_id`) REFERENCES `ppa_report_bm` (`id`) ON DELETE CASCADE ON UPDATE CASCADE
) ENGINE=InnoDB AUTO_INCREMENT=61 DEFAULT CHARSET=latin1;

/*Data for the table `ppa_inlet_outlet` */

insert  into `ppa_inlet_outlet`(`id`,`ppa_report_bm_id`,`ppaio_month`,`ppaio_year`,`ppaio_inlet_value`,`ppaio_outlet_value`,`created_by`,`created_at`,`updated_by`,`updated_at`) values (1,2,7,2016,'6.30000','6.11000',8,1487653232,8,1487662500),(2,2,8,2016,'6.18000','7.88000',8,1487653232,8,1487662500),(3,2,9,2016,'7.40000','7.30000',8,1487653232,8,1487662500),(4,2,10,2016,'6.90000','6.80000',8,1487653232,8,1487662500),(5,2,11,2016,'6.27000','6.29000',8,1487653232,8,1487662500),(6,2,12,2016,'7.24000','8.33000',8,1487653232,8,1487662500),(7,2,1,2017,'6.11000','6.15000',8,1487653232,8,1487662500),(8,2,2,2017,'7.88000','6.20000',8,1487653232,8,1487662500),(9,2,3,2017,'8.02000','8.90000',8,1487653232,8,1487662500),(10,2,4,2017,'6.89000','8.33000',8,1487653232,8,1487662500),(11,2,5,2017,'0.00000','0.00000',8,1487653232,8,1487662500),(12,2,6,2017,'0.00000','0.00000',8,1487653232,8,1487662500),(13,3,7,2016,'1.00000','2.00000',8,1487663739,8,1487663739),(14,3,8,2016,'2.00000','4.00000',8,1487663739,8,1487663739),(15,3,9,2016,'3.00000','4.00000',8,1487663739,8,1487663739),(16,3,10,2016,'3.00000','1.00000',8,1487663739,8,1487663739),(17,3,11,2016,'2.00000','2.00000',8,1487663739,8,1487663739),(18,3,12,2016,'1.00000','3.00000',8,1487663739,8,1487663739),(19,3,1,2017,'0.00000','1.00000',8,1487663739,8,1487663739),(20,3,2,2017,'3.00000','5.00000',8,1487663739,8,1487663739),(21,3,3,2017,'6.00000','4.00000',8,1487663739,8,1487663739),(22,3,4,2017,'0.00000','1.00000',8,1487663739,8,1487663739),(23,3,5,2017,NULL,NULL,8,1487663739,8,1487663739),(24,3,6,2017,NULL,NULL,8,1487663739,8,1487663739),(25,4,7,2016,'2.00000','3.00000',8,1487663840,8,1487663840),(26,4,8,2016,'2.00000','1.00000',8,1487663840,8,1487663840),(27,4,9,2016,'2.00000','2.00000',8,1487663840,8,1487663840),(28,4,10,2016,'3.00000','1.00000',8,1487663840,8,1487663840),(29,4,11,2016,'2.00000','1.00000',8,1487663840,8,1487663840),(30,4,12,2016,'2.00000','4.00000',8,1487663840,8,1487663840),(31,4,1,2017,'1.30000','0.26000',8,1487663840,8,1487663840),(32,4,2,2017,'1.30000','0.00000',8,1487663840,8,1487663840),(33,4,3,2017,'0.90000','1.50000',8,1487663840,8,1487663840),(34,4,4,2017,'0.30000','0.40000',8,1487663840,8,1487663840),(35,4,5,2017,NULL,NULL,8,1487663840,8,1487663840),(36,4,6,2017,NULL,NULL,8,1487663840,8,1487663840),(37,5,7,2016,NULL,'635.29000',8,1487664152,8,1487664152),(38,5,8,2016,NULL,'286.59000',8,1487664152,8,1487664152),(39,5,9,2016,NULL,'931.86000',8,1487664152,8,1487664152),(40,5,10,2016,NULL,'2351.51000',8,1487664152,8,1487664152),(41,5,11,2016,NULL,'1494.31000',8,1487664152,8,1487664152),(42,5,12,2016,NULL,'733.74000',8,1487664152,8,1487664152),(43,5,1,2017,NULL,'1649.41000',8,1487664152,8,1487664152),(44,5,2,2017,NULL,'3331.89000',8,1487664152,8,1487664152),(45,5,3,2017,NULL,'3742.53000',8,1487664152,8,1487664152),(46,5,4,2017,NULL,'1649.41000',8,1487664152,8,1487664152),(47,5,5,2017,NULL,NULL,8,1487664152,8,1487664152),(48,5,6,2017,NULL,NULL,8,1487664152,8,1487664152);

/*Table structure for table `ppa_laboratorium` */

DROP TABLE IF EXISTS `ppa_laboratorium`;

CREATE TABLE `ppa_laboratorium` (
  `id` int(11) NOT NULL AUTO_INCREMENT,
  `ppa_technical_provision_id` int(11) NOT NULL,
  `labor_name` varchar(255) NOT NULL,
  `created_by` smallint(5) unsigned NOT NULL,
  `created_at` int(11) NOT NULL,
  `updated_by` smallint(5) unsigned NOT NULL,
  `updated_at` int(11) NOT NULL,
  PRIMARY KEY (`id`),
  KEY `FK_ppa_laboratorium_tech_prov` (`ppa_technical_provision_id`),
  CONSTRAINT `FK_ppa_laboratorium_tech_prov` FOREIGN KEY (`ppa_technical_provision_id`) REFERENCES `ppa_technical_provision` (`id`) ON DELETE CASCADE ON UPDATE CASCADE
) ENGINE=InnoDB AUTO_INCREMENT=5 DEFAULT CHARSET=latin1;

/*Data for the table `ppa_laboratorium` */

insert  into `ppa_laboratorium`(`id`,`ppa_technical_provision_id`,`labor_name`,`created_by`,`created_at`,`updated_by`,`updated_at`) values (4,3,'BALAI RISET DAN STANDARISASI JAMBI',8,1488604474,8,1488604474);

/*Table structure for table `ppa_laboratorium_accreditation` */

DROP TABLE IF EXISTS `ppa_laboratorium_accreditation`;

CREATE TABLE `ppa_laboratorium_accreditation` (
  `id` int(11) NOT NULL AUTO_INCREMENT,
  `ppa_laboratorium_id` int(11) NOT NULL,
  `lacc_number` varchar(50) NOT NULL,
  `lacc_end_date` date DEFAULT NULL,
  `lacc_remark` varchar(255) DEFAULT NULL,
  `created_by` smallint(5) unsigned NOT NULL,
  `created_at` int(11) NOT NULL,
  `updated_by` smallint(5) unsigned NOT NULL,
  `updated_at` int(11) NOT NULL,
  PRIMARY KEY (`id`),
  KEY `FK_ppa_laboratorium_accreditation` (`ppa_laboratorium_id`),
  CONSTRAINT `FK_ppa_laboratorium_accreditation` FOREIGN KEY (`ppa_laboratorium_id`) REFERENCES `ppa_laboratorium` (`id`) ON DELETE CASCADE ON UPDATE CASCADE
) ENGINE=InnoDB AUTO_INCREMENT=9 DEFAULT CHARSET=latin1;

/*Data for the table `ppa_laboratorium_accreditation` */

insert  into `ppa_laboratorium_accreditation`(`id`,`ppa_laboratorium_id`,`lacc_number`,`lacc_end_date`,`lacc_remark`,`created_by`,`created_at`,`updated_by`,`updated_at`) values (8,4,'LI-047-IN','2017-03-10','',8,1488604474,8,1488604474);

/*Table structure for table `ppa_laboratorium_test` */

DROP TABLE IF EXISTS `ppa_laboratorium_test`;

CREATE TABLE `ppa_laboratorium_test` (
  `id` int(11) NOT NULL AUTO_INCREMENT,
  `ppa_laboratorium_id` int(11) NOT NULL,
  `test_month` int(2) NOT NULL,
  `test_year` int(4) NOT NULL,
  `test_value` tinyint(1) DEFAULT NULL,
  `created_by` smallint(5) unsigned NOT NULL,
  `created_at` int(11) NOT NULL,
  `updated_by` smallint(5) unsigned NOT NULL,
  `updated_at` int(11) NOT NULL,
  PRIMARY KEY (`id`),
  KEY `FK_ppa_laboratorium_test` (`ppa_laboratorium_id`),
  CONSTRAINT `FK_ppa_laboratorium_test` FOREIGN KEY (`ppa_laboratorium_id`) REFERENCES `ppa_laboratorium` (`id`) ON DELETE CASCADE ON UPDATE CASCADE
) ENGINE=InnoDB AUTO_INCREMENT=49 DEFAULT CHARSET=latin1;

/*Data for the table `ppa_laboratorium_test` */

insert  into `ppa_laboratorium_test`(`id`,`ppa_laboratorium_id`,`test_month`,`test_year`,`test_value`,`created_by`,`created_at`,`updated_by`,`updated_at`) values (37,4,7,2016,NULL,8,1488604474,8,1488604474),(38,4,8,2016,1,8,1488604474,8,1488604474),(39,4,9,2016,NULL,8,1488604474,8,1488604474),(40,4,10,2016,NULL,8,1488604474,8,1488604474),(41,4,11,2016,1,8,1488604474,8,1488604474),(42,4,12,2016,NULL,8,1488604474,8,1488604474),(43,4,1,2017,NULL,8,1488604474,8,1488604474),(44,4,2,2017,NULL,8,1488604474,8,1488604474),(45,4,3,2017,NULL,8,1488604474,8,1488604474),(46,4,4,2017,NULL,8,1488604474,8,1488604474),(47,4,5,2017,NULL,8,1488604474,8,1488604474),(48,4,6,2017,NULL,8,1488604474,8,1488604474);

/*Table structure for table `ppa_month` */

DROP TABLE IF EXISTS `ppa_month`;

CREATE TABLE `ppa_month` (
  `id` int(11) NOT NULL AUTO_INCREMENT,
  `ppa_setup_permit_id` int(11) NOT NULL,
  `ppam_month` int(2) NOT NULL,
  `ppam_year` int(4) NOT NULL,
  `ppam_cert_number` varchar(4) DEFAULT NULL,
  `created_by` smallint(5) unsigned NOT NULL,
  `created_at` int(11) NOT NULL,
  `updated_by` smallint(5) unsigned NOT NULL,
  `updated_at` int(11) NOT NULL,
  PRIMARY KEY (`id`),
  KEY `FK_ppa_month_permit` (`ppa_setup_permit_id`),
  CONSTRAINT `FK_ppa_month_permit` FOREIGN KEY (`ppa_setup_permit_id`) REFERENCES `ppa_setup_permit` (`id`) ON DELETE CASCADE ON UPDATE CASCADE
) ENGINE=InnoDB AUTO_INCREMENT=25 DEFAULT CHARSET=latin1;

/*Data for the table `ppa_month` */

insert  into `ppa_month`(`id`,`ppa_setup_permit_id`,`ppam_month`,`ppam_year`,`ppam_cert_number`,`created_by`,`created_at`,`updated_by`,`updated_at`) values (1,1,7,2016,'1205',8,1487513541,8,1487515069),(2,1,8,2016,'1348',8,1487513541,8,1487515069),(3,1,9,2016,'1492',8,1487513541,8,1487515069),(4,1,10,2016,'1797',8,1487513541,8,1487515069),(5,1,11,2016,'1967',8,1487513541,8,1487515069),(6,1,12,2016,'1201',8,1487513541,8,1487515069),(7,1,1,2017,'2429',8,1487513541,8,1487515069),(8,1,2,2017,'2572',8,1487513541,8,1487515069),(9,1,3,2017,'2722',8,1487513541,8,1487515069),(10,1,4,2017,'2940',8,1487513541,8,1487515069),(11,1,5,2017,'',8,1487513541,8,1487515069),(12,1,6,2017,'',8,1487513541,8,1487515069);

/*Table structure for table `ppa_pollution_load_decrease` */

DROP TABLE IF EXISTS `ppa_pollution_load_decrease`;

CREATE TABLE `ppa_pollution_load_decrease` (
  `id` int(11) NOT NULL AUTO_INCREMENT,
  `ppa_id` int(11) NOT NULL,
  `ppapld_activity` varchar(255) NOT NULL,
  `ppapld_parameter` varchar(50) DEFAULT NULL,
  `ppapld_unit` varchar(10) DEFAULT NULL,
  `created_by` smallint(5) unsigned NOT NULL,
  `created_at` int(11) NOT NULL,
  `updated_by` smallint(5) unsigned NOT NULL,
  `updated_at` int(11) NOT NULL,
  PRIMARY KEY (`id`),
  KEY `FK_ppa_pollution_load_decrease_ppa` (`ppa_id`),
  CONSTRAINT `FK_ppa_pollution_load_decrease_ppa` FOREIGN KEY (`ppa_id`) REFERENCES `ppa` (`id`) ON DELETE CASCADE ON UPDATE CASCADE
) ENGINE=InnoDB AUTO_INCREMENT=6 DEFAULT CHARSET=latin1;

/*Data for the table `ppa_pollution_load_decrease` */

/*Table structure for table `ppa_pollution_load_decrease_year` */

DROP TABLE IF EXISTS `ppa_pollution_load_decrease_year`;

CREATE TABLE `ppa_pollution_load_decrease_year` (
  `id` int(11) NOT NULL AUTO_INCREMENT,
  `ppa_pollution_load_decrease_id` int(11) NOT NULL,
  `ppapldy_year` int(4) NOT NULL,
  `ppapldy_value` decimal(7,5) DEFAULT NULL,
  `created_by` smallint(5) unsigned NOT NULL,
  `created_at` int(11) NOT NULL,
  `updated_by` smallint(5) unsigned NOT NULL,
  `updated_at` int(11) NOT NULL,
  PRIMARY KEY (`id`),
  KEY `FK_ppa_pollution_load_decrease_year` (`ppa_pollution_load_decrease_id`),
  CONSTRAINT `FK_ppa_pollution_load_decrease_year` FOREIGN KEY (`ppa_pollution_load_decrease_id`) REFERENCES `ppa_pollution_load_decrease` (`id`) ON DELETE CASCADE ON UPDATE CASCADE
) ENGINE=InnoDB AUTO_INCREMENT=21 DEFAULT CHARSET=latin1;

/*Data for the table `ppa_pollution_load_decrease_year` */

/*Table structure for table `ppa_question` */

DROP TABLE IF EXISTS `ppa_question`;

CREATE TABLE `ppa_question` (
  `id` int(11) NOT NULL AUTO_INCREMENT,
  `ppaq_question_type_code` varchar(10) NOT NULL,
  `ppaq_question` text NOT NULL,
  `created_by` smallint(5) unsigned NOT NULL,
  `created_at` int(11) NOT NULL,
  `updated_by` smallint(5) unsigned NOT NULL,
  `updated_at` int(11) NOT NULL,
  PRIMARY KEY (`id`)
) ENGINE=InnoDB AUTO_INCREMENT=13 DEFAULT CHARSET=latin1;

/*Data for the table `ppa_question` */

insert  into `ppa_question`(`id`,`ppaq_question_type_code`,`ppaq_question`,`created_by`,`created_at`,`updated_by`,`updated_at`) values (1,'GNRL','<p>Lampirkan <em>layout</em> IPAL, saluran air limbah dan gambar konstruksi</p>',8,1487738729,8,1487739075),(2,'GNRL','<p>Lampirkan foto dan <em>layout </em>saluran air limpasan hujan (drainase)</p>',8,1487739103,8,1487739103),(3,'GNRL','<p>Lampirkan foto lokasi titik penaatan dan alat pengukur debit (flowmeter)</p>',8,1487739117,8,1487739117),(4,'GNRL','<p>Lampirkan data pengukuran pH harian</p>',8,1487739129,8,1487739129),(5,'GNRL','<p>Lampirkan data pengukuran debit harian</p>',8,1487739150,8,1487739150),(6,'GNRL','<p>Lampirkan neraca air</p>',8,1487739161,8,1487739161),(7,'OIL_IND','<p>Lampirkan jenis dan karakteristik lahan untuk aplikasi<br>(Permeabilitas dan porositas)</p>',8,1487739178,8,1487739178),(8,'OIL_IND','<p>Lampirkan peta kedalaman air tanah</p>',8,1487739191,8,1487739191),(9,'OIL_IND','<p>Lampirkan foto lokasi sumur pantau (minimal 3 lokasi)</p>',8,1487739204,8,1487739204),(10,'OIL_IND','<p>Lampirkan peta dan foto lokasi lahan aplikasi</p>',8,1487739254,8,1487739254),(11,'OIL_IND','<p>Lampirkan neraca dosis dan rotasi aplikasi</p>',8,1487739269,8,1487739269),(12,'PETRO_IND','<p>Lampirkan data pemantauan harian pH dan COD</p>',8,1487739280,8,1487739280);

/*Table structure for table `ppa_report_bm` */

DROP TABLE IF EXISTS `ppa_report_bm`;

CREATE TABLE `ppa_report_bm` (
  `id` int(11) NOT NULL AUTO_INCREMENT,
  `ppa_setup_permit_id` int(11) NOT NULL,
  `ppar_param_code` varchar(10) NOT NULL,
  `ppar_param_unit_code` varchar(10) DEFAULT NULL,
  `ppar_qs_1` decimal(5,2) DEFAULT NULL,
  `ppar_qs_2` decimal(5,2) DEFAULT NULL,
  `ppar_qs_unit_code` varchar(10) DEFAULT NULL,
  `ppar_qs_ref` varchar(100) DEFAULT NULL,
  `ppar_qs_max_pollution_load` decimal(5,2) DEFAULT NULL,
  `ppar_qs_load_unit_code` varchar(10) DEFAULT NULL,
  `ppar_qs_max_pollution_load_ref` varchar(100) DEFAULT NULL,
  `created_by` smallint(5) unsigned NOT NULL,
  `created_at` int(11) NOT NULL,
  `updated_by` smallint(5) unsigned NOT NULL,
  `updated_at` int(11) NOT NULL,
  PRIMARY KEY (`id`),
  KEY `FK_ppa_report_bm_setup` (`ppa_setup_permit_id`),
  CONSTRAINT `FK_ppa_report_bm_setup` FOREIGN KEY (`ppa_setup_permit_id`) REFERENCES `ppa_setup_permit` (`id`) ON DELETE CASCADE ON UPDATE CASCADE
) ENGINE=InnoDB AUTO_INCREMENT=7 DEFAULT CHARSET=latin1;

/*Data for the table `ppa_report_bm` */

insert  into `ppa_report_bm`(`id`,`ppa_setup_permit_id`,`ppar_param_code`,`ppar_param_unit_code`,`ppar_qs_1`,`ppar_qs_2`,`ppar_qs_unit_code`,`ppar_qs_ref`,`ppar_qs_max_pollution_load`,`ppar_qs_load_unit_code`,`ppar_qs_max_pollution_load_ref`,`created_by`,`created_at`,`updated_by`,`updated_at`) values (2,1,'PH','','6.00','9.00','','PermenLH 08/2009',NULL,'TON_P_M','',8,1487653232,8,1487662500),(3,1,'TSS',NULL,'100.00',NULL,'MG_P_L','PermenLH 08/2009',NULL,'TON_P_M','',8,1487663739,8,1487663739),(4,1,'OIL_FAT',NULL,'10.00',NULL,'MG_P_L','PermenLH 08/2009',NULL,'TON_P_M','',8,1487663840,8,1487663840),(5,1,'DBT','M3_P_M',NULL,NULL,'','',NULL,'','',8,1487664152,8,1487664152);

/*Table structure for table `ppa_setup_permit` */

DROP TABLE IF EXISTS `ppa_setup_permit`;

CREATE TABLE `ppa_setup_permit` (
  `id` int(11) NOT NULL AUTO_INCREMENT,
  `ppa_id` int(11) NOT NULL,
  `ppasp_wastewater_source` varchar(150) DEFAULT NULL,
  `ppasp_setup_point_name` varchar(150) DEFAULT NULL,
  `ppasp_coord_ls` varchar(50) DEFAULT NULL,
  `ppasp_coord_bt` varchar(50) DEFAULT NULL,
  `ppasp_wastewater_tech_code` varchar(10) DEFAULT NULL,
  `ppasp_permit_number` varchar(50) DEFAULT NULL,
  `ppasp_permit_publisher` varchar(150) DEFAULT NULL,
  `ppasp_permit_publish_date` date DEFAULT NULL,
  `ppasp_permit_end_date` date DEFAULT NULL,
  `created_by` smallint(5) unsigned NOT NULL,
  `created_at` int(11) NOT NULL,
  `updated_by` smallint(5) unsigned NOT NULL,
  `updated_at` int(11) NOT NULL,
  PRIMARY KEY (`id`),
  KEY `FK_ppa_setup_permit_ppa` (`ppa_id`),
  CONSTRAINT `FK_ppa_setup_permit_ppa` FOREIGN KEY (`ppa_id`) REFERENCES `ppa` (`id`) ON DELETE CASCADE ON UPDATE CASCADE
) ENGINE=InnoDB AUTO_INCREMENT=5 DEFAULT CHARSET=latin1;

/*Data for the table `ppa_setup_permit` */

insert  into `ppa_setup_permit`(`id`,`ppa_id`,`ppasp_wastewater_source`,`ppasp_setup_point_name`,`ppasp_coord_ls`,`ppasp_coord_bt`,`ppasp_wastewater_tech_code`,`ppasp_permit_number`,`ppasp_permit_publisher`,`ppasp_permit_publish_date`,`ppasp_permit_end_date`,`created_by`,`created_at`,`updated_by`,`updated_at`) values (1,1,'PROSES UTAMA (WWTP)','OUTLET WWTP','05&deg; 31\' 20,6\"','105&deg; 21\' 12,7\"','ANAER','109 TAHUN 2012','KEMENTERIAN LINGKUNGAN HIDUP','2012-05-29','2017-05-29',8,1487513541,8,1487515069);

/*Table structure for table `ppa_technical_provision` */

DROP TABLE IF EXISTS `ppa_technical_provision`;

CREATE TABLE `ppa_technical_provision` (
  `id` int(11) NOT NULL AUTO_INCREMENT,
  `ppa_id` int(11) NOT NULL,
  `created_by` smallint(5) unsigned NOT NULL,
  `created_at` int(11) NOT NULL,
  `updated_by` smallint(5) unsigned NOT NULL,
  `updated_at` int(11) NOT NULL,
  PRIMARY KEY (`id`),
  KEY `FK_ppa_technical_provision_ppa` (`ppa_id`),
  CONSTRAINT `FK_ppa_technical_provision_ppa` FOREIGN KEY (`ppa_id`) REFERENCES `ppa` (`id`) ON DELETE CASCADE ON UPDATE CASCADE
) ENGINE=InnoDB AUTO_INCREMENT=4 DEFAULT CHARSET=latin1;

/*Data for the table `ppa_technical_provision` */

insert  into `ppa_technical_provision`(`id`,`ppa_id`,`created_by`,`created_at`,`updated_by`,`updated_at`) values (3,1,8,1488517482,8,1488604474);

/*Table structure for table `ppa_technical_provision_detail` */

DROP TABLE IF EXISTS `ppa_technical_provision_detail`;

CREATE TABLE `ppa_technical_provision_detail` (
  `id` int(11) NOT NULL AUTO_INCREMENT,
  `ppa_technical_provision_id` int(11) NOT NULL,
  `ppa_question_id` int(11) NOT NULL,
  `created_by` smallint(5) unsigned NOT NULL,
  `created_at` int(11) NOT NULL,
  `updated_by` smallint(5) unsigned NOT NULL,
  `updated_at` int(11) NOT NULL,
  PRIMARY KEY (`id`),
  KEY `FK_ppa_technical_provision_detail` (`ppa_technical_provision_id`),
  KEY `FK_ppa_technical_provision_detail_question` (`ppa_question_id`),
  CONSTRAINT `FK_ppa_technical_provision_detail` FOREIGN KEY (`ppa_technical_provision_id`) REFERENCES `ppa_technical_provision` (`id`) ON DELETE CASCADE ON UPDATE CASCADE,
  CONSTRAINT `FK_ppa_technical_provision_detail_question` FOREIGN KEY (`ppa_question_id`) REFERENCES `ppa_question` (`id`) ON DELETE CASCADE ON UPDATE CASCADE
) ENGINE=InnoDB AUTO_INCREMENT=37 DEFAULT CHARSET=latin1;

/*Data for the table `ppa_technical_provision_detail` */

insert  into `ppa_technical_provision_detail`(`id`,`ppa_technical_provision_id`,`ppa_question_id`,`created_by`,`created_at`,`updated_by`,`updated_at`) values (25,3,1,8,1488517483,8,1488604474),(26,3,5,8,1488517485,8,1488604474),(27,3,4,8,1488517487,8,1488604474),(28,3,2,8,1488517487,8,1488604474),(29,3,3,8,1488517487,8,1488604474),(30,3,6,8,1488517487,8,1488604474),(31,3,9,8,1488517487,8,1488604474),(32,3,7,8,1488517487,8,1488604474),(33,3,11,8,1488517487,8,1488604474),(34,3,10,8,1488517487,8,1488604474),(35,3,8,8,1488517487,8,1488604474),(36,3,12,8,1488517487,8,1488604474);

/*Table structure for table `ppu` */

DROP TABLE IF EXISTS `ppu`;

CREATE TABLE `ppu` (
  `id` int(11) NOT NULL AUTO_INCREMENT,
  `sector_id` int(11) NOT NULL,
  `power_plant_id` int(11) NOT NULL,
  `ppu_year` int(4) NOT NULL,
  `created_by` smallint(5) unsigned NOT NULL,
  `created_at` int(11) NOT NULL,
  `updated_by` smallint(5) unsigned NOT NULL,
  `updated_at` int(11) NOT NULL,
  PRIMARY KEY (`id`),
  KEY `FK_ppu_power_plant` (`power_plant_id`),
  KEY `FK_ppu_sector` (`sector_id`),
  CONSTRAINT `FK_ppu_power_plant` FOREIGN KEY (`power_plant_id`) REFERENCES `power_plant` (`id`),
  CONSTRAINT `FK_ppu_sector` FOREIGN KEY (`sector_id`) REFERENCES `sector` (`id`)
) ENGINE=InnoDB AUTO_INCREMENT=10 DEFAULT CHARSET=latin1;

/*Data for the table `ppu` */

insert  into `ppu`(`id`,`sector_id`,`power_plant_id`,`ppu_year`,`created_by`,`created_at`,`updated_by`,`updated_at`) values (1,7,5,2016,8,1487327122,8,1487792049),(2,7,5,2014,8,1487327211,8,1487327211),(3,7,5,2014,8,1487327355,8,1487327355),(4,4,1,2017,8,1488794828,8,1488794828),(5,7,5,2017,8,1488794922,8,1488794922),(6,7,5,2018,8,1488794978,8,1488794978),(8,7,5,2101,8,1488987478,8,1488987478),(9,7,5,123,8,1488987563,8,1488987563);

/*Table structure for table `ppu_ambient` */

DROP TABLE IF EXISTS `ppu_ambient`;

CREATE TABLE `ppu_ambient` (
  `id` int(11) NOT NULL AUTO_INCREMENT,
  `sector_id` int(11) NOT NULL,
  `power_plant_id` int(11) NOT NULL,
  `ppua_year` int(4) NOT NULL,
  `created_by` smallint(5) unsigned NOT NULL,
  `created_at` int(11) NOT NULL,
  `updated_by` smallint(5) unsigned NOT NULL,
  `updated_at` int(11) NOT NULL,
  PRIMARY KEY (`id`),
  KEY `FK_ppu_ambient_sector` (`sector_id`),
  KEY `FK_ppu_ambient_power_plant` (`power_plant_id`),
  CONSTRAINT `FK_ppu_ambient_power_plant` FOREIGN KEY (`power_plant_id`) REFERENCES `power_plant` (`id`),
  CONSTRAINT `FK_ppu_ambient_sector` FOREIGN KEY (`sector_id`) REFERENCES `sector` (`id`)
) ENGINE=InnoDB AUTO_INCREMENT=4 DEFAULT CHARSET=latin1;

/*Data for the table `ppu_ambient` */

insert  into `ppu_ambient`(`id`,`sector_id`,`power_plant_id`,`ppua_year`,`created_by`,`created_at`,`updated_by`,`updated_at`) values (2,7,5,2017,8,1488987336,8,1488987336),(3,7,5,2314,8,1488987603,8,1488987603);

/*Table structure for table `ppu_emission_load_grk` */

DROP TABLE IF EXISTS `ppu_emission_load_grk`;

CREATE TABLE `ppu_emission_load_grk` (
  `id` int(11) NOT NULL AUTO_INCREMENT,
  `ppu_emission_source_id` int(11) NOT NULL,
  `ppuelg_parameter` varchar(40) NOT NULL,
  `created_by` smallint(5) unsigned NOT NULL,
  `created_at` int(11) NOT NULL,
  `updated_by` smallint(5) unsigned NOT NULL,
  `updated_at` int(11) NOT NULL,
  PRIMARY KEY (`id`),
  KEY `FK_ppu_emission_load_grk` (`ppu_emission_source_id`),
  CONSTRAINT `FK_ppu_emission_load_grk` FOREIGN KEY (`ppu_emission_source_id`) REFERENCES `ppu_emission_source` (`id`) ON DELETE CASCADE ON UPDATE CASCADE
) ENGINE=InnoDB AUTO_INCREMENT=3 DEFAULT CHARSET=latin1;

/*Data for the table `ppu_emission_load_grk` */

insert  into `ppu_emission_load_grk`(`id`,`ppu_emission_source_id`,`ppuelg_parameter`,`created_by`,`created_at`,`updated_by`,`updated_at`) values (1,5,'CO2',8,1488825235,8,1488825235),(2,8,'Co2',8,1488825332,8,1488825332);

/*Table structure for table `ppu_emission_load_grk_calc` */

DROP TABLE IF EXISTS `ppu_emission_load_grk_calc`;

CREATE TABLE `ppu_emission_load_grk_calc` (
  `id` int(11) NOT NULL AUTO_INCREMENT,
  `ppu_emission_load_grk_id` int(11) NOT NULL,
  `ppueglc_year` int(4) NOT NULL,
  `ppueglc_coal_usage` decimal(11,8) NOT NULL,
  `ppueglc_carbon_content` int(3) NOT NULL,
  `ppueglc_carbon_actual_content` int(3) NOT NULL,
  `ppueglc_mw_carbondioxyde` int(3) NOT NULL,
  `ppueglc_anc` int(3) NOT NULL,
  `ppueglc_oxidation_factor` decimal(5,2) NOT NULL,
  `created_by` smallint(5) unsigned NOT NULL,
  `created_at` int(11) NOT NULL,
  `updated_by` smallint(5) unsigned NOT NULL,
  `updated_at` int(11) NOT NULL,
  PRIMARY KEY (`id`),
  KEY `FK_ppu_emission_load_grk_calc` (`ppu_emission_load_grk_id`),
  CONSTRAINT `FK_ppu_emission_load_grk_calc` FOREIGN KEY (`ppu_emission_load_grk_id`) REFERENCES `ppu_emission_load_grk` (`id`) ON DELETE CASCADE ON UPDATE CASCADE
) ENGINE=InnoDB AUTO_INCREMENT=5 DEFAULT CHARSET=latin1;

/*Data for the table `ppu_emission_load_grk_calc` */

insert  into `ppu_emission_load_grk_calc`(`id`,`ppu_emission_load_grk_id`,`ppueglc_year`,`ppueglc_coal_usage`,`ppueglc_carbon_content`,`ppueglc_carbon_actual_content`,`ppueglc_mw_carbondioxyde`,`ppueglc_anc`,`ppueglc_oxidation_factor`,`created_by`,`created_at`,`updated_by`,`updated_at`) values (1,1,2014,'293.31600000',50,500,44,12,'0.98',8,1488825236,8,1488825236),(2,1,2015,'314.85800000',50,500,44,12,'0.98',8,1488825236,8,1488825236),(3,2,2014,'296.29900000',50,500,44,12,'0.98',8,1488825332,8,1488825332),(4,2,2015,'292.98600000',50,500,44,12,'0.98',8,1488825333,8,1488825333);

/*Table structure for table `ppu_emission_source` */

DROP TABLE IF EXISTS `ppu_emission_source`;

CREATE TABLE `ppu_emission_source` (
  `id` int(11) NOT NULL AUTO_INCREMENT,
  `ppu_id` int(11) NOT NULL,
  `ppues_name` varchar(150) NOT NULL,
  `ppues_chimney_name` varchar(150) NOT NULL,
  `ppues_capacity` int(11) NOT NULL,
  `ppues_control_device` varchar(255) NOT NULL,
  `ppues_fuel_name_code` varchar(10) NOT NULL,
  `ppues_total_fuel` decimal(12,2) NOT NULL,
  `ppues_fuel_unit_code` varchar(10) NOT NULL,
  `ppues_operation_time` decimal(10,6) DEFAULT NULL,
  `ppues_location` varchar(150) NOT NULL,
  `ppues_coord_ls` varchar(50) NOT NULL,
  `ppues_coord_bt` varchar(50) NOT NULL,
  `ppues_chimney_shape_code` varchar(10) NOT NULL,
  `ppues_chimney_height` decimal(5,2) NOT NULL,
  `ppues_chimney_diameter` decimal(5,2) NOT NULL,
  `ppues_hole_position` int(11) NOT NULL,
  `ppues_monitoring_data_status_code` varchar(10) NOT NULL,
  `ppues_freq_monitoring_obligation_code` varchar(10) NOT NULL,
  `ppues_ref` varchar(255) DEFAULT NULL,
  `created_by` smallint(5) unsigned NOT NULL,
  `created_at` int(11) NOT NULL,
  `updated_by` smallint(5) unsigned NOT NULL,
  `updated_at` int(11) NOT NULL,
  PRIMARY KEY (`id`),
  KEY `FK_ppu_emission_source` (`ppu_id`),
  CONSTRAINT `FK_ppu_emission_source` FOREIGN KEY (`ppu_id`) REFERENCES `ppu` (`id`) ON DELETE CASCADE ON UPDATE CASCADE
) ENGINE=InnoDB AUTO_INCREMENT=10 DEFAULT CHARSET=latin1;

/*Data for the table `ppu_emission_source` */

insert  into `ppu_emission_source`(`id`,`ppu_id`,`ppues_name`,`ppues_chimney_name`,`ppues_capacity`,`ppues_control_device`,`ppues_fuel_name_code`,`ppues_total_fuel`,`ppues_fuel_unit_code`,`ppues_operation_time`,`ppues_location`,`ppues_coord_ls`,`ppues_coord_bt`,`ppues_chimney_shape_code`,`ppues_chimney_height`,`ppues_chimney_diameter`,`ppues_hole_position`,`ppues_monitoring_data_status_code`,`ppues_freq_monitoring_obligation_code`,`ppues_ref`,`created_by`,`created_at`,`updated_by`,`updated_at`) values (5,1,'Boiler Unit 3','CEROBONG 3',100,'Cyclone,  Bag House, Limestone Injection','FNC1','223346984.25','FUC1','4884.983332','PLTU TARAHAN','05o 31\' 15,42\"','105o 21\' 12,56\"','CYL','141.95','3.30',43,'WATCHED','FMOC1','',8,1488823079,8,1488831200),(8,1,'Boiler Unit 4','CEROBONG 4',100,'Cyclone,  Bag House, Limestone Injection','FNC1','191842365.75','FUC1','5413.000000','PLTU TARAHAN','05O 31\' 15,42\"','105O 21\' 12,56\"','CYL','141.95','3.30',43,'WATCHED','FMOC1','',8,1488824063,8,1488824063),(9,1,'Boiler Unit 5','CEROBONG 5',100,'Cyclone,  Bag House, Limestone Injection','FNC1','15467645.12','FUC1','0.000000','PLTU TARAHAN','1564467','4676467','CYL','141.95','3.30',43,'NWATCHED','FMOC1','',8,1488824116,8,1488824116);

/*Table structure for table `ppu_parameter_obligation` */

DROP TABLE IF EXISTS `ppu_parameter_obligation`;

CREATE TABLE `ppu_parameter_obligation` (
  `id` int(11) NOT NULL AUTO_INCREMENT,
  `ppu_emission_source_id` int(11) NOT NULL,
  `ppupo_parameter_code` varchar(10) NOT NULL,
  `ppupo_parameter_unit_code` varchar(10) DEFAULT NULL,
  `ppupo_qs` decimal(5,2) NOT NULL,
  `ppupo_qs_unit_code` varchar(10) NOT NULL,
  `ppupo_qs_ref` varchar(255) NOT NULL,
  `ppupo_qs_max_pollution_load` decimal(5,2) NOT NULL,
  `ppupo_qs_load_unit_code` varchar(10) NOT NULL,
  `ppupo_qs_max_pollution_load_ref` varchar(255) NOT NULL,
  `created_by` smallint(5) unsigned NOT NULL,
  `created_at` int(11) NOT NULL,
  `updated_by` smallint(5) unsigned NOT NULL,
  `updated_at` int(11) NOT NULL,
  PRIMARY KEY (`id`),
  KEY `FK_ppu_parameter_obligation` (`ppu_emission_source_id`),
  CONSTRAINT `FK_ppu_parameter_obligation` FOREIGN KEY (`ppu_emission_source_id`) REFERENCES `ppu_emission_source` (`id`) ON DELETE CASCADE ON UPDATE CASCADE
) ENGINE=InnoDB AUTO_INCREMENT=27 DEFAULT CHARSET=latin1;

/*Data for the table `ppu_parameter_obligation` */

insert  into `ppu_parameter_obligation`(`id`,`ppu_emission_source_id`,`ppupo_parameter_code`,`ppupo_parameter_unit_code`,`ppupo_qs`,`ppupo_qs_unit_code`,`ppupo_qs_ref`,`ppupo_qs_max_pollution_load`,`ppupo_qs_load_unit_code`,`ppupo_qs_max_pollution_load_ref`,`created_by`,`created_at`,`updated_by`,`updated_at`) values (16,5,'PRPC1','','850.00','PRQUC1','Permen LH 21 tahun 2008','500.00','PRQLUC1','PERMENLH 21/2008',8,1488824274,8,1488824846),(17,5,'PRPC2','','850.00','PRQUC1','Permen LH 21 tahun 2008','500.00','PRQLUC1','PERMENLH 21/2008',8,1488824329,8,1488824856),(19,5,'PRPC3','','850.00','PRQUC2','Permen LH 21 tahun 2008','500.00','PRQLUC1','PERMENLH 21/2008',8,1488824706,8,1488825157),(20,5,'PRPC4','','850.00','PRQUC1','Permen LH 21 tahun 2008','500.00','PRQLUC1','PERMENLH 21/2008',8,1488824757,8,1488824872),(21,5,'LAJUALIR','PRPUC1','850.00','PRQUC1','Permen LH 21 tahun 2008','500.00','PRQLUC1','PERMENLH 21/2008',8,1488824833,8,1488824833),(22,8,'LAJUALIR','PRPUC1','850.00','PRQUC1','Permen LH 21 tahun 2008','500.00','PRQLUC1','PERMENLH 21/2008',8,1488824933,8,1488824933),(23,8,'PRPC1','','850.00','PRQUC1','Permen LH 21 tahun 2008','500.00','PRQLUC1','PERMENLH 21/2008',8,1488825000,8,1488825000),(24,8,'PRPC3','','850.00','PRQUC2','Permen LH 21 tahun 2008','500.00','PRQLUC1','PERMENLH 21/2008',8,1488825030,8,1488825030),(25,8,'PRPC2','','850.00','PRQUC1','Permen LH 21 tahun 2008','500.00','PRQLUC1','PERMENLH 21/2008',8,1488825086,8,1488825086),(26,8,'PRPC4','','850.00','PRQUC1','Permen LH 21 tahun 2008','500.00','PRQLUC1','PERMENLH 21/2008',8,1488825143,8,1488825143);

/*Table structure for table `ppu_question` */

DROP TABLE IF EXISTS `ppu_question`;

CREATE TABLE `ppu_question` (
  `id` int(11) NOT NULL AUTO_INCREMENT,
  `ppuq_question_type_code` varchar(10) DEFAULT NULL,
  `ppuq_question` varchar(255) NOT NULL,
  `created_by` smallint(5) unsigned NOT NULL,
  `created_at` int(11) NOT NULL,
  `updated_by` smallint(5) unsigned NOT NULL,
  `updated_at` int(11) NOT NULL,
  PRIMARY KEY (`id`)
) ENGINE=InnoDB AUTO_INCREMENT=9 DEFAULT CHARSET=latin1;

/*Data for the table `ppu_question` */

insert  into `ppu_question`(`id`,`ppuq_question_type_code`,`ppuq_question`,`created_by`,`created_at`,`updated_by`,`updated_at`) values (1,NULL,'<p>Lampirkan bukti hasil kalibrasi Peralatan CEMS</p>',8,1487928179,8,1487928179),(2,NULL,'<p>Lampirkan foto cerobong dan sarana perlengkapan (lubang sampling, tangga, platform, sumber listrik untuk pengambilan sampel)</p>',8,1487928199,8,1487928199),(3,NULL,'<p>Lampirkan sertifikat akreditasi laboratorium/SK Gubernur sebagai laboratorium rujukan</p>',8,1487928227,8,1487928227),(5,NULL,'<p>Hello</p>',8,1488988967,8,1488988967),(6,NULL,'<p>asd</p>',8,1488989480,8,1488989480),(7,NULL,'<p>asd</p>',8,1488991276,8,1488991276),(8,NULL,'<p>ad</p>',8,1488991991,8,1488991991);

/*Table structure for table `ppu_technical_provision` */

DROP TABLE IF EXISTS `ppu_technical_provision`;

CREATE TABLE `ppu_technical_provision` (
  `id` int(11) NOT NULL AUTO_INCREMENT,
  `ppu_id` int(11) NOT NULL,
  `created_by` smallint(5) unsigned NOT NULL,
  `created_at` int(11) NOT NULL,
  `updated_by` smallint(5) unsigned NOT NULL,
  `updated_at` int(11) NOT NULL,
  PRIMARY KEY (`id`),
  KEY `FK_ppu_technical_provision` (`ppu_id`),
  CONSTRAINT `FK_ppu_technical_provision` FOREIGN KEY (`ppu_id`) REFERENCES `ppu` (`id`) ON DELETE CASCADE ON UPDATE CASCADE
) ENGINE=InnoDB AUTO_INCREMENT=36 DEFAULT CHARSET=latin1;

/*Data for the table `ppu_technical_provision` */

insert  into `ppu_technical_provision`(`id`,`ppu_id`,`created_by`,`created_at`,`updated_by`,`updated_at`) values (35,1,8,1488991264,8,1488992000);

/*Table structure for table `ppu_technical_provision_detail` */

DROP TABLE IF EXISTS `ppu_technical_provision_detail`;

CREATE TABLE `ppu_technical_provision_detail` (
  `id` int(11) NOT NULL AUTO_INCREMENT,
  `ppu_technical_provision_id` int(11) NOT NULL,
  `ppu_question_id` int(11) DEFAULT NULL,
  `created_by` smallint(5) unsigned NOT NULL,
  `created_at` int(11) NOT NULL,
  `updated_by` smallint(5) unsigned NOT NULL,
  `updated_at` int(11) NOT NULL,
  PRIMARY KEY (`id`),
  KEY `FK_ppu_technical_provision_detail` (`ppu_technical_provision_id`),
  KEY `FK_ppu_technical_provision_detail_question` (`ppu_question_id`),
  CONSTRAINT `FK_ppu_technical_provision_detail` FOREIGN KEY (`ppu_technical_provision_id`) REFERENCES `ppu_technical_provision` (`id`) ON DELETE CASCADE ON UPDATE CASCADE,
  CONSTRAINT `FK_ppu_technical_provision_detail_question` FOREIGN KEY (`ppu_question_id`) REFERENCES `ppu_question` (`id`) ON DELETE CASCADE ON UPDATE CASCADE
) ENGINE=InnoDB AUTO_INCREMENT=58 DEFAULT CHARSET=latin1;

/*Data for the table `ppu_technical_provision_detail` */

insert  into `ppu_technical_provision_detail`(`id`,`ppu_technical_provision_id`,`ppu_question_id`,`created_by`,`created_at`,`updated_by`,`updated_at`) values (51,35,1,8,1488991264,8,1488992000),(52,35,2,8,1488991264,8,1488992000),(53,35,3,8,1488991264,8,1488992000),(54,35,5,8,1488991264,8,1488992000),(55,35,6,8,1488991264,8,1488992000),(56,35,7,8,1488991616,8,1488992000),(57,35,8,8,1488992000,8,1488992000);

/*Table structure for table `ppua_monitoring_point` */

DROP TABLE IF EXISTS `ppua_monitoring_point`;

CREATE TABLE `ppua_monitoring_point` (
  `id` int(11) NOT NULL AUTO_INCREMENT,
  `ppu_ambient_id` int(11) NOT NULL,
  `ppua_monitoring_location` varchar(100) NOT NULL,
  `ppua_code_location` varchar(100) NOT NULL,
  `ppua_coord_latitude` varchar(20) NOT NULL,
  `ppua_coord_longitude` varchar(20) NOT NULL,
  `ppua_env_doc_name` varchar(100) NOT NULL,
  `ppua_institution` varchar(100) NOT NULL,
  `ppua_confirm_date` date NOT NULL,
  `ppua_freq_monitoring_obligation_code` varchar(10) NOT NULL,
  `ppua_monitoring_data_status_code` varchar(10) NOT NULL,
  `created_by` smallint(5) unsigned NOT NULL,
  `created_at` int(11) NOT NULL,
  `updated_by` smallint(5) unsigned NOT NULL,
  `updated_at` int(11) NOT NULL,
  PRIMARY KEY (`id`),
  KEY `FK_ppua_monitoring_point` (`ppu_ambient_id`),
  CONSTRAINT `FK_ppua_monitoring_point` FOREIGN KEY (`ppu_ambient_id`) REFERENCES `ppu_ambient` (`id`) ON DELETE CASCADE ON UPDATE CASCADE
) ENGINE=InnoDB DEFAULT CHARSET=latin1;

/*Data for the table `ppua_monitoring_point` */

/*Table structure for table `ppua_parameter_obligation` */

DROP TABLE IF EXISTS `ppua_parameter_obligation`;

CREATE TABLE `ppua_parameter_obligation` (
  `id` int(11) NOT NULL AUTO_INCREMENT,
  `ppua_monitoring_point_id` int(11) NOT NULL,
  `ppuapo_parameter_code` varchar(10) NOT NULL,
  `ppuapo_qs` decimal(5,2) NOT NULL,
  `ppuapo_qs_unit_code` varchar(10) NOT NULL,
  `ppuapo_qs_ref` varchar(100) NOT NULL,
  `ppuapo_qs_max_pollution_load` decimal(5,2) NOT NULL,
  `ppuapo_qs_load_unit_code` varchar(10) NOT NULL,
  `ppuapo_qs_max_pollution_load_ref` varchar(100) NOT NULL,
  `created_by` smallint(5) unsigned NOT NULL,
  `created_at` int(11) NOT NULL,
  `updated_by` smallint(5) unsigned NOT NULL,
  `updated_at` int(11) NOT NULL,
  PRIMARY KEY (`id`),
  KEY `FK_ppua_parameter_obligation_monitoring_point` (`ppua_monitoring_point_id`),
  CONSTRAINT `FK_ppua_parameter_obligation_monitoring_point` FOREIGN KEY (`ppua_monitoring_point_id`) REFERENCES `ppua_monitoring_point` (`id`) ON DELETE CASCADE ON UPDATE CASCADE
) ENGINE=InnoDB DEFAULT CHARSET=latin1;

/*Data for the table `ppua_parameter_obligation` */

/*Table structure for table `ppuapo_month` */

DROP TABLE IF EXISTS `ppuapo_month`;

CREATE TABLE `ppuapo_month` (
  `id` int(11) NOT NULL AUTO_INCREMENT,
  `ppua_parameter_obligation_id` int(11) NOT NULL,
  `ppuapom_month` int(2) NOT NULL,
  `ppuapom_year` int(4) NOT NULL,
  `ppuapom_value` decimal(5,2) DEFAULT NULL,
  `created_by` smallint(5) unsigned NOT NULL,
  `created_at` int(11) NOT NULL,
  `updated_by` smallint(5) unsigned NOT NULL,
  `updated_at` int(11) NOT NULL,
  PRIMARY KEY (`id`),
  KEY `FK_ppuapo_month_parameter_obligation` (`ppua_parameter_obligation_id`),
  CONSTRAINT `FK_ppuapo_month_parameter_obligation` FOREIGN KEY (`ppua_parameter_obligation_id`) REFERENCES `ppua_parameter_obligation` (`id`) ON DELETE CASCADE ON UPDATE CASCADE
) ENGINE=InnoDB DEFAULT CHARSET=latin1;

/*Data for the table `ppuapo_month` */

/*Table structure for table `ppucems_report_bm` */

DROP TABLE IF EXISTS `ppucems_report_bm`;

CREATE TABLE `ppucems_report_bm` (
  `id` int(11) NOT NULL AUTO_INCREMENT,
  `ppu_emission_source_id` int(11) NOT NULL,
  `ppucemsrb_parameter_code` varchar(10) NOT NULL,
  `ppucemsrb_ref` varchar(255) DEFAULT NULL,
  `ppucemsrb_sec_ref` varchar(255) DEFAULT NULL,
  `created_by` smallint(5) unsigned NOT NULL,
  `created_at` int(11) NOT NULL,
  `updated_by` smallint(5) unsigned NOT NULL,
  `updated_at` int(11) NOT NULL,
  PRIMARY KEY (`id`),
  KEY `FK_ppucems_report_bm_emission_source` (`ppu_emission_source_id`),
  CONSTRAINT `FK_ppucems_report_bm_emission_source` FOREIGN KEY (`ppu_emission_source_id`) REFERENCES `ppu_emission_source` (`id`) ON DELETE CASCADE ON UPDATE CASCADE
) ENGINE=InnoDB AUTO_INCREMENT=8 DEFAULT CHARSET=latin1;

/*Data for the table `ppucems_report_bm` */

insert  into `ppucems_report_bm`(`id`,`ppu_emission_source_id`,`ppucemsrb_parameter_code`,`ppucemsrb_ref`,`ppucemsrb_sec_ref`,`created_by`,`created_at`,`updated_by`,`updated_at`) values (1,5,'PRPC2','TW II 2016 DATA HANYA BULAN APRIL',NULL,8,1488827682,8,1488875674),(3,5,'PRPC1','TW II 2016 DATA HANYA BULAN APRIL',NULL,8,1488875702,8,1488875702),(4,5,'PRPC3','TW II 2016 DATA HANYA BULAN APRIL',NULL,8,1488875724,8,1488875724),(5,8,'PRPC2','TW II 2016 DATA HANYA BULAN APRIL',NULL,8,1488875747,8,1488875747),(6,8,'PRPC1','TW II 2016 DATA HANYA BULAN APRIL',NULL,8,1488875767,8,1488875767),(7,8,'PRPC3','TW II 2016 DATA HANYA BULAN APRIL',NULL,8,1488875783,8,1488875783);

/*Table structure for table `ppucemsrb_parameter_report` */

DROP TABLE IF EXISTS `ppucemsrb_parameter_report`;

CREATE TABLE `ppucemsrb_parameter_report` (
  `id` int(11) NOT NULL AUTO_INCREMENT,
  `ppu_emission_source_id` int(11) NOT NULL,
  `ppucems_report_bm_id` int(11) NOT NULL,
  `ppucemsrbpr_month` int(2) NOT NULL,
  `ppucemsrbpr_year` int(4) NOT NULL,
  `ppucemsrbpr_quarter` varchar(30) NOT NULL,
  `ppucemsrbpr_calc_date` date NOT NULL,
  `ppucemsrbpr_avg_concentration` decimal(5,2) NOT NULL,
  `ppucemsrbpr_calc_result` decimal(2,2) NOT NULL,
  `ppucemsrbpr_operation_time` int(2) NOT NULL,
  `ppucemsrbpr_qs` decimal(5,2) NOT NULL,
  `ppucemsrbpr_qs_unit_code` varchar(10) NOT NULL,
  `ppucemsrbpr_ref` varchar(50) NOT NULL,
  `created_by` smallint(5) unsigned NOT NULL,
  `created_at` int(11) NOT NULL,
  `updated_by` smallint(5) unsigned NOT NULL,
  `updated_at` int(11) NOT NULL,
  PRIMARY KEY (`id`),
  KEY `FK_ppucemsrb_parameter_report` (`ppucems_report_bm_id`),
  KEY `FK_ppucemsrb_parameter_report_emission_source` (`ppu_emission_source_id`),
  CONSTRAINT `FK_ppucemsrb_parameter_report` FOREIGN KEY (`ppucems_report_bm_id`) REFERENCES `ppucems_report_bm` (`id`) ON DELETE CASCADE ON UPDATE CASCADE,
  CONSTRAINT `FK_ppucemsrb_parameter_report_emission_source` FOREIGN KEY (`ppu_emission_source_id`) REFERENCES `ppu_emission_source` (`id`) ON DELETE CASCADE ON UPDATE CASCADE
) ENGINE=InnoDB AUTO_INCREMENT=10 DEFAULT CHARSET=latin1;

/*Data for the table `ppucemsrb_parameter_report` */

insert  into `ppucemsrb_parameter_report`(`id`,`ppu_emission_source_id`,`ppucems_report_bm_id`,`ppucemsrbpr_month`,`ppucemsrbpr_year`,`ppucemsrbpr_quarter`,`ppucemsrbpr_calc_date`,`ppucemsrbpr_avg_concentration`,`ppucemsrbpr_calc_result`,`ppucemsrbpr_operation_time`,`ppucemsrbpr_qs`,`ppucemsrbpr_qs_unit_code`,`ppucemsrbpr_ref`,`created_by`,`created_at`,`updated_by`,`updated_at`) values (6,5,3,7,2015,'Triwulan III 2015','2015-07-01','603.90','0.33',24,'750.00','PRPRQUC1','PerMen LH 21/2008',8,1488878649,8,1488878649),(7,5,3,7,2015,'Triwulan III 2015','2015-07-02','658.65','0.33',24,'750.00','PRPRQUC1','PerMen LH 21/2008',8,1488878708,8,1488878708),(8,8,6,7,2015,'Triwulan III 2015','2015-07-01','845.01','0.99',24,'750.00','PRPRQUC1','PerMen LH 21/2008',8,1488878761,8,1488878761),(9,8,6,7,2015,'Triwulan III 2015','2015-07-02','869.42','0.99',24,'750.00','PRPRQUC1','PerMen LH 21/2008',8,1488878794,8,1488878794);

/*Table structure for table `ppucemsrb_quarter` */

DROP TABLE IF EXISTS `ppucemsrb_quarter`;

CREATE TABLE `ppucemsrb_quarter` (
  `id` int(11) NOT NULL AUTO_INCREMENT,
  `ppucems_report_bm_id` int(11) NOT NULL,
  `ppucemsrbq_quarter` varchar(3) NOT NULL,
  `ppucemsrbq_year` int(4) NOT NULL,
  `ppucemsrbq_value` int(5) NOT NULL,
  `ppucemsrbq_qs_value` int(5) NOT NULL,
  `created_by` smallint(5) unsigned NOT NULL,
  `created_at` int(11) NOT NULL,
  `updated_by` smallint(5) unsigned NOT NULL,
  `updated_at` int(11) NOT NULL,
  PRIMARY KEY (`id`),
  KEY `FK_ppucemsrb_quarter` (`ppucems_report_bm_id`),
  CONSTRAINT `FK_ppucemsrb_quarter` FOREIGN KEY (`ppucems_report_bm_id`) REFERENCES `ppucems_report_bm` (`id`) ON DELETE CASCADE ON UPDATE CASCADE
) ENGINE=InnoDB AUTO_INCREMENT=29 DEFAULT CHARSET=latin1;

/*Data for the table `ppucemsrb_quarter` */

insert  into `ppucemsrb_quarter`(`id`,`ppucems_report_bm_id`,`ppucemsrbq_quarter`,`ppucemsrbq_year`,`ppucemsrbq_value`,`ppucemsrbq_qs_value`,`created_by`,`created_at`,`updated_by`,`updated_at`) values (1,1,'III',2015,92,92,8,1488827683,8,1488875674),(2,1,'IV',2015,92,92,8,1488827683,8,1488875674),(3,1,'I',2016,90,90,8,1488827683,8,1488875674),(4,1,'II',2016,30,30,8,1488827683,8,1488875674),(9,3,'III',2015,92,92,8,1488875702,8,1488875702),(10,3,'IV',2015,92,92,8,1488875702,8,1488875702),(11,3,'I',2016,90,90,8,1488875702,8,1488875702),(12,3,'II',2016,30,30,8,1488875702,8,1488875702),(13,4,'III',2015,92,92,8,1488875724,8,1488875724),(14,4,'IV',2015,92,92,8,1488875724,8,1488875724),(15,4,'I',2016,90,90,8,1488875724,8,1488875724),(16,4,'II',2016,30,30,8,1488875724,8,1488875724),(17,5,'III',2015,92,92,8,1488875747,8,1488875747),(18,5,'IV',2015,92,92,8,1488875747,8,1488875747),(19,5,'I',2016,90,90,8,1488875747,8,1488875747),(20,5,'II',2016,30,30,8,1488875747,8,1488875747),(21,6,'III',2015,92,92,8,1488875767,8,1488875767),(22,6,'IV',2015,92,92,8,1488875767,8,1488875767),(23,6,'I',2016,90,90,8,1488875767,8,1488875767),(24,6,'II',2016,30,30,8,1488875767,8,1488875767),(25,7,'III',2015,92,92,8,1488875783,8,1488875783),(26,7,'IV',2015,92,92,8,1488875783,8,1488875783),(27,7,'I',2016,90,90,8,1488875783,8,1488875783),(28,7,'II',2016,30,30,8,1488875783,8,1488875783);

/*Table structure for table `ppues_month` */

DROP TABLE IF EXISTS `ppues_month`;

CREATE TABLE `ppues_month` (
  `id` int(11) NOT NULL AUTO_INCREMENT,
  `ppu_emission_source_id` int(11) NOT NULL,
  `ppuesm_month` int(2) NOT NULL,
  `ppuesm_year` int(4) NOT NULL,
  `ppuesm_operation_time` decimal(11,6) DEFAULT NULL,
  `created_by` smallint(5) unsigned NOT NULL,
  `created_at` int(11) NOT NULL,
  `updated_by` smallint(5) unsigned NOT NULL,
  `updated_at` int(11) NOT NULL,
  PRIMARY KEY (`id`),
  KEY `FK_ppues_month` (`ppu_emission_source_id`),
  CONSTRAINT `FK_ppues_month` FOREIGN KEY (`ppu_emission_source_id`) REFERENCES `ppu_emission_source` (`id`) ON DELETE CASCADE ON UPDATE CASCADE
) ENGINE=InnoDB AUTO_INCREMENT=85 DEFAULT CHARSET=latin1;

/*Data for the table `ppues_month` */

insert  into `ppues_month`(`id`,`ppu_emission_source_id`,`ppuesm_month`,`ppuesm_year`,`ppuesm_operation_time`,`created_by`,`created_at`,`updated_by`,`updated_at`) values (25,5,7,2015,'729.283333',8,1488823081,8,1488831200),(26,5,8,2015,'644.033333',8,1488823081,8,1488831200),(27,5,9,2015,'720.000000',8,1488823081,8,1488831200),(28,5,10,2015,'645.250000',8,1488823081,8,1488831200),(29,5,11,2015,'521.550000',8,1488823081,8,1488831201),(30,5,12,2015,'453.033333',8,1488823081,8,1488831201),(31,5,1,2016,'744.000000',8,1488823081,8,1488831201),(32,5,2,2016,'193.333333',8,1488823081,8,1488831201),(33,5,3,2016,'234.500000',8,1488823081,8,1488831201),(34,5,4,2016,'0.000000',8,1488823081,8,1488831201),(35,5,5,2016,'0.000000',8,1488823081,8,1488831201),(36,5,6,2016,'0.000000',8,1488823081,8,1488831201),(61,8,7,2015,'599.580000',8,1488824065,8,1488824065),(62,8,8,2015,'744.000000',8,1488824065,8,1488824065),(63,8,9,2015,'714.450000',8,1488824065,8,1488824065),(64,8,10,2015,'629.220000',8,1488824065,8,1488824065),(65,8,11,2015,'387.400000',8,1488824065,8,1488824065),(66,8,12,2015,'732.280000',8,1488824065,8,1488824065),(67,8,1,2016,'533.020000',8,1488824065,8,1488824065),(68,8,2,2016,'519.670000',8,1488824065,8,1488824065),(69,8,3,2016,'553.380000',8,1488824065,8,1488824065),(70,8,4,2016,'0.000000',8,1488824065,8,1488824065),(71,8,5,2016,'0.000000',8,1488824065,8,1488824065),(72,8,6,2016,'0.000000',8,1488824065,8,1488824065),(73,9,7,2015,'0.000000',8,1488824118,8,1488824118),(74,9,8,2015,'0.000000',8,1488824118,8,1488824118),(75,9,9,2015,'0.000000',8,1488824118,8,1488824118),(76,9,10,2015,'0.000000',8,1488824118,8,1488824118),(77,9,11,2015,'0.000000',8,1488824118,8,1488824118),(78,9,12,2015,'0.000000',8,1488824118,8,1488824118),(79,9,1,2016,'0.000000',8,1488824118,8,1488824118),(80,9,2,2016,'0.000000',8,1488824118,8,1488824118),(81,9,3,2016,'0.000000',8,1488824118,8,1488824118),(82,9,4,2016,'0.000000',8,1488824118,8,1488824118),(83,9,5,2016,'0.000000',8,1488824118,8,1488824118),(84,9,6,2016,'0.000000',8,1488824118,8,1488824118);

/*Table structure for table `ppupo_month` */

DROP TABLE IF EXISTS `ppupo_month`;

CREATE TABLE `ppupo_month` (
  `id` int(11) NOT NULL AUTO_INCREMENT,
  `ppu_parameter_obligation_id` int(11) NOT NULL,
  `ppupom_month` int(2) NOT NULL,
  `ppupom_year` int(4) NOT NULL,
  `ppupom_value` decimal(5,2) DEFAULT NULL,
  `created_by` smallint(5) unsigned NOT NULL,
  `created_at` int(11) NOT NULL,
  `updated_by` smallint(5) unsigned NOT NULL,
  `updated_at` int(11) NOT NULL,
  PRIMARY KEY (`id`),
  KEY `FK_ppupo_month` (`ppu_parameter_obligation_id`),
  CONSTRAINT `FK_ppupo_month` FOREIGN KEY (`ppu_parameter_obligation_id`) REFERENCES `ppu_parameter_obligation` (`id`) ON DELETE CASCADE ON UPDATE CASCADE
) ENGINE=InnoDB AUTO_INCREMENT=313 DEFAULT CHARSET=latin1;

/*Data for the table `ppupo_month` */

insert  into `ppupo_month`(`id`,`ppu_parameter_obligation_id`,`ppupom_month`,`ppupom_year`,`ppupom_value`,`created_by`,`created_at`,`updated_by`,`updated_at`) values (181,16,7,2015,'113.70',8,1488824274,8,1488824846),(182,16,8,2015,'279.31',8,1488824274,8,1488824846),(183,16,9,2015,'259.00',8,1488824274,8,1488824846),(184,16,10,2015,'281.05',8,1488824274,8,1488824847),(185,16,11,2015,'428.09',8,1488824274,8,1488824847),(186,16,12,2015,'453.94',8,1488824274,8,1488824847),(187,16,1,2016,'281.60',8,1488824274,8,1488824847),(188,16,2,2016,'472.88',8,1488824274,8,1488824847),(189,16,3,2016,'408.15',8,1488824274,8,1488824847),(190,16,4,2016,NULL,8,1488824274,8,1488824847),(191,16,5,2016,NULL,8,1488824274,8,1488824847),(192,16,6,2016,NULL,8,1488824274,8,1488824847),(193,17,7,2015,'0.30',8,1488824330,8,1488824856),(194,17,8,2015,'7.04',8,1488824330,8,1488824856),(195,17,9,2015,'11.80',8,1488824330,8,1488824856),(196,17,10,2015,'39.15',8,1488824330,8,1488824856),(197,17,11,2015,'69.70',8,1488824330,8,1488824856),(198,17,12,2015,'528.20',8,1488824330,8,1488824856),(199,17,1,2016,'147.69',8,1488824330,8,1488824856),(200,17,2,2016,'35.61',8,1488824330,8,1488824856),(201,17,3,2016,'365.39',8,1488824330,8,1488824856),(202,17,4,2016,NULL,8,1488824330,8,1488824856),(203,17,5,2016,NULL,8,1488824330,8,1488824856),(204,17,6,2016,NULL,8,1488824330,8,1488824856),(217,19,7,2015,'10.00',8,1488824707,8,1488825157),(218,19,8,2015,'10.00',8,1488824707,8,1488825157),(219,19,9,2015,'10.00',8,1488824707,8,1488825157),(220,19,10,2015,'10.00',8,1488824707,8,1488825157),(221,19,11,2015,'10.00',8,1488824707,8,1488825157),(222,19,12,2015,'10.00',8,1488824707,8,1488825157),(223,19,1,2016,'10.00',8,1488824707,8,1488825157),(224,19,2,2016,'10.00',8,1488824707,8,1488825157),(225,19,3,2016,'10.00',8,1488824707,8,1488825157),(226,19,4,2016,NULL,8,1488824707,8,1488825157),(227,19,5,2016,NULL,8,1488824707,8,1488825157),(228,19,6,2016,NULL,8,1488824707,8,1488825157),(229,20,7,2015,'11.07',8,1488824757,8,1488824872),(230,20,8,2015,'69.30',8,1488824757,8,1488824872),(231,20,9,2015,'106.40',8,1488824757,8,1488824872),(232,20,10,2015,'72.63',8,1488824757,8,1488824872),(233,20,11,2015,'86.54',8,1488824757,8,1488824872),(234,20,12,2015,'93.30',8,1488824757,8,1488824872),(235,20,1,2016,'117.12',8,1488824758,8,1488824872),(236,20,2,2016,'150.00',8,1488824758,8,1488824872),(237,20,3,2016,'30.71',8,1488824758,8,1488824872),(238,20,4,2016,NULL,8,1488824758,8,1488824872),(239,20,5,2016,NULL,8,1488824758,8,1488824872),(240,20,6,2016,NULL,8,1488824758,8,1488824872),(241,21,7,2015,'15.26',8,1488824834,8,1488824834),(242,21,8,2015,'19.32',8,1488824834,8,1488824834),(243,21,9,2015,'21.56',8,1488824834,8,1488824834),(244,21,10,2015,'17.15',8,1488824834,8,1488824834),(245,21,11,2015,'17.18',8,1488824835,8,1488824835),(246,21,12,2015,'11.40',8,1488824835,8,1488824835),(247,21,1,2016,'19.21',8,1488824835,8,1488824835),(248,21,2,2016,'20.98',8,1488824835,8,1488824835),(249,21,3,2016,'13.96',8,1488824835,8,1488824835),(250,21,4,2016,NULL,8,1488824835,8,1488824835),(251,21,5,2016,NULL,8,1488824835,8,1488824835),(252,21,6,2016,NULL,8,1488824835,8,1488824835),(253,22,7,2015,'18.54',8,1488824933,8,1488824933),(254,22,8,2015,'17.50',8,1488824933,8,1488824933),(255,22,9,2015,'6.98',8,1488824933,8,1488824933),(256,22,10,2015,'14.05',8,1488824933,8,1488824933),(257,22,11,2015,'11.40',8,1488824933,8,1488824933),(258,22,12,2015,'10.80',8,1488824933,8,1488824933),(259,22,1,2016,'10.50',8,1488824933,8,1488824933),(260,22,2,2016,'10.52',8,1488824933,8,1488824933),(261,22,3,2016,'15.01',8,1488824933,8,1488824933),(262,22,4,2016,NULL,8,1488824933,8,1488824933),(263,22,5,2016,NULL,8,1488824933,8,1488824933),(264,22,6,2016,NULL,8,1488824933,8,1488824933),(265,23,7,2015,'66.73',8,1488825001,8,1488825001),(266,23,8,2015,'178.75',8,1488825001,8,1488825001),(267,23,9,2015,'195.00',8,1488825001,8,1488825001),(268,23,10,2015,'258.14',8,1488825001,8,1488825001),(269,23,11,2015,'590.19',8,1488825001,8,1488825001),(270,23,12,2015,'456.63',8,1488825001,8,1488825001),(271,23,1,2016,'401.75',8,1488825001,8,1488825001),(272,23,2,2016,'143.21',8,1488825001,8,1488825001),(273,23,3,2016,'542.59',8,1488825001,8,1488825001),(274,23,4,2016,NULL,8,1488825001,8,1488825001),(275,23,5,2016,NULL,8,1488825001,8,1488825001),(276,23,6,2016,NULL,8,1488825001,8,1488825001),(277,24,7,2015,'10.00',8,1488825030,8,1488825030),(278,24,8,2015,'10.00',8,1488825030,8,1488825030),(279,24,9,2015,'10.00',8,1488825030,8,1488825030),(280,24,10,2015,'10.00',8,1488825030,8,1488825030),(281,24,11,2015,'10.00',8,1488825030,8,1488825030),(282,24,12,2015,'10.00',8,1488825030,8,1488825030),(283,24,1,2016,'10.00',8,1488825030,8,1488825030),(284,24,2,2016,'10.00',8,1488825030,8,1488825030),(285,24,3,2016,'10.00',8,1488825031,8,1488825031),(286,24,4,2016,NULL,8,1488825031,8,1488825031),(287,24,5,2016,NULL,8,1488825031,8,1488825031),(288,24,6,2016,NULL,8,1488825031,8,1488825031),(289,25,7,2015,'10.50',8,1488825086,8,1488825086),(290,25,8,2015,'14.40',8,1488825086,8,1488825086),(291,25,9,2015,'10.35',8,1488825086,8,1488825086),(292,25,10,2015,'156.42',8,1488825086,8,1488825086),(293,25,11,2015,'106.42',8,1488825086,8,1488825086),(294,25,12,2015,'507.76',8,1488825086,8,1488825086),(295,25,1,2016,'122.20',8,1488825086,8,1488825086),(296,25,2,2016,'6.56',8,1488825086,8,1488825086),(297,25,3,2016,'25.00',8,1488825086,8,1488825086),(298,25,4,2016,NULL,8,1488825086,8,1488825086),(299,25,5,2016,NULL,8,1488825086,8,1488825086),(300,25,6,2016,NULL,8,1488825086,8,1488825086),(301,26,7,2015,'28.78',8,1488825143,8,1488825143),(302,26,8,2015,'47.70',8,1488825143,8,1488825143),(303,26,9,2015,'68.70',8,1488825143,8,1488825143),(304,26,10,2015,'55.50',8,1488825143,8,1488825143),(305,26,11,2015,'28.73',8,1488825143,8,1488825143),(306,26,12,2015,'54.98',8,1488825143,8,1488825143),(307,26,1,2016,'58.18',8,1488825143,8,1488825143),(308,26,2,2016,'74.04',8,1488825143,8,1488825143),(309,26,3,2016,'24.41',8,1488825143,8,1488825143),(310,26,4,2016,NULL,8,1488825143,8,1488825143),(311,26,5,2016,NULL,8,1488825144,8,1488825144),(312,26,6,2016,NULL,8,1488825144,8,1488825144);

/*Table structure for table `profile` */

DROP TABLE IF EXISTS `profile`;

CREATE TABLE `profile` (
  `id` int(11) NOT NULL AUTO_INCREMENT,
  `app_name` varchar(100) NOT NULL,
  `address` text,
  `master_email` varchar(150) NOT NULL,
  `title_tag` varchar(66) NOT NULL,
  `meta_description` varchar(160) NOT NULL,
  `meta_keyword` text NOT NULL,
  `profile_left` text,
  `profile_center` text,
  `profile_right` text,
  `active_status` varchar(1) NOT NULL DEFAULT 'Y',
  `created_by` smallint(5) unsigned NOT NULL,
  `created_at` int(11) NOT NULL,
  `updated_by` smallint(5) unsigned NOT NULL,
  `updated_at` int(11) NOT NULL,
  PRIMARY KEY (`id`)
) ENGINE=InnoDB AUTO_INCREMENT=2 DEFAULT CHARSET=latin1;

/*Data for the table `profile` */

insert  into `profile`(`id`,`app_name`,`address`,`master_email`,`title_tag`,`meta_description`,`meta_keyword`,`profile_left`,`profile_center`,`profile_right`,`active_status`,`created_by`,`created_at`,`updated_by`,`updated_at`) values (1,'PLN - K3LH KITSBS','Sektor Sumatera Selatan','joko.hermanto19@gmail.com','-','-','-','','','','Y',8,1477904014,8,1479195188);

/*Table structure for table `roadmap_k3l` */

DROP TABLE IF EXISTS `roadmap_k3l`;

CREATE TABLE `roadmap_k3l` (
  `id` int(11) NOT NULL AUTO_INCREMENT,
  `form_type_code` varchar(10) NOT NULL,
  `sector_id` int(11) NOT NULL,
  `power_plant_id` int(11) NOT NULL,
  `k3l_year` varchar(4) NOT NULL,
  `created_by` smallint(5) unsigned NOT NULL,
  `created_at` int(11) NOT NULL,
  `updated_by` smallint(5) unsigned NOT NULL,
  `updated_at` int(11) NOT NULL,
  PRIMARY KEY (`id`),
  KEY `FK_roadmap_k3l_sector` (`sector_id`),
  KEY `FK_roadmap_k3l_power_plant` (`power_plant_id`),
  CONSTRAINT `FK_roadmap_k3l_power_plant` FOREIGN KEY (`power_plant_id`) REFERENCES `power_plant` (`id`),
  CONSTRAINT `FK_roadmap_k3l_sector` FOREIGN KEY (`sector_id`) REFERENCES `sector` (`id`)
) ENGINE=InnoDB AUTO_INCREMENT=3 DEFAULT CHARSET=latin1;

/*Data for the table `roadmap_k3l` */

insert  into `roadmap_k3l`(`id`,`form_type_code`,`sector_id`,`power_plant_id`,`k3l_year`,`created_by`,`created_at`,`updated_by`,`updated_at`) values (2,'K3',4,2,'2017',8,1483699622,8,1483699622);

/*Table structure for table `roadmap_k3l_attribute` */

DROP TABLE IF EXISTS `roadmap_k3l_attribute`;

CREATE TABLE `roadmap_k3l_attribute` (
  `id` int(11) NOT NULL AUTO_INCREMENT,
  `attr_type_code` varchar(10) NOT NULL,
  `attr_text` varchar(255) NOT NULL,
  `attr_parent_id` int(11) DEFAULT NULL,
  `created_by` smallint(5) unsigned NOT NULL,
  `created_at` int(11) NOT NULL,
  `updated_by` smallint(5) unsigned NOT NULL,
  `updated_at` int(11) NOT NULL,
  PRIMARY KEY (`id`),
  KEY `FK_roadmap_k3l_attribute` (`attr_parent_id`),
  CONSTRAINT `FK_roadmap_k3l_attribute` FOREIGN KEY (`attr_parent_id`) REFERENCES `roadmap_k3l_attribute` (`id`) ON DELETE CASCADE ON UPDATE CASCADE
) ENGINE=InnoDB AUTO_INCREMENT=12 DEFAULT CHARSET=latin1;

/*Data for the table `roadmap_k3l_attribute` */

insert  into `roadmap_k3l_attribute`(`id`,`attr_type_code`,`attr_text`,`attr_parent_id`,`created_by`,`created_at`,`updated_by`,`updated_at`) values (1,'TGT','Tingkat Penerapan Sistem Manajemen  K3',NULL,8,1482728633,8,1482728633),(2,'TGT','Maturity Level Implementasi K2',NULL,8,1482728652,8,1482728652),(3,'TGT','Risk Rating Pembangkit',NULL,8,1482815485,8,1482815485),(4,'TGT','Maturity Level Behavioural Based Safety',NULL,8,1482822142,8,1482822142),(5,'TGT','Jumlah Nearmiss',NULL,8,1482822204,8,1482822204),(6,'PHDR','A - PENINGKATAN KAPABILITAS SDM',NULL,8,1482824515,8,1482824515),(7,'PSHDR','A.1 Sertifikasi Personil Wajib',NULL,8,1482824872,8,1482824872),(8,'PITEM','Sertifikasi Operator Pesawat Angkat Angkut',NULL,8,1482824888,8,1482824888),(9,'PITEM','Sertifikasi Operator Bejana Bertekanan',NULL,8,1482825045,8,1482825045),(10,'TGT','Jumlah Kecelakaan Kerja',NULL,8,1482826730,8,1482826730),(11,'TGT','Jumlah Kecelakaan Instalasi',NULL,8,1482909553,8,1482909553);

/*Table structure for table `roadmap_k3l_item` */

DROP TABLE IF EXISTS `roadmap_k3l_item`;

CREATE TABLE `roadmap_k3l_item` (
  `id` int(11) NOT NULL AUTO_INCREMENT,
  `roadmap_k3l_id` int(11) NOT NULL,
  `roadmap_k3l_attribute_id` int(11) NOT NULL,
  `item_value_when` varchar(150) DEFAULT NULL,
  `item_value_where` text,
  `item_value_who` text,
  `item_value_how_many` text,
  `item_value_how_much` int(9) DEFAULT NULL,
  `item_order` int(2) DEFAULT NULL,
  `created_by` smallint(5) unsigned NOT NULL,
  `created_at` int(11) NOT NULL,
  `updated_by` smallint(5) unsigned NOT NULL,
  `updated_at` int(11) NOT NULL,
  PRIMARY KEY (`id`),
  KEY `FK_roadmap_k3l_item` (`roadmap_k3l_id`),
  KEY `FK_roadmap_k3l_item_attribute` (`roadmap_k3l_attribute_id`),
  CONSTRAINT `FK_roadmap_k3l_item` FOREIGN KEY (`roadmap_k3l_id`) REFERENCES `roadmap_k3l` (`id`) ON DELETE CASCADE ON UPDATE CASCADE,
  CONSTRAINT `FK_roadmap_k3l_item_attribute` FOREIGN KEY (`roadmap_k3l_attribute_id`) REFERENCES `roadmap_k3l_attribute` (`id`) ON DELETE CASCADE ON UPDATE CASCADE
) ENGINE=InnoDB AUTO_INCREMENT=7 DEFAULT CHARSET=latin1;

/*Data for the table `roadmap_k3l_item` */

insert  into `roadmap_k3l_item`(`id`,`roadmap_k3l_id`,`roadmap_k3l_attribute_id`,`item_value_when`,`item_value_where`,`item_value_who`,`item_value_how_many`,`item_value_how_much`,`item_order`,`created_by`,`created_at`,`updated_by`,`updated_at`) values (6,2,8,'semester 1','asdf','asdf','asdf',50000,0,8,1483699622,8,1483699622);

/*Table structure for table `roadmap_k3l_target` */

DROP TABLE IF EXISTS `roadmap_k3l_target`;

CREATE TABLE `roadmap_k3l_target` (
  `id` int(11) NOT NULL AUTO_INCREMENT,
  `roadmap_k3l_id` int(11) NOT NULL,
  `roadmap_k3l_attribute_id` int(11) NOT NULL,
  `target_value` varchar(150) NOT NULL,
  `target_order` int(11) DEFAULT NULL,
  `created_by` smallint(5) unsigned NOT NULL,
  `created_at` int(11) NOT NULL,
  `updated_by` smallint(5) unsigned NOT NULL,
  `updated_at` int(11) NOT NULL,
  PRIMARY KEY (`id`),
  KEY `FK_roadmap_k3l_target` (`roadmap_k3l_id`),
  KEY `FK_roadmap_k3l_target_attribute` (`roadmap_k3l_attribute_id`),
  CONSTRAINT `FK_roadmap_k3l_target` FOREIGN KEY (`roadmap_k3l_id`) REFERENCES `roadmap_k3l` (`id`) ON DELETE CASCADE ON UPDATE CASCADE,
  CONSTRAINT `FK_roadmap_k3l_target_attribute` FOREIGN KEY (`roadmap_k3l_attribute_id`) REFERENCES `roadmap_k3l_attribute` (`id`) ON DELETE CASCADE ON UPDATE CASCADE
) ENGINE=InnoDB AUTO_INCREMENT=6 DEFAULT CHARSET=latin1;

/*Data for the table `roadmap_k3l_target` */

insert  into `roadmap_k3l_target`(`id`,`roadmap_k3l_id`,`roadmap_k3l_attribute_id`,`target_value`,`target_order`,`created_by`,`created_at`,`updated_by`,`updated_at`) values (5,2,2,'51%',0,8,1483699622,8,1483699622);

/*Table structure for table `sector` */

DROP TABLE IF EXISTS `sector`;

CREATE TABLE `sector` (
  `id` int(11) NOT NULL AUTO_INCREMENT,
  `sector_name` varchar(150) NOT NULL,
  `created_by` smallint(5) unsigned NOT NULL,
  `created_at` int(11) NOT NULL,
  `updated_by` smallint(5) unsigned NOT NULL,
  `updated_at` int(11) NOT NULL,
  PRIMARY KEY (`id`)
) ENGINE=InnoDB AUTO_INCREMENT=10 DEFAULT CHARSET=latin1;

/*Data for the table `sector` */

insert  into `sector`(`id`,`sector_name`,`created_by`,`created_at`,`updated_by`,`updated_at`) values (1,'Pekanbaru',8,1479442400,8,1479442528),(2,'Keramasan',8,1479442578,8,1479442578),(3,'Medan',8,1479442600,8,1479442600),(4,'Jambi',8,1479442615,8,1479442615),(5,'Bandar Lampung',8,1479442635,8,1479442635),(6,'Bukit Tinggi',8,1479442646,8,1479442646),(7,'Bengkulu',8,1479442656,8,1479442656),(8,'Bukit Asam',8,1479442677,8,1479442677),(9,'Tarahan',8,1479442685,8,1479442685);

/*Table structure for table `smk3` */

DROP TABLE IF EXISTS `smk3`;

CREATE TABLE `smk3` (
  `id` int(11) NOT NULL AUTO_INCREMENT,
  `sector_id` int(11) NOT NULL,
  `power_plant_id` int(11) NOT NULL,
  `smk3_year` int(4) NOT NULL,
  `smk3_quarter` varchar(2) NOT NULL,
  `created_by` smallint(5) unsigned NOT NULL,
  `created_at` int(11) NOT NULL,
  `updated_by` smallint(5) unsigned NOT NULL,
  `updated_at` int(11) NOT NULL,
  PRIMARY KEY (`id`),
  KEY `FK_smk3_sector` (`sector_id`),
  KEY `FK_smk3_power_plant` (`power_plant_id`),
  CONSTRAINT `FK_smk3_power_plant` FOREIGN KEY (`power_plant_id`) REFERENCES `power_plant` (`id`),
  CONSTRAINT `FK_smk3_sector` FOREIGN KEY (`sector_id`) REFERENCES `sector` (`id`)
) ENGINE=InnoDB AUTO_INCREMENT=8 DEFAULT CHARSET=latin1;

/*Data for the table `smk3` */

insert  into `smk3`(`id`,`sector_id`,`power_plant_id`,`smk3_year`,`smk3_quarter`,`created_by`,`created_at`,`updated_by`,`updated_at`) values (5,7,5,131,'IV',8,1486545260,8,1486636814),(6,7,5,2332,'V',8,1486551887,8,1486636827),(7,7,5,2016,'5',8,1486653338,8,1486653338);

/*Table structure for table `smk3_criteria` */

DROP TABLE IF EXISTS `smk3_criteria`;

CREATE TABLE `smk3_criteria` (
  `id` int(11) NOT NULL AUTO_INCREMENT,
  `smk3_subtitle_id` int(11) NOT NULL,
  `sctr_criteria` varchar(1000) NOT NULL,
  `created_by` smallint(5) unsigned NOT NULL,
  `created_at` int(11) NOT NULL,
  `updated_by` smallint(5) unsigned NOT NULL,
  `updated_at` int(11) NOT NULL,
  PRIMARY KEY (`id`),
  KEY `FK_smk3_criteria_subtitle` (`smk3_subtitle_id`),
  CONSTRAINT `FK_smk3_criteria_subtitle` FOREIGN KEY (`smk3_subtitle_id`) REFERENCES `smk3_subtitle` (`id`) ON DELETE CASCADE ON UPDATE CASCADE
) ENGINE=InnoDB AUTO_INCREMENT=73 DEFAULT CHARSET=latin1;

/*Data for the table `smk3_criteria` */

insert  into `smk3_criteria`(`id`,`smk3_subtitle_id`,`sctr_criteria`,`created_by`,`created_at`,`updated_by`,`updated_at`) values (31,15,'awada',8,1486551819,8,1486551819),(32,16,'asdadasfas',8,1486551916,8,1486551916),(33,16,'asdafsaf',8,1486551916,8,1486551916),(34,16,'asdafsadsaf',8,1486551916,8,1486551916),(35,17,'asfasfasdasfasfasf',8,1486551916,8,1486551916),(36,17,'asfasdasf',8,1486551916,8,1486551916),(37,18,'asdadwad',8,1486552144,8,1486552144),(38,18,'saddawdawdad',8,1486552144,8,1486552144),(39,18,'adsadwadsadw',8,1486552145,8,1486552145),(40,18,'asdasdawdada',8,1486552145,8,1486552145),(41,19,'asdawdawdawd',8,1486552145,8,1486552145),(42,20,'asdwadasdw',8,1486552145,8,1486552145),(43,21,'dasdwadasdwadwad',8,1486552145,8,1486552145),(44,21,'asdadawdasd',8,1486552145,8,1486552145),(45,22,'asdwad',8,1486552301,8,1486552301),(46,22,'asdadaw',8,1486552301,8,1486552301),(47,22,'sadawdasdw',8,1486552301,8,1486552301),(48,23,'dwadasdawdadawadwadawdwadawd',8,1486552301,8,1486552301),(49,23,'asdadwad',8,1486552301,8,1486552301),(50,24,'asdawdaw',8,1486552355,8,1486552355),(51,24,'asdwadasdwad',8,1486552355,8,1486552355),(52,24,'dawdasdwadasdawdadsadw',8,1486552356,8,1486552356),(53,25,'adsadawdasdwadwad',8,1486552356,8,1486552356),(54,25,'asdsadasdawda',8,1486552356,8,1486552356),(55,26,'asdawdasdwad',8,1486552356,8,1486552356),(61,32,'asdawd',8,1486565158,8,1486565158),(63,35,'<p>asdadsdwd<strong>asdawdsad<em>asdasdsadawa<del>dasdsadwadsa</del></em></strong></p>',8,1486640348,8,1486640348),(67,37,'<p>asdwada</p>',8,1486641950,8,1486641950),(68,37,'<p>asdawd</p>',8,1486641951,8,1486641951),(69,37,'<p>asdawd</p>',8,1486641951,8,1486641951),(70,38,'<p>asdasdawd</p>',8,1486641951,8,1486641951),(71,38,'<p>asdawdsad</p>',8,1486641951,8,1486641951),(72,38,'<p>asdwadsad<em>sadadadasdwadawd<strong>sadwad</strong><strong></strong></em></p>',8,1486641951,8,1486641951);

/*Table structure for table `smk3_detail` */

DROP TABLE IF EXISTS `smk3_detail`;

CREATE TABLE `smk3_detail` (
  `id` int(11) NOT NULL AUTO_INCREMENT,
  `smk3_id` int(11) NOT NULL,
  `smk3_criteria_id` int(11) NOT NULL,
  `sdtl_answer` int(2) NOT NULL,
  `created_by` smallint(5) unsigned NOT NULL,
  `created_at` int(11) NOT NULL,
  `updated_by` smallint(5) unsigned NOT NULL,
  `updated_at` int(11) NOT NULL,
  PRIMARY KEY (`id`),
  KEY `FK_smk3_answer_criteria` (`smk3_criteria_id`),
  KEY `FK_smk3_answer` (`smk3_id`),
  CONSTRAINT `FK_smk3_answer` FOREIGN KEY (`smk3_id`) REFERENCES `smk3` (`id`),
  CONSTRAINT `FK_smk3_answer_criteria` FOREIGN KEY (`smk3_criteria_id`) REFERENCES `smk3_criteria` (`id`) ON DELETE CASCADE ON UPDATE CASCADE
) ENGINE=InnoDB AUTO_INCREMENT=390 DEFAULT CHARSET=latin1;

/*Data for the table `smk3_detail` */

insert  into `smk3_detail`(`id`,`smk3_id`,`smk3_criteria_id`,`sdtl_answer`,`created_by`,`created_at`,`updated_by`,`updated_at`) values (190,5,31,1,8,1486551819,8,1486636814),(212,6,31,1,8,1486551887,8,1486636827),(213,5,32,0,8,1486551916,8,1486636814),(214,6,32,0,8,1486551916,8,1486636827),(215,5,33,0,8,1486551916,8,1486636814),(216,6,33,0,8,1486551916,8,1486636827),(217,5,34,0,8,1486551916,8,1486636814),(218,6,34,0,8,1486551916,8,1486636827),(219,5,35,0,8,1486551916,8,1486636814),(220,6,35,0,8,1486551916,8,1486636827),(221,5,36,0,8,1486551916,8,1486636814),(222,6,36,0,8,1486551916,8,1486636827),(223,5,37,0,8,1486552144,8,1486636814),(224,6,37,0,8,1486552144,8,1486636827),(225,5,38,0,8,1486552145,8,1486636814),(226,6,38,0,8,1486552145,8,1486636827),(227,5,39,0,8,1486552145,8,1486636814),(228,6,39,0,8,1486552145,8,1486636827),(229,5,40,0,8,1486552145,8,1486636814),(230,6,40,0,8,1486552145,8,1486636827),(231,5,41,0,8,1486552145,8,1486636814),(232,6,41,0,8,1486552145,8,1486636827),(233,5,42,0,8,1486552145,8,1486636814),(234,6,42,0,8,1486552145,8,1486636827),(235,5,43,0,8,1486552145,8,1486636814),(236,6,43,0,8,1486552145,8,1486636827),(237,5,44,0,8,1486552145,8,1486636814),(238,6,44,0,8,1486552145,8,1486636827),(239,5,45,0,8,1486552301,8,1486636814),(240,6,45,0,8,1486552301,8,1486636827),(241,5,46,0,8,1486552301,8,1486636814),(242,6,46,0,8,1486552301,8,1486636827),(243,5,47,0,8,1486552301,8,1486636814),(244,6,47,0,8,1486552301,8,1486636827),(245,5,48,0,8,1486552301,8,1486636814),(246,6,48,0,8,1486552301,8,1486636827),(247,5,49,0,8,1486552301,8,1486636814),(248,6,49,0,8,1486552301,8,1486636827),(249,5,50,0,8,1486552355,8,1486636814),(250,6,50,0,8,1486552355,8,1486636827),(251,5,51,0,8,1486552355,8,1486636814),(252,6,51,0,8,1486552356,8,1486636827),(253,5,52,0,8,1486552356,8,1486636814),(254,6,52,0,8,1486552356,8,1486636827),(255,5,53,0,8,1486552356,8,1486636814),(256,6,53,0,8,1486552356,8,1486636827),(257,5,54,0,8,1486552356,8,1486636814),(258,6,54,0,8,1486552356,8,1486636827),(259,5,55,0,8,1486552356,8,1486636814),(260,6,55,0,8,1486552356,8,1486636827),(333,5,61,0,8,1486565158,8,1486636814),(334,6,61,0,8,1486565158,8,1486636827),(337,5,63,0,8,1486640348,8,1486640348),(338,6,63,0,8,1486640348,8,1486640348),(345,5,67,0,8,1486641950,8,1486641950),(346,6,67,0,8,1486641951,8,1486641951),(347,5,68,0,8,1486641951,8,1486641951),(348,6,68,0,8,1486641951,8,1486641951),(349,5,69,0,8,1486641951,8,1486641951),(350,6,69,0,8,1486641951,8,1486641951),(351,5,70,0,8,1486641951,8,1486641951),(352,6,70,0,8,1486641951,8,1486641951),(353,5,71,0,8,1486641951,8,1486641951),(354,6,71,0,8,1486641951,8,1486641951),(355,5,72,0,8,1486641951,8,1486641951),(356,6,72,0,8,1486641951,8,1486641951),(357,7,31,0,8,1486653338,8,1486653338),(358,7,32,0,8,1486653338,8,1486653338),(359,7,33,0,8,1486653338,8,1486653338),(360,7,34,0,8,1486653338,8,1486653338),(361,7,35,0,8,1486653338,8,1486653338),(362,7,36,0,8,1486653338,8,1486653338),(363,7,37,0,8,1486653338,8,1486653338),(364,7,38,0,8,1486653338,8,1486653338),(365,7,39,0,8,1486653338,8,1486653338),(366,7,40,0,8,1486653339,8,1486653339),(367,7,41,0,8,1486653339,8,1486653339),(368,7,42,0,8,1486653339,8,1486653339),(369,7,43,0,8,1486653339,8,1486653339),(370,7,44,0,8,1486653339,8,1486653339),(371,7,45,0,8,1486653339,8,1486653339),(372,7,46,0,8,1486653339,8,1486653339),(373,7,47,0,8,1486653339,8,1486653339),(374,7,48,0,8,1486653339,8,1486653339),(375,7,49,0,8,1486653339,8,1486653339),(376,7,50,0,8,1486653339,8,1486653339),(377,7,51,0,8,1486653339,8,1486653339),(378,7,52,0,8,1486653339,8,1486653339),(379,7,53,0,8,1486653339,8,1486653339),(380,7,54,0,8,1486653339,8,1486653339),(381,7,55,0,8,1486653339,8,1486653339),(382,7,61,0,8,1486653339,8,1486653339),(383,7,63,0,8,1486653339,8,1486653339),(384,7,67,0,8,1486653339,8,1486653339),(385,7,68,0,8,1486653339,8,1486653339),(386,7,69,0,8,1486653339,8,1486653339),(387,7,70,0,8,1486653339,8,1486653339),(388,7,71,0,8,1486653339,8,1486653339),(389,7,72,0,8,1486653339,8,1486653339);

/*Table structure for table `smk3_subtitle` */

DROP TABLE IF EXISTS `smk3_subtitle`;

CREATE TABLE `smk3_subtitle` (
  `id` int(11) NOT NULL AUTO_INCREMENT,
  `smk3_title_id` int(11) NOT NULL,
  `ssub_subtitle` varchar(1000) NOT NULL,
  `created_by` smallint(5) unsigned NOT NULL,
  `created_at` int(11) NOT NULL,
  `updated_by` smallint(5) unsigned NOT NULL,
  `updated_at` int(11) NOT NULL,
  PRIMARY KEY (`id`),
  KEY `FK_smk3_title` (`smk3_title_id`),
  CONSTRAINT `FK_smk3_title` FOREIGN KEY (`smk3_title_id`) REFERENCES `smk3_title` (`id`) ON DELETE CASCADE ON UPDATE CASCADE
) ENGINE=InnoDB AUTO_INCREMENT=39 DEFAULT CHARSET=latin1;

/*Data for the table `smk3_subtitle` */

insert  into `smk3_subtitle`(`id`,`smk3_title_id`,`ssub_subtitle`,`created_by`,`created_at`,`updated_by`,`updated_at`) values (15,14,'awdadad',8,1486551819,8,1486551819),(16,15,'asdfasdasfasdasf',8,1486551916,8,1486551916),(17,15,'asdasdasdasf',8,1486551916,8,1486551916),(18,16,'sadawdasdwad',8,1486552144,8,1486552144),(19,16,'asdadadwad',8,1486552145,8,1486552145),(20,16,'asdasdwad',8,1486552145,8,1486552145),(21,16,'asdawdasdadwa',8,1486552145,8,1486552145),(22,17,'asdawad',8,1486552301,8,1486552301),(23,17,'asdawdsa',8,1486552301,8,1486552301),(24,18,'dwadzxdzdad',8,1486552355,8,1486552355),(25,18,'asdasdawdasdwada',8,1486552356,8,1486552356),(26,18,'asdasdawd',8,1486552356,8,1486552356),(32,24,'asdadw',8,1486565158,8,1486565158),(35,26,'asdwadsdw',8,1486640348,8,1486640348),(37,28,'asdawd',8,1486641950,8,1486641950),(38,28,'asdwadsd',8,1486641951,8,1486641951);

/*Table structure for table `smk3_title` */

DROP TABLE IF EXISTS `smk3_title`;

CREATE TABLE `smk3_title` (
  `id` int(11) NOT NULL AUTO_INCREMENT,
  `sttl_title` varchar(1000) NOT NULL,
  `created_by` smallint(5) unsigned NOT NULL,
  `created_at` int(11) NOT NULL,
  `updated_by` smallint(5) unsigned NOT NULL,
  `updated_at` int(11) NOT NULL,
  PRIMARY KEY (`id`)
) ENGINE=InnoDB AUTO_INCREMENT=29 DEFAULT CHARSET=latin1;

/*Data for the table `smk3_title` */

insert  into `smk3_title`(`id`,`sttl_title`,`created_by`,`created_at`,`updated_by`,`updated_at`) values (7,'Judul',8,1486470338,8,1486470338),(14,'wadawda',8,1486551819,8,1486551819),(15,'Jududul',8,1486551915,8,1486551915),(16,'adsadwad',8,1486552144,8,1486552144),(17,'adsadawda',8,1486552299,8,1486552299),(18,'awdasdawdasda',8,1486552355,8,1486552355),(24,'adwad',8,1486565158,8,1486565158),(25,'judul',8,1486635593,8,1486635593),(26,'awdasdw',8,1486640348,8,1486640348),(28,'wdadsd',8,1486641950,8,1486641950);

/*Table structure for table `user` */

DROP TABLE IF EXISTS `user`;

CREATE TABLE `user` (
  `id` smallint(5) unsigned NOT NULL AUTO_INCREMENT,
  `employee_id` smallint(5) unsigned NOT NULL,
  `branch_id` tinyint(3) unsigned NOT NULL,
  `username` varchar(255) COLLATE utf8_unicode_ci NOT NULL,
  `auth_key` varchar(32) COLLATE utf8_unicode_ci NOT NULL,
  `password_hash` varchar(255) COLLATE utf8_unicode_ci NOT NULL,
  `password_reset_token` varchar(255) COLLATE utf8_unicode_ci DEFAULT NULL,
  `status` varchar(1) COLLATE utf8_unicode_ci NOT NULL DEFAULT 'Y',
  `created_at` int(11) NOT NULL,
  `updated_at` int(11) NOT NULL,
  `created_by` smallint(5) unsigned NOT NULL,
  `updated_by` smallint(5) unsigned NOT NULL,
  PRIMARY KEY (`id`),
  KEY `branch_id` (`branch_id`)
) ENGINE=InnoDB AUTO_INCREMENT=13 DEFAULT CHARSET=utf8 COLLATE=utf8_unicode_ci;

/*Data for the table `user` */

insert  into `user`(`id`,`employee_id`,`branch_id`,`username`,`auth_key`,`password_hash`,`password_reset_token`,`status`,`created_at`,`updated_at`,`created_by`,`updated_by`) values (5,1,1,'tonny','HnE4y57oGqEFngtxia6M2Ka4W7gr2Ax0','$2y$13$3yKtjoQ/g9P89Hbc1NaFEO/GJsaE/LzikTjNIQO1LjAoKzVA1.pLm',NULL,'N',1457708718,1464334126,0,8),(6,3,1,'operator','imp4KzVp08MKpkph_ivwMsDa3OqR5xh3','$2y$13$tP8vFkjUG3AuR/LWurDadOdoQAEeos8Ejmy.tLFgBYPrSOdD7NPuy','f90Xwcim-PpzNatj9Zs5pNt3m9dUG9xF_1463481747','Y',1461898938,1463481747,5,6),(7,2,1,'supervisor','6pVYuEE-QBqQq6fGdQVBRFPGXCRyhKLP','$2y$13$MY4HcQ49hNgLzx16opFDiOOrq7eFQm2YcmG.IJZejZ77.w7zaJiPa','OWs1FsilmTVmgnBujy9C_mQqPrux_WFU_1461898973','Y',1461898973,1461899028,5,5),(8,1,1,'admin','NcRenGFqHJe153TpBrn-U_gLgiSbjT7d','$2y$13$u87MDBat2c0Q4XUiqrfpF.ADeSRhOl/QsUgo7bUR.wDnbLd6e2XeG','7fIIHhXUSFXyoEAGotFFzYemYPbwL82j_1464333703','Y',1464333703,1480133297,5,8),(12,6,1,'jokotest','M8f3j8YeCuBS7-63Wm8AznhCGK7e-Jjm','$2y$13$l9dA261SwUyWmrhZt0EtkuzBV/9p5OJhpjvl/.2KoLUFNwBjB2QCq','V73MFf6J4YiAGXZncxyQiHZRe_YqO1pi_1467276749','Y',1467276749,1480133435,8,12);

/*Table structure for table `user_sector` */

DROP TABLE IF EXISTS `user_sector`;

CREATE TABLE `user_sector` (
  `id` int(11) NOT NULL AUTO_INCREMENT,
  `user_id` smallint(5) unsigned NOT NULL,
  `sector_id` int(11) NOT NULL,
  `created_by` smallint(5) unsigned NOT NULL,
  `created_at` int(11) NOT NULL,
  `updated_by` smallint(5) unsigned NOT NULL,
  `updated_at` int(11) NOT NULL,
  PRIMARY KEY (`id`),
  KEY `FK_user_sector_sector` (`sector_id`),
  KEY `FK_user_sector_user` (`user_id`),
  CONSTRAINT `FK_user_sector_sector` FOREIGN KEY (`sector_id`) REFERENCES `sector` (`id`) ON DELETE CASCADE ON UPDATE CASCADE,
  CONSTRAINT `FK_user_sector_user` FOREIGN KEY (`user_id`) REFERENCES `user` (`id`) ON DELETE CASCADE ON UPDATE CASCADE
) ENGINE=InnoDB AUTO_INCREMENT=14 DEFAULT CHARSET=latin1;

/*Data for the table `user_sector` */

insert  into `user_sector`(`id`,`user_id`,`sector_id`,`created_by`,`created_at`,`updated_by`,`updated_at`) values (12,12,4,8,1480131607,8,1480131607),(13,12,2,8,1480131607,8,1480131607);

/*Table structure for table `working_plan` */

DROP TABLE IF EXISTS `working_plan`;

CREATE TABLE `working_plan` (
  `id` int(11) NOT NULL AUTO_INCREMENT,
  `form_type_code` varchar(10) NOT NULL,
  `sector_id` int(11) NOT NULL,
  `wp_year` varchar(4) NOT NULL,
  `created_by` smallint(5) unsigned NOT NULL,
  `created_at` int(11) NOT NULL,
  `updated_by` smallint(5) unsigned NOT NULL,
  `updated_at` int(11) NOT NULL,
  PRIMARY KEY (`id`),
  KEY `FK_working_plan_sector` (`sector_id`),
  CONSTRAINT `FK_working_plan_sector` FOREIGN KEY (`sector_id`) REFERENCES `sector` (`id`)
) ENGINE=InnoDB AUTO_INCREMENT=4 DEFAULT CHARSET=latin1;

/*Data for the table `working_plan` */

insert  into `working_plan`(`id`,`form_type_code`,`sector_id`,`wp_year`,`created_by`,`created_at`,`updated_by`,`updated_at`) values (1,'K3',4,'2017',8,1484970609,8,1485323406),(2,'LH',7,'2014',8,1486740207,8,1486740207),(3,'LH',7,'1231',8,1486839310,8,1486839310);

/*Table structure for table `working_plan_attribute` */

DROP TABLE IF EXISTS `working_plan_attribute`;

CREATE TABLE `working_plan_attribute` (
  `id` int(11) NOT NULL AUTO_INCREMENT,
  `attr_type_code` varchar(10) NOT NULL,
  `attr_text` varchar(255) NOT NULL,
  `attr_parent_id` int(11) DEFAULT NULL,
  `created_by` smallint(5) unsigned NOT NULL,
  `created_at` int(11) NOT NULL,
  `updated_by` smallint(5) unsigned NOT NULL,
  `updated_at` int(11) NOT NULL,
  PRIMARY KEY (`id`),
  KEY `FK_working_plan_attribute` (`attr_parent_id`),
  CONSTRAINT `FK_working_plan_attribute` FOREIGN KEY (`attr_parent_id`) REFERENCES `working_plan_attribute` (`id`) ON DELETE CASCADE ON UPDATE CASCADE
) ENGINE=InnoDB AUTO_INCREMENT=11 DEFAULT CHARSET=latin1;

/*Data for the table `working_plan_attribute` */

insert  into `working_plan_attribute`(`id`,`attr_type_code`,`attr_text`,`attr_parent_id`,`created_by`,`created_at`,`updated_by`,`updated_at`) values (1,'PHDR','KESELAMATAN DAN KESEHATAN KERJA',NULL,8,1484375544,8,1484375544),(2,'PSHDR','A. Peningkatan Kapabilitas SDM - K3',NULL,8,1484375573,8,1484375573),(3,'PITEM','Penyusunan Roadmap Training K3',NULL,8,1484375971,8,1484375971),(4,'PITEM','Sosialisasi Roadmap Training K3',NULL,8,1484543457,8,1484543457),(5,'PHDR','LINGKUNGAN',NULL,8,1484797156,8,1484797156),(6,'PSHDR','B. Pengembangan Sistem - K3',NULL,8,1484797207,8,1484797207),(7,'PSHDR','C. Pembangunan Sarana/ Fasilitas - K3',NULL,8,1484797246,8,1484797246),(8,'PSHDR','D. Pengendalian dan Peningkatan - K3',NULL,8,1484797269,8,1484797269),(9,'PSHDR','E. Pemantauan dan Pengukuran - K3',NULL,8,1484797288,8,1484797288),(10,'PITEM','Pelatihan K3 Manajemen',NULL,8,1485313423,8,1485313423);

/*Table structure for table `working_plan_detail` */

DROP TABLE IF EXISTS `working_plan_detail`;

CREATE TABLE `working_plan_detail` (
  `id` int(11) NOT NULL AUTO_INCREMENT,
  `working_plan_id` int(11) NOT NULL,
  `working_plan_attribute_id` int(11) NOT NULL,
  `wpd_rnr` varchar(2) DEFAULT NULL,
  `wpd_location` varchar(100) DEFAULT NULL,
  `wpd_pic` varchar(100) DEFAULT NULL,
  `wpd_order` int(2) DEFAULT NULL,
  `created_by` smallint(5) unsigned NOT NULL,
  `created_at` int(11) NOT NULL,
  `updated_by` smallint(5) unsigned NOT NULL,
  `updated_at` int(11) NOT NULL,
  PRIMARY KEY (`id`),
  KEY `FK_working_plan_detail_wp` (`working_plan_id`),
  KEY `FK_working_plan_detail_attribute` (`working_plan_attribute_id`),
  CONSTRAINT `FK_working_plan_detail_attribute` FOREIGN KEY (`working_plan_attribute_id`) REFERENCES `working_plan_attribute` (`id`) ON DELETE CASCADE ON UPDATE CASCADE,
  CONSTRAINT `FK_working_plan_detail_wp` FOREIGN KEY (`working_plan_id`) REFERENCES `working_plan` (`id`) ON DELETE CASCADE ON UPDATE CASCADE
) ENGINE=InnoDB AUTO_INCREMENT=8 DEFAULT CHARSET=latin1;

/*Data for the table `working_plan_detail` */

insert  into `working_plan_detail`(`id`,`working_plan_id`,`working_plan_attribute_id`,`wpd_rnr`,`wpd_location`,`wpd_pic`,`wpd_order`,`created_by`,`created_at`,`updated_by`,`updated_at`) values (1,1,3,'R','lokasi 1','hendra',0,8,1484970609,8,1485315493),(2,1,4,'R','lokasi 2','anton',1,8,1484970609,8,1484970609),(6,1,10,'NR','KI','Dedy',2,8,1485315493,8,1485315493),(7,3,3,'R','12312','124123',0,8,1486839310,8,1486839310);

/*Table structure for table `working_plan_month` */

DROP TABLE IF EXISTS `working_plan_month`;

CREATE TABLE `working_plan_month` (
  `id` int(11) NOT NULL AUTO_INCREMENT,
  `working_plan_detail_id` int(11) NOT NULL,
  `wpm_month` int(2) NOT NULL,
  `wpm_week` int(1) NOT NULL,
  `wpm_value` int(1) NOT NULL,
  `created_by` smallint(5) unsigned NOT NULL,
  `created_at` int(11) NOT NULL,
  `updated_by` smallint(5) unsigned NOT NULL,
  `updated_at` int(11) NOT NULL,
  PRIMARY KEY (`id`),
  KEY `FK_working_plan_month_detail` (`working_plan_detail_id`),
  CONSTRAINT `FK_working_plan_month_detail` FOREIGN KEY (`working_plan_detail_id`) REFERENCES `working_plan_detail` (`id`) ON DELETE CASCADE ON UPDATE CASCADE
) ENGINE=InnoDB AUTO_INCREMENT=101 DEFAULT CHARSET=latin1;

/*Data for the table `working_plan_month` */

insert  into `working_plan_month`(`id`,`working_plan_detail_id`,`wpm_month`,`wpm_week`,`wpm_value`,`created_by`,`created_at`,`updated_by`,`updated_at`) values (84,1,1,1,3,8,1485323406,8,1485323406),(85,1,1,2,4,8,1485323406,8,1485323406),(86,2,1,2,4,8,1485323406,8,1485323406),(87,6,1,2,4,8,1485323407,8,1485323407),(88,6,3,2,1,8,1485323407,8,1485323407),(89,6,3,3,1,8,1485323407,8,1485323407),(90,6,3,4,1,8,1485323407,8,1485323407),(91,6,4,1,2,8,1485323407,8,1485323407),(92,6,4,2,2,8,1485323407,8,1485323407),(93,6,4,3,3,8,1485323407,8,1485323407),(94,6,5,1,2,8,1485323407,8,1485323407),(95,6,10,2,1,8,1485323407,8,1485323407),(96,6,10,3,1,8,1485323407,8,1485323407),(97,6,10,4,1,8,1485323407,8,1485323407),(98,6,11,1,2,8,1485323407,8,1485323407),(99,6,11,2,2,8,1485323407,8,1485323407),(100,6,11,3,3,8,1485323407,8,1485323407);

/*!40101 SET SQL_MODE=@OLD_SQL_MODE */;
/*!40014 SET FOREIGN_KEY_CHECKS=@OLD_FOREIGN_KEY_CHECKS */;
